Error handling registered!
21:00:15 [INFO ] GuiBase: ##########################################
21:00:15 [INFO ] GuiBase: APP: Forge v.2.0.15-SNAPSHOT-09.28
21:00:15 [INFO ] GuiBase: Java: 17.0.20 (Ubuntu)
21:00:15 [INFO ] GuiBase: OS: Linux 6.18.44 amd64
21:00:15 [INFO ] GuiBase: RAM: 1536 MB max, 8 CPUs
21:00:15 [INFO ] GuiBase: ##########################################
Language 'en-US' loaded successfully.
(ThreadUtil first call): Running with priority 5
Read cards: 34010 archived files in 1 ms (25 parts) using thread pool
Upcoming set Star Trek (TRK) dated in the future. All `upcoming` cards will be added to this set with unknown rarity.
The card A-Alrund's Epiphany was not assigned to any set. Adding it to UNKNOWN set... to fix see res/editions/ folder. 
The card A-Baba Lysaga, Night Witch was not assigned to any set. Adding it to UNKNOWN set... to fix see res/editions/ folder. 
The card A-Divide by Zero was not assigned to any set. Adding it to UNKNOWN set... to fix see res/editions/ folder. 
The card A-Esika's Chariot was not assigned to any set. Adding it to UNKNOWN set... to fix see res/editions/ folder. 
The card A-Faceless Haven was not assigned to any set. Adding it to UNKNOWN set... to fix see res/editions/ folder. 
The card A-Fires of Invention was not assigned to any set. Adding it to UNKNOWN set... to fix see res/editions/ folder. 
The card A-Goldspan Dragon was not assigned to any set. Adding it to UNKNOWN set... to fix see res/editions/ folder. 
The card A-Hullbreaker Horror was not assigned to any set. Adding it to UNKNOWN set... to fix see res/editions/ folder. 
The card A-Kumano Faces Kakkazan was not assigned to any set. Adding it to UNKNOWN set... to fix see res/editions/ folder. 
The card A-Luminarch Aspirant was not assigned to any set. Adding it to UNKNOWN set... to fix see res/editions/ folder. 
The card A-Monster Manual was not assigned to any set. Adding it to UNKNOWN set... to fix see res/editions/ folder. 
The card A-Omnath, Locus of Creation was not assigned to any set. Adding it to UNKNOWN set... to fix see res/editions/ folder. 
The card A-The Meathook Massacre was not assigned to any set. Adding it to UNKNOWN set... to fix see res/editions/ folder. 
The card A-Unholy Heat was not assigned to any set. Adding it to UNKNOWN set... to fix see res/editions/ folder. 
The card Blinding Radiance was not assigned to any set. Adding it to UNKNOWN set... to fix see res/editions/ folder. 
The card Goblin Bruiser was not assigned to any set. Adding it to UNKNOWN set... to fix see res/editions/ folder. 
The card Ogre Painbringer was not assigned to any set. Adding it to UNKNOWN set... to fix see res/editions/ folder. 
The card Titanic Pelagosaur was not assigned to any set. Adding it to UNKNOWN set... to fix see res/editions/ folder. 
The card Treetop Recluse was not assigned to any set. Adding it to UNKNOWN set... to fix see res/editions/ folder. 
Upcoming set Star Trek (TRK) dated in the future. All `upcoming` cards will be added to this set with unknown rarity.
Read cards: 854 files in 0 ms (8 parts) using thread pool
Simulation mode
Ai(1)-GGS_Higure_only vs Ai(2)-Jaymie_Ezio vs Ai(3)-Gabe_Food vs Ai(4)-Destyn_Turtles - one game of Commander seed 20261030
Warning: default (ie. inherited from base class) implementation of confirmAction is used by Ezio Auditore da Firenze for forge.ai.ability.PermanentCreatureAi. Consider declaring an overloaded method
Warning: default (ie. inherited from base class) implementation of confirmAction is used by Goro-Goro and Satoru for forge.ai.ability.PermanentCreatureAi. Consider declaring an overloaded method
Warning: default (ie. inherited from base class) implementation of confirmAction is used by Frodo, Adventurous Hobbit for forge.ai.ability.PermanentCreatureAi. Consider declaring an overloaded method
Warning: default (ie. inherited from base class) implementation of confirmAction is used by Sam, Loyal Attendant for forge.ai.ability.PermanentCreatureAi. Consider declaring an overloaded method
Warning: default (ie. inherited from base class) implementation of confirmAction is used by Leonardo, the Balance for forge.ai.ability.PermanentCreatureAi. Consider declaring an overloaded method
Warning: default (ie. inherited from base class) implementation of confirmAction is used by Leonardo, the Balance for forge.ai.ability.PermanentCreatureAi. Consider declaring an overloaded method
Warning: default (ie. inherited from base class) implementation of confirmAction is used by Sam, Loyal Attendant for forge.ai.ability.PermanentCreatureAi. Consider declaring an overloaded method
Mulligan: Ai(3)-Gabe_Food has mulliganed down to 7 cards.
Mulligan: Ai(4)-Destyn_Turtles has kept a hand of 7 cards
Mulligan: Ai(1)-GGS_Higure_only has kept a hand of 7 cards
Mulligan: Ai(2)-Jaymie_Ezio has kept a hand of 7 cards
Mulligan: Ai(3)-Gabe_Food has kept a hand of 7 cards
Turn: Turn 1 (Ai(4)-Destyn_Turtles)
Phase: Ai(4)-Destyn_Turtles' Untap step
Phase: Ai(4)-Destyn_Turtles' Upkeep step
Phase: Ai(4)-Destyn_Turtles' Draw step
Phase: Ai(4)-Destyn_Turtles' Main phase, precombat
Land: Ai(4)-Destyn_Turtles played Ash Barrens (373)
Phase: Ai(4)-Destyn_Turtles' Beginning of Combat Step
Phase: Ai(4)-Destyn_Turtles' Declare Attackers Step
Phase: Ai(4)-Destyn_Turtles' Declare Blockers Step
Phase: Ai(4)-Destyn_Turtles' First Strike Damage Step
Phase: Ai(4)-Destyn_Turtles' Combat Damage Step
Phase: Ai(4)-Destyn_Turtles' End of Combat Step
Phase: Ai(4)-Destyn_Turtles' Main phase, postcombat
Phase: Ai(4)-Destyn_Turtles' End step
Phase: Ai(4)-Destyn_Turtles' Cleanup step
Turn: Turn 2 (Ai(1)-GGS_Higure_only)
Phase: Ai(1)-GGS_Higure_only's Untap step
Phase: Ai(1)-GGS_Higure_only's Upkeep step
Phase: Ai(1)-GGS_Higure_only's Draw step
Phase: Ai(1)-GGS_Higure_only's Main phase, precombat
Replacement Effect: Luxury Suite enters tapped unless you have two or more opponents.
Land: Ai(1)-GGS_Higure_only played Luxury Suite (76)
Phase: Ai(1)-GGS_Higure_only's Beginning of Combat Step
Phase: Ai(1)-GGS_Higure_only's Declare Attackers Step
Phase: Ai(1)-GGS_Higure_only's Declare Blockers Step
Phase: Ai(1)-GGS_Higure_only's First Strike Damage Step
Phase: Ai(1)-GGS_Higure_only's Combat Damage Step
Phase: Ai(1)-GGS_Higure_only's End of Combat Step
Phase: Ai(1)-GGS_Higure_only's Main phase, postcombat
Phase: Ai(1)-GGS_Higure_only's End step
Phase: Ai(1)-GGS_Higure_only's Cleanup step
Turn: Turn 3 (Ai(2)-Jaymie_Ezio)
Phase: Ai(2)-Jaymie_Ezio's Untap step
Phase: Ai(2)-Jaymie_Ezio's Upkeep step
Phase: Ai(2)-Jaymie_Ezio's Draw step
Phase: Ai(2)-Jaymie_Ezio's Main phase, precombat
Land: Ai(2)-Jaymie_Ezio played Kessig Wolf Run (105)
Phase: Ai(2)-Jaymie_Ezio's Beginning of Combat Step
Phase: Ai(2)-Jaymie_Ezio's Declare Attackers Step
Phase: Ai(2)-Jaymie_Ezio's Declare Blockers Step
Phase: Ai(2)-Jaymie_Ezio's First Strike Damage Step
Phase: Ai(2)-Jaymie_Ezio's Combat Damage Step
Phase: Ai(2)-Jaymie_Ezio's End of Combat Step
Phase: Ai(2)-Jaymie_Ezio's Main phase, postcombat
Phase: Ai(2)-Jaymie_Ezio's End step
Phase: Ai(2)-Jaymie_Ezio's Cleanup step
Turn: Turn 4 (Ai(3)-Gabe_Food)
Phase: Ai(3)-Gabe_Food's Untap step
Phase: Ai(3)-Gabe_Food's Upkeep step
Phase: Ai(3)-Gabe_Food's Draw step
Phase: Ai(3)-Gabe_Food's Main phase, precombat
Replacement Effect: Path of Ancestry enters tapped.
Land: Ai(3)-Gabe_Food played Path of Ancestry (213)
Phase: Ai(3)-Gabe_Food's Beginning of Combat Step
Phase: Ai(3)-Gabe_Food's Declare Attackers Step
Phase: Ai(3)-Gabe_Food's Declare Blockers Step
Phase: Ai(3)-Gabe_Food's First Strike Damage Step
Phase: Ai(3)-Gabe_Food's Combat Damage Step
Phase: Ai(3)-Gabe_Food's End of Combat Step
Phase: Ai(3)-Gabe_Food's Main phase, postcombat
Phase: Ai(3)-Gabe_Food's End step
Phase: Ai(3)-Gabe_Food's Cleanup step
Turn: Turn 5 (Ai(4)-Destyn_Turtles)
Phase: Ai(4)-Destyn_Turtles' Untap step
Phase: Ai(4)-Destyn_Turtles' Upkeep step
Phase: Ai(4)-Destyn_Turtles' Draw step
Phase: Ai(4)-Destyn_Turtles' Main phase, precombat
Replacement Effect: Grand Coliseum enters tapped.
Land: Ai(4)-Destyn_Turtles played Grand Coliseum (305)
Phase: Ai(4)-Destyn_Turtles' Beginning of Combat Step
Phase: Ai(4)-Destyn_Turtles' Declare Attackers Step
Phase: Ai(4)-Destyn_Turtles' Declare Blockers Step
Phase: Ai(4)-Destyn_Turtles' First Strike Damage Step
Phase: Ai(4)-Destyn_Turtles' Combat Damage Step
Phase: Ai(4)-Destyn_Turtles' End of Combat Step
Phase: Ai(4)-Destyn_Turtles' Main phase, postcombat
Mana: Ash Barrens (373) - {T}: Add {C}.
Add To Stack: Ai(4)-Destyn_Turtles cast Sol Ring
Resolve Stack: Sol Ring
Phase: Ai(4)-Destyn_Turtles' End step
Phase: Ai(4)-Destyn_Turtles' Cleanup step
Turn: Turn 6 (Ai(1)-GGS_Higure_only)
Phase: Ai(1)-GGS_Higure_only's Untap step
Phase: Ai(1)-GGS_Higure_only's Upkeep step
Phase: Ai(1)-GGS_Higure_only's Draw step
Phase: Ai(1)-GGS_Higure_only's Main phase, precombat
Land: Ai(1)-GGS_Higure_only played Gloomlake Verge (25)
Phase: Ai(1)-GGS_Higure_only's Beginning of Combat Step
Phase: Ai(1)-GGS_Higure_only's Declare Attackers Step
Phase: Ai(1)-GGS_Higure_only's Declare Blockers Step
Phase: Ai(1)-GGS_Higure_only's First Strike Damage Step
Phase: Ai(1)-GGS_Higure_only's Combat Damage Step
Phase: Ai(1)-GGS_Higure_only's End of Combat Step
Phase: Ai(1)-GGS_Higure_only's Main phase, postcombat
Mana: Gloomlake Verge (25) - {T}: Add {U}.
Mana: Luxury Suite (76) - {T}: Add {B} or {R}.
Add To Stack: Ai(1)-GGS_Higure_only cast Tetsuko Umezawa, Fugitive
Resolve Stack: Tetsuko Umezawa, Fugitive - Creature 1 / 3
Phase: Ai(1)-GGS_Higure_only's End step
Phase: Ai(1)-GGS_Higure_only's Cleanup step
Turn: Turn 7 (Ai(2)-Jaymie_Ezio)
Phase: Ai(2)-Jaymie_Ezio's Untap step
Phase: Ai(2)-Jaymie_Ezio's Upkeep step
Phase: Ai(2)-Jaymie_Ezio's Draw step
Phase: Ai(2)-Jaymie_Ezio's Main phase, precombat
Land: Ai(2)-Jaymie_Ezio played Island (134)
Phase: Ai(2)-Jaymie_Ezio's Beginning of Combat Step
Phase: Ai(2)-Jaymie_Ezio's Declare Attackers Step
Phase: Ai(2)-Jaymie_Ezio's Declare Blockers Step
Phase: Ai(2)-Jaymie_Ezio's First Strike Damage Step
Phase: Ai(2)-Jaymie_Ezio's Combat Damage Step
Phase: Ai(2)-Jaymie_Ezio's End of Combat Step
Phase: Ai(2)-Jaymie_Ezio's Main phase, postcombat
Mana: Island (134) - {T}: Add {U}.
Mana: Kessig Wolf Run (105) - {T}: Add {C}.
Add To Stack: Ai(2)-Jaymie_Ezio cast Fellwar Stone
Resolve Stack: Fellwar Stone
Phase: Ai(2)-Jaymie_Ezio's End step
Phase: Ai(2)-Jaymie_Ezio's Cleanup step
Turn: Turn 8 (Ai(3)-Gabe_Food)
Phase: Ai(3)-Gabe_Food's Untap step
Phase: Ai(3)-Gabe_Food's Upkeep step
Phase: Ai(3)-Gabe_Food's Draw step
Phase: Ai(3)-Gabe_Food's Main phase, precombat
Replacement Effect: Scoured Barrens enters tapped.
Land: Ai(3)-Gabe_Food played Scoured Barrens (243)
Add To Stack: Ai(3)-Gabe_Food triggered Scoured Barrens
Life: Life: Ai(3)-Gabe_Food 40 > 41
Resolve Stack: When Scoured Barrens enters, you gain 1 life. [Zone Changer: Scoured Barrens (243)]
Phase: Ai(3)-Gabe_Food's Beginning of Combat Step
Phase: Ai(3)-Gabe_Food's Declare Attackers Step
Phase: Ai(3)-Gabe_Food's Declare Blockers Step
Phase: Ai(3)-Gabe_Food's First Strike Damage Step
Phase: Ai(3)-Gabe_Food's Combat Damage Step
Phase: Ai(3)-Gabe_Food's End of Combat Step
Phase: Ai(3)-Gabe_Food's Main phase, postcombat
Mana: Path of Ancestry (213) - {T}: Add one mana of any color in your commander's color identity. When that mana is spent to cast a creature spell that shares a creature type with your commander, scry 1. (Look at the top card of your library. You may put that card on the bottom.)
Add To Stack: Ai(3)-Gabe_Food cast Essence Warden
Resolve Stack: Essence Warden - Creature 1 / 1
Phase: Ai(3)-Gabe_Food's End step
Phase: Ai(3)-Gabe_Food's Cleanup step
Turn: Turn 9 (Ai(4)-Destyn_Turtles)
Phase: Ai(4)-Destyn_Turtles' Untap step
Phase: Ai(4)-Destyn_Turtles' Upkeep step
Phase: Ai(4)-Destyn_Turtles' Draw step
Phase: Ai(4)-Destyn_Turtles' Main phase, precombat
Phase: Ai(4)-Destyn_Turtles' Beginning of Combat Step
Phase: Ai(4)-Destyn_Turtles' Declare Attackers Step
Phase: Ai(4)-Destyn_Turtles' Declare Blockers Step
Phase: Ai(4)-Destyn_Turtles' First Strike Damage Step
Phase: Ai(4)-Destyn_Turtles' Combat Damage Step
Phase: Ai(4)-Destyn_Turtles' End of Combat Step
Phase: Ai(4)-Destyn_Turtles' Main phase, postcombat
Damage: Grand Coliseum (305) deals 1 non-combat damage to Ai(4)-Destyn_Turtles.
Life: Life: Ai(4)-Destyn_Turtles 40 > 39
Mana: Grand Coliseum (305) - {T}: Add one mana of any color. Grand Coliseum deals 1 damage to you. 
Mana: Ash Barrens (373) - {T}: Add {C}.
Mana: Sol Ring (356) - {T}: Add {C}{C}.
Add To Stack: Ai(4)-Destyn_Turtles cast Tokka & Rahzar, Unsupervised
Resolve Stack: Tokka & Rahzar, Unsupervised - Creature 3 / 3
Add To Stack: Ai(3)-Gabe_Food triggered Essence Warden
Life: Life: Ai(3)-Gabe_Food 41 > 42
Resolve Stack: Whenever another creature enters, you gain 1 life. [Zone Changer: Tokka & Rahzar, Unsupervised (306)]
Phase: Ai(4)-Destyn_Turtles' End step
Phase: Ai(4)-Destyn_Turtles' Cleanup step
Turn: Turn 10 (Ai(1)-GGS_Higure_only)
Phase: Ai(1)-GGS_Higure_only's Untap step
Phase: Ai(1)-GGS_Higure_only's Upkeep step
Mana: Gloomlake Verge (25) - {T}: Add {U}.
Mana: Luxury Suite (76) - {T}: Add {B} or {R}.
Add To Stack: Ai(1)-GGS_Higure_only cast Cyclonic Rift targeting [Tokka & Rahzar, Unsupervised (306)]
Resolve Stack: Cyclonic Rift (9) - Return Tokka & Rahzar, Unsupervised (306) to its owner's hand.
Phase: Ai(1)-GGS_Higure_only's Draw step
Phase: Ai(1)-GGS_Higure_only's Main phase, precombat
Phase: Ai(1)-GGS_Higure_only's Beginning of Combat Step
Phase: Ai(1)-GGS_Higure_only's Declare Attackers Step
Combat: Ai(1)-GGS_Higure_only assigned Tetsuko Umezawa, Fugitive (75) to attack Ai(3)-Gabe_Food.
Phase: Ai(1)-GGS_Higure_only's Declare Blockers Step
Combat: Ai(3)-Gabe_Food didn't block Tetsuko Umezawa, Fugitive (75).
Phase: Ai(1)-GGS_Higure_only's First Strike Damage Step
Phase: Ai(1)-GGS_Higure_only's Combat Damage Step
Damage: Tetsuko Umezawa, Fugitive (75) deals 1 combat damage to Ai(3)-Gabe_Food.
Life: Life: Ai(3)-Gabe_Food 42 > 41
Phase: Ai(1)-GGS_Higure_only's End of Combat Step
Phase: Ai(1)-GGS_Higure_only's Main phase, postcombat
Land: Ai(1)-GGS_Higure_only played Island (74)
Phase: Ai(1)-GGS_Higure_only's End step
Phase: Ai(1)-GGS_Higure_only's Cleanup step
Turn: Turn 11 (Ai(2)-Jaymie_Ezio)
Phase: Ai(2)-Jaymie_Ezio's Untap step
Phase: Ai(2)-Jaymie_Ezio's Upkeep step
Phase: Ai(2)-Jaymie_Ezio's Draw step
Phase: Ai(2)-Jaymie_Ezio's Main phase, precombat
Land: Ai(2)-Jaymie_Ezio played Brotherhood Headquarters (126)
Mana: Island (134) - {T}: Add {U}.
Mana: Fellwar Stone (177) - {T}: Add one mana of any color that a land an opponent controls could produce.
Mana: Brotherhood Headquarters (126) - {T}: Add {C}.
Add To Stack: Ai(2)-Jaymie_Ezio cast 
Resolve Stack: Disguise - Creature 2/2
Add To Stack: Ai(3)-Gabe_Food triggered Essence Warden
Life: Life: Ai(3)-Gabe_Food 41 > 42
Resolve Stack: Whenever another creature enters, you gain 1 life. [Zone Changer: Face-down card (H4)]
Phase: Ai(2)-Jaymie_Ezio's Beginning of Combat Step
Phase: Ai(2)-Jaymie_Ezio's Declare Attackers Step
Phase: Ai(2)-Jaymie_Ezio's Declare Blockers Step
Phase: Ai(2)-Jaymie_Ezio's First Strike Damage Step
Phase: Ai(2)-Jaymie_Ezio's Combat Damage Step
Phase: Ai(2)-Jaymie_Ezio's End of Combat Step
Phase: Ai(2)-Jaymie_Ezio's Main phase, postcombat
Phase: Ai(2)-Jaymie_Ezio's End step
Phase: Ai(2)-Jaymie_Ezio's Cleanup step
Turn: Turn 12 (Ai(3)-Gabe_Food)
Phase: Ai(3)-Gabe_Food's Untap step
Phase: Ai(3)-Gabe_Food's Upkeep step
Phase: Ai(3)-Gabe_Food's Draw step
Phase: Ai(3)-Gabe_Food's Main phase, precombat
Phase: Ai(3)-Gabe_Food's Beginning of Combat Step
Phase: Ai(3)-Gabe_Food's Declare Attackers Step
Phase: Ai(3)-Gabe_Food's Declare Blockers Step
Phase: Ai(3)-Gabe_Food's First Strike Damage Step
Phase: Ai(3)-Gabe_Food's Combat Damage Step
Phase: Ai(3)-Gabe_Food's End of Combat Step
Phase: Ai(3)-Gabe_Food's Main phase, postcombat
Mana: Scoured Barrens (243) - {T}: Add {W} or {B}.
Mana: Path of Ancestry (213) - {T}: Add one mana of any color in your commander's color identity. When that mana is spent to cast a creature spell that shares a creature type with your commander, scry 1. (Look at the top card of your library. You may put that card on the bottom.)
Add To Stack: Ai(3)-Gabe_Food cast Frodo, Adventurous Hobbit
Add To Stack: Ai(3)-Gabe_Food triggered Path of Ancestry
Resolve Stack: Ai(3)-Gabe_Food scried 1 card(s) to the bottom of the library
Resolve Stack: When mana produced by Path of Ancestry is spent to cast a creature spell that shares a creature type with your commander, scry 1. ([Frodo, Adventurous Hobbit - Creature 1 / 3]) [Card: Frodo, Adventurous Hobbit (301), Activator: Ai(3)-Gabe_Food, SpellAbility: Frodo, Adventurous Hobbit - Creature 1 / 3]
Resolve Stack: Frodo, Adventurous Hobbit - Creature 1 / 3
Add To Stack: Ai(3)-Gabe_Food triggered Essence Warden
Add To Stack: Ai(3)-Gabe_Food triggered Frodo, Adventurous Hobbit targeting [Ai(3)-Gabe_Food]
Resolve Stack: Partner with Sam, Loyal Attendant (When this creature enters, target player may put Sam into their hand from their library, then shuffle.) (Targeting: [[Ai(3)-Gabe_Food]]) [Zone Changer: Frodo, Adventurous Hobbit (301)]
Life: Life: Ai(3)-Gabe_Food 42 > 43
Resolve Stack: Whenever another creature enters, you gain 1 life. [Zone Changer: Frodo, Adventurous Hobbit (301)]
Phase: Ai(3)-Gabe_Food's End step
Phase: Ai(3)-Gabe_Food's Cleanup step
Turn: Turn 13 (Ai(4)-Destyn_Turtles)
Phase: Ai(4)-Destyn_Turtles' Untap step
Phase: Ai(4)-Destyn_Turtles' Upkeep step
Phase: Ai(4)-Destyn_Turtles' Draw step
Phase: Ai(4)-Destyn_Turtles' Main phase, precombat
Phase: Ai(4)-Destyn_Turtles' Beginning of Combat Step
Phase: Ai(4)-Destyn_Turtles' Declare Attackers Step
Phase: Ai(4)-Destyn_Turtles' Declare Blockers Step
Phase: Ai(4)-Destyn_Turtles' First Strike Damage Step
Phase: Ai(4)-Destyn_Turtles' Combat Damage Step
Phase: Ai(4)-Destyn_Turtles' End of Combat Step
Phase: Ai(4)-Destyn_Turtles' Main phase, postcombat
Damage: Grand Coliseum (305) deals 1 non-combat damage to Ai(4)-Destyn_Turtles.
Life: Life: Ai(4)-Destyn_Turtles 39 > 38
Mana: Grand Coliseum (305) - {T}: Add one mana of any color. Grand Coliseum deals 1 damage to you. 
Mana: Ash Barrens (373) - {T}: Add {C}.
Mana: Sol Ring (356) - {T}: Add {C}{C}.
Add To Stack: Ai(4)-Destyn_Turtles cast Tokka & Rahzar, Unsupervised
Resolve Stack: Tokka & Rahzar, Unsupervised - Creature 3 / 3
Add To Stack: Ai(3)-Gabe_Food triggered Essence Warden
Life: Life: Ai(3)-Gabe_Food 43 > 44
Resolve Stack: Whenever another creature enters, you gain 1 life. [Zone Changer: Tokka & Rahzar, Unsupervised (306)]
Phase: Ai(4)-Destyn_Turtles' End step
Phase: Ai(4)-Destyn_Turtles' Cleanup step
Turn: Turn 14 (Ai(1)-GGS_Higure_only)
Phase: Ai(1)-GGS_Higure_only's Untap step
Phase: Ai(1)-GGS_Higure_only's Upkeep step
Phase: Ai(1)-GGS_Higure_only's Draw step
Phase: Ai(1)-GGS_Higure_only's Main phase, precombat
Land: Ai(1)-GGS_Higure_only played Command Tower (73)
Mana: Luxury Suite (76) - {T}: Add {B} or {R}.
Mana: Gloomlake Verge (25) - {T}: Add {B}. Activate only if you control an Island or a Swamp.
Mana: Island (74) - {T}: Add {U}.
Mana: Command Tower (73) - {T}: Add one mana of any color in your commander's color identity.
Add To Stack: Ai(1)-GGS_Higure_only cast Fell the Profane targeting [Tokka & Rahzar, Unsupervised (306)]
Zone Change: Tokka & Rahzar, Unsupervised (306) was put into Graveyard from Battlefield.
Resolve Stack: Fell the Profane (69) - Destroy Tokka & Rahzar, Unsupervised (306).
Phase: Ai(1)-GGS_Higure_only's Beginning of Combat Step
Phase: Ai(1)-GGS_Higure_only's Declare Attackers Step
Combat: Ai(1)-GGS_Higure_only assigned Tetsuko Umezawa, Fugitive (75) to attack Ai(3)-Gabe_Food.
Phase: Ai(1)-GGS_Higure_only's Declare Blockers Step
Combat: Ai(3)-Gabe_Food didn't block Tetsuko Umezawa, Fugitive (75).
Phase: Ai(1)-GGS_Higure_only's First Strike Damage Step
Phase: Ai(1)-GGS_Higure_only's Combat Damage Step
Damage: Tetsuko Umezawa, Fugitive (75) deals 1 combat damage to Ai(3)-Gabe_Food.
Life: Life: Ai(3)-Gabe_Food 44 > 43
Phase: Ai(1)-GGS_Higure_only's End of Combat Step
Phase: Ai(1)-GGS_Higure_only's Main phase, postcombat
Phase: Ai(1)-GGS_Higure_only's End step
Phase: Ai(1)-GGS_Higure_only's Cleanup step
Turn: Turn 15 (Ai(2)-Jaymie_Ezio)
Phase: Ai(2)-Jaymie_Ezio's Untap step
Phase: Ai(2)-Jaymie_Ezio's Upkeep step
Phase: Ai(2)-Jaymie_Ezio's Draw step
Phase: Ai(2)-Jaymie_Ezio's Main phase, precombat
Mana: Island (134) - {T}: Add {U}.
Mana: Fellwar Stone (177) - {T}: Add one mana of any color that a land an opponent controls could produce.
Add To Stack: Ai(2)-Jaymie_Ezio cast Brotherhood Regalia
Resolve Stack: Brotherhood Regalia
Phase: Ai(2)-Jaymie_Ezio's Beginning of Combat Step
Phase: Ai(2)-Jaymie_Ezio's Declare Attackers Step
Phase: Ai(2)-Jaymie_Ezio's Declare Blockers Step
Phase: Ai(2)-Jaymie_Ezio's First Strike Damage Step
Phase: Ai(2)-Jaymie_Ezio's Combat Damage Step
Phase: Ai(2)-Jaymie_Ezio's End of Combat Step
Phase: Ai(2)-Jaymie_Ezio's Main phase, postcombat
Mana: Brotherhood Headquarters (126) - {T}: Add one mana of any color. Spend this mana only to cast an Assassin spell or a spell that has freerunning, or to activate an ability of an Assassin source.
Mana: Kessig Wolf Run (105) - {T}: Add {C}.
Add To Stack: Ai(2)-Jaymie_Ezio cast Ezio Auditore da Firenze
Resolve Stack: Ezio Auditore da Firenze - Creature 3 / 2
Add To Stack: Ai(3)-Gabe_Food triggered Essence Warden
Life: Life: Ai(3)-Gabe_Food 43 > 44
Resolve Stack: Whenever another creature enters, you gain 1 life. [Zone Changer: Ezio Auditore da Firenze (201)]
Phase: Ai(2)-Jaymie_Ezio's End step
Phase: Ai(2)-Jaymie_Ezio's Cleanup step
Turn: Turn 16 (Ai(3)-Gabe_Food)
Phase: Ai(3)-Gabe_Food's Untap step
Phase: Ai(3)-Gabe_Food's Upkeep step
Mana: Scoured Barrens (243) - {T}: Add {W} or {B}.
Add To Stack: Ai(3)-Gabe_Food cast Path to Exile targeting [Ezio Auditore da Firenze (201)]
Zone Change: Ezio Auditore da Firenze (201) was put into Exile from Battlefield.
Resolve Stack: Path to Exile (209) - Exile Ezio Auditore da Firenze (201). Ai(2)-Jaymie_Ezio may search their library for a basic land card, put that card onto the battlefield tapped, then shuffle their library. 
Phase: Ai(3)-Gabe_Food's Draw step
Phase: Ai(3)-Gabe_Food's Main phase, precombat
Land: Ai(3)-Gabe_Food played Brushland (298)
Phase: Ai(3)-Gabe_Food's Beginning of Combat Step
Phase: Ai(3)-Gabe_Food's Declare Attackers Step
Phase: Ai(3)-Gabe_Food's Declare Blockers Step
Phase: Ai(3)-Gabe_Food's First Strike Damage Step
Phase: Ai(3)-Gabe_Food's Combat Damage Step
Phase: Ai(3)-Gabe_Food's End of Combat Step
Phase: Ai(3)-Gabe_Food's Main phase, postcombat
Mana: Path of Ancestry (213) - {T}: Add one mana of any color in your commander's color identity. When that mana is spent to cast a creature spell that shares a creature type with your commander, scry 1. (Look at the top card of your library. You may put that card on the bottom.)
Mana: Brushland (298) - {T}: Add {C}.
Add To Stack: Ai(3)-Gabe_Food cast Prosperous Innkeeper
Add To Stack: Ai(3)-Gabe_Food triggered Path of Ancestry
Resolve Stack: Ai(3)-Gabe_Food scried 1 card(s) to the bottom of the library
Resolve Stack: When mana produced by Path of Ancestry is spent to cast a creature spell that shares a creature type with your commander, scry 1. ([Prosperous Innkeeper - Creature 1 / 1]) [Card: Prosperous Innkeeper (271), Activator: Ai(3)-Gabe_Food, SpellAbility: Prosperous Innkeeper - Creature 1 / 1]
Resolve Stack: Prosperous Innkeeper - Creature 1 / 1
Add To Stack: Ai(3)-Gabe_Food triggered Essence Warden
Add To Stack: Ai(3)-Gabe_Food triggered Prosperous Innkeeper
Resolve Stack: When Prosperous Innkeeper enters, create a Treasure token. (It's an artifact with "{T}, Sacrifice this token: Add one mana of any color.") [Zone Changer: Prosperous Innkeeper (271)]
Life: Life: Ai(3)-Gabe_Food 44 > 45
Resolve Stack: Whenever another creature enters, you gain 1 life. [Zone Changer: Prosperous Innkeeper (271)]
Zone Change: Treasure Token (412) was put into Graveyard from Battlefield.
Mana: Treasure Token (412) - {T}, Sacrifice this token: Add one mana of any color.
Add To Stack: Ai(3)-Gabe_Food cast Sol Ring
Resolve Stack: Sol Ring
Mana: Sol Ring (261) - {T}: Add {C}{C}.
Add To Stack: Ai(3)-Gabe_Food cast Arcane Signet
Resolve Stack: Arcane Signet
Phase: Ai(3)-Gabe_Food's End step
Phase: Ai(3)-Gabe_Food's Cleanup step
Turn: Turn 17 (Ai(4)-Destyn_Turtles)
Phase: Ai(4)-Destyn_Turtles' Untap step
Phase: Ai(4)-Destyn_Turtles' Upkeep step
Phase: Ai(4)-Destyn_Turtles' Draw step
Phase: Ai(4)-Destyn_Turtles' Main phase, precombat
Land: Ai(4)-Destyn_Turtles played Fabled Passage (379)
Zone Change: Fabled Passage (379) was put into Graveyard from Battlefield.
Add To Stack: Ai(4)-Destyn_Turtles activated Fabled Passage
Resolve Stack: Fabled Passage (379) - Search your library for a basic land card, put it onto the battlefield tapped, then shuffle. Then if you control four or more lands, untap that land.  
Phase: Ai(4)-Destyn_Turtles' Beginning of Combat Step
Phase: Ai(4)-Destyn_Turtles' Declare Attackers Step
Phase: Ai(4)-Destyn_Turtles' Declare Blockers Step
Phase: Ai(4)-Destyn_Turtles' First Strike Damage Step
Phase: Ai(4)-Destyn_Turtles' Combat Damage Step
Phase: Ai(4)-Destyn_Turtles' End of Combat Step
Phase: Ai(4)-Destyn_Turtles' Main phase, postcombat
Damage: Grand Coliseum (305) deals 1 non-combat damage to Ai(4)-Destyn_Turtles.
Life: Life: Ai(4)-Destyn_Turtles 38 > 37
Mana: Grand Coliseum (305) - {T}: Add one mana of any color. Grand Coliseum deals 1 damage to you. 
Mana: Ash Barrens (373) - {T}: Add {C}.
Mana: Sol Ring (356) - {T}: Add {C}{C}.
Add To Stack: Ai(4)-Destyn_Turtles cast Leonardo, the Balance
Resolve Stack: Leonardo, the Balance - Creature 3 / 3
Add To Stack: Ai(3)-Gabe_Food triggered Essence Warden
Life: Life: Ai(3)-Gabe_Food 45 > 46
Resolve Stack: Whenever another creature enters, you gain 1 life. [Zone Changer: Leonardo, the Balance (404)]
Phase: Ai(4)-Destyn_Turtles' End step
Phase: Ai(4)-Destyn_Turtles' Cleanup step
Turn: Turn 18 (Ai(1)-GGS_Higure_only)
Phase: Ai(1)-GGS_Higure_only's Untap step
Phase: Ai(1)-GGS_Higure_only's Upkeep step
Phase: Ai(1)-GGS_Higure_only's Draw step
Phase: Ai(1)-GGS_Higure_only's Main phase, precombat
Land: Ai(1)-GGS_Higure_only played Misty Rainforest (15)
Life: Life: Ai(1)-GGS_Higure_only 40 > 39
Zone Change: Misty Rainforest (15) was put into Graveyard from Battlefield.
Add To Stack: Ai(1)-GGS_Higure_only activated Misty Rainforest
Replacement Effect: Undercity Sewers enters tapped.
Resolve Stack: Misty Rainforest (15) - Ai(1)-GGS_Higure_only searches their library for a Forest or Island card, puts it onto the battlefield, then shuffles.
Add To Stack: Ai(1)-GGS_Higure_only triggered Undercity Sewers
Resolve Stack: Ai(1)-GGS_Higure_only surveiled 1 card(s) to the top of the library
Resolve Stack: When Undercity Sewers enters, surveil 1. (Look at the top card of your library. You may put it into your graveyard.) [Zone Changer: Undercity Sewers (3)]
Phase: Ai(1)-GGS_Higure_only's Beginning of Combat Step
Phase: Ai(1)-GGS_Higure_only's Declare Attackers Step
Combat: Ai(1)-GGS_Higure_only assigned Tetsuko Umezawa, Fugitive (75) to attack Ai(3)-Gabe_Food.
Phase: Ai(1)-GGS_Higure_only's Declare Blockers Step
Combat: Ai(3)-Gabe_Food didn't block Tetsuko Umezawa, Fugitive (75).
Mana: Island (74) - {T}: Add {U}.
Mana: Luxury Suite (76) - {T}: Add {B} or {R}.
Mana: Gloomlake Verge (25) - {T}: Add {B}. Activate only if you control an Island or a Swamp.
Mana: Command Tower (73) - {T}: Add one mana of any color in your commander's color identity.
Add To Stack: Ai(1)-GGS_Higure_only activated Fallen Shinobi
Resolve Stack: Fallen Shinobi (24) - Ai(1)-GGS_Higure_only puts Fallen Shinobi (24) from their hand onto the battlefield tapped and attacking.
Add To Stack: Ai(3)-Gabe_Food triggered Essence Warden
Life: Life: Ai(3)-Gabe_Food 46 > 47
Resolve Stack: Whenever another creature enters, you gain 1 life. [Zone Changer: Fallen Shinobi (24)]
Phase: Ai(1)-GGS_Higure_only's First Strike Damage Step
Phase: Ai(1)-GGS_Higure_only's Combat Damage Step
Damage: Fallen Shinobi (24) deals 5 combat damage to Ai(3)-Gabe_Food.
Life: Life: Ai(3)-Gabe_Food 47 > 42
Add To Stack: Ai(1)-GGS_Higure_only triggered Fallen Shinobi
Resolve Stack: Whenever Fallen Shinobi deals combat damage to a player, that player exiles the top two cards of their library. Until end of turn, you may play those cards without paying their mana costs. [Damage Source: Fallen Shinobi (24), Damaged: Ai(3)-Gabe_Food, Amount: 5]
Phase: Ai(1)-GGS_Higure_only's End of Combat Step
Phase: Ai(1)-GGS_Higure_only's Main phase, postcombat
Add To Stack: Ai(1)-GGS_Higure_only cast Eagles of the North
Resolve Stack: Eagles of the North - Creature 3 / 3
Add To Stack: Ai(1)-GGS_Higure_only triggered Eagles of the North
Add To Stack: Ai(3)-Gabe_Food triggered Essence Warden
Life: Life: Ai(3)-Gabe_Food 42 > 43
Resolve Stack: Whenever another creature enters, you gain 1 life. [Zone Changer: Eagles of the North (280)]
Resolve Stack: When Eagles of the North enters, creatures you control get +1/+0 and gain first strike until end of turn. [Zone Changer: Eagles of the North (280)]
Phase: Ai(1)-GGS_Higure_only's End step
Phase: Ai(1)-GGS_Higure_only's Cleanup step
Turn: Turn 19 (Ai(2)-Jaymie_Ezio)
Phase: Ai(2)-Jaymie_Ezio's Untap step
Phase: Ai(2)-Jaymie_Ezio's Upkeep step
Mana: Fellwar Stone (177) - {T}: Add one mana of any color that a land an opponent controls could produce.
Mana: Plains (191) - {T}: Add {W}.
Mana: Island (134) - {T}: Add {U}.
Add To Stack: Ai(2)-Jaymie_Ezio cast Mortify targeting [Fallen Shinobi (24)]
Zone Change: Fallen Shinobi (24) was put into Graveyard from Battlefield.
Resolve Stack: Mortify (164) - Destroy Fallen Shinobi (24).
Phase: Ai(2)-Jaymie_Ezio's Draw step
Phase: Ai(2)-Jaymie_Ezio's Main phase, precombat
Phase: Ai(2)-Jaymie_Ezio's Beginning of Combat Step
Phase: Ai(2)-Jaymie_Ezio's Declare Attackers Step
Phase: Ai(2)-Jaymie_Ezio's Declare Blockers Step
Phase: Ai(2)-Jaymie_Ezio's First Strike Damage Step
Phase: Ai(2)-Jaymie_Ezio's Combat Damage Step
Phase: Ai(2)-Jaymie_Ezio's End of Combat Step
Phase: Ai(2)-Jaymie_Ezio's Main phase, postcombat
Mana: Brotherhood Headquarters (126) - {T}: Add {C}.
Add To Stack: Ai(2)-Jaymie_Ezio cast Sol Ring
Resolve Stack: Sol Ring
Mana: Sol Ring (157) - {T}: Add {C}{C}.
Mana: Kessig Wolf Run (105) - {T}: Add {C}.
Add To Stack: Ai(2)-Jaymie_Ezio activated Brotherhood Regalia targeting [Face-down card (H4)]
Resolve Stack: Brotherhood Regalia (194) -  Attach to Face-down card (H4)
Phase: Ai(2)-Jaymie_Ezio's End step
Phase: Ai(2)-Jaymie_Ezio's Cleanup step
Turn: Turn 20 (Ai(3)-Gabe_Food)
Phase: Ai(3)-Gabe_Food's Untap step
Phase: Ai(3)-Gabe_Food's Upkeep step
Mana: Scoured Barrens (243) - {T}: Add {W} or {B}.
Mana: Path of Ancestry (213) - {T}: Add one mana of any color in your commander's color identity. When that mana is spent to cast a creature spell that shares a creature type with your commander, scry 1. (Look at the top card of your library. You may put that card on the bottom.)
Mana: Sol Ring (261) - {T}: Add {C}{C}.
Add To Stack: Ai(3)-Gabe_Food cast Anguished Unmaking targeting [Eagles of the North (280)]
Zone Change: Eagles of the North (280) was put into Exile from Battlefield.
Life: Life: Ai(3)-Gabe_Food 43 > 40
Resolve Stack: Anguished Unmaking (299) - Exile Eagles of the North (280). Ai(3)-Gabe_Food loses 3 life.
Mana: Arcane Signet (253) - {T}: Add one mana of any color in your commander's color identity.
Mana: Brushland (298) - {T}: Add {C}.
Add To Stack: Ai(3)-Gabe_Food cast Crypt Incursion targeting [Ai(1)-GGS_Higure_only]
Life: Life: Ai(3)-Gabe_Food 40 > 43
Resolve Stack: Crypt Incursion (260) - Exile all creature cards from target player's graveyard. You gain 3 life for each card exiled this way. Ai(3)-Gabe_Food gains 0 life. 
Phase: Ai(3)-Gabe_Food's Draw step
Phase: Ai(3)-Gabe_Food's Main phase, precombat
Phase: Ai(3)-Gabe_Food's Beginning of Combat Step
Phase: Ai(3)-Gabe_Food's Declare Attackers Step
Phase: Ai(3)-Gabe_Food's Declare Blockers Step
Phase: Ai(3)-Gabe_Food's First Strike Damage Step
Phase: Ai(3)-Gabe_Food's Combat Damage Step
Phase: Ai(3)-Gabe_Food's End of Combat Step
Phase: Ai(3)-Gabe_Food's Main phase, postcombat
Phase: Ai(3)-Gabe_Food's End step
Phase: Ai(3)-Gabe_Food's Cleanup step
Turn: Turn 21 (Ai(4)-Destyn_Turtles)
Phase: Ai(4)-Destyn_Turtles' Untap step
Phase: Ai(4)-Destyn_Turtles' Upkeep step
Phase: Ai(4)-Destyn_Turtles' Draw step
Phase: Ai(4)-Destyn_Turtles' Main phase, precombat
Damage: Grand Coliseum (305) deals 1 non-combat damage to Ai(4)-Destyn_Turtles.
Life: Life: Ai(4)-Destyn_Turtles 37 > 36
Mana: Grand Coliseum (305) - {T}: Add one mana of any color. Grand Coliseum deals 1 damage to you. 
Mana: Ash Barrens (373) - {T}: Add {C}.
Mana: Sol Ring (356) - {T}: Add {C}{C}.
Mana: Plains (391) - {T}: Add {W}.
Add To Stack: Ai(4)-Destyn_Turtles cast Fast Forward
Resolve Stack: Fast Forward (334) - Ai(4)-Destyn_Turtles goads Face-down card (H4), Essence Warden (210), Frodo, Adventurous Hobbit (301) and Prosperous Innkeeper (271).
Phase: Ai(4)-Destyn_Turtles' Beginning of Combat Step
Phase: Ai(4)-Destyn_Turtles' Declare Attackers Step
Combat: Ai(4)-Destyn_Turtles assigned Leonardo, the Balance (404) to attack Ai(3)-Gabe_Food.
Phase: Ai(4)-Destyn_Turtles' Declare Blockers Step
Combat: Ai(3)-Gabe_Food didn't block Leonardo, the Balance (404).
Phase: Ai(4)-Destyn_Turtles' First Strike Damage Step
Phase: Ai(4)-Destyn_Turtles' Combat Damage Step
Damage: Leonardo, the Balance (404) deals 3 combat damage to Ai(3)-Gabe_Food.
Life: Life: Ai(3)-Gabe_Food 43 > 40
Phase: Ai(4)-Destyn_Turtles' End of Combat Step
Phase: Ai(4)-Destyn_Turtles' Main phase, postcombat
Phase: Ai(4)-Destyn_Turtles' End step
Phase: Ai(4)-Destyn_Turtles' Cleanup step
Turn: Turn 22 (Ai(1)-GGS_Higure_only)
Phase: Ai(1)-GGS_Higure_only's Untap step
Phase: Ai(1)-GGS_Higure_only's Upkeep step
Phase: Ai(1)-GGS_Higure_only's Draw step
Phase: Ai(1)-GGS_Higure_only's Main phase, precombat
Land: Ai(1)-GGS_Higure_only played Reflecting Pool (59)
Phase: Ai(1)-GGS_Higure_only's Beginning of Combat Step
Phase: Ai(1)-GGS_Higure_only's Declare Attackers Step
Phase: Ai(1)-GGS_Higure_only's Declare Blockers Step
Phase: Ai(1)-GGS_Higure_only's First Strike Damage Step
Phase: Ai(1)-GGS_Higure_only's Combat Damage Step
Phase: Ai(1)-GGS_Higure_only's End of Combat Step
Phase: Ai(1)-GGS_Higure_only's Main phase, postcombat
Mana: Reflecting Pool (59) - {T}: Add one mana of any type that a land you control could produce.
Mana: Island (74) - {T}: Add {U}.
Mana: Luxury Suite (76) - {T}: Add {B} or {R}.
Add To Stack: Ai(1)-GGS_Higure_only cast Goro-Goro and Satoru
Resolve Stack: Goro-Goro and Satoru - Creature 3 / 4
Add To Stack: Ai(3)-Gabe_Food triggered Essence Warden
Life: Life: Ai(3)-Gabe_Food 40 > 41
Resolve Stack: Whenever another creature enters, you gain 1 life. [Zone Changer: Goro-Goro and Satoru (100)]
Mana: Gloomlake Verge (25) - {T}: Add {B}. Activate only if you control an Island or a Swamp.
Mana: Undercity Sewers (3) - {T}: Add {B}.
Add To Stack: Ai(1)-GGS_Higure_only cast Dauthi Voidwalker
Resolve Stack: Dauthi Voidwalker - Creature 3 / 2
Add To Stack: Ai(3)-Gabe_Food triggered Essence Warden
Life: Life: Ai(3)-Gabe_Food 41 > 42
Resolve Stack: Whenever another creature enters, you gain 1 life. [Zone Changer: Dauthi Voidwalker (55)]
Phase: Ai(1)-GGS_Higure_only's End step
Phase: Ai(1)-GGS_Higure_only's Cleanup step
Turn: Turn 23 (Ai(2)-Jaymie_Ezio)
Phase: Ai(2)-Jaymie_Ezio's Untap step
Phase: Ai(2)-Jaymie_Ezio's Upkeep step
Mana: Fellwar Stone (177) - {T}: Add one mana of any color that a land an opponent controls could produce.
Mana: Plains (191) - {T}: Add {W}.
Mana: Sol Ring (157) - {T}: Add {C}{C}.
Resolve Stack: Ai(2)-Jaymie_Ezio has undisguised Bayek of Siwa
Phase: Ai(2)-Jaymie_Ezio's Draw step
Phase: Ai(2)-Jaymie_Ezio's Main phase, precombat
Phase: Ai(2)-Jaymie_Ezio's Beginning of Combat Step
Phase: Ai(2)-Jaymie_Ezio's Declare Attackers Step
Combat: Ai(2)-Jaymie_Ezio assigned Bayek of Siwa (150) to attack Ai(3)-Gabe_Food.
Phase: Ai(2)-Jaymie_Ezio's Declare Blockers Step
Combat: Ai(3)-Gabe_Food didn't block Bayek of Siwa (150).
Phase: Ai(2)-Jaymie_Ezio's First Strike Damage Step
Damage: Bayek of Siwa (150) deals 3 combat damage to Ai(3)-Gabe_Food.
Life: Life: Ai(3)-Gabe_Food 42 > 39
Phase: Ai(2)-Jaymie_Ezio's Combat Damage Step
Damage: Bayek of Siwa (150) deals 3 combat damage to Ai(3)-Gabe_Food.
Life: Life: Ai(3)-Gabe_Food 39 > 36
Phase: Ai(2)-Jaymie_Ezio's End of Combat Step
Phase: Ai(2)-Jaymie_Ezio's Main phase, postcombat
Mana: Island (134) - {T}: Add {U}.
Mana: Brotherhood Headquarters (126) - {T}: Add {C}.
Mana: Kessig Wolf Run (105) - {T}: Add {C}.
Add To Stack: Ai(2)-Jaymie_Ezio cast Lydia Frye
Resolve Stack: Lydia Frye - Creature 3 / 2
Add To Stack: Ai(3)-Gabe_Food triggered Essence Warden
Life: Life: Ai(3)-Gabe_Food 36 > 37
Resolve Stack: Whenever another creature enters, you gain 1 life. [Zone Changer: Lydia Frye (186)]
Phase: Ai(2)-Jaymie_Ezio's End step
Add To Stack: Ai(2)-Jaymie_Ezio triggered Lydia Frye
Replacement Effect: If a card would be put into an opponent's graveyard from anywhere, instead exile it with a void counter on it.
Resolve Stack: Ai(2)-Jaymie_Ezio surveiled 1 card(s) to the graveyard
Resolve Stack: At the beginning of your end step, surveil X, where X is the number of tapped Assassins you control. (Look at the top X cards of your library, then put any number of them into your graveyard and the rest on top of your library in any order.) [Phase: Ai(2)-Jaymie_Ezio]
Phase: Ai(2)-Jaymie_Ezio's Cleanup step
Turn: Turn 24 (Ai(3)-Gabe_Food)
Phase: Ai(3)-Gabe_Food's Untap step
Phase: Ai(3)-Gabe_Food's Upkeep step
Phase: Ai(3)-Gabe_Food's Draw step
Phase: Ai(3)-Gabe_Food's Main phase, precombat
Mana: Path of Ancestry (213) - {T}: Add one mana of any color in your commander's color identity. When that mana is spent to cast a creature spell that shares a creature type with your commander, scry 1. (Look at the top card of your library. You may put that card on the bottom.)
Mana: Scoured Barrens (243) - {T}: Add {W} or {B}.
Mana: Sol Ring (261) - {T}: Add {C}{C}.
Add To Stack: Ai(3)-Gabe_Food cast Sam, Loyal Attendant
Add To Stack: Ai(3)-Gabe_Food triggered Path of Ancestry
Resolve Stack: Ai(3)-Gabe_Food scried 1 card(s) to the bottom of the library
Resolve Stack: When mana produced by Path of Ancestry is spent to cast a creature spell that shares a creature type with your commander, scry 1. ([Sam, Loyal Attendant - Creature 2 / 4]) [Card: Sam, Loyal Attendant (303), Activator: Ai(3)-Gabe_Food, SpellAbility: Sam, Loyal Attendant - Creature 2 / 4]
Resolve Stack: Sam, Loyal Attendant - Creature 2 / 4
Add To Stack: Ai(3)-Gabe_Food triggered Essence Warden
Add To Stack: Ai(3)-Gabe_Food triggered Prosperous Innkeeper
Add To Stack: Ai(3)-Gabe_Food triggered Sam, Loyal Attendant targeting [Ai(3)-Gabe_Food]
Resolve Stack: Partner with Frodo, Adventurous Hobbit (When this creature enters, target player may put Frodo into their hand from their library, then shuffle.) (Targeting: [[Ai(3)-Gabe_Food]]) [Zone Changer: Sam, Loyal Attendant (303)]
Life: Life: Ai(3)-Gabe_Food 37 > 38
Resolve Stack: Whenever another creature you control enters, you gain 1 life. [Zone Changer: Sam, Loyal Attendant (303)]
Life: Life: Ai(3)-Gabe_Food 38 > 39
Resolve Stack: Whenever another creature enters, you gain 1 life. [Zone Changer: Sam, Loyal Attendant (303)]
Phase: Ai(3)-Gabe_Food's Beginning of Combat Step
Add To Stack: Ai(3)-Gabe_Food triggered Sam, Loyal Attendant
Resolve Stack: At the beginning of combat on your turn, create a Food token. (It's an artifact with "{2}, {T}, Sacrifice this token: You gain 3 life.") [Phase: Ai(3)-Gabe_Food]
Phase: Ai(3)-Gabe_Food's Declare Attackers Step
Combat: Ai(3)-Gabe_Food assigned Essence Warden (210), Frodo, Adventurous Hobbit (301) and Prosperous Innkeeper (271) to attack Ai(2)-Jaymie_Ezio.
Phase: Ai(3)-Gabe_Food's Declare Blockers Step
Combat: Ai(2)-Jaymie_Ezio assigned Lydia Frye (186) to block Essence Warden (210).
Ai(2)-Jaymie_Ezio didn't block Frodo, Adventurous Hobbit (301).
Ai(2)-Jaymie_Ezio didn't block Prosperous Innkeeper (271).
Phase: Ai(3)-Gabe_Food's First Strike Damage Step
Phase: Ai(3)-Gabe_Food's Combat Damage Step
Damage: Essence Warden (210) deals 1 damage to Lydia Frye (186).
Damage: Frodo, Adventurous Hobbit (301) deals 1 combat damage to Ai(2)-Jaymie_Ezio.
Damage: Prosperous Innkeeper (271) deals 1 combat damage to Ai(2)-Jaymie_Ezio.
Damage: Lydia Frye (186) deals 3 damage to Essence Warden (210).
Life: Life: Ai(2)-Jaymie_Ezio 40 > 38
Zone Change: Essence Warden (210) was put into Exile from Battlefield.
Replacement Effect: If a card would be put into an opponent's graveyard from anywhere, instead exile it with a void counter on it.
Phase: Ai(3)-Gabe_Food's End of Combat Step
Phase: Ai(3)-Gabe_Food's Main phase, postcombat
Phase: Ai(3)-Gabe_Food's End step
Phase: Ai(3)-Gabe_Food's Cleanup step
Turn: Turn 25 (Ai(4)-Destyn_Turtles)
Phase: Ai(4)-Destyn_Turtles' Untap step
Phase: Ai(4)-Destyn_Turtles' Upkeep step
Phase: Ai(4)-Destyn_Turtles' Draw step
Phase: Ai(4)-Destyn_Turtles' Main phase, precombat
Damage: Grand Coliseum (305) deals 1 non-combat damage to Ai(4)-Destyn_Turtles.
Life: Life: Ai(4)-Destyn_Turtles 36 > 35
Mana: Grand Coliseum (305) - {T}: Add one mana of any color. Grand Coliseum deals 1 damage to you. 
Add To Stack: Ai(4)-Destyn_Turtles cast Blasphemous Act
Damage: Blasphemous Act (320) deals 13 damage to Goro-Goro and Satoru (100).
Damage: Blasphemous Act (320) deals 13 damage to Dauthi Voidwalker (55).
Damage: Blasphemous Act (320) deals 13 damage to Bayek of Siwa (150).
Damage: Blasphemous Act (320) deals 13 damage to Lydia Frye (186).
Damage: Blasphemous Act (320) deals 13 damage to Frodo, Adventurous Hobbit (301).
Damage: Blasphemous Act (320) deals 13 damage to Prosperous Innkeeper (271).
Damage: Blasphemous Act (320) deals 13 damage to Sam, Loyal Attendant (303).
Damage: Blasphemous Act (320) deals 13 damage to Leonardo, the Balance (404).
Resolve Stack: Blasphemous Act (320) - Deals 13 damage to each creature.
Replacement Effect: If a card would be put into an opponent's graveyard from anywhere, instead exile it with a void counter on it.
Zone Change: Leonardo, the Balance (404) was put into Exile from Battlefield.
Replacement Effect: If a card would be put into an opponent's graveyard from anywhere, instead exile it with a void counter on it.
Zone Change: Goro-Goro and Satoru (100) was put into Graveyard from Battlefield.
Zone Change: Dauthi Voidwalker (55) was put into Graveyard from Battlefield.
Zone Change: Bayek of Siwa (150) was put into Exile from Battlefield.
Replacement Effect: If a card would be put into an opponent's graveyard from anywhere, instead exile it with a void counter on it.
Zone Change: Lydia Frye (186) was put into Exile from Battlefield.
Replacement Effect: If a card would be put into an opponent's graveyard from anywhere, instead exile it with a void counter on it.
Zone Change: Frodo, Adventurous Hobbit (301) was put into Exile from Battlefield.
Replacement Effect: If a card would be put into an opponent's graveyard from anywhere, instead exile it with a void counter on it.
Zone Change: Prosperous Innkeeper (271) was put into Exile from Battlefield.
Replacement Effect: If a card would be put into an opponent's graveyard from anywhere, instead exile it with a void counter on it.
Zone Change: Sam, Loyal Attendant (303) was put into Exile from Battlefield.
Replacement Effect: If a card would be put into an opponent's graveyard from anywhere, instead exile it with a void counter on it.
Phase: Ai(4)-Destyn_Turtles' Beginning of Combat Step
Phase: Ai(4)-Destyn_Turtles' Declare Attackers Step
Phase: Ai(4)-Destyn_Turtles' Declare Blockers Step
Phase: Ai(4)-Destyn_Turtles' First Strike Damage Step
Phase: Ai(4)-Destyn_Turtles' Combat Damage Step
Phase: Ai(4)-Destyn_Turtles' End of Combat Step
Phase: Ai(4)-Destyn_Turtles' Main phase, postcombat
Phase: Ai(4)-Destyn_Turtles' End step
Phase: Ai(4)-Destyn_Turtles' Cleanup step
Turn: Turn 26 (Ai(1)-GGS_Higure_only)
Phase: Ai(1)-GGS_Higure_only's Untap step
Phase: Ai(1)-GGS_Higure_only's Upkeep step
Phase: Ai(1)-GGS_Higure_only's Draw step
Phase: Ai(1)-GGS_Higure_only's Main phase, precombat
Phase: Ai(1)-GGS_Higure_only's Beginning of Combat Step
Phase: Ai(1)-GGS_Higure_only's Declare Attackers Step
Phase: Ai(1)-GGS_Higure_only's Declare Blockers Step
Phase: Ai(1)-GGS_Higure_only's First Strike Damage Step
Phase: Ai(1)-GGS_Higure_only's Combat Damage Step
Phase: Ai(1)-GGS_Higure_only's End of Combat Step
Phase: Ai(1)-GGS_Higure_only's Main phase, postcombat
Mana: Reflecting Pool (59) - {T}: Add one mana of any type that a land you control could produce.
Mana: Island (74) - {T}: Add {U}.
Mana: Luxury Suite (76) - {T}: Add {B} or {R}.
Mana: Gloomlake Verge (25) - {T}: Add {B}. Activate only if you control an Island or a Swamp.
Mana: Undercity Sewers (3) - {T}: Add {B}.
Add To Stack: Ai(1)-GGS_Higure_only cast Goro-Goro and Satoru
Resolve Stack: Goro-Goro and Satoru - Creature 3 / 4
Phase: Ai(1)-GGS_Higure_only's End step
Phase: Ai(1)-GGS_Higure_only's Cleanup step
Turn: Turn 27 (Ai(2)-Jaymie_Ezio)
Phase: Ai(2)-Jaymie_Ezio's Untap step
Phase: Ai(2)-Jaymie_Ezio's Upkeep step
Phase: Ai(2)-Jaymie_Ezio's Draw step
Phase: Ai(2)-Jaymie_Ezio's Main phase, precombat
Phase: Ai(2)-Jaymie_Ezio's Beginning of Combat Step
Phase: Ai(2)-Jaymie_Ezio's Declare Attackers Step
Phase: Ai(2)-Jaymie_Ezio's Declare Blockers Step
Phase: Ai(2)-Jaymie_Ezio's First Strike Damage Step
Phase: Ai(2)-Jaymie_Ezio's Combat Damage Step
Phase: Ai(2)-Jaymie_Ezio's End of Combat Step
Phase: Ai(2)-Jaymie_Ezio's Main phase, postcombat
Mana: Fellwar Stone (177) - {T}: Add one mana of any color that a land an opponent controls could produce.
Mana: Sol Ring (157) - {T}: Add {C}{C}.
Mana: Island (134) - {T}: Add {U}.
Add To Stack: Ai(2)-Jaymie_Ezio cast Ezio Auditore da Firenze
Resolve Stack: Ezio Auditore da Firenze - Creature 3 / 2
Mana: Brotherhood Headquarters (126) - {T}: Add one mana of any color. Spend this mana only to cast an Assassin spell or a spell that has freerunning, or to activate an ability of an Assassin source.
Mana: Plains (191) - {T}: Add {W}.
Mana: Kessig Wolf Run (105) - {T}: Add {C}.
Add To Stack: Ai(2)-Jaymie_Ezio cast Jacob Frye
Resolve Stack: Jacob Frye - Creature 3 / 2
Add To Stack: Ai(2)-Jaymie_Ezio triggered Jacob Frye targeting [Ai(2)-Jaymie_Ezio]
Resolve Stack: Partner with Evie Frye (When this creature enters, target player may put Evie Frye into their hand from their library, then shuffle.) (Targeting: [[Ai(2)-Jaymie_Ezio]]) [Zone Changer: Jacob Frye (163)]
Phase: Ai(2)-Jaymie_Ezio's End step
Phase: Ai(2)-Jaymie_Ezio's Cleanup step
Turn: Turn 28 (Ai(3)-Gabe_Food)
Phase: Ai(3)-Gabe_Food's Untap step
Phase: Ai(3)-Gabe_Food's Upkeep step
Phase: Ai(3)-Gabe_Food's Draw step
Phase: Ai(3)-Gabe_Food's Main phase, precombat
Mana: Path of Ancestry (213) - {T}: Add one mana of any color in your commander's color identity. When that mana is spent to cast a creature spell that shares a creature type with your commander, scry 1. (Look at the top card of your library. You may put that card on the bottom.)
Mana: Sol Ring (261) - {T}: Add {C}{C}.
Add To Stack: Ai(3)-Gabe_Food cast Farseek
Replacement Effect: Canopy Vista enters tapped unless you control two or more basic lands.
Resolve Stack: Farseek (229) - Ai(3)-Gabe_Food searches their library for a Plains, Island, Swamp or Mountain card, puts it onto the battlefield tapped, then shuffles.
Phase: Ai(3)-Gabe_Food's Beginning of Combat Step
Phase: Ai(3)-Gabe_Food's Declare Attackers Step
Phase: Ai(3)-Gabe_Food's Declare Blockers Step
Phase: Ai(3)-Gabe_Food's First Strike Damage Step
Phase: Ai(3)-Gabe_Food's Combat Damage Step
Phase: Ai(3)-Gabe_Food's End of Combat Step
Phase: Ai(3)-Gabe_Food's Main phase, postcombat
Mana: Arcane Signet (253) - {T}: Add one mana of any color in your commander's color identity.
Mana: Scoured Barrens (243) - {T}: Add {W} or {B}.
Mana: Brushland (298) - {T}: Add {C}.
Add To Stack: Ai(3)-Gabe_Food cast Merry, Warden of Isengard
Resolve Stack: Merry, Warden of Isengard - Creature 1 / 4
Add To Stack: Ai(3)-Gabe_Food triggered Merry, Warden of Isengard targeting [Ai(3)-Gabe_Food]
Resolve Stack: Partner with Pippin, Warden of Isengard (When this creature enters, target player may put Pippin into their hand from their library, then shuffle.) (Targeting: [[Ai(3)-Gabe_Food]]) [Zone Changer: Merry, Warden of Isengard (208)]
Phase: Ai(3)-Gabe_Food's End step
Phase: Ai(3)-Gabe_Food's Cleanup step
Turn: Turn 29 (Ai(4)-Destyn_Turtles)
Phase: Ai(4)-Destyn_Turtles' Untap step
Phase: Ai(4)-Destyn_Turtles' Upkeep step
Phase: Ai(4)-Destyn_Turtles' Draw step
Phase: Ai(4)-Destyn_Turtles' Main phase, precombat
Land: Ai(4)-Destyn_Turtles played Island (333)
Phase: Ai(4)-Destyn_Turtles' Beginning of Combat Step
Phase: Ai(4)-Destyn_Turtles' Declare Attackers Step
Phase: Ai(4)-Destyn_Turtles' Declare Blockers Step
Phase: Ai(4)-Destyn_Turtles' First Strike Damage Step
Phase: Ai(4)-Destyn_Turtles' Combat Damage Step
Phase: Ai(4)-Destyn_Turtles' End of Combat Step
Phase: Ai(4)-Destyn_Turtles' Main phase, postcombat
Mana: Plains (391) - {T}: Add {W}.
Mana: Ash Barrens (373) - {T}: Add {C}.
Mana: Sol Ring (356) - {T}: Add {C}{C}.
Mana: Island (333) - {T}: Add {U}.
Mana: Grand Coliseum (305) - {T}: Add {C}.
Add To Stack: Ai(4)-Destyn_Turtles cast Leonardo, the Balance
Resolve Stack: Leonardo, the Balance - Creature 3 / 3
Phase: Ai(4)-Destyn_Turtles' End step
Phase: Ai(4)-Destyn_Turtles' Cleanup step
Turn: Turn 30 (Ai(1)-GGS_Higure_only)
Phase: Ai(1)-GGS_Higure_only's Untap step
Phase: Ai(1)-GGS_Higure_only's Upkeep step
Phase: Ai(1)-GGS_Higure_only's Draw step
Phase: Ai(1)-GGS_Higure_only's Main phase, precombat
Land: Ai(1)-GGS_Higure_only played Exotic Orchard (29)
Mana: Reflecting Pool (59) - {T}: Add one mana of any type that a land you control could produce.
Mana: Island (74) - {T}: Add {U}.
Add To Stack: Ai(1)-GGS_Higure_only activated Goro-Goro and Satoru
Resolve Stack: Goro-Goro and Satoru (100) - Creatures you control gain haste until end of turn.
Phase: Ai(1)-GGS_Higure_only's Beginning of Combat Step
Phase: Ai(1)-GGS_Higure_only's Declare Attackers Step
Combat: Ai(1)-GGS_Higure_only assigned Goro-Goro and Satoru (100) to attack Ai(2)-Jaymie_Ezio.
Phase: Ai(1)-GGS_Higure_only's Declare Blockers Step
Combat: Ai(2)-Jaymie_Ezio didn't block Goro-Goro and Satoru (100).
Mana: Exotic Orchard (29) - {T}: Add one mana of any color that a land an opponent controls could produce.
Mana: Luxury Suite (76) - {T}: Add {B} or {R}.
Add To Stack: Ai(1)-GGS_Higure_only activated Sakashima's Student
Replacement Effect: You may have Leonardo, the Balance enter as a copy of any creature on the battlefield, except it's a Ninja in addition to its other creature types.
Resolve Stack: Leonardo, the Balance (49) - Ai(1)-GGS_Higure_only puts Leonardo, the Balance (49) from their hand onto the battlefield tapped and attacking.
Phase: Ai(1)-GGS_Higure_only's First Strike Damage Step
Phase: Ai(1)-GGS_Higure_only's Combat Damage Step
Damage: Leonardo, the Balance (49) deals 3 combat damage to Ai(2)-Jaymie_Ezio.
Life: Life: Ai(2)-Jaymie_Ezio 38 > 35
Phase: Ai(1)-GGS_Higure_only's End of Combat Step
Phase: Ai(1)-GGS_Higure_only's Main phase, postcombat
Mana: Command Tower (73) - {T}: Add one mana of any color in your commander's color identity.
Mana: Gloomlake Verge (25) - {T}: Add {U}.
Mana: Undercity Sewers (3) - {T}: Add {B}.
Add To Stack: Ai(1)-GGS_Higure_only cast Goro-Goro and Satoru
Resolve Stack: Goro-Goro and Satoru - Creature 3 / 4
Phase: Ai(1)-GGS_Higure_only's End step
Phase: Ai(1)-GGS_Higure_only's Cleanup step
Turn: Turn 31 (Ai(2)-Jaymie_Ezio)
Phase: Ai(2)-Jaymie_Ezio's Untap step
Phase: Ai(2)-Jaymie_Ezio's Upkeep step
Phase: Ai(2)-Jaymie_Ezio's Draw step
Phase: Ai(2)-Jaymie_Ezio's Main phase, precombat
Mana: Sol Ring (157) - {T}: Add {C}{C}.
Mana: Island (134) - {T}: Add {U}.
Add To Stack: Ai(2)-Jaymie_Ezio activated Brotherhood Regalia targeting [Ezio Auditore da Firenze (201)]
Resolve Stack: Brotherhood Regalia (194) -  Attach to Ezio Auditore da Firenze (201)
Phase: Ai(2)-Jaymie_Ezio's Beginning of Combat Step
Phase: Ai(2)-Jaymie_Ezio's Declare Attackers Step
Combat: Ai(2)-Jaymie_Ezio assigned Ezio Auditore da Firenze (201) to attack Ai(1)-GGS_Higure_only.
Phase: Ai(2)-Jaymie_Ezio's Declare Blockers Step
Combat: Ai(1)-GGS_Higure_only didn't block Ezio Auditore da Firenze (201).
Phase: Ai(2)-Jaymie_Ezio's First Strike Damage Step
Phase: Ai(2)-Jaymie_Ezio's Combat Damage Step
Damage: Ezio Auditore da Firenze (201) deals 3 combat damage to Ai(1)-GGS_Higure_only.
Life: Life: Ai(1)-GGS_Higure_only 39 > 36
Add To Stack: Ai(2)-Jaymie_Ezio triggered Ezio Auditore da Firenze
Add To Stack: Ai(2)-Jaymie_Ezio triggered Jacob Frye targeting []
Resolve Stack: Whenever one or more Assassins you control deal combat damage to a player, exile up to one target Assassin card or card with freerunning from your graveyard. If you do, copy it. You may cast the copy. (Targeting: [[]]) [Damaged: Ai(1)-GGS_Higure_only, Amount: 3]
Resolve Stack: Whenever Ezio deals combat damage to a player, you may pay {W}{U}{B}{R}{G} if that player has 10 or less life. When you do, that player loses the game. [Damage Source: Ezio Auditore da Firenze (201), Damaged: Ai(1)-GGS_Higure_only, Amount: 3]
Phase: Ai(2)-Jaymie_Ezio's End of Combat Step
Phase: Ai(2)-Jaymie_Ezio's Main phase, postcombat
Mana: Fellwar Stone (177) - {T}: Add one mana of any color that a land an opponent controls could produce.
Mana: Plains (191) - {T}: Add {W}.
Mana: Brotherhood Headquarters (126) - {T}: Add {C}.
Mana: Kessig Wolf Run (105) - {T}: Add {C}.
Add To Stack: Ai(2)-Jaymie_Ezio cast Origin of the Hidden Ones
Replacement Effect: Origin of the Hidden Ones enters with a lore counter on it.
Resolve Stack: Origin of the Hidden Ones
Add To Stack: Ai(2)-Jaymie_Ezio triggered Origin of the Hidden Ones targeting [Leonardo, the Balance (404)]
Damage: Origin of the Hidden Ones (187) deals 4 damage to Leonardo, the Balance (404).
Resolve Stack: I — Origin of the Hidden Ones deals 4 damage to any target. (Targeting: [[Leonardo, the Balance (404)]]) [Added once: Origin of the Hidden Ones (187)]
Zone Change: Leonardo, the Balance (404) was put into Graveyard from Battlefield.
Phase: Ai(2)-Jaymie_Ezio's End step
Phase: Ai(2)-Jaymie_Ezio's Cleanup step
Turn: Turn 32 (Ai(3)-Gabe_Food)
Phase: Ai(3)-Gabe_Food's Untap step
Phase: Ai(3)-Gabe_Food's Upkeep step
Phase: Ai(3)-Gabe_Food's Draw step
Phase: Ai(3)-Gabe_Food's Main phase, precombat
Land: Ai(3)-Gabe_Food played Plains (288)
Mana: Canopy Vista (272) - {T}: Add {G}.
Mana: Plains (288) - {T}: Add {W}.
Mana: Sol Ring (261) - {T}: Add {C}{C}.
Mana: Scoured Barrens (243) - {T}: Add {W} or {B}.
Add To Stack: Ai(3)-Gabe_Food cast Sam, Loyal Attendant
Resolve Stack: Sam, Loyal Attendant - Creature 2 / 4
Add To Stack: Ai(3)-Gabe_Food triggered Sam, Loyal Attendant targeting [Ai(3)-Gabe_Food]
Resolve Stack: Partner with Frodo, Adventurous Hobbit (When this creature enters, target player may put Frodo into their hand from their library, then shuffle.) (Targeting: [[Ai(3)-Gabe_Food]]) [Zone Changer: Sam, Loyal Attendant (303)]
Mana: Path of Ancestry (213) - {T}: Add one mana of any color in your commander's color identity. When that mana is spent to cast a creature spell that shares a creature type with your commander, scry 1. (Look at the top card of your library. You may put that card on the bottom.)
Mana: Arcane Signet (253) - {T}: Add one mana of any color in your commander's color identity.
Add To Stack: Ai(3)-Gabe_Food cast Pippin, Warden of Isengard
Add To Stack: Ai(3)-Gabe_Food triggered Path of Ancestry
Resolve Stack: Ai(3)-Gabe_Food scried 1 card(s) to the top of the library
Resolve Stack: When mana produced by Path of Ancestry is spent to cast a creature spell that shares a creature type with your commander, scry 1. ([Pippin, Warden of Isengard - Creature 2 / 2]) [Card: Pippin, Warden of Isengard (242), Activator: Ai(3)-Gabe_Food, SpellAbility: Pippin, Warden of Isengard - Creature 2 / 2]
Resolve Stack: Pippin, Warden of Isengard - Creature 2 / 2
Add To Stack: Ai(3)-Gabe_Food triggered Pippin, Warden of Isengard targeting [Ai(3)-Gabe_Food]
Resolve Stack: Partner with Merry, Warden of Isengard (When this creature enters, target player may put Merry into their hand from their library, then shuffle.) (Targeting: [[Ai(3)-Gabe_Food]]) [Zone Changer: Pippin, Warden of Isengard (242)]
Phase: Ai(3)-Gabe_Food's Beginning of Combat Step
Add To Stack: Ai(3)-Gabe_Food triggered Sam, Loyal Attendant
Resolve Stack: At the beginning of combat on your turn, create a Food token. (It's an artifact with "{2}, {T}, Sacrifice this token: You gain 3 life.") [Phase: Ai(3)-Gabe_Food]
Add To Stack: Ai(3)-Gabe_Food triggered Merry, Warden of Isengard
Resolve Stack: Whenever one or more artifacts you control enter, create a 1/1 white Soldier creature token with lifelink. This ability triggers only once each turn. [Amount: 1]
Phase: Ai(3)-Gabe_Food's Declare Attackers Step
Phase: Ai(3)-Gabe_Food's Declare Blockers Step
Phase: Ai(3)-Gabe_Food's First Strike Damage Step
Phase: Ai(3)-Gabe_Food's Combat Damage Step
Phase: Ai(3)-Gabe_Food's End of Combat Step
Phase: Ai(3)-Gabe_Food's Main phase, postcombat
Phase: Ai(3)-Gabe_Food's End step
Phase: Ai(3)-Gabe_Food's Cleanup step
Turn: Turn 33 (Ai(4)-Destyn_Turtles)
Phase: Ai(4)-Destyn_Turtles' Untap step
Phase: Ai(4)-Destyn_Turtles' Upkeep step
Phase: Ai(4)-Destyn_Turtles' Draw step
Phase: Ai(4)-Destyn_Turtles' Main phase, precombat
Phase: Ai(4)-Destyn_Turtles' Beginning of Combat Step
Phase: Ai(4)-Destyn_Turtles' Declare Attackers Step
Phase: Ai(4)-Destyn_Turtles' Declare Blockers Step
Phase: Ai(4)-Destyn_Turtles' First Strike Damage Step
Phase: Ai(4)-Destyn_Turtles' Combat Damage Step
Phase: Ai(4)-Destyn_Turtles' End of Combat Step
Phase: Ai(4)-Destyn_Turtles' Main phase, postcombat
Damage: Grand Coliseum (305) deals 1 non-combat damage to Ai(4)-Destyn_Turtles.
Life: Life: Ai(4)-Destyn_Turtles 35 > 34
Mana: Grand Coliseum (305) - {T}: Add one mana of any color. Grand Coliseum deals 1 damage to you. 
Mana: Ash Barrens (373) - {T}: Add {C}.
Mana: Sol Ring (356) - {T}: Add {C}{C}.
Mana: Plains (391) - {T}: Add {W}.
Add To Stack: Ai(4)-Destyn_Turtles cast Raphael, the Muscle
Resolve Stack: Raphael, the Muscle - Creature 4 / 4
Add To Stack: Ai(4)-Destyn_Turtles triggered Raphael, the Muscle
Resolve Stack: When Raphael enters, create a Mutagen token. [Zone Changer: Raphael, the Muscle (378)]
Phase: Ai(4)-Destyn_Turtles' End step
Phase: Ai(4)-Destyn_Turtles' Cleanup step
Turn: Turn 34 (Ai(1)-GGS_Higure_only)
Phase: Ai(1)-GGS_Higure_only's Untap step
Phase: Ai(1)-GGS_Higure_only's Upkeep step
Mana: Reflecting Pool (59) - {T}: Add one mana of any type that a land you control could produce.
Mana: Island (74) - {T}: Add {U}.
Add To Stack: Ai(1)-GGS_Higure_only activated Goro-Goro and Satoru
Resolve Stack: Goro-Goro and Satoru (100) - Creatures you control gain haste until end of turn.
Phase: Ai(1)-GGS_Higure_only's Draw step
Phase: Ai(1)-GGS_Higure_only's Main phase, precombat
Phase: Ai(1)-GGS_Higure_only's Beginning of Combat Step
Phase: Ai(1)-GGS_Higure_only's Declare Attackers Step
Combat: Ai(1)-GGS_Higure_only assigned Goro-Goro and Satoru (100) to attack Ai(2)-Jaymie_Ezio.
Phase: Ai(1)-GGS_Higure_only's Declare Blockers Step
Combat: Ai(2)-Jaymie_Ezio didn't block Goro-Goro and Satoru (100).
Phase: Ai(1)-GGS_Higure_only's First Strike Damage Step
Phase: Ai(1)-GGS_Higure_only's Combat Damage Step
Damage: Goro-Goro and Satoru (100) deals 3 combat damage to Ai(2)-Jaymie_Ezio.
Life: Life: Ai(2)-Jaymie_Ezio 35 > 32
Phase: Ai(1)-GGS_Higure_only's End of Combat Step
Phase: Ai(1)-GGS_Higure_only's Main phase, postcombat
Mana: Exotic Orchard (29) - {T}: Add one mana of any color that a land an opponent controls could produce.
Mana: Luxury Suite (76) - {T}: Add {B} or {R}.
Add To Stack: Ai(1)-GGS_Higure_only cast Tetsuko Umezawa, Fugitive
Resolve Stack: Tetsuko Umezawa, Fugitive - Creature 1 / 3
Mana: Gloomlake Verge (25) - {T}: Add {B}. Activate only if you control an Island or a Swamp.
Mana: Undercity Sewers (3) - {T}: Add {B}.
Add To Stack: Ai(1)-GGS_Higure_only cast Arcane Signet
Resolve Stack: Arcane Signet
Phase: Ai(1)-GGS_Higure_only's End step
Phase: Ai(1)-GGS_Higure_only's Cleanup step
Turn: Turn 35 (Ai(2)-Jaymie_Ezio)
Phase: Ai(2)-Jaymie_Ezio's Untap step
Phase: Ai(2)-Jaymie_Ezio's Upkeep step
Phase: Ai(2)-Jaymie_Ezio's Draw step
Phase: Ai(2)-Jaymie_Ezio's Main phase, precombat
Add To Stack: Ai(2)-Jaymie_Ezio triggered Origin of the Hidden Ones
Resolve Stack: II — Create two 1/1 black Assassin creature tokens with menace. [Added once: Origin of the Hidden Ones (187)]
Mana: Island (134) - {T}: Add {U}.
Mana: Fellwar Stone (177) - {T}: Add one mana of any color that a land an opponent controls could produce.
Mana: Sol Ring (157) - {T}: Add {C}{C}.
Add To Stack: Ai(2)-Jaymie_Ezio cast Coastal Piracy
Resolve Stack: Coastal Piracy
Phase: Ai(2)-Jaymie_Ezio's Beginning of Combat Step
Phase: Ai(2)-Jaymie_Ezio's Declare Attackers Step
Combat: Ai(2)-Jaymie_Ezio assigned Ezio Auditore da Firenze (201) to attack Ai(3)-Gabe_Food.
Phase: Ai(2)-Jaymie_Ezio's Declare Blockers Step
Combat: Ai(3)-Gabe_Food didn't block Ezio Auditore da Firenze (201).
Phase: Ai(2)-Jaymie_Ezio's First Strike Damage Step
Phase: Ai(2)-Jaymie_Ezio's Combat Damage Step
Damage: Ezio Auditore da Firenze (201) deals 3 combat damage to Ai(3)-Gabe_Food.
Life: Life: Ai(3)-Gabe_Food 39 > 36
Add To Stack: Ai(2)-Jaymie_Ezio triggered Ezio Auditore da Firenze
Add To Stack: Ai(2)-Jaymie_Ezio triggered Jacob Frye targeting []
Add To Stack: Ai(2)-Jaymie_Ezio triggered Coastal Piracy
Resolve Stack: Whenever a creature you control deals combat damage to an opponent, you may draw a card. [Damage Source: Ezio Auditore da Firenze (201), Damaged: Ai(3)-Gabe_Food, Amount: 3]
Resolve Stack: Whenever one or more Assassins you control deal combat damage to a player, exile up to one target Assassin card or card with freerunning from your graveyard. If you do, copy it. You may cast the copy. (Targeting: [[]]) [Damaged: Ai(3)-Gabe_Food, Amount: 3]
Resolve Stack: Whenever Ezio deals combat damage to a player, you may pay {W}{U}{B}{R}{G} if that player has 10 or less life. When you do, that player loses the game. [Damage Source: Ezio Auditore da Firenze (201), Damaged: Ai(3)-Gabe_Food, Amount: 3]
Phase: Ai(2)-Jaymie_Ezio's End of Combat Step
Phase: Ai(2)-Jaymie_Ezio's Main phase, postcombat
Mana: Brotherhood Headquarters (126) - {T}: Add one mana of any color. Spend this mana only to cast an Assassin spell or a spell that has freerunning, or to activate an ability of an Assassin source.
Mana: Plains (191) - {T}: Add {W}.
Add To Stack: Ai(2)-Jaymie_Ezio cast Arbaaz Mir
Resolve Stack: Arbaaz Mir - Creature 2 / 2
Add To Stack: Ai(2)-Jaymie_Ezio triggered Arbaaz Mir
Damage: Arbaaz Mir (165) deals 1 non-combat damage to Ai(1)-GGS_Higure_only.
Damage: Arbaaz Mir (165) deals 1 non-combat damage to Ai(3)-Gabe_Food.
Damage: Arbaaz Mir (165) deals 1 non-combat damage to Ai(4)-Destyn_Turtles.
Life: Life: Ai(1)-GGS_Higure_only 36 > 35
Life: Life: Ai(3)-Gabe_Food 36 > 35
Life: Life: Ai(4)-Destyn_Turtles 34 > 33
Life: Life: Ai(2)-Jaymie_Ezio 32 > 33
Resolve Stack: Whenever Arbaaz Mir or another nontoken historic permanent you control enters, Arbaaz Mir deals 1 damage to each opponent and you gain 1 life. (Artifacts, legendaries, and Sagas are historic.) [Zone Changer: Arbaaz Mir (165)]
Phase: Ai(2)-Jaymie_Ezio's End step
Phase: Ai(2)-Jaymie_Ezio's Cleanup step
Turn: Turn 36 (Ai(3)-Gabe_Food)
Phase: Ai(3)-Gabe_Food's Untap step
Phase: Ai(3)-Gabe_Food's Upkeep step
Phase: Ai(3)-Gabe_Food's Draw step
Phase: Ai(3)-Gabe_Food's Main phase, precombat
Replacement Effect: As Murmuring Bosk enters, you may reveal a Treefolk card from your hand. If you don't, Murmuring Bosk enters tapped.
Land: Ai(3)-Gabe_Food played Murmuring Bosk (226)
Phase: Ai(3)-Gabe_Food's Beginning of Combat Step
Add To Stack: Ai(3)-Gabe_Food triggered Sam, Loyal Attendant
Resolve Stack: At the beginning of combat on your turn, create a Food token. (It's an artifact with "{2}, {T}, Sacrifice this token: You gain 3 life.") [Phase: Ai(3)-Gabe_Food]
Add To Stack: Ai(3)-Gabe_Food triggered Merry, Warden of Isengard
Resolve Stack: Whenever one or more artifacts you control enter, create a 1/1 white Soldier creature token with lifelink. This ability triggers only once each turn. [Amount: 1]
Phase: Ai(3)-Gabe_Food's Declare Attackers Step
Combat: Ai(3)-Gabe_Food assigned Sam, Loyal Attendant (303) to attack Ai(2)-Jaymie_Ezio.
Phase: Ai(3)-Gabe_Food's Declare Blockers Step
Combat: Ai(2)-Jaymie_Ezio assigned Assassin Token (462), Assassin Token (461) and Arbaaz Mir (165) to block Sam, Loyal Attendant (303).
Phase: Ai(3)-Gabe_Food's First Strike Damage Step
Phase: Ai(3)-Gabe_Food's Combat Damage Step
Damage: Sam, Loyal Attendant (303) deals 2 damage to Arbaaz Mir (165).
Damage: Assassin Token (462) deals 1 damage to Sam, Loyal Attendant (303).
Damage: Assassin Token (461) deals 1 damage to Sam, Loyal Attendant (303).
Damage: Arbaaz Mir (165) deals 2 damage to Sam, Loyal Attendant (303).
Zone Change: Sam, Loyal Attendant (303) was put into Graveyard from Battlefield.
Zone Change: Arbaaz Mir (165) was put into Graveyard from Battlefield.
Phase: Ai(3)-Gabe_Food's End of Combat Step
Phase: Ai(3)-Gabe_Food's Main phase, postcombat
Mana: Plains (288) - {T}: Add {W}.
Mana: Scoured Barrens (243) - {T}: Add {W} or {B}.
Mana: Sol Ring (261) - {T}: Add {C}{C}.
Mana: Canopy Vista (272) - {T}: Add {G}.
Add To Stack: Ai(3)-Gabe_Food cast Call for Unity
Resolve Stack: Call for Unity
Phase: Ai(3)-Gabe_Food's End step
Add To Stack: Ai(3)-Gabe_Food triggered Call for Unity
Resolve Stack: Revolt — At the beginning of your end step, if a permanent you controlled left the battlefield this turn, put a unity counter on Call for Unity. [Phase: Ai(3)-Gabe_Food]
Phase: Ai(3)-Gabe_Food's Cleanup step
Turn: Turn 37 (Ai(4)-Destyn_Turtles)
Phase: Ai(4)-Destyn_Turtles' Untap step
Phase: Ai(4)-Destyn_Turtles' Upkeep step
Phase: Ai(4)-Destyn_Turtles' Draw step
Phase: Ai(4)-Destyn_Turtles' Main phase, precombat
Mana: Island (333) - {T}: Add {U}.
Mana: Ash Barrens (373) - {T}: Add {C}.
Mana: Sol Ring (356) - {T}: Add {C}{C}.
Add To Stack: Ai(4)-Destyn_Turtles cast Baxter, Fly in the Ointment
Resolve Stack: Baxter, Fly in the Ointment - Creature 2 / 2
Add To Stack: Ai(4)-Destyn_Turtles triggered Baxter, Fly in the Ointment
Resolve Stack: Whenever Baxter enters or attacks, each creature you control with a counter on it gains flying until end of turn. [Zone Changer: Baxter, Fly in the Ointment (330)]
Damage: Grand Coliseum (305) deals 1 non-combat damage to Ai(4)-Destyn_Turtles.
Life: Life: Ai(4)-Destyn_Turtles 33 > 32
Mana: Grand Coliseum (305) - {T}: Add one mana of any color. Grand Coliseum deals 1 damage to you. 
Mana: Plains (391) - {T}: Add {W}.
Add To Stack: Ai(4)-Destyn_Turtles cast Level Up targeting [Raphael, the Muscle (378)]
Resolve Stack: Level Up (393) -  Attach to Raphael, the Muscle (378)
Add To Stack: Ai(4)-Destyn_Turtles triggered Level Up
Resolve Stack: When this Aura enters, put a +1/+1 counter on enchanted creature. [Zone Changer: Level Up (393)]
Phase: Ai(4)-Destyn_Turtles' Beginning of Combat Step
Phase: Ai(4)-Destyn_Turtles' Declare Attackers Step
Combat: Ai(4)-Destyn_Turtles assigned Raphael, the Muscle (378) to attack Ai(2)-Jaymie_Ezio.
Add To Stack: Ai(4)-Destyn_Turtles triggered Raphael, the Muscle
Mana: Path of Ancestry (213) - {T}: Add one mana of any color in your commander's color identity. When that mana is spent to cast a creature spell that shares a creature type with your commander, scry 1. (Look at the top card of your library. You may put that card on the bottom.)
Add To Stack: Ai(3)-Gabe_Food activated Pippin, Warden of Isengard
Resolve Stack: Pippin, Warden of Isengard (242) - Ai(3)-Gabe_Food creates a Food Token.
Add To Stack: Ai(3)-Gabe_Food triggered Merry, Warden of Isengard
Resolve Stack: Whenever one or more artifacts you control enter, create a 1/1 white Soldier creature token with lifelink. This ability triggers only once each turn. [Amount: 1]
Resolve Stack: Whenever this creature attacks, double the number of +1/+1 counters on it. Then if it has power 10 or greater, draw a card. [Attacker: Raphael, the Muscle (378)]
Phase: Ai(4)-Destyn_Turtles' Declare Blockers Step
Combat: Ai(2)-Jaymie_Ezio didn't block Raphael, the Muscle (378).
Phase: Ai(4)-Destyn_Turtles' First Strike Damage Step
Phase: Ai(4)-Destyn_Turtles' Combat Damage Step
Replacement Effect: Double all damage that creatures you control with counters on them would deal.
Damage: Raphael, the Muscle (378) deals 12 combat damage to Ai(2)-Jaymie_Ezio.
Life: Life: Ai(2)-Jaymie_Ezio 33 > 21
Phase: Ai(4)-Destyn_Turtles' End of Combat Step
Phase: Ai(4)-Destyn_Turtles' Main phase, postcombat
Phase: Ai(4)-Destyn_Turtles' End step
Phase: Ai(4)-Destyn_Turtles' Cleanup step
Turn: Turn 38 (Ai(1)-GGS_Higure_only)
Phase: Ai(1)-GGS_Higure_only's Untap step
Phase: Ai(1)-GGS_Higure_only's Upkeep step
Phase: Ai(1)-GGS_Higure_only's Draw step
Phase: Ai(1)-GGS_Higure_only's Main phase, precombat
Phase: Ai(1)-GGS_Higure_only's Beginning of Combat Step
Phase: Ai(1)-GGS_Higure_only's Declare Attackers Step
Combat: Ai(1)-GGS_Higure_only assigned Tetsuko Umezawa, Fugitive (75) to attack Ai(3)-Gabe_Food.
Phase: Ai(1)-GGS_Higure_only's Declare Blockers Step
Combat: Ai(3)-Gabe_Food didn't block Tetsuko Umezawa, Fugitive (75).
Phase: Ai(1)-GGS_Higure_only's First Strike Damage Step
Phase: Ai(1)-GGS_Higure_only's Combat Damage Step
Damage: Tetsuko Umezawa, Fugitive (75) deals 1 combat damage to Ai(3)-Gabe_Food.
Life: Life: Ai(3)-Gabe_Food 35 > 34
Phase: Ai(1)-GGS_Higure_only's End of Combat Step
Phase: Ai(1)-GGS_Higure_only's Main phase, postcombat
Mana: Reflecting Pool (59) - {T}: Add one mana of any type that a land you control could produce.
Mana: Island (74) - {T}: Add {U}.
Mana: Exotic Orchard (29) - {T}: Add one mana of any color that a land an opponent controls could produce.
Mana: Luxury Suite (76) - {T}: Add {B} or {R}.
Mana: Gloomlake Verge (25) - {T}: Add {B}. Activate only if you control an Island or a Swamp.
Add To Stack: Ai(1)-GGS_Higure_only cast Goldlust Triad
Resolve Stack: Goldlust Triad - Creature 4 / 3
Phase: Ai(1)-GGS_Higure_only's End step
Phase: Ai(1)-GGS_Higure_only's Cleanup step
Turn: Turn 39 (Ai(2)-Jaymie_Ezio)
Phase: Ai(2)-Jaymie_Ezio's Untap step
Phase: Ai(2)-Jaymie_Ezio's Upkeep step
Phase: Ai(2)-Jaymie_Ezio's Draw step
Phase: Ai(2)-Jaymie_Ezio's Main phase, precombat
Add To Stack: Ai(2)-Jaymie_Ezio triggered Origin of the Hidden Ones
Resolve Stack: III — Whenever an Assassin you control attacks this turn, create a 1/1 black Assassin creature token with menace that's tapped and attacking. [Added once: Origin of the Hidden Ones (187)]
Zone Change: Origin of the Hidden Ones (187) was put into Graveyard from Battlefield.
Land: Ai(2)-Jaymie_Ezio played Swamp (159)
Phase: Ai(2)-Jaymie_Ezio's Beginning of Combat Step
Phase: Ai(2)-Jaymie_Ezio's Declare Attackers Step
Combat: Ai(2)-Jaymie_Ezio assigned Ezio Auditore da Firenze (201) to attack Ai(3)-Gabe_Food.
Add To Stack: Ai(2)-Jaymie_Ezio triggered Origin of the Hidden Ones (187)'s Effect
Resolve Stack: Whenever an Assassin you control attacks this turn, create a 1/1 black Assassin creature token with menace that's tapped and attacking. [Attacker: Ezio Auditore da Firenze (201)]
Phase: Ai(2)-Jaymie_Ezio's Declare Blockers Step
Combat: Ai(3)-Gabe_Food didn't block Ezio Auditore da Firenze (201).
Combat: Ai(4)-Destyn_Turtles didn't block Assassin Token (497).
Phase: Ai(2)-Jaymie_Ezio's First Strike Damage Step
Phase: Ai(2)-Jaymie_Ezio's Combat Damage Step
Damage: Ezio Auditore da Firenze (201) deals 3 combat damage to Ai(3)-Gabe_Food.
Damage: Assassin Token (497) deals 1 combat damage to Ai(4)-Destyn_Turtles.
Life: Life: Ai(3)-Gabe_Food 34 > 31
Life: Life: Ai(4)-Destyn_Turtles 32 > 31
Add To Stack: Ai(2)-Jaymie_Ezio triggered Ezio Auditore da Firenze
Add To Stack: Ai(2)-Jaymie_Ezio triggered Jacob Frye targeting []
Add To Stack: Ai(2)-Jaymie_Ezio triggered Jacob Frye targeting []
Add To Stack: Ai(2)-Jaymie_Ezio triggered Coastal Piracy
Add To Stack: Ai(2)-Jaymie_Ezio triggered Coastal Piracy
Resolve Stack: Whenever a creature you control deals combat damage to an opponent, you may draw a card. [Damage Source: Assassin Token (497), Damaged: Ai(4)-Destyn_Turtles, Amount: 1]
Resolve Stack: Whenever a creature you control deals combat damage to an opponent, you may draw a card. [Damage Source: Ezio Auditore da Firenze (201), Damaged: Ai(3)-Gabe_Food, Amount: 3]
Resolve Stack: Whenever one or more Assassins you control deal combat damage to a player, exile up to one target Assassin card or card with freerunning from your graveyard. If you do, copy it. You may cast the copy. (Targeting: [[]]) [Damaged: Ai(4)-Destyn_Turtles, Amount: 1]
Resolve Stack: Whenever one or more Assassins you control deal combat damage to a player, exile up to one target Assassin card or card with freerunning from your graveyard. If you do, copy it. You may cast the copy. (Targeting: [[]]) [Damaged: Ai(3)-Gabe_Food, Amount: 3]
Resolve Stack: Whenever Ezio deals combat damage to a player, you may pay {W}{U}{B}{R}{G} if that player has 10 or less life. When you do, that player loses the game. [Damage Source: Ezio Auditore da Firenze (201), Damaged: Ai(3)-Gabe_Food, Amount: 3]
Phase: Ai(2)-Jaymie_Ezio's End of Combat Step
Phase: Ai(2)-Jaymie_Ezio's Main phase, postcombat
Mana: Island (134) - {T}: Add {U}.
Mana: Sol Ring (157) - {T}: Add {C}{C}.
Add To Stack: Ai(2)-Jaymie_Ezio cast Evie Frye
Resolve Stack: Evie Frye - Creature 2 / 1
Add To Stack: Ai(2)-Jaymie_Ezio triggered Evie Frye targeting [Ai(2)-Jaymie_Ezio]
Resolve Stack: Partner with Jacob Frye (When this creature enters, target player may put Jacob Frye into their hand from their library, then shuffle.) (Targeting: [[Ai(2)-Jaymie_Ezio]]) [Zone Changer: Evie Frye (123)]
Mana: Fellwar Stone (177) - {T}: Add one mana of any color that a land an opponent controls could produce.
Mana: Swamp (159) - {T}: Add {B}.
Add To Stack: Ai(2)-Jaymie_Ezio cast Vraska Joins Up
Resolve Stack: Vraska Joins Up
Add To Stack: Ai(2)-Jaymie_Ezio triggered Vraska Joins Up
Resolve Stack: When Vraska Joins Up enters, put a deathtouch counter on each creature you control. [Zone Changer: Vraska Joins Up (112)]
Mana: Brotherhood Headquarters (126) - {T}: Add one mana of any color. Spend this mana only to cast an Assassin spell or a spell that has freerunning, or to activate an ability of an Assassin source.
Add To Stack: Ai(2)-Jaymie_Ezio cast Changeling Outcast
Resolve Stack: Changeling Outcast - Creature 1 / 1
Phase: Ai(2)-Jaymie_Ezio's End step
Phase: Ai(2)-Jaymie_Ezio's Cleanup step
Turn: Turn 40 (Ai(3)-Gabe_Food)
Phase: Ai(3)-Gabe_Food's Untap step
Phase: Ai(3)-Gabe_Food's Upkeep step
Phase: Ai(3)-Gabe_Food's Draw step
Phase: Ai(3)-Gabe_Food's Main phase, precombat
Mana: Canopy Vista (272) - {T}: Add {G}.
Mana: Plains (288) - {T}: Add {W}.
Mana: Sol Ring (261) - {T}: Add {C}{C}.
Mana: Scoured Barrens (243) - {T}: Add {W} or {B}.
Mana: Path of Ancestry (213) - {T}: Add one mana of any color in your commander's color identity. When that mana is spent to cast a creature spell that shares a creature type with your commander, scry 1. (Look at the top card of your library. You may put that card on the bottom.)
Mana: Arcane Signet (253) - {T}: Add one mana of any color in your commander's color identity.
Add To Stack: Ai(3)-Gabe_Food cast Sam, Loyal Attendant
Add To Stack: Ai(3)-Gabe_Food triggered Path of Ancestry
Resolve Stack: Ai(3)-Gabe_Food scried 1 card(s) to the bottom of the library
Resolve Stack: When mana produced by Path of Ancestry is spent to cast a creature spell that shares a creature type with your commander, scry 1. ([Sam, Loyal Attendant - Creature 2 / 4]) [Card: Sam, Loyal Attendant (303), Activator: Ai(3)-Gabe_Food, SpellAbility: Sam, Loyal Attendant - Creature 2 / 4]
Resolve Stack: Sam, Loyal Attendant - Creature 2 / 4
Add To Stack: Ai(3)-Gabe_Food triggered Sam, Loyal Attendant targeting [Ai(3)-Gabe_Food]
Resolve Stack: Partner with Frodo, Adventurous Hobbit (When this creature enters, target player may put Frodo into their hand from their library, then shuffle.) (Targeting: [[Ai(3)-Gabe_Food]]) [Zone Changer: Sam, Loyal Attendant (303)]
Phase: Ai(3)-Gabe_Food's Beginning of Combat Step
Add To Stack: Ai(3)-Gabe_Food triggered Sam, Loyal Attendant
Resolve Stack: At the beginning of combat on your turn, create a Food token. (It's an artifact with "{2}, {T}, Sacrifice this token: You gain 3 life.") [Phase: Ai(3)-Gabe_Food]
Add To Stack: Ai(3)-Gabe_Food triggered Merry, Warden of Isengard
Resolve Stack: Whenever one or more artifacts you control enter, create a 1/1 white Soldier creature token with lifelink. This ability triggers only once each turn. [Amount: 1]
Phase: Ai(3)-Gabe_Food's Declare Attackers Step
Combat: Ai(3)-Gabe_Food assigned Pippin, Warden of Isengard (242), Merry, Warden of Isengard (208), Soldier Token (454), Soldier Token (471) and Soldier Token (493) to attack Ai(2)-Jaymie_Ezio.
Phase: Ai(3)-Gabe_Food's Declare Blockers Step
Combat: Ai(2)-Jaymie_Ezio assigned Assassin Token (461) to block Pippin, Warden of Isengard (242).
Ai(2)-Jaymie_Ezio assigned Assassin Token (462) to block Merry, Warden of Isengard (208).
Ai(2)-Jaymie_Ezio didn't block Soldier Token (454).
Ai(2)-Jaymie_Ezio didn't block Soldier Token (471).
Ai(2)-Jaymie_Ezio didn't block Soldier Token (493).
Phase: Ai(3)-Gabe_Food's First Strike Damage Step
Phase: Ai(3)-Gabe_Food's Combat Damage Step
Damage: Pippin, Warden of Isengard (242) deals 3 damage to Assassin Token (461).
Damage: Merry, Warden of Isengard (208) deals 2 damage to Assassin Token (462).
Damage: Soldier Token (454) deals 2 combat damage to Ai(2)-Jaymie_Ezio.
Life: Life: Ai(3)-Gabe_Food 31 > 33
Damage: Soldier Token (471) deals 2 combat damage to Ai(2)-Jaymie_Ezio.
Life: Life: Ai(3)-Gabe_Food 33 > 35
Damage: Soldier Token (493) deals 2 combat damage to Ai(2)-Jaymie_Ezio.
Life: Life: Ai(3)-Gabe_Food 35 > 37
Damage: Assassin Token (461) deals 1 damage (Deathtouch) to Pippin, Warden of Isengard (242).
Damage: Assassin Token (462) deals 1 damage (Deathtouch) to Merry, Warden of Isengard (208).
Life: Life: Ai(2)-Jaymie_Ezio 21 > 15
Zone Change: Merry, Warden of Isengard (208) was put into Graveyard from Battlefield.
Zone Change: Pippin, Warden of Isengard (242) was put into Graveyard from Battlefield.
Zone Change: Assassin Token (461) was put into Graveyard from Battlefield.
Zone Change: Assassin Token (462) was put into Graveyard from Battlefield.
Phase: Ai(3)-Gabe_Food's End of Combat Step
Phase: Ai(3)-Gabe_Food's Main phase, postcombat
Phase: Ai(3)-Gabe_Food's End step
Add To Stack: Ai(3)-Gabe_Food triggered Call for Unity
Resolve Stack: Revolt — At the beginning of your end step, if a permanent you controlled left the battlefield this turn, put a unity counter on Call for Unity. [Phase: Ai(3)-Gabe_Food]
Phase: Ai(3)-Gabe_Food's Cleanup step
Turn: Turn 41 (Ai(4)-Destyn_Turtles)
Phase: Ai(4)-Destyn_Turtles' Untap step
Phase: Ai(4)-Destyn_Turtles' Upkeep step
Phase: Ai(4)-Destyn_Turtles' Draw step
Add To Stack: Ai(4)-Destyn_Turtles triggered Baxter, Fly in the Ointment
Resolve Stack: Whenever you draw a card, put a +1/+1 counter on Baxter. [Player: Ai(4)-Destyn_Turtles]
Phase: Ai(4)-Destyn_Turtles' Main phase, precombat
Mana: Island (333) - {T}: Add {U}.
Mana: Ash Barrens (373) - {T}: Add {C}.
Mana: Sol Ring (356) - {T}: Add {C}{C}.
Add To Stack: Ai(4)-Destyn_Turtles cast Irma, Part-Time Mutant
Resolve Stack: Irma, Part-Time Mutant - Creature 1 / 1
Phase: Ai(4)-Destyn_Turtles' Beginning of Combat Step
Add To Stack: Ai(4)-Destyn_Turtles triggered Irma, Part-Time Mutant targeting [Raphael, the Muscle (378)]
Resolve Stack: At the beginning of combat on your turn, Irma becomes a copy of up to one other target creature you control, except her name is Irma, Part-Time Mutant and she has this ability. Then put a +1/+1 counter on her. (Targeting: [[Raphael, the Muscle (378)]]) [Phase: Ai(4)-Destyn_Turtles]
Phase: Ai(4)-Destyn_Turtles' Declare Attackers Step
Combat: Ai(4)-Destyn_Turtles assigned Raphael, the Muscle (378) and Baxter, Fly in the Ointment (330) to attack Ai(2)-Jaymie_Ezio.
Add To Stack: Ai(4)-Destyn_Turtles triggered Raphael, the Muscle
Add To Stack: Ai(4)-Destyn_Turtles triggered Baxter, Fly in the Ointment
Resolve Stack: Whenever Baxter enters or attacks, each creature you control with a counter on it gains flying until end of turn. [Attacker: Baxter, Fly in the Ointment (330)]
Resolve Stack: Whenever this creature attacks, double the number of +1/+1 counters on it. Then if it has power 10 or greater, draw a card. [Attacker: Raphael, the Muscle (378)]
Phase: Ai(4)-Destyn_Turtles' Declare Blockers Step
Combat: Ai(2)-Jaymie_Ezio didn't block Raphael, the Muscle (378).
Ai(2)-Jaymie_Ezio didn't block Baxter, Fly in the Ointment (330).
Phase: Ai(4)-Destyn_Turtles' First Strike Damage Step
Phase: Ai(4)-Destyn_Turtles' Combat Damage Step
Replacement Effect: Double all damage that creatures you control with counters on them would deal.
Replacement Effect: Double all damage that creatures you control with counters on them would deal.
Replacement Effect: Double all damage that creatures you control with counters on them would deal.
Replacement Effect: Double all damage that creatures you control with counters on them would deal.
Damage: Raphael, the Muscle (378) deals 32 combat damage to Ai(2)-Jaymie_Ezio.
Damage: Baxter, Fly in the Ointment (330) deals 12 combat damage to Ai(2)-Jaymie_Ezio.
Life: Life: Ai(2)-Jaymie_Ezio 15 > -29
Phase: Ai(4)-Destyn_Turtles' End of Combat Step
Phase: Ai(4)-Destyn_Turtles' Main phase, postcombat
Damage: Grand Coliseum (305) deals 1 non-combat damage to Ai(4)-Destyn_Turtles.
Life: Life: Ai(4)-Destyn_Turtles 31 > 30
Mana: Grand Coliseum (305) - {T}: Add one mana of any color. Grand Coliseum deals 1 damage to you. 
Mana: Plains (391) - {T}: Add {W}.
Add To Stack: Ai(4)-Destyn_Turtles cast Michelangelo, the Heart
Resolve Stack: Michelangelo, the Heart - Creature 2 / 1
Phase: Ai(4)-Destyn_Turtles' End step
Phase: Ai(4)-Destyn_Turtles' Cleanup step
Turn: Turn 42 (Ai(1)-GGS_Higure_only)
Phase: Ai(1)-GGS_Higure_only's Untap step
Phase: Ai(1)-GGS_Higure_only's Upkeep step
Phase: Ai(1)-GGS_Higure_only's Draw step
Phase: Ai(1)-GGS_Higure_only's Main phase, precombat
Replacement Effect: Morphic Pool enters tapped unless you have two or more opponents.
Land: Ai(1)-GGS_Higure_only played Morphic Pool (31)
Phase: Ai(1)-GGS_Higure_only's Beginning of Combat Step
Phase: Ai(1)-GGS_Higure_only's Declare Attackers Step
Combat: Ai(1)-GGS_Higure_only assigned Goldlust Triad (88) and Tetsuko Umezawa, Fugitive (75) to attack Ai(3)-Gabe_Food.
Add To Stack: Ai(1)-GGS_Higure_only triggered Goldlust Triad
Resolve Stack: Myriad (Whenever this creature attacks, for each opponent other than defending player, you may create a token that's a copy of this creature that's tapped and attacking that player or a planeswalker they control. Exile the tokens at end of combat.) [Attacker: Goldlust Triad (88)]
Add To Stack: Ai(1)-GGS_Higure_only triggered Leonardo, the Balance
Resolve Stack: Whenever a token you control enters, you may put a +1/+1 counter on each creature you control. Do this only once each turn. [Zone Changer: Goldlust Triad (510)]
Phase: Ai(1)-GGS_Higure_only's Declare Blockers Step
Combat: Ai(3)-Gabe_Food didn't block Goldlust Triad (88).
Ai(3)-Gabe_Food assigned Sam, Loyal Attendant (303) to block Tetsuko Umezawa, Fugitive (75).
Combat: Ai(4)-Destyn_Turtles didn't block Goldlust Triad (510).
Phase: Ai(1)-GGS_Higure_only's First Strike Damage Step
Phase: Ai(1)-GGS_Higure_only's Combat Damage Step
Damage: Goldlust Triad (88) deals 5 combat damage to Ai(3)-Gabe_Food.
Damage: Tetsuko Umezawa, Fugitive (75) deals 2 damage to Sam, Loyal Attendant (303).
Damage: Goldlust Triad (510) deals 5 combat damage to Ai(4)-Destyn_Turtles.
Damage: Sam, Loyal Attendant (303) deals 4 damage to Tetsuko Umezawa, Fugitive (75).
Life: Life: Ai(3)-Gabe_Food 37 > 32
Life: Life: Ai(4)-Destyn_Turtles 30 > 25
Zone Change: Tetsuko Umezawa, Fugitive (75) was put into Graveyard from Battlefield.
Add To Stack: Ai(1)-GGS_Higure_only triggered Goldlust Triad
Add To Stack: Ai(1)-GGS_Higure_only triggered Goldlust Triad
Add To Stack: Ai(1)-GGS_Higure_only triggered Goro-Goro and Satoru
Resolve Stack: Whenever one or more creatures you control that entered this turn deal combat damage to a player, create a 5/5 red Dragon Spirit creature token with flying. [Damaged: Ai(4)-Destyn_Turtles, Amount: 5]
Resolve Stack: Whenever this creature deals combat damage to a player, create a Treasure token. [Damage Source: Goldlust Triad (510), Damaged: Ai(4)-Destyn_Turtles, Amount: 5]
Resolve Stack: Whenever this creature deals combat damage to a player, create a Treasure token. [Damage Source: Goldlust Triad (88), Damaged: Ai(3)-Gabe_Food, Amount: 5]
Phase: Ai(1)-GGS_Higure_only's End of Combat Step
Add To Stack: Ai(1)-GGS_Higure_only triggered Goldlust Triad
Zone Change: Goldlust Triad (510) was put into Exile from Battlefield.
Resolve Stack: Exile Goldlust Triad (510) at the end of combat. ([Goldlust Triad (510)]) [Phase: Ai(1)-GGS_Higure_only]
Phase: Ai(1)-GGS_Higure_only's Main phase, postcombat
Phase: Ai(1)-GGS_Higure_only's End step
Phase: Ai(1)-GGS_Higure_only's Cleanup step
Turn: Turn 43 (Ai(3)-Gabe_Food)
Phase: Ai(3)-Gabe_Food's Untap step
Phase: Ai(3)-Gabe_Food's Upkeep step
Phase: Ai(3)-Gabe_Food's Draw step
Phase: Ai(3)-Gabe_Food's Main phase, precombat
Phase: Ai(3)-Gabe_Food's Beginning of Combat Step
Add To Stack: Ai(3)-Gabe_Food triggered Sam, Loyal Attendant
Resolve Stack: At the beginning of combat on your turn, create a Food token. (It's an artifact with "{2}, {T}, Sacrifice this token: You gain 3 life.") [Phase: Ai(3)-Gabe_Food]
Phase: Ai(3)-Gabe_Food's Declare Attackers Step
Phase: Ai(3)-Gabe_Food's Declare Blockers Step
Phase: Ai(3)-Gabe_Food's First Strike Damage Step
Phase: Ai(3)-Gabe_Food's Combat Damage Step
Phase: Ai(3)-Gabe_Food's End of Combat Step
Phase: Ai(3)-Gabe_Food's Main phase, postcombat
Mana: Canopy Vista (272) - {T}: Add {G}.
Mana: Path of Ancestry (213) - {T}: Add one mana of any color in your commander's color identity. When that mana is spent to cast a creature spell that shares a creature type with your commander, scry 1. (Look at the top card of your library. You may put that card on the bottom.)
Mana: Sol Ring (261) - {T}: Add {C}{C}.
Add To Stack: Ai(3)-Gabe_Food cast Harmonize
Resolve Stack: Harmonize (270) - Ai(3)-Gabe_Food draws three cards.
Mana: Scoured Barrens (243) - {T}: Add {W} or {B}.
Mana: Arcane Signet (253) - {T}: Add one mana of any color in your commander's color identity.
Mana: Plains (288) - {T}: Add {W}.
Add To Stack: Ai(3)-Gabe_Food cast Savvy Hunter
Resolve Stack: Savvy Hunter - Creature 3 / 3
Damage: Brushland (298) deals 1 non-combat damage to Ai(3)-Gabe_Food.
Life: Life: Ai(3)-Gabe_Food 32 > 31
Mana: Brushland (298) - {T}: Add {G} or {W}. Brushland deals 1 damage to you. 
Mana: Murmuring Bosk (226) - {T}: Add {G}.
Add To Stack: Ai(3)-Gabe_Food cast Prize Pig
Resolve Stack: Prize Pig - Creature 0 / 3
Phase: Ai(3)-Gabe_Food's End step
Phase: Ai(3)-Gabe_Food's Cleanup step
Turn: Turn 44 (Ai(4)-Destyn_Turtles)
Phase: Ai(4)-Destyn_Turtles' Untap step
Phase: Ai(4)-Destyn_Turtles' Upkeep step
Phase: Ai(4)-Destyn_Turtles' Draw step
Add To Stack: Ai(4)-Destyn_Turtles triggered Baxter, Fly in the Ointment
Resolve Stack: Whenever you draw a card, put a +1/+1 counter on Baxter. [Player: Ai(4)-Destyn_Turtles]
Phase: Ai(4)-Destyn_Turtles' Main phase, precombat
Phase: Ai(4)-Destyn_Turtles' Beginning of Combat Step
Add To Stack: Ai(4)-Destyn_Turtles triggered Irma, Part-Time Mutant targeting [Raphael, the Muscle (378)]
Resolve Stack: At the beginning of combat on your turn, Irma becomes a copy of up to one other target creature you control, except her name is Irma, Part-Time Mutant and she has this ability. Then put a +1/+1 counter on her. (Targeting: [[Raphael, the Muscle (378)]]) [Phase: Ai(4)-Destyn_Turtles]
Phase: Ai(4)-Destyn_Turtles' Declare Attackers Step
Phase: Ai(4)-Destyn_Turtles' Declare Blockers Step
Phase: Ai(4)-Destyn_Turtles' First Strike Damage Step
Phase: Ai(4)-Destyn_Turtles' Combat Damage Step
Phase: Ai(4)-Destyn_Turtles' End of Combat Step
Phase: Ai(4)-Destyn_Turtles' Main phase, postcombat
Damage: Grand Coliseum (305) deals 1 non-combat damage to Ai(4)-Destyn_Turtles.
Life: Life: Ai(4)-Destyn_Turtles 25 > 24
Mana: Grand Coliseum (305) - {T}: Add one mana of any color. Grand Coliseum deals 1 damage to you. 
Mana: Ash Barrens (373) - {T}: Add {C}.
Mana: Sol Ring (356) - {T}: Add {C}{C}.
Add To Stack: Ai(4)-Destyn_Turtles cast Casey Jones, Back Alley Brute
Resolve Stack: Casey Jones, Back Alley Brute - Creature 4 / 2
Phase: Ai(4)-Destyn_Turtles' End step
Phase: Ai(4)-Destyn_Turtles' Cleanup step
Turn: Turn 45 (Ai(1)-GGS_Higure_only)
Phase: Ai(1)-GGS_Higure_only's Untap step
Phase: Ai(1)-GGS_Higure_only's Upkeep step
Phase: Ai(1)-GGS_Higure_only's Draw step
Phase: Ai(1)-GGS_Higure_only's Main phase, precombat
Mana: Reflecting Pool (59) - {T}: Add one mana of any type that a land you control could produce.
Mana: Island (74) - {T}: Add {U}.
Mana: Exotic Orchard (29) - {T}: Add one mana of any color that a land an opponent controls could produce.
Mana: Morphic Pool (31) - {T}: Add {U} or {B}.
Mana: Luxury Suite (76) - {T}: Add {B} or {R}.
Add To Stack: Ai(1)-GGS_Higure_only cast Vandalblast
Zone Change: Food Token (522) was put into Graveyard from Battlefield.
Zone Change: Food Token (503) was put into Graveyard from Battlefield.
Add To Stack: Ai(3)-Gabe_Food activated Savvy Hunter
Resolve Stack: Savvy Hunter (225) - Ai(3)-Gabe_Food draws a card.
Zone Change: Food Token (490) was put into Graveyard from Battlefield.
Zone Change: Food Token (468) was put into Graveyard from Battlefield.
Add To Stack: Ai(3)-Gabe_Food activated Savvy Hunter
Resolve Stack: Savvy Hunter (225) - Ai(3)-Gabe_Food draws a card.
Zone Change: Food Token (451) was put into Graveyard from Battlefield.
Zone Change: Food Token (448) was put into Graveyard from Battlefield.
Add To Stack: Ai(3)-Gabe_Food activated Savvy Hunter
Resolve Stack: Savvy Hunter (225) - Ai(3)-Gabe_Food draws a card.
Zone Change: Sol Ring (261) was put into Graveyard from Battlefield.
Zone Change: Arcane Signet (253) was put into Graveyard from Battlefield.
Zone Change: Sol Ring (356) was put into Graveyard from Battlefield.
Zone Change: Mutagen Token (458) was put into Graveyard from Battlefield.
Resolve Stack: Vandalblast (42) - Destroy each artifact you don't control.
Phase: Ai(1)-GGS_Higure_only's Beginning of Combat Step
Phase: Ai(1)-GGS_Higure_only's Declare Attackers Step
Combat: Ai(1)-GGS_Higure_only assigned Goldlust Triad (88) and Dragon Spirit Token (515) to attack Ai(4)-Destyn_Turtles.
Add To Stack: Ai(1)-GGS_Higure_only triggered Goldlust Triad
Resolve Stack: Myriad (Whenever this creature attacks, for each opponent other than defending player, you may create a token that's a copy of this creature that's tapped and attacking that player or a planeswalker they control. Exile the tokens at end of combat.) [Attacker: Goldlust Triad (88)]
Add To Stack: Ai(1)-GGS_Higure_only triggered Leonardo, the Balance
Resolve Stack: Whenever a token you control enters, you may put a +1/+1 counter on each creature you control. Do this only once each turn. [Zone Changer: Goldlust Triad (525)]
Phase: Ai(1)-GGS_Higure_only's Declare Blockers Step
Combat: Ai(3)-Gabe_Food didn't block Goldlust Triad (525).
Combat: Ai(4)-Destyn_Turtles didn't block Goldlust Triad (88).
Ai(4)-Destyn_Turtles didn't block Dragon Spirit Token (515).
Phase: Ai(1)-GGS_Higure_only's First Strike Damage Step
Phase: Ai(1)-GGS_Higure_only's Combat Damage Step
Damage: Goldlust Triad (88) deals 6 combat damage to Ai(4)-Destyn_Turtles.
Damage: Dragon Spirit Token (515) deals 6 combat damage to Ai(4)-Destyn_Turtles.
Damage: Goldlust Triad (525) deals 5 combat damage to Ai(3)-Gabe_Food.
Life: Life: Ai(3)-Gabe_Food 31 > 26
Life: Life: Ai(4)-Destyn_Turtles 24 > 12
Add To Stack: Ai(1)-GGS_Higure_only triggered Goldlust Triad
Add To Stack: Ai(1)-GGS_Higure_only triggered Goldlust Triad
Add To Stack: Ai(1)-GGS_Higure_only triggered Goro-Goro and Satoru
Resolve Stack: Whenever one or more creatures you control that entered this turn deal combat damage to a player, create a 5/5 red Dragon Spirit creature token with flying. [Damaged: Ai(3)-Gabe_Food, Amount: 5]
Resolve Stack: Whenever this creature deals combat damage to a player, create a Treasure token. [Damage Source: Goldlust Triad (525), Damaged: Ai(3)-Gabe_Food, Amount: 5]
Resolve Stack: Whenever this creature deals combat damage to a player, create a Treasure token. [Damage Source: Goldlust Triad (88), Damaged: Ai(4)-Destyn_Turtles, Amount: 6]
Phase: Ai(1)-GGS_Higure_only's End of Combat Step
Add To Stack: Ai(1)-GGS_Higure_only triggered Goldlust Triad
Zone Change: Goldlust Triad (525) was put into Exile from Battlefield.
Resolve Stack: Exile Goldlust Triad (525) at the end of combat. ([Goldlust Triad (525)]) [Phase: Ai(1)-GGS_Higure_only]
Phase: Ai(1)-GGS_Higure_only's Main phase, postcombat
Phase: Ai(1)-GGS_Higure_only's End step
Phase: Ai(1)-GGS_Higure_only's Cleanup step
Turn: Turn 46 (Ai(3)-Gabe_Food)
Phase: Ai(3)-Gabe_Food's Untap step
Phase: Ai(3)-Gabe_Food's Upkeep step
Phase: Ai(3)-Gabe_Food's Draw step
Phase: Ai(3)-Gabe_Food's Main phase, precombat
Mana: Canopy Vista (272) - {T}: Add {G}.
Mana: Plains (288) - {T}: Add {W}.
Mana: Scoured Barrens (243) - {T}: Add {W} or {B}.
Mana: Path of Ancestry (213) - {T}: Add one mana of any color in your commander's color identity. When that mana is spent to cast a creature spell that shares a creature type with your commander, scry 1. (Look at the top card of your library. You may put that card on the bottom.)
Add To Stack: Ai(3)-Gabe_Food cast Assemble the Entmoot
Resolve Stack: Assemble the Entmoot
Phase: Ai(3)-Gabe_Food's Beginning of Combat Step
Add To Stack: Ai(3)-Gabe_Food triggered Sam, Loyal Attendant
Resolve Stack: At the beginning of combat on your turn, create a Food token. (It's an artifact with "{2}, {T}, Sacrifice this token: You gain 3 life.") [Phase: Ai(3)-Gabe_Food]
Phase: Ai(3)-Gabe_Food's Declare Attackers Step
Phase: Ai(3)-Gabe_Food's Declare Blockers Step
Phase: Ai(3)-Gabe_Food's First Strike Damage Step
Phase: Ai(3)-Gabe_Food's Combat Damage Step
Phase: Ai(3)-Gabe_Food's End of Combat Step
Phase: Ai(3)-Gabe_Food's Main phase, postcombat
Land: Ai(3)-Gabe_Food played Ghost Quarter (215)
Mana: Prize Pig (231) - {T}: Add one mana of any color.
Damage: Brushland (298) deals 1 non-combat damage to Ai(3)-Gabe_Food.
Life: Life: Ai(3)-Gabe_Food 26 > 25
Mana: Brushland (298) - {T}: Add {G} or {W}. Brushland deals 1 damage to you. 
Mana: Ghost Quarter (215) - {T}: Add {C}.
Mana: Murmuring Bosk (226) - {T}: Add {G}.
Add To Stack: Ai(3)-Gabe_Food cast Frodo, Adventurous Hobbit
Resolve Stack: Frodo, Adventurous Hobbit - Creature 1 / 3
Add To Stack: Ai(3)-Gabe_Food triggered Frodo, Adventurous Hobbit targeting [Ai(3)-Gabe_Food]
Resolve Stack: Partner with Sam, Loyal Attendant (When this creature enters, target player may put Sam into their hand from their library, then shuffle.) (Targeting: [[Ai(3)-Gabe_Food]]) [Zone Changer: Frodo, Adventurous Hobbit (301)]
Phase: Ai(3)-Gabe_Food's End step
Phase: Ai(3)-Gabe_Food's Cleanup step
Turn: Turn 47 (Ai(4)-Destyn_Turtles)
Phase: Ai(4)-Destyn_Turtles' Untap step
Phase: Ai(4)-Destyn_Turtles' Upkeep step
Phase: Ai(4)-Destyn_Turtles' Draw step
Add To Stack: Ai(4)-Destyn_Turtles triggered Baxter, Fly in the Ointment
Resolve Stack: Whenever you draw a card, put a +1/+1 counter on Baxter. [Player: Ai(4)-Destyn_Turtles]
Add To Stack: Ai(4)-Destyn_Turtles triggered Casey Jones, Back Alley Brute targeting [Ai(3)-Gabe_Food]
Damage: Casey Jones, Back Alley Brute (309) deals 1 non-combat damage to Ai(3)-Gabe_Food.
Life: Life: Ai(3)-Gabe_Food 25 > 24
Resolve Stack: Whenever you put one or more +1/+1 counters on a creature you control, Casey Jones deals that much damage to target opponent. (Targeting: [[Ai(3)-Gabe_Food]]) [Added once: Baxter, Fly in the Ointment (330) Amount: 1]
Phase: Ai(4)-Destyn_Turtles' Main phase, precombat
Land: Ai(4)-Destyn_Turtles played Forest (341)
Phase: Ai(4)-Destyn_Turtles' Beginning of Combat Step
Add To Stack: Ai(4)-Destyn_Turtles triggered Irma, Part-Time Mutant targeting [Raphael, the Muscle (378)]
Resolve Stack: At the beginning of combat on your turn, Irma becomes a copy of up to one other target creature you control, except her name is Irma, Part-Time Mutant and she has this ability. Then put a +1/+1 counter on her. (Targeting: [[Raphael, the Muscle (378)]]) [Phase: Ai(4)-Destyn_Turtles]
Add To Stack: Ai(4)-Destyn_Turtles triggered Casey Jones, Back Alley Brute targeting [Ai(3)-Gabe_Food]
Damage: Casey Jones, Back Alley Brute (309) deals 1 non-combat damage to Ai(3)-Gabe_Food.
Life: Life: Ai(3)-Gabe_Food 24 > 23
Resolve Stack: Whenever you put one or more +1/+1 counters on a creature you control, Casey Jones deals that much damage to target opponent. (Targeting: [[Ai(3)-Gabe_Food]]) [Added once: Irma, Part-Time Mutant (310) Amount: 1]
Phase: Ai(4)-Destyn_Turtles' Declare Attackers Step
Phase: Ai(4)-Destyn_Turtles' Declare Blockers Step
Phase: Ai(4)-Destyn_Turtles' First Strike Damage Step
Phase: Ai(4)-Destyn_Turtles' Combat Damage Step
Phase: Ai(4)-Destyn_Turtles' End of Combat Step
Zone Change: Assemble the Entmoot (203) was put into Graveyard from Battlefield.
Add To Stack: Ai(3)-Gabe_Food activated Assemble the Entmoot
Resolve Stack: Assemble the Entmoot (203) - Ai(3)-Gabe_Food creates three tapped X/X green Treefolk creature tokens, where X is the amount of life you gained this turn. Put a reach counter on each of them. Ai(3)-Gabe_Food puts a reach counter on . 
Phase: Ai(4)-Destyn_Turtles' Main phase, postcombat
Mana: Island (333) - {T}: Add {U}.
Mana: Ash Barrens (373) - {T}: Add {C}.
Mana: Plains (391) - {T}: Add {W}.
Add To Stack: Ai(4)-Destyn_Turtles cast Donatello, the Brains
Resolve Stack: Donatello, the Brains - Creature 2 / 4
Phase: Ai(4)-Destyn_Turtles' End step
Phase: Ai(4)-Destyn_Turtles' Cleanup step
Turn: Turn 48 (Ai(1)-GGS_Higure_only)
Phase: Ai(1)-GGS_Higure_only's Untap step
Phase: Ai(1)-GGS_Higure_only's Upkeep step
Phase: Ai(1)-GGS_Higure_only's Draw step
Phase: Ai(1)-GGS_Higure_only's Main phase, precombat
Land: Ai(1)-GGS_Higure_only played Bloodstained Mire (41)
Life: Life: Ai(1)-GGS_Higure_only 35 > 34
Zone Change: Bloodstained Mire (41) was put into Graveyard from Battlefield.
Add To Stack: Ai(1)-GGS_Higure_only activated Bloodstained Mire
Replacement Effect: As Blood Crypt enters, you may pay 2 life. If you don't, it enters tapped.
Resolve Stack: Bloodstained Mire (41) - Ai(1)-GGS_Higure_only searches their library for a Swamp or Mountain card, puts it onto the battlefield, then shuffles.
Phase: Ai(1)-GGS_Higure_only's Beginning of Combat Step
Phase: Ai(1)-GGS_Higure_only's Declare Attackers Step
Combat: Ai(1)-GGS_Higure_only assigned Goldlust Triad (88), Dragon Spirit Token (515) and Dragon Spirit Token (530) to attack Ai(3)-Gabe_Food.
Add To Stack: Ai(1)-GGS_Higure_only triggered Goldlust Triad
Resolve Stack: Myriad (Whenever this creature attacks, for each opponent other than defending player, you may create a token that's a copy of this creature that's tapped and attacking that player or a planeswalker they control. Exile the tokens at end of combat.) [Attacker: Goldlust Triad (88)]
Add To Stack: Ai(1)-GGS_Higure_only triggered Leonardo, the Balance
Resolve Stack: Whenever a token you control enters, you may put a +1/+1 counter on each creature you control. Do this only once each turn. [Zone Changer: Goldlust Triad (563)]
Phase: Ai(1)-GGS_Higure_only's Declare Blockers Step
Combat: Ai(3)-Gabe_Food didn't block Goldlust Triad (88).
Ai(3)-Gabe_Food didn't block Dragon Spirit Token (515).
Ai(3)-Gabe_Food didn't block Dragon Spirit Token (530).
Combat: Ai(4)-Destyn_Turtles didn't block Goldlust Triad (563).
Mana: Reflecting Pool (59) - {T}: Add one mana of any type that a land you control could produce.
Mana: Exotic Orchard (29) - {T}: Add one mana of any color that a land an opponent controls could produce.
Mana: Luxury Suite (76) - {T}: Add {B} or {R}.
Mana: Morphic Pool (31) - {T}: Add {U} or {B}.
Mana: Island (74) - {T}: Add {U}.
Add To Stack: Ai(1)-GGS_Higure_only activated Leonardo, the Balance
Resolve Stack: Leonardo, the Balance (49) - Creatures you control gain menace, trample, and lifelink until end of turn.
Phase: Ai(1)-GGS_Higure_only's First Strike Damage Step
Phase: Ai(1)-GGS_Higure_only's Combat Damage Step
Damage: Goldlust Triad (88) deals 7 combat damage to Ai(3)-Gabe_Food.
Life: Life: Ai(1)-GGS_Higure_only 34 > 41
Damage: Dragon Spirit Token (515) deals 7 combat damage to Ai(3)-Gabe_Food.
Life: Life: Ai(1)-GGS_Higure_only 41 > 48
Damage: Dragon Spirit Token (530) deals 6 combat damage to Ai(3)-Gabe_Food.
Life: Life: Ai(1)-GGS_Higure_only 48 > 54
Damage: Goldlust Triad (563) deals 5 combat damage to Ai(4)-Destyn_Turtles.
Life: Life: Ai(1)-GGS_Higure_only 54 > 59
Life: Life: Ai(3)-Gabe_Food 23 > 3
Life: Life: Ai(4)-Destyn_Turtles 12 > 7
Add To Stack: Ai(1)-GGS_Higure_only triggered Goldlust Triad
Add To Stack: Ai(1)-GGS_Higure_only triggered Goldlust Triad
Add To Stack: Ai(1)-GGS_Higure_only triggered Goro-Goro and Satoru
Resolve Stack: Whenever one or more creatures you control that entered this turn deal combat damage to a player, create a 5/5 red Dragon Spirit creature token with flying. [Damaged: Ai(4)-Destyn_Turtles, Amount: 5]
Resolve Stack: Whenever this creature deals combat damage to a player, create a Treasure token. [Damage Source: Goldlust Triad (563), Damaged: Ai(4)-Destyn_Turtles, Amount: 5]
Resolve Stack: Whenever this creature deals combat damage to a player, create a Treasure token. [Damage Source: Goldlust Triad (88), Damaged: Ai(3)-Gabe_Food, Amount: 7]
Phase: Ai(1)-GGS_Higure_only's End of Combat Step
Add To Stack: Ai(1)-GGS_Higure_only triggered Goldlust Triad
Zone Change: Goldlust Triad (563) was put into Exile from Battlefield.
Resolve Stack: Exile Goldlust Triad (563) at the end of combat. ([Goldlust Triad (563)]) [Phase: Ai(1)-GGS_Higure_only]
Phase: Ai(1)-GGS_Higure_only's Main phase, postcombat
Phase: Ai(1)-GGS_Higure_only's End step
Phase: Ai(1)-GGS_Higure_only's Cleanup step
Turn: Turn 49 (Ai(3)-Gabe_Food)
Phase: Ai(3)-Gabe_Food's Untap step
Phase: Ai(3)-Gabe_Food's Upkeep step
Mana: Plains (288) - {T}: Add {W}.
Zone Change: Food Token (538) was put into Graveyard from Battlefield.
Add To Stack: Ai(3)-Gabe_Food activated Food Token
Life: Life: Ai(3)-Gabe_Food 3 > 6
Resolve Stack: Food Token (538) - Ai(3)-Gabe_Food gains 3 life.
Add To Stack: Ai(3)-Gabe_Food triggered Prize Pig
Resolve Stack: Whenever you gain life, put that many ribbon counters on Prize Pig. Then if there are three or more ribbon counters on Prize Pig, remove those counters and untap it. [Player: Ai(3)-Gabe_Food, Gained Amount: 3]
Phase: Ai(3)-Gabe_Food's Draw step
Phase: Ai(3)-Gabe_Food's Main phase, precombat
Phase: Ai(3)-Gabe_Food's Beginning of Combat Step
Add To Stack: Ai(3)-Gabe_Food triggered Sam, Loyal Attendant
Resolve Stack: At the beginning of combat on your turn, create a Food token. (It's an artifact with "{2}, {T}, Sacrifice this token: You gain 3 life.") [Phase: Ai(3)-Gabe_Food]
Phase: Ai(3)-Gabe_Food's Declare Attackers Step
Phase: Ai(3)-Gabe_Food's Declare Blockers Step
Phase: Ai(3)-Gabe_Food's First Strike Damage Step
Phase: Ai(3)-Gabe_Food's Combat Damage Step
Phase: Ai(3)-Gabe_Food's End of Combat Step
Phase: Ai(3)-Gabe_Food's Main phase, postcombat
Land: Ai(3)-Gabe_Food played Forest (237)
Mana: Scoured Barrens (243) - {T}: Add {W} or {B}.
Mana: Forest (237) - {T}: Add {G}.
Mana: Canopy Vista (272) - {T}: Add {G}.
Add To Stack: Ai(3)-Gabe_Food cast Rosie Cotton of South Lane
Resolve Stack: Rosie Cotton of South Lane - Creature 1 / 1
Add To Stack: Ai(3)-Gabe_Food triggered Rosie Cotton of South Lane
Resolve Stack: When Rosie Cotton of South Lane enters, create a Food token. (It's an artifact with "{2}, {T}, Sacrifice this token: You gain 3 life.") [Zone Changer: Rosie Cotton of South Lane (259)]
Add To Stack: Ai(3)-Gabe_Food triggered Rosie Cotton of South Lane targeting [Savvy Hunter (225)]
Resolve Stack: Whenever you create a token, put a +1/+1 counter on target creature you control other than Rosie. (Targeting: [[Savvy Hunter (225)]]) [Player: Ai(3)-Gabe_Food]
Mana: Path of Ancestry (213) - {T}: Add one mana of any color in your commander's color identity. When that mana is spent to cast a creature spell that shares a creature type with your commander, scry 1. (Look at the top card of your library. You may put that card on the bottom.)
Mana: Ghost Quarter (215) - {T}: Add {C}.
Mana: Prize Pig (231) - {T}: Add one mana of any color.
Add To Stack: Ai(3)-Gabe_Food cast Cultivate
Resolve Stack: Cultivate (205) - Search your library for up to two basic land cards, reveal those cards, put one onto the battlefield tapped and the other into your hand, then shuffle.   
Phase: Ai(3)-Gabe_Food's End step
Add To Stack: Ai(3)-Gabe_Food triggered Call for Unity
Resolve Stack: Revolt — At the beginning of your end step, if a permanent you controlled left the battlefield this turn, put a unity counter on Call for Unity. [Phase: Ai(3)-Gabe_Food]
Phase: Ai(3)-Gabe_Food's Cleanup step
Turn: Turn 50 (Ai(4)-Destyn_Turtles)
Phase: Ai(4)-Destyn_Turtles' Untap step
Phase: Ai(4)-Destyn_Turtles' Upkeep step
Phase: Ai(4)-Destyn_Turtles' Draw step
Add To Stack: Ai(4)-Destyn_Turtles triggered Baxter, Fly in the Ointment
Resolve Stack: Whenever you draw a card, put a +1/+1 counter on Baxter. [Player: Ai(4)-Destyn_Turtles]
Add To Stack: Ai(4)-Destyn_Turtles triggered Casey Jones, Back Alley Brute targeting [Ai(3)-Gabe_Food]
Damage: Casey Jones, Back Alley Brute (309) deals 1 non-combat damage to Ai(3)-Gabe_Food.
Life: Life: Ai(3)-Gabe_Food 6 > 5
Resolve Stack: Whenever you put one or more +1/+1 counters on a creature you control, Casey Jones deals that much damage to target opponent. (Targeting: [[Ai(3)-Gabe_Food]]) [Added once: Baxter, Fly in the Ointment (330) Amount: 1]
Mana: Brushland (298) - {T}: Add {C}.
Zone Change: Food Token (575) was put into Graveyard from Battlefield.
Add To Stack: Ai(3)-Gabe_Food activated Food Token
Life: Life: Ai(3)-Gabe_Food 5 > 8
Resolve Stack: Food Token (575) - Ai(3)-Gabe_Food gains 3 life.
Add To Stack: Ai(3)-Gabe_Food triggered Prize Pig
Resolve Stack: Whenever you gain life, put that many ribbon counters on Prize Pig. Then if there are three or more ribbon counters on Prize Pig, remove those counters and untap it. [Player: Ai(3)-Gabe_Food, Gained Amount: 3]
Phase: Ai(4)-Destyn_Turtles' Main phase, precombat
Replacement Effect: Rootbound Crag enters tapped unless you control a Mountain or a Forest.
Land: Ai(4)-Destyn_Turtles played Rootbound Crag (396)
Phase: Ai(4)-Destyn_Turtles' Beginning of Combat Step
Add To Stack: Ai(4)-Destyn_Turtles triggered Irma, Part-Time Mutant targeting [Raphael, the Muscle (378)]
Resolve Stack: At the beginning of combat on your turn, Irma becomes a copy of up to one other target creature you control, except her name is Irma, Part-Time Mutant and she has this ability. Then put a +1/+1 counter on her. (Targeting: [[Raphael, the Muscle (378)]]) [Phase: Ai(4)-Destyn_Turtles]
Add To Stack: Ai(4)-Destyn_Turtles triggered Casey Jones, Back Alley Brute targeting [Ai(3)-Gabe_Food]
Damage: Casey Jones, Back Alley Brute (309) deals 1 non-combat damage to Ai(3)-Gabe_Food.
Life: Life: Ai(3)-Gabe_Food 8 > 7
Resolve Stack: Whenever you put one or more +1/+1 counters on a creature you control, Casey Jones deals that much damage to target opponent. (Targeting: [[Ai(3)-Gabe_Food]]) [Added once: Irma, Part-Time Mutant (310) Amount: 1]
Phase: Ai(4)-Destyn_Turtles' Declare Attackers Step
Phase: Ai(4)-Destyn_Turtles' Declare Blockers Step
Phase: Ai(4)-Destyn_Turtles' First Strike Damage Step
Phase: Ai(4)-Destyn_Turtles' Combat Damage Step
Phase: Ai(4)-Destyn_Turtles' End of Combat Step
Phase: Ai(4)-Destyn_Turtles' Main phase, postcombat
Damage: Grand Coliseum (305) deals 1 non-combat damage to Ai(4)-Destyn_Turtles.
Life: Life: Ai(4)-Destyn_Turtles 7 > 6
Mana: Grand Coliseum (305) - {T}: Add one mana of any color. Grand Coliseum deals 1 damage to you. 
Mana: Ash Barrens (373) - {T}: Add {C}.
Mana: Plains (391) - {T}: Add {W}.
Mana: Forest (341) - {T}: Add {G}.
Add To Stack: Ai(4)-Destyn_Turtles cast Dimension X Pizzasaur
Resolve Stack: Dimension X Pizzasaur - Creature 2 / 1
Add To Stack: Ai(4)-Destyn_Turtles triggered Dimension X Pizzasaur targeting [Raphael, the Muscle (378)]
Resolve Stack: When this creature enters, put two +1/+1 counters on target creature. When you do, destroy up to one target creature with mana value less than or equal to the number of counters among permanents you control. (Targeting: [[Raphael, the Muscle (378)]]) [Zone Changer: Dimension X Pizzasaur (342)]
Add To Stack: Ai(4)-Destyn_Turtles triggered Casey Jones, Back Alley Brute targeting [Ai(3)-Gabe_Food]
Add To Stack: Ai(4)-Destyn_Turtles triggered Dimension X Pizzasaur targeting [Savvy Hunter (225)]
Zone Change: Savvy Hunter (225) was put into Graveyard from Battlefield.
Resolve Stack: When you do, destroy up to one target creature with mana value less than or equal to the number of counters among permanents you control. (Targeting: [[Savvy Hunter (225)]])
Damage: Casey Jones, Back Alley Brute (309) deals 2 non-combat damage to Ai(3)-Gabe_Food.
Life: Life: Ai(3)-Gabe_Food 7 > 5
Resolve Stack: Whenever you put one or more +1/+1 counters on a creature you control, Casey Jones deals that much damage to target opponent. (Targeting: [[Ai(3)-Gabe_Food]]) [Added once: Raphael, the Muscle (378) Amount: 2]
Mana: Prize Pig (231) - {T}: Add one mana of any color.
Zone Change: Food Token (579) was put into Graveyard from Battlefield.
Add To Stack: Ai(3)-Gabe_Food activated Food Token
Life: Life: Ai(3)-Gabe_Food 5 > 8
Resolve Stack: Food Token (579) - Ai(3)-Gabe_Food gains 3 life.
Add To Stack: Ai(3)-Gabe_Food triggered Prize Pig
Resolve Stack: Whenever you gain life, put that many ribbon counters on Prize Pig. Then if there are three or more ribbon counters on Prize Pig, remove those counters and untap it. [Player: Ai(3)-Gabe_Food, Gained Amount: 3]
Phase: Ai(4)-Destyn_Turtles' End step
Phase: Ai(4)-Destyn_Turtles' Cleanup step
Turn: Turn 51 (Ai(1)-GGS_Higure_only)
Phase: Ai(1)-GGS_Higure_only's Untap step
Phase: Ai(1)-GGS_Higure_only's Upkeep step
Phase: Ai(1)-GGS_Higure_only's Draw step
Phase: Ai(1)-GGS_Higure_only's Main phase, precombat
Phase: Ai(1)-GGS_Higure_only's Beginning of Combat Step
Phase: Ai(1)-GGS_Higure_only's Declare Attackers Step
Combat: Ai(1)-GGS_Higure_only assigned Goldlust Triad (88), Dragon Spirit Token (515), Dragon Spirit Token (530) and Dragon Spirit Token (568) to attack Ai(3)-Gabe_Food.
Add To Stack: Ai(1)-GGS_Higure_only triggered Goldlust Triad
Resolve Stack: Myriad (Whenever this creature attacks, for each opponent other than defending player, you may create a token that's a copy of this creature that's tapped and attacking that player or a planeswalker they control. Exile the tokens at end of combat.) [Attacker: Goldlust Triad (88)]
Add To Stack: Ai(1)-GGS_Higure_only triggered Leonardo, the Balance
Resolve Stack: Whenever a token you control enters, you may put a +1/+1 counter on each creature you control. Do this only once each turn. [Zone Changer: Goldlust Triad (581)]
Phase: Ai(1)-GGS_Higure_only's Declare Blockers Step
Combat: Ai(3)-Gabe_Food assigned Treefolk Token (559) to block Goldlust Triad (88).
Ai(3)-Gabe_Food assigned Treefolk Token (560) to block Dragon Spirit Token (515).
Ai(3)-Gabe_Food assigned Treefolk Token (561) to block Dragon Spirit Token (530).
Ai(3)-Gabe_Food didn't block Dragon Spirit Token (568).
Combat: Ai(4)-Destyn_Turtles didn't block Goldlust Triad (581).
Mana: Reflecting Pool (59) - {T}: Add one mana of any type that a land you control could produce.
Mana: Exotic Orchard (29) - {T}: Add one mana of any color that a land an opponent controls could produce.
Mana: Luxury Suite (76) - {T}: Add {B} or {R}.
Mana: Island (74) - {T}: Add {U}.
Mana: Morphic Pool (31) - {T}: Add {U} or {B}.
Add To Stack: Ai(1)-GGS_Higure_only activated Leonardo, the Balance
Resolve Stack: Leonardo, the Balance (49) - Creatures you control gain menace, trample, and lifelink until end of turn.
Phase: Ai(1)-GGS_Higure_only's First Strike Damage Step
Phase: Ai(1)-GGS_Higure_only's Combat Damage Step
Damage: Goldlust Triad (88) deals 5 combat damage to Ai(3)-Gabe_Food.
Damage: Goldlust Triad (88) deals 3 damage to Treefolk Token (559).
Life: Life: Ai(1)-GGS_Higure_only 59 > 67
Damage: Dragon Spirit Token (515) deals 5 combat damage to Ai(3)-Gabe_Food.
Damage: Dragon Spirit Token (515) deals 3 damage to Treefolk Token (560).
Life: Life: Ai(1)-GGS_Higure_only 67 > 75
Damage: Dragon Spirit Token (530) deals 4 combat damage to Ai(3)-Gabe_Food.
Damage: Dragon Spirit Token (530) deals 3 damage to Treefolk Token (561).
Life: Life: Ai(1)-GGS_Higure_only 75 > 82
Damage: Dragon Spirit Token (568) deals 6 combat damage to Ai(3)-Gabe_Food.
Life: Life: Ai(1)-GGS_Higure_only 82 > 88
Damage: Goldlust Triad (581) deals 5 combat damage to Ai(4)-Destyn_Turtles.
Life: Life: Ai(1)-GGS_Higure_only 88 > 93
Damage: Treefolk Token (559) deals 3 damage to Goldlust Triad (88).
Damage: Treefolk Token (560) deals 3 damage to Dragon Spirit Token (515).
Damage: Treefolk Token (561) deals 3 damage to Dragon Spirit Token (530).
Life: Life: Ai(3)-Gabe_Food 8 > -12
Life: Life: Ai(4)-Destyn_Turtles 6 > 1
Add To Stack: Ai(1)-GGS_Higure_only triggered Goldlust Triad
Add To Stack: Ai(1)-GGS_Higure_only triggered Goldlust Triad
Add To Stack: Ai(1)-GGS_Higure_only triggered Goro-Goro and Satoru
Resolve Stack: Whenever one or more creatures you control that entered this turn deal combat damage to a player, create a 5/5 red Dragon Spirit creature token with flying. [Damaged: Ai(4)-Destyn_Turtles, Amount: 5]
Resolve Stack: Whenever this creature deals combat damage to a player, create a Treasure token. [Damage Source: Goldlust Triad (581), Damaged: Ai(4)-Destyn_Turtles, Amount: 5]
Resolve Stack: Whenever this creature deals combat damage to a player, create a Treasure token. [Damage Source: Goldlust Triad (88), Damaged: Ai(3)-Gabe_Food, Amount: 5]
Phase: Ai(1)-GGS_Higure_only's End of Combat Step
Add To Stack: Ai(1)-GGS_Higure_only triggered Goldlust Triad
Zone Change: Goldlust Triad (581) was put into Exile from Battlefield.
Resolve Stack: Exile Goldlust Triad (581) at the end of combat. ([Goldlust Triad (581)]) [Phase: Ai(1)-GGS_Higure_only]
Phase: Ai(1)-GGS_Higure_only's Main phase, postcombat
Phase: Ai(1)-GGS_Higure_only's End step
Phase: Ai(1)-GGS_Higure_only's Cleanup step
Turn: Turn 52 (Ai(4)-Destyn_Turtles)
Phase: Ai(4)-Destyn_Turtles' Untap step
Phase: Ai(4)-Destyn_Turtles' Upkeep step
Phase: Ai(4)-Destyn_Turtles' Draw step
Add To Stack: Ai(4)-Destyn_Turtles triggered Baxter, Fly in the Ointment
Resolve Stack: Whenever you draw a card, put a +1/+1 counter on Baxter. [Player: Ai(4)-Destyn_Turtles]
Add To Stack: Ai(4)-Destyn_Turtles triggered Casey Jones, Back Alley Brute targeting [Ai(1)-GGS_Higure_only]
Damage: Casey Jones, Back Alley Brute (309) deals 1 non-combat damage to Ai(1)-GGS_Higure_only.
Life: Life: Ai(1)-GGS_Higure_only 93 > 92
Resolve Stack: Whenever you put one or more +1/+1 counters on a creature you control, Casey Jones deals that much damage to target opponent. (Targeting: [[Ai(1)-GGS_Higure_only]]) [Added once: Baxter, Fly in the Ointment (330) Amount: 1]
Phase: Ai(4)-Destyn_Turtles' Main phase, precombat
Phase: Ai(4)-Destyn_Turtles' Beginning of Combat Step
Add To Stack: Ai(4)-Destyn_Turtles triggered Irma, Part-Time Mutant targeting [Raphael, the Muscle (378)]
Resolve Stack: At the beginning of combat on your turn, Irma becomes a copy of up to one other target creature you control, except her name is Irma, Part-Time Mutant and she has this ability. Then put a +1/+1 counter on her. (Targeting: [[Raphael, the Muscle (378)]]) [Phase: Ai(4)-Destyn_Turtles]
Add To Stack: Ai(4)-Destyn_Turtles triggered Casey Jones, Back Alley Brute targeting [Ai(1)-GGS_Higure_only]
Damage: Casey Jones, Back Alley Brute (309) deals 1 non-combat damage to Ai(1)-GGS_Higure_only.
Life: Life: Ai(1)-GGS_Higure_only 92 > 91
Resolve Stack: Whenever you put one or more +1/+1 counters on a creature you control, Casey Jones deals that much damage to target opponent. (Targeting: [[Ai(1)-GGS_Higure_only]]) [Added once: Irma, Part-Time Mutant (310) Amount: 1]
Phase: Ai(4)-Destyn_Turtles' Declare Attackers Step
Phase: Ai(4)-Destyn_Turtles' Declare Blockers Step
Phase: Ai(4)-Destyn_Turtles' First Strike Damage Step
Phase: Ai(4)-Destyn_Turtles' Combat Damage Step
Phase: Ai(4)-Destyn_Turtles' End of Combat Step
Phase: Ai(4)-Destyn_Turtles' Main phase, postcombat
Mana: Plains (391) - {T}: Add {W}.
Mana: Ash Barrens (373) - {T}: Add {C}.
Add To Stack: Ai(4)-Destyn_Turtles cast Lita, Little Orphan Amphibian
Resolve Stack: Lita, Little Orphan Amphibian - Creature 2 / 1
Mana: Forest (341) - {T}: Add {G}.
Mana: Rootbound Crag (396) - {T}: Add {R} or {G}.
Mana: Island (333) - {T}: Add {U}.
Mana: Grand Coliseum (305) - {T}: Add {C}.
Add To Stack: Ai(4)-Destyn_Turtles cast Steelbane Hydra
Replacement Effect: Steelbane Hydra enters with X +1/+1 counters on it.
Resolve Stack: Steelbane Hydra - Creature 0 / 0 (X=2)
Add To Stack: Ai(4)-Destyn_Turtles triggered Casey Jones, Back Alley Brute targeting [Ai(1)-GGS_Higure_only]
Add To Stack: Ai(4)-Destyn_Turtles triggered Lita, Little Orphan Amphibian
Resolve Stack: Alliance — Whenever another creature you control enters, put a +1/+1 counter on Lita. [Zone Changer: Steelbane Hydra (337)]
Add To Stack: Ai(4)-Destyn_Turtles triggered Casey Jones, Back Alley Brute targeting [Ai(1)-GGS_Higure_only]
Damage: Casey Jones, Back Alley Brute (309) deals 1 non-combat damage to Ai(1)-GGS_Higure_only.
Life: Life: Ai(1)-GGS_Higure_only 91 > 90
Resolve Stack: Whenever you put one or more +1/+1 counters on a creature you control, Casey Jones deals that much damage to target opponent. (Targeting: [[Ai(1)-GGS_Higure_only]]) [Added once: Lita, Little Orphan Amphibian (349) Amount: 1]
Damage: Casey Jones, Back Alley Brute (309) deals 2 non-combat damage to Ai(1)-GGS_Higure_only.
Life: Life: Ai(1)-GGS_Higure_only 90 > 88
Resolve Stack: Whenever you put one or more +1/+1 counters on a creature you control, Casey Jones deals that much damage to target opponent. (Targeting: [[Ai(1)-GGS_Higure_only]]) [Added once: Steelbane Hydra (337) Amount: 2]
Phase: Ai(4)-Destyn_Turtles' End step
Phase: Ai(4)-Destyn_Turtles' Cleanup step
Turn: Turn 53 (Ai(1)-GGS_Higure_only)
Phase: Ai(1)-GGS_Higure_only's Untap step
Phase: Ai(1)-GGS_Higure_only's Upkeep step
Phase: Ai(1)-GGS_Higure_only's Draw step
Phase: Ai(1)-GGS_Higure_only's Main phase, precombat
Phase: Ai(1)-GGS_Higure_only's Beginning of Combat Step
Phase: Ai(1)-GGS_Higure_only's Declare Attackers Step
Combat: Ai(1)-GGS_Higure_only assigned Goldlust Triad (88), Dragon Spirit Token (515), Leonardo, the Balance (49), Goro-Goro and Satoru (100), Dragon Spirit Token (530), Dragon Spirit Token (568) and Dragon Spirit Token (586) to attack Ai(4)-Destyn_Turtles.
Add To Stack: Ai(1)-GGS_Higure_only triggered Goldlust Triad
Resolve Stack: Myriad (Whenever this creature attacks, for each opponent other than defending player, you may create a token that's a copy of this creature that's tapped and attacking that player or a planeswalker they control. Exile the tokens at end of combat.) [Attacker: Goldlust Triad (88)]
Phase: Ai(1)-GGS_Higure_only's Declare Blockers Step
Combat: Ai(4)-Destyn_Turtles didn't block Goldlust Triad (88).
Ai(4)-Destyn_Turtles didn't block Dragon Spirit Token (515).
Ai(4)-Destyn_Turtles assigned Michelangelo, the Heart (402) and Irma, Part-Time Mutant (310) to block Leonardo, the Balance (49).
Ai(4)-Destyn_Turtles assigned Dimension X Pizzasaur (342) and Raphael, the Muscle (378) to block Goro-Goro and Satoru (100).
Ai(4)-Destyn_Turtles didn't block Dragon Spirit Token (530).
Ai(4)-Destyn_Turtles didn't block Dragon Spirit Token (568).
Ai(4)-Destyn_Turtles didn't block Dragon Spirit Token (586).
Phase: Ai(1)-GGS_Higure_only's First Strike Damage Step
Phase: Ai(1)-GGS_Higure_only's Combat Damage Step
Replacement Effect: Double all damage that creatures you control with counters on them would deal.
Replacement Effect: Double all damage that creatures you control with counters on them would deal.
Replacement Effect: Double all damage that creatures you control with counters on them would deal.
Replacement Effect: Double all damage that creatures you control with counters on them would deal.
Damage: Goldlust Triad (88) deals 8 combat damage to Ai(4)-Destyn_Turtles.
Damage: Dragon Spirit Token (515) deals 8 combat damage to Ai(4)-Destyn_Turtles.
Damage: Leonardo, the Balance (49) deals 1 damage to Michelangelo, the Heart (402).
Damage: Leonardo, the Balance (49) deals 6 damage to Irma, Part-Time Mutant (310).
Damage: Goro-Goro and Satoru (100) deals 1 damage to Dimension X Pizzasaur (342).
Damage: Goro-Goro and Satoru (100) deals 6 damage to Raphael, the Muscle (378).
Damage: Dragon Spirit Token (530) deals 7 combat damage to Ai(4)-Destyn_Turtles.
Damage: Dragon Spirit Token (568) deals 6 combat damage to Ai(4)-Destyn_Turtles.
Damage: Dragon Spirit Token (586) deals 5 combat damage to Ai(4)-Destyn_Turtles.
Damage: Dimension X Pizzasaur (342) deals 2 damage to Goro-Goro and Satoru (100).
Damage: Raphael, the Muscle (378) deals 40 damage to Goro-Goro and Satoru (100).
Damage: Michelangelo, the Heart (402) deals 2 damage to Leonardo, the Balance (49).
Damage: Irma, Part-Time Mutant (310) deals 36 damage to Leonardo, the Balance (49).
Life: Life: Ai(4)-Destyn_Turtles 1 > -33
Player Control: Ai(1)-GGS_Higure_only has restored control over themself
Player Control: Ai(2)-Jaymie_Ezio has restored control over themself
Player Control: Ai(3)-Gabe_Food has restored control over themself
Player Control: Ai(4)-Destyn_Turtles has restored control over themself
Game Outcome: Match Duration 2m : 52s
Game Outcome: Turn 27
Game Outcome: Ai(1)-GGS_Higure_only has won because all opponents have lost
Game Outcome: Ai(2)-Jaymie_Ezio has lost because life total reached 0
Game Outcome: Ai(3)-Gabe_Food has lost because life total reached 0
Game Outcome: Ai(4)-Destyn_Turtles has lost because life total reached 0
Match Result: Ai(1)-GGS_Higure_only: 1 Ai(2)-Jaymie_Ezio: 0 Ai(3)-Gabe_Food: 0 Ai(4)-Destyn_Turtles: 0 

Game Result: Game 1 ended in 174561 ms. Ai(1)-GGS_Higure_only has won!

