Error handling registered!
21:03:17 [INFO ] GuiBase: ##########################################
21:03:17 [INFO ] GuiBase: APP: Forge v.2.0.15-SNAPSHOT-09.28
21:03:17 [INFO ] GuiBase: Java: 17.0.20 (Ubuntu)
21:03:17 [INFO ] GuiBase: OS: Linux 6.18.44 amd64
21:03:17 [INFO ] GuiBase: RAM: 1536 MB max, 8 CPUs
21:03:17 [INFO ] GuiBase: ##########################################
Language 'en-US' loaded successfully.
(ThreadUtil first call): Running with priority 5
Read cards: 34010 archived files in 1 ms (25 parts) using thread pool
Upcoming set Star Trek (TRK) dated in the future. All `upcoming` cards will be added to this set with unknown rarity.
The card A-Alrund's Epiphany was not assigned to any set. Adding it to UNKNOWN set... to fix see res/editions/ folder. 
The card A-Baba Lysaga, Night Witch was not assigned to any set. Adding it to UNKNOWN set... to fix see res/editions/ folder. 
The card A-Divide by Zero was not assigned to any set. Adding it to UNKNOWN set... to fix see res/editions/ folder. 
The card A-Esika's Chariot was not assigned to any set. Adding it to UNKNOWN set... to fix see res/editions/ folder. 
The card A-Faceless Haven was not assigned to any set. Adding it to UNKNOWN set... to fix see res/editions/ folder. 
The card A-Fires of Invention was not assigned to any set. Adding it to UNKNOWN set... to fix see res/editions/ folder. 
The card A-Goldspan Dragon was not assigned to any set. Adding it to UNKNOWN set... to fix see res/editions/ folder. 
The card A-Hullbreaker Horror was not assigned to any set. Adding it to UNKNOWN set... to fix see res/editions/ folder. 
The card A-Kumano Faces Kakkazan was not assigned to any set. Adding it to UNKNOWN set... to fix see res/editions/ folder. 
The card A-Luminarch Aspirant was not assigned to any set. Adding it to UNKNOWN set... to fix see res/editions/ folder. 
The card A-Monster Manual was not assigned to any set. Adding it to UNKNOWN set... to fix see res/editions/ folder. 
The card A-Omnath, Locus of Creation was not assigned to any set. Adding it to UNKNOWN set... to fix see res/editions/ folder. 
The card A-The Meathook Massacre was not assigned to any set. Adding it to UNKNOWN set... to fix see res/editions/ folder. 
The card A-Unholy Heat was not assigned to any set. Adding it to UNKNOWN set... to fix see res/editions/ folder. 
The card Blinding Radiance was not assigned to any set. Adding it to UNKNOWN set... to fix see res/editions/ folder. 
The card Goblin Bruiser was not assigned to any set. Adding it to UNKNOWN set... to fix see res/editions/ folder. 
The card Ogre Painbringer was not assigned to any set. Adding it to UNKNOWN set... to fix see res/editions/ folder. 
The card Titanic Pelagosaur was not assigned to any set. Adding it to UNKNOWN set... to fix see res/editions/ folder. 
The card Treetop Recluse was not assigned to any set. Adding it to UNKNOWN set... to fix see res/editions/ folder. 
Upcoming set Star Trek (TRK) dated in the future. All `upcoming` cards will be added to this set with unknown rarity.
Read cards: 854 files in 0 ms (8 parts) using thread pool
Simulation mode
Ai(1)-Gabe_Food vs Ai(2)-Destyn_Turtles vs Ai(3)-GGS_Higure_only vs Ai(4)-Jaymie_Ezio - one game of Commander seed 20261030
Steam Vents Did not have activator set in SpellAbility_Condition.checkConditions()
Steam Vents Did not have activator set in SpellAbility_Condition.checkConditions()
Steam Vents Did not have activator set in SpellAbility_Condition.checkConditions()
Steam Vents Did not have activator set in SpellAbility_Condition.checkConditions()
Steam Vents Did not have activator set in SpellAbility_Condition.checkConditions()
Steam Vents Did not have activator set in SpellAbility_Condition.checkConditions()
Steam Vents Did not have activator set in SpellAbility_Condition.checkConditions()
Steam Vents Did not have activator set in SpellAbility_Condition.checkConditions()
Steam Vents Did not have activator set in SpellAbility_Condition.checkConditions()
Steam Vents Did not have activator set in SpellAbility_Condition.checkConditions()
Steam Vents Did not have activator set in SpellAbility_Condition.checkConditions()
Steam Vents Did not have activator set in SpellAbility_Condition.checkConditions()
Warning: default (ie. inherited from base class) implementation of confirmAction is used by Michelangelo, the Heart for forge.ai.ability.PermanentCreatureAi. Consider declaring an overloaded method
Warning: default (ie. inherited from base class) implementation of confirmAction is used by Leonardo, the Balance for forge.ai.ability.PermanentCreatureAi. Consider declaring an overloaded method
Warning: default (ie. inherited from base class) implementation of chkAIDrawback is used by Assassin Gauntlet for forge.ai.ability.TapAllAi. Consider declaring an overloaded method
Warning: default (ie. inherited from base class) implementation of confirmAction is used by Sam, Loyal Attendant for forge.ai.ability.PermanentCreatureAi. Consider declaring an overloaded method
Warning: default (ie. inherited from base class) implementation of chkAIDrawback is used by Assassin Gauntlet for forge.ai.ability.TapAllAi. Consider declaring an overloaded method
Warning: default (ie. inherited from base class) implementation of chkAIDrawback is used by Assassin Gauntlet for forge.ai.ability.TapAllAi. Consider declaring an overloaded method
Warning: default (ie. inherited from base class) implementation of confirmAction is used by Michelangelo, the Heart for forge.ai.ability.PermanentCreatureAi. Consider declaring an overloaded method
Warning: default (ie. inherited from base class) implementation of chkAIDrawback is used by Assassin Gauntlet for forge.ai.ability.TapAllAi. Consider declaring an overloaded method
Warning: default (ie. inherited from base class) implementation of chkAIDrawback is used by Assassin Gauntlet for forge.ai.ability.TapAllAi. Consider declaring an overloaded method
Warning: default (ie. inherited from base class) implementation of chkAIDrawback is used by Assassin Gauntlet for forge.ai.ability.TapAllAi. Consider declaring an overloaded method
Warning: default (ie. inherited from base class) implementation of chkAIDrawback is used by Assassin Gauntlet for forge.ai.ability.TapAllAi. Consider declaring an overloaded method
Warning: default (ie. inherited from base class) implementation of confirmAction is used by Leonardo, the Balance for forge.ai.ability.PermanentCreatureAi. Consider declaring an overloaded method
Warning: default (ie. inherited from base class) implementation of confirmAction is used by Goro-Goro and Satoru for forge.ai.ability.PermanentCreatureAi. Consider declaring an overloaded method
Warning: default (ie. inherited from base class) implementation of confirmAction is used by Ezio Auditore da Firenze for forge.ai.ability.PermanentCreatureAi. Consider declaring an overloaded method
Warning: default (ie. inherited from base class) implementation of chkAIDrawback is used by Assassin Gauntlet for forge.ai.ability.TapAllAi. Consider declaring an overloaded method
Warning: default (ie. inherited from base class) implementation of confirmAction is used by Leonardo, the Balance for forge.ai.ability.PermanentCreatureAi. Consider declaring an overloaded method
Warning: default (ie. inherited from base class) implementation of chkAIDrawback is used by Assassin Gauntlet for forge.ai.ability.TapAllAi. Consider declaring an overloaded method
Warning: default (ie. inherited from base class) implementation of chkAIDrawback is used by Assassin Gauntlet for forge.ai.ability.TapAllAi. Consider declaring an overloaded method
Warning: default (ie. inherited from base class) implementation of confirmAction is used by Goro-Goro and Satoru for forge.ai.ability.PermanentCreatureAi. Consider declaring an overloaded method
Warning: default (ie. inherited from base class) implementation of confirmAction is used by Ezio Auditore da Firenze for forge.ai.ability.PermanentCreatureAi. Consider declaring an overloaded method
Warning: default (ie. inherited from base class) implementation of chkAIDrawback is used by Assassin Gauntlet for forge.ai.ability.TapAllAi. Consider declaring an overloaded method
Warning: default (ie. inherited from base class) implementation of chkAIDrawback is used by Assassin Gauntlet for forge.ai.ability.TapAllAi. Consider declaring an overloaded method
Warning: default (ie. inherited from base class) implementation of chkAIDrawback is used by Assassin Gauntlet for forge.ai.ability.TapAllAi. Consider declaring an overloaded method
Warning: default (ie. inherited from base class) implementation of chkAIDrawback is used by Assassin Gauntlet for forge.ai.ability.TapAllAi. Consider declaring an overloaded method
Warning: default (ie. inherited from base class) implementation of confirmAction is used by Michelangelo, the Heart for forge.ai.ability.PermanentCreatureAi. Consider declaring an overloaded method
Warning: default (ie. inherited from base class) implementation of chkAIDrawback is used by Assassin Gauntlet for forge.ai.ability.TapAllAi. Consider declaring an overloaded method
Warning: default (ie. inherited from base class) implementation of chkAIDrawback is used by Assassin Gauntlet for forge.ai.ability.TapAllAi. Consider declaring an overloaded method
Warning: default (ie. inherited from base class) implementation of chkAIDrawback is used by Assassin Gauntlet for forge.ai.ability.TapAllAi. Consider declaring an overloaded method
Warning: default (ie. inherited from base class) implementation of chkAIDrawback is used by Assassin Gauntlet for forge.ai.ability.TapAllAi. Consider declaring an overloaded method
Warning: default (ie. inherited from base class) implementation of chkAIDrawback is used by Assassin Gauntlet for forge.ai.ability.TapAllAi. Consider declaring an overloaded method
Warning: default (ie. inherited from base class) implementation of confirmAction is used by Ezio Auditore da Firenze for forge.ai.ability.PermanentCreatureAi. Consider declaring an overloaded method
Warning: default (ie. inherited from base class) implementation of chkAIDrawback is used by Assassin Gauntlet for forge.ai.ability.TapAllAi. Consider declaring an overloaded method
Warning: default (ie. inherited from base class) implementation of chkAIDrawback is used by Assassin Gauntlet for forge.ai.ability.TapAllAi. Consider declaring an overloaded method
Warning: default (ie. inherited from base class) implementation of chkAIDrawback is used by Assassin Gauntlet for forge.ai.ability.TapAllAi. Consider declaring an overloaded method
Warning: default (ie. inherited from base class) implementation of chkAIDrawback is used by Assassin Gauntlet for forge.ai.ability.TapAllAi. Consider declaring an overloaded method
Mulligan: Ai(4)-Jaymie_Ezio has kept a hand of 7 cards
Mulligan: Ai(1)-Gabe_Food has kept a hand of 7 cards
Mulligan: Ai(2)-Destyn_Turtles has kept a hand of 7 cards
Mulligan: Ai(3)-GGS_Higure_only has kept a hand of 7 cards
Turn: Turn 1 (Ai(4)-Jaymie_Ezio)
Phase: Ai(4)-Jaymie_Ezio's Untap step
Phase: Ai(4)-Jaymie_Ezio's Upkeep step
Phase: Ai(4)-Jaymie_Ezio's Draw step
Phase: Ai(4)-Jaymie_Ezio's Main phase, precombat
Land: Ai(4)-Jaymie_Ezio played Island (337)
Phase: Ai(4)-Jaymie_Ezio's Beginning of Combat Step
Phase: Ai(4)-Jaymie_Ezio's Declare Attackers Step
Phase: Ai(4)-Jaymie_Ezio's Declare Blockers Step
Phase: Ai(4)-Jaymie_Ezio's First Strike Damage Step
Phase: Ai(4)-Jaymie_Ezio's Combat Damage Step
Phase: Ai(4)-Jaymie_Ezio's End of Combat Step
Phase: Ai(4)-Jaymie_Ezio's Main phase, postcombat
Phase: Ai(4)-Jaymie_Ezio's End step
Phase: Ai(4)-Jaymie_Ezio's Cleanup step
Turn: Turn 2 (Ai(1)-Gabe_Food)
Phase: Ai(1)-Gabe_Food's Untap step
Phase: Ai(1)-Gabe_Food's Upkeep step
Phase: Ai(1)-Gabe_Food's Draw step
Phase: Ai(1)-Gabe_Food's Main phase, precombat
Replacement Effect: Canopy Vista enters tapped unless you control two or more basic lands.
Land: Ai(1)-Gabe_Food played Canopy Vista (70)
Phase: Ai(1)-Gabe_Food's Beginning of Combat Step
Phase: Ai(1)-Gabe_Food's Declare Attackers Step
Phase: Ai(1)-Gabe_Food's Declare Blockers Step
Phase: Ai(1)-Gabe_Food's First Strike Damage Step
Phase: Ai(1)-Gabe_Food's Combat Damage Step
Phase: Ai(1)-Gabe_Food's End of Combat Step
Phase: Ai(1)-Gabe_Food's Main phase, postcombat
Phase: Ai(1)-Gabe_Food's End step
Phase: Ai(1)-Gabe_Food's Cleanup step
Turn: Turn 3 (Ai(2)-Destyn_Turtles)
Phase: Ai(2)-Destyn_Turtles' Untap step
Phase: Ai(2)-Destyn_Turtles' Upkeep step
Phase: Ai(2)-Destyn_Turtles' Draw step
Phase: Ai(2)-Destyn_Turtles' Main phase, precombat
Land: Ai(2)-Destyn_Turtles played Mountain (187)
Phase: Ai(2)-Destyn_Turtles' Beginning of Combat Step
Phase: Ai(2)-Destyn_Turtles' Declare Attackers Step
Phase: Ai(2)-Destyn_Turtles' Declare Blockers Step
Phase: Ai(2)-Destyn_Turtles' First Strike Damage Step
Phase: Ai(2)-Destyn_Turtles' Combat Damage Step
Phase: Ai(2)-Destyn_Turtles' End of Combat Step
Phase: Ai(2)-Destyn_Turtles' Main phase, postcombat
Mana: Mountain (187) - {T}: Add {R}.
Add To Stack: Ai(2)-Destyn_Turtles cast Sol Ring
Resolve Stack: Sol Ring
Phase: Ai(2)-Destyn_Turtles' End step
Phase: Ai(2)-Destyn_Turtles' Cleanup step
Turn: Turn 4 (Ai(3)-GGS_Higure_only)
Phase: Ai(3)-GGS_Higure_only's Untap step
Phase: Ai(3)-GGS_Higure_only's Upkeep step
Phase: Ai(3)-GGS_Higure_only's Draw step
Phase: Ai(3)-GGS_Higure_only's Main phase, precombat
Land: Ai(3)-GGS_Higure_only played Command Tower (275)
Phase: Ai(3)-GGS_Higure_only's Beginning of Combat Step
Phase: Ai(3)-GGS_Higure_only's Declare Attackers Step
Phase: Ai(3)-GGS_Higure_only's Declare Blockers Step
Phase: Ai(3)-GGS_Higure_only's First Strike Damage Step
Phase: Ai(3)-GGS_Higure_only's Combat Damage Step
Phase: Ai(3)-GGS_Higure_only's End of Combat Step
Phase: Ai(3)-GGS_Higure_only's Main phase, postcombat
Phase: Ai(3)-GGS_Higure_only's End step
Phase: Ai(3)-GGS_Higure_only's Cleanup step
Turn: Turn 5 (Ai(4)-Jaymie_Ezio)
Phase: Ai(4)-Jaymie_Ezio's Untap step
Phase: Ai(4)-Jaymie_Ezio's Upkeep step
Phase: Ai(4)-Jaymie_Ezio's Draw step
Phase: Ai(4)-Jaymie_Ezio's Main phase, precombat
Land: Ai(4)-Jaymie_Ezio played Plains (393)
Phase: Ai(4)-Jaymie_Ezio's Beginning of Combat Step
Phase: Ai(4)-Jaymie_Ezio's Declare Attackers Step
Phase: Ai(4)-Jaymie_Ezio's Declare Blockers Step
Phase: Ai(4)-Jaymie_Ezio's First Strike Damage Step
Phase: Ai(4)-Jaymie_Ezio's Combat Damage Step
Phase: Ai(4)-Jaymie_Ezio's End of Combat Step
Phase: Ai(4)-Jaymie_Ezio's Main phase, postcombat
Mana: Plains (393) - {T}: Add {W}.
Mana: Island (337) - {T}: Add {U}.
Add To Stack: Ai(4)-Jaymie_Ezio cast Haystack
Resolve Stack: Haystack
Phase: Ai(4)-Jaymie_Ezio's End step
Phase: Ai(4)-Jaymie_Ezio's Cleanup step
Turn: Turn 6 (Ai(1)-Gabe_Food)
Phase: Ai(1)-Gabe_Food's Untap step
Phase: Ai(1)-Gabe_Food's Upkeep step
Phase: Ai(1)-Gabe_Food's Draw step
Phase: Ai(1)-Gabe_Food's Main phase, precombat
Replacement Effect: As Necroblossom Snarl enters, you may reveal a Swamp or Forest card from your hand. If you don't, Necroblossom Snarl enters tapped.
Land: Ai(1)-Gabe_Food played Necroblossom Snarl (64)
Phase: Ai(1)-Gabe_Food's Beginning of Combat Step
Phase: Ai(1)-Gabe_Food's Declare Attackers Step
Phase: Ai(1)-Gabe_Food's Declare Blockers Step
Phase: Ai(1)-Gabe_Food's First Strike Damage Step
Phase: Ai(1)-Gabe_Food's Combat Damage Step
Phase: Ai(1)-Gabe_Food's End of Combat Step
Phase: Ai(1)-Gabe_Food's Main phase, postcombat
Mana: Canopy Vista (70) - {T}: Add {W}.
Mana: Necroblossom Snarl (64) - {T}: Add {B} or {G}.
Add To Stack: Ai(1)-Gabe_Food cast Frodo, Adventurous Hobbit
Resolve Stack: Frodo, Adventurous Hobbit - Creature 1 / 3
Add To Stack: Ai(1)-Gabe_Food triggered Frodo, Adventurous Hobbit targeting [Ai(1)-Gabe_Food]
Resolve Stack: Partner with Sam, Loyal Attendant (When this creature enters, target player may put Sam into their hand from their library, then shuffle.) (Targeting: [[Ai(1)-Gabe_Food]]) [Zone Changer: Frodo, Adventurous Hobbit (99)]
Phase: Ai(1)-Gabe_Food's End step
Phase: Ai(1)-Gabe_Food's Cleanup step
Turn: Turn 7 (Ai(2)-Destyn_Turtles)
Phase: Ai(2)-Destyn_Turtles' Untap step
Phase: Ai(2)-Destyn_Turtles' Upkeep step
Phase: Ai(2)-Destyn_Turtles' Draw step
Phase: Ai(2)-Destyn_Turtles' Main phase, precombat
Replacement Effect: Dragonskull Summit enters tapped unless you control a Swamp or a Mountain.
Land: Ai(2)-Destyn_Turtles played Dragonskull Summit (148)
Phase: Ai(2)-Destyn_Turtles' Beginning of Combat Step
Phase: Ai(2)-Destyn_Turtles' Declare Attackers Step
Phase: Ai(2)-Destyn_Turtles' Declare Blockers Step
Phase: Ai(2)-Destyn_Turtles' First Strike Damage Step
Phase: Ai(2)-Destyn_Turtles' Combat Damage Step
Phase: Ai(2)-Destyn_Turtles' End of Combat Step
Phase: Ai(2)-Destyn_Turtles' Main phase, postcombat
Mana: Mountain (187) - {T}: Add {R}.
Mana: Sol Ring (154) - {T}: Add {C}{C}.
Mana: Dragonskull Summit (148) - {T}: Add {B} or {R}.
Add To Stack: Ai(2)-Destyn_Turtles cast Casey Jones, Back Alley Brute
Resolve Stack: Casey Jones, Back Alley Brute - Creature 4 / 2
Phase: Ai(2)-Destyn_Turtles' End step
Phase: Ai(2)-Destyn_Turtles' Cleanup step
Turn: Turn 8 (Ai(3)-GGS_Higure_only)
Phase: Ai(3)-GGS_Higure_only's Untap step
Phase: Ai(3)-GGS_Higure_only's Upkeep step
Phase: Ai(3)-GGS_Higure_only's Draw step
Phase: Ai(3)-GGS_Higure_only's Main phase, precombat
Land: Ai(3)-GGS_Higure_only played Mountain (296)
Phase: Ai(3)-GGS_Higure_only's Beginning of Combat Step
Phase: Ai(3)-GGS_Higure_only's Declare Attackers Step
Phase: Ai(3)-GGS_Higure_only's Declare Blockers Step
Phase: Ai(3)-GGS_Higure_only's First Strike Damage Step
Phase: Ai(3)-GGS_Higure_only's Combat Damage Step
Phase: Ai(3)-GGS_Higure_only's End of Combat Step
Phase: Ai(3)-GGS_Higure_only's Main phase, postcombat
Phase: Ai(3)-GGS_Higure_only's End step
Phase: Ai(3)-GGS_Higure_only's Cleanup step
Turn: Turn 9 (Ai(4)-Jaymie_Ezio)
Phase: Ai(4)-Jaymie_Ezio's Untap step
Phase: Ai(4)-Jaymie_Ezio's Upkeep step
Phase: Ai(4)-Jaymie_Ezio's Draw step
Phase: Ai(4)-Jaymie_Ezio's Main phase, precombat
Phase: Ai(4)-Jaymie_Ezio's Beginning of Combat Step
Phase: Ai(4)-Jaymie_Ezio's Declare Attackers Step
Phase: Ai(4)-Jaymie_Ezio's Declare Blockers Step
Phase: Ai(4)-Jaymie_Ezio's First Strike Damage Step
Phase: Ai(4)-Jaymie_Ezio's Combat Damage Step
Phase: Ai(4)-Jaymie_Ezio's End of Combat Step
Phase: Ai(4)-Jaymie_Ezio's Main phase, postcombat
Replacement Effect: Boros Garrison enters tapped.
Land: Ai(4)-Jaymie_Ezio played Boros Garrison (383)
Add To Stack: Ai(4)-Jaymie_Ezio triggered Boros Garrison
Resolve Stack: When Boros Garrison enters, return a land you control to its owner's hand. [Zone Changer: Boros Garrison (383)]
Phase: Ai(4)-Jaymie_Ezio's End step
Phase: Ai(4)-Jaymie_Ezio's Cleanup step
Turn: Turn 10 (Ai(1)-Gabe_Food)
Phase: Ai(1)-Gabe_Food's Untap step
Phase: Ai(1)-Gabe_Food's Upkeep step
Phase: Ai(1)-Gabe_Food's Draw step
Phase: Ai(1)-Gabe_Food's Main phase, precombat
Land: Ai(1)-Gabe_Food played Swamp (62)
Mana: Canopy Vista (70) - {T}: Add {W}.
Mana: Necroblossom Snarl (64) - {T}: Add {B} or {G}.
Mana: Swamp (62) - {T}: Add {B}.
Add To Stack: Ai(1)-Gabe_Food cast Sam, Loyal Attendant
Resolve Stack: Sam, Loyal Attendant - Creature 2 / 4
Add To Stack: Ai(1)-Gabe_Food triggered Sam, Loyal Attendant targeting [Ai(1)-Gabe_Food]
Resolve Stack: Partner with Frodo, Adventurous Hobbit (When this creature enters, target player may put Frodo into their hand from their library, then shuffle.) (Targeting: [[Ai(1)-Gabe_Food]]) [Zone Changer: Sam, Loyal Attendant (101)]
Phase: Ai(1)-Gabe_Food's Beginning of Combat Step
Add To Stack: Ai(1)-Gabe_Food triggered Sam, Loyal Attendant
Resolve Stack: At the beginning of combat on your turn, create a Food token. (It's an artifact with "{2}, {T}, Sacrifice this token: You gain 3 life.") [Phase: Ai(1)-Gabe_Food]
Phase: Ai(1)-Gabe_Food's Declare Attackers Step
Phase: Ai(1)-Gabe_Food's Declare Blockers Step
Phase: Ai(1)-Gabe_Food's First Strike Damage Step
Phase: Ai(1)-Gabe_Food's Combat Damage Step
Phase: Ai(1)-Gabe_Food's End of Combat Step
Phase: Ai(1)-Gabe_Food's Main phase, postcombat
Phase: Ai(1)-Gabe_Food's End step
Phase: Ai(1)-Gabe_Food's Cleanup step
Turn: Turn 11 (Ai(2)-Destyn_Turtles)
Phase: Ai(2)-Destyn_Turtles' Untap step
Phase: Ai(2)-Destyn_Turtles' Upkeep step
Phase: Ai(2)-Destyn_Turtles' Draw step
Phase: Ai(2)-Destyn_Turtles' Main phase, precombat
Replacement Effect: This land enters tapped unless you control two or more basic lands.
Land: Ai(2)-Destyn_Turtles played Sodden Verdure (182)
Phase: Ai(2)-Destyn_Turtles' Beginning of Combat Step
Phase: Ai(2)-Destyn_Turtles' Declare Attackers Step
Phase: Ai(2)-Destyn_Turtles' Declare Blockers Step
Phase: Ai(2)-Destyn_Turtles' First Strike Damage Step
Phase: Ai(2)-Destyn_Turtles' Combat Damage Step
Phase: Ai(2)-Destyn_Turtles' End of Combat Step
Phase: Ai(2)-Destyn_Turtles' Main phase, postcombat
Phase: Ai(2)-Destyn_Turtles' End step
Phase: Ai(2)-Destyn_Turtles' Cleanup step
Turn: Turn 12 (Ai(3)-GGS_Higure_only)
Phase: Ai(3)-GGS_Higure_only's Untap step
Phase: Ai(3)-GGS_Higure_only's Upkeep step
Phase: Ai(3)-GGS_Higure_only's Draw step
Phase: Ai(3)-GGS_Higure_only's Main phase, precombat
Replacement Effect: As Soporific Springs enters, you may pay 3 life. If you don't, it enters tapped.
Land: Ai(3)-GGS_Higure_only played Soporific Springs (289)
Phase: Ai(3)-GGS_Higure_only's Beginning of Combat Step
Phase: Ai(3)-GGS_Higure_only's Declare Attackers Step
Phase: Ai(3)-GGS_Higure_only's Declare Blockers Step
Phase: Ai(3)-GGS_Higure_only's First Strike Damage Step
Phase: Ai(3)-GGS_Higure_only's Combat Damage Step
Phase: Ai(3)-GGS_Higure_only's End of Combat Step
Phase: Ai(3)-GGS_Higure_only's Main phase, postcombat
Phase: Ai(3)-GGS_Higure_only's End step
Phase: Ai(3)-GGS_Higure_only's Cleanup step
Turn: Turn 13 (Ai(4)-Jaymie_Ezio)
Phase: Ai(4)-Jaymie_Ezio's Untap step
Phase: Ai(4)-Jaymie_Ezio's Upkeep step
Phase: Ai(4)-Jaymie_Ezio's Draw step
Phase: Ai(4)-Jaymie_Ezio's Main phase, precombat
Land: Ai(4)-Jaymie_Ezio played Plains (393)
Mana: Island (337) - {T}: Add {U}.
Mana: Plains (393) - {T}: Add {W}.
Mana: Boros Garrison (383) - {T}: Add {R}{W}.
Add To Stack: Ai(4)-Jaymie_Ezio cast 
Resolve Stack: Disguise - Creature 2/2
Phase: Ai(4)-Jaymie_Ezio's Beginning of Combat Step
Phase: Ai(4)-Jaymie_Ezio's Declare Attackers Step
Phase: Ai(4)-Jaymie_Ezio's Declare Blockers Step
Phase: Ai(4)-Jaymie_Ezio's First Strike Damage Step
Phase: Ai(4)-Jaymie_Ezio's Combat Damage Step
Phase: Ai(4)-Jaymie_Ezio's End of Combat Step
Phase: Ai(4)-Jaymie_Ezio's Main phase, postcombat
Phase: Ai(4)-Jaymie_Ezio's End step
Phase: Ai(4)-Jaymie_Ezio's Cleanup step
Turn: Turn 14 (Ai(1)-Gabe_Food)
Phase: Ai(1)-Gabe_Food's Untap step
Phase: Ai(1)-Gabe_Food's Upkeep step
Mana: Canopy Vista (70) - {T}: Add {W}.
Mana: Swamp (62) - {T}: Add {B}.
Mana: Necroblossom Snarl (64) - {T}: Add {B} or {G}.
Add To Stack: Ai(1)-Gabe_Food cast Anguished Unmaking targeting [Casey Jones, Back Alley Brute (107)]
Zone Change: Casey Jones, Back Alley Brute (107) was put into Exile from Battlefield.
Life: Life: Ai(1)-Gabe_Food 40 > 37
Resolve Stack: Anguished Unmaking (97) - Exile Casey Jones, Back Alley Brute (107). Ai(1)-Gabe_Food loses 3 life.
Phase: Ai(1)-Gabe_Food's Draw step
Phase: Ai(1)-Gabe_Food's Main phase, precombat
Phase: Ai(1)-Gabe_Food's Beginning of Combat Step
Add To Stack: Ai(1)-Gabe_Food triggered Sam, Loyal Attendant
Resolve Stack: At the beginning of combat on your turn, create a Food token. (It's an artifact with "{2}, {T}, Sacrifice this token: You gain 3 life.") [Phase: Ai(1)-Gabe_Food]
Phase: Ai(1)-Gabe_Food's Declare Attackers Step
Combat: Ai(1)-Gabe_Food assigned Sam, Loyal Attendant (101) to attack Ai(4)-Jaymie_Ezio.
Phase: Ai(1)-Gabe_Food's Declare Blockers Step
Combat: Ai(4)-Jaymie_Ezio didn't block Sam, Loyal Attendant (101).
Phase: Ai(1)-Gabe_Food's First Strike Damage Step
Phase: Ai(1)-Gabe_Food's Combat Damage Step
Damage: Sam, Loyal Attendant (101) deals 2 combat damage to Ai(4)-Jaymie_Ezio.
Life: Life: Ai(4)-Jaymie_Ezio 40 > 38
Phase: Ai(1)-Gabe_Food's End of Combat Step
Phase: Ai(1)-Gabe_Food's Main phase, postcombat
Replacement Effect: Graypelt Refuge enters tapped.
Land: Ai(1)-Gabe_Food played Graypelt Refuge (44)
Add To Stack: Ai(1)-Gabe_Food triggered Graypelt Refuge
Life: Life: Ai(1)-Gabe_Food 37 > 38
Resolve Stack: When Graypelt Refuge enters, you gain 1 life. [Zone Changer: Graypelt Refuge (44)]
Phase: Ai(1)-Gabe_Food's End step
Phase: Ai(1)-Gabe_Food's Cleanup step
Turn: Turn 15 (Ai(2)-Destyn_Turtles)
Phase: Ai(2)-Destyn_Turtles' Untap step
Phase: Ai(2)-Destyn_Turtles' Upkeep step
Phase: Ai(2)-Destyn_Turtles' Draw step
Phase: Ai(2)-Destyn_Turtles' Main phase, precombat
Land: Ai(2)-Destyn_Turtles played Ash Barrens (171)
Phase: Ai(2)-Destyn_Turtles' Beginning of Combat Step
Phase: Ai(2)-Destyn_Turtles' Declare Attackers Step
Phase: Ai(2)-Destyn_Turtles' Declare Blockers Step
Phase: Ai(2)-Destyn_Turtles' First Strike Damage Step
Phase: Ai(2)-Destyn_Turtles' Combat Damage Step
Phase: Ai(2)-Destyn_Turtles' End of Combat Step
Phase: Ai(2)-Destyn_Turtles' Main phase, postcombat
Mana: Sol Ring (154) - {T}: Add {C}{C}.
Mana: Ash Barrens (171) - {T}: Add {C}.
Mana: Mountain (187) - {T}: Add {R}.
Mana: Dragonskull Summit (148) - {T}: Add {B} or {R}.
Add To Stack: Ai(2)-Destyn_Turtles cast Mole Module
Resolve Stack: Mole Module
Phase: Ai(2)-Destyn_Turtles' End step
Phase: Ai(2)-Destyn_Turtles' Cleanup step
Turn: Turn 16 (Ai(3)-GGS_Higure_only)
Phase: Ai(3)-GGS_Higure_only's Untap step
Phase: Ai(3)-GGS_Higure_only's Upkeep step
Phase: Ai(3)-GGS_Higure_only's Draw step
Phase: Ai(3)-GGS_Higure_only's Main phase, precombat
Land: Ai(3)-GGS_Higure_only played Polluted Delta (214)
Life: Life: Ai(3)-GGS_Higure_only 40 > 39
Zone Change: Polluted Delta (214) was put into Graveyard from Battlefield.
Add To Stack: Ai(3)-GGS_Higure_only activated Polluted Delta
Replacement Effect: As Steam Vents enters, you may pay 2 life. If you don't, it enters tapped.
Resolve Stack: Polluted Delta (214) - Ai(3)-GGS_Higure_only searches their library for an Island or Swamp card, puts it onto the battlefield, then shuffles.
Phase: Ai(3)-GGS_Higure_only's Beginning of Combat Step
Phase: Ai(3)-GGS_Higure_only's Declare Attackers Step
Phase: Ai(3)-GGS_Higure_only's Declare Blockers Step
Phase: Ai(3)-GGS_Higure_only's First Strike Damage Step
Phase: Ai(3)-GGS_Higure_only's Combat Damage Step
Phase: Ai(3)-GGS_Higure_only's End of Combat Step
Phase: Ai(3)-GGS_Higure_only's Main phase, postcombat
Mana: Command Tower (275) - {T}: Add one mana of any color in your commander's color identity.
Mana: Soporific Springs (289) - {T}: Add {U}.
Mana: Mountain (296) - {T}: Add {R}.
Add To Stack: Ai(3)-GGS_Higure_only cast Goro-Goro and Satoru
Resolve Stack: Goro-Goro and Satoru - Creature 3 / 4
Phase: Ai(3)-GGS_Higure_only's End step
Phase: Ai(3)-GGS_Higure_only's Cleanup step
Turn: Turn 17 (Ai(4)-Jaymie_Ezio)
Phase: Ai(4)-Jaymie_Ezio's Untap step
Phase: Ai(4)-Jaymie_Ezio's Upkeep step
Phase: Ai(4)-Jaymie_Ezio's Draw step
Phase: Ai(4)-Jaymie_Ezio's Main phase, precombat
Mana: Plains (393) - {T}: Add {W}.
Mana: Island (337) - {T}: Add {U}.
Mana: Boros Garrison (383) - {T}: Add {R}{W}.
Add To Stack: Ai(4)-Jaymie_Ezio cast Caduceus, Staff of Hermes
Resolve Stack: Caduceus, Staff of Hermes
Phase: Ai(4)-Jaymie_Ezio's Beginning of Combat Step
Phase: Ai(4)-Jaymie_Ezio's Declare Attackers Step
Phase: Ai(4)-Jaymie_Ezio's Declare Blockers Step
Phase: Ai(4)-Jaymie_Ezio's First Strike Damage Step
Phase: Ai(4)-Jaymie_Ezio's Combat Damage Step
Phase: Ai(4)-Jaymie_Ezio's End of Combat Step
Phase: Ai(4)-Jaymie_Ezio's Main phase, postcombat
Phase: Ai(4)-Jaymie_Ezio's End step
Phase: Ai(4)-Jaymie_Ezio's Cleanup step
Turn: Turn 18 (Ai(1)-Gabe_Food)
Phase: Ai(1)-Gabe_Food's Untap step
Phase: Ai(1)-Gabe_Food's Upkeep step
Phase: Ai(1)-Gabe_Food's Draw step
Phase: Ai(1)-Gabe_Food's Main phase, precombat
Land: Ai(1)-Gabe_Food played Swamp (63)
Mana: Necroblossom Snarl (64) - {T}: Add {B} or {G}.
Mana: Swamp (62) - {T}: Add {B}.
Mana: Swamp (63) - {T}: Add {B}.
Mana: Graypelt Refuge (44) - {T}: Add {G} or {W}.
Add To Stack: Ai(1)-Gabe_Food cast Assemble the Entmoot
Resolve Stack: Assemble the Entmoot
Phase: Ai(1)-Gabe_Food's Beginning of Combat Step
Add To Stack: Ai(1)-Gabe_Food triggered Sam, Loyal Attendant
Resolve Stack: At the beginning of combat on your turn, create a Food token. (It's an artifact with "{2}, {T}, Sacrifice this token: You gain 3 life.") [Phase: Ai(1)-Gabe_Food]
Phase: Ai(1)-Gabe_Food's Declare Attackers Step
Combat: Ai(1)-Gabe_Food assigned Sam, Loyal Attendant (101) to attack Ai(4)-Jaymie_Ezio.
Phase: Ai(1)-Gabe_Food's Declare Blockers Step
Combat: Ai(4)-Jaymie_Ezio didn't block Sam, Loyal Attendant (101).
Phase: Ai(1)-Gabe_Food's First Strike Damage Step
Phase: Ai(1)-Gabe_Food's Combat Damage Step
Damage: Sam, Loyal Attendant (101) deals 2 combat damage to Ai(4)-Jaymie_Ezio.
Life: Life: Ai(4)-Jaymie_Ezio 38 > 36
Phase: Ai(1)-Gabe_Food's End of Combat Step
Phase: Ai(1)-Gabe_Food's Main phase, postcombat
Phase: Ai(1)-Gabe_Food's End step
Phase: Ai(1)-Gabe_Food's Cleanup step
Turn: Turn 19 (Ai(2)-Destyn_Turtles)
Phase: Ai(2)-Destyn_Turtles' Untap step
Phase: Ai(2)-Destyn_Turtles' Upkeep step
Phase: Ai(2)-Destyn_Turtles' Draw step
Phase: Ai(2)-Destyn_Turtles' Main phase, precombat
Replacement Effect: Smoldering Marsh enters tapped unless you control two or more basic lands.
Land: Ai(2)-Destyn_Turtles played Smoldering Marsh (169)
Phase: Ai(2)-Destyn_Turtles' Beginning of Combat Step
Phase: Ai(2)-Destyn_Turtles' Declare Attackers Step
Zone Change: Assemble the Entmoot (1) was put into Graveyard from Battlefield.
Add To Stack: Ai(1)-Gabe_Food activated Assemble the Entmoot
Resolve Stack: Assemble the Entmoot (1) - Ai(1)-Gabe_Food creates three tapped X/X green Treefolk creature tokens, where X is the amount of life you gained this turn. Put a reach counter on each of them. Ai(1)-Gabe_Food puts a reach counter on . 
Zone Change: Treefolk Token (444) was put into Graveyard from Battlefield.
Zone Change: Treefolk Token (445) was put into Graveyard from Battlefield.
Zone Change: Treefolk Token (446) was put into Graveyard from Battlefield.
Phase: Ai(2)-Destyn_Turtles' Declare Blockers Step
Phase: Ai(2)-Destyn_Turtles' First Strike Damage Step
Phase: Ai(2)-Destyn_Turtles' Combat Damage Step
Phase: Ai(2)-Destyn_Turtles' End of Combat Step
Phase: Ai(2)-Destyn_Turtles' Main phase, postcombat
Mana: Dragonskull Summit (148) - {T}: Add {B} or {R}.
Mana: Sodden Verdure (182) - {T}: Add {G}.
Mana: Sol Ring (154) - {T}: Add {C}{C}.
Add To Stack: Ai(2)-Destyn_Turtles cast Corpsejack Menace
Resolve Stack: Corpsejack Menace - Creature 4 / 4
Phase: Ai(2)-Destyn_Turtles' End step
Phase: Ai(2)-Destyn_Turtles' Cleanup step
Turn: Turn 20 (Ai(3)-GGS_Higure_only)
Phase: Ai(3)-GGS_Higure_only's Untap step
Phase: Ai(3)-GGS_Higure_only's Upkeep step
Phase: Ai(3)-GGS_Higure_only's Draw step
Mana: Mountain (296) - {T}: Add {R}.
Mana: Soporific Springs (289) - {T}: Add {U}.
Add To Stack: Ai(3)-GGS_Higure_only activated Goro-Goro and Satoru
Resolve Stack: Goro-Goro and Satoru (302) - Creatures you control gain haste until end of turn.
Phase: Ai(3)-GGS_Higure_only's Main phase, precombat
Land: Ai(3)-GGS_Higure_only played Bloodstained Mire (243)
Life: Life: Ai(3)-GGS_Higure_only 39 > 38
Zone Change: Bloodstained Mire (243) was put into Graveyard from Battlefield.
Add To Stack: Ai(3)-GGS_Higure_only activated Bloodstained Mire
Replacement Effect: Undercity Sewers enters tapped.
Resolve Stack: Bloodstained Mire (243) - Ai(3)-GGS_Higure_only searches their library for a Swamp or Mountain card, puts it onto the battlefield, then shuffles.
Add To Stack: Ai(3)-GGS_Higure_only triggered Undercity Sewers
Resolve Stack: Ai(3)-GGS_Higure_only surveiled 1 card(s) to the top of the library
Resolve Stack: When Undercity Sewers enters, surveil 1. (Look at the top card of your library. You may put it into your graveyard.) [Zone Changer: Undercity Sewers (205)]
Phase: Ai(3)-GGS_Higure_only's Beginning of Combat Step
Phase: Ai(3)-GGS_Higure_only's Declare Attackers Step
Combat: Ai(3)-GGS_Higure_only assigned Goro-Goro and Satoru (302) to attack Ai(1)-Gabe_Food.
Phase: Ai(3)-GGS_Higure_only's Declare Blockers Step
Combat: Ai(1)-Gabe_Food didn't block Goro-Goro and Satoru (302).
Mana: Command Tower (275) - {T}: Add one mana of any color in your commander's color identity.
Mana: Steam Vents (245) - {T}: Add {U}.
Add To Stack: Ai(3)-GGS_Higure_only activated Ingenious Infiltrator
Resolve Stack: Ingenious Infiltrator (228) - Ai(3)-GGS_Higure_only puts Ingenious Infiltrator (228) from their hand onto the battlefield tapped and attacking.
Phase: Ai(3)-GGS_Higure_only's First Strike Damage Step
Phase: Ai(3)-GGS_Higure_only's Combat Damage Step
Damage: Ingenious Infiltrator (228) deals 2 combat damage to Ai(1)-Gabe_Food.
Life: Life: Ai(1)-Gabe_Food 38 > 36
Add To Stack: Ai(3)-GGS_Higure_only triggered Ingenious Infiltrator
Resolve Stack: Whenever a Ninja you control deals combat damage to a player, draw a card. [Damage Source: Ingenious Infiltrator (228), Damaged: Ai(1)-Gabe_Food, Amount: 2]
Phase: Ai(3)-GGS_Higure_only's End of Combat Step
Phase: Ai(3)-GGS_Higure_only's Main phase, postcombat
Phase: Ai(3)-GGS_Higure_only's End step
Phase: Ai(3)-GGS_Higure_only's Cleanup step
Discard: Ai(3)-GGS_Higure_only discards Satoru, the Infiltrator (255).
Turn: Turn 21 (Ai(4)-Jaymie_Ezio)
Phase: Ai(4)-Jaymie_Ezio's Untap step
Phase: Ai(4)-Jaymie_Ezio's Upkeep step
Phase: Ai(4)-Jaymie_Ezio's Draw step
Phase: Ai(4)-Jaymie_Ezio's Main phase, precombat
Land: Ai(4)-Jaymie_Ezio played Island (336)
Mana: Plains (393) - {T}: Add {W}.
Mana: Island (337) - {T}: Add {U}.
Mana: Island (336) - {T}: Add {U}.
Add To Stack: Ai(4)-Jaymie_Ezio cast Flawless Maneuver
Resolve Stack: Flawless Maneuver (305) - Creatures you control gain indestructible until end of turn.
Phase: Ai(4)-Jaymie_Ezio's Beginning of Combat Step
Phase: Ai(4)-Jaymie_Ezio's Declare Attackers Step
Phase: Ai(4)-Jaymie_Ezio's Declare Blockers Step
Phase: Ai(4)-Jaymie_Ezio's First Strike Damage Step
Phase: Ai(4)-Jaymie_Ezio's Combat Damage Step
Phase: Ai(4)-Jaymie_Ezio's End of Combat Step
Phase: Ai(4)-Jaymie_Ezio's Main phase, postcombat
Mana: Boros Garrison (383) - {T}: Add {R}{W}.
Add To Stack: Ai(4)-Jaymie_Ezio cast Fellwar Stone
Resolve Stack: Fellwar Stone
Phase: Ai(4)-Jaymie_Ezio's End step
Phase: Ai(4)-Jaymie_Ezio's Cleanup step
Turn: Turn 22 (Ai(1)-Gabe_Food)
Phase: Ai(1)-Gabe_Food's Untap step
Phase: Ai(1)-Gabe_Food's Upkeep step
Mana: Graypelt Refuge (44) - {T}: Add {G} or {W}.
Mana: Swamp (62) - {T}: Add {B}.
Mana: Swamp (63) - {T}: Add {B}.
Add To Stack: Ai(1)-Gabe_Food cast Mortify targeting [Corpsejack Menace (151)]
Zone Change: Corpsejack Menace (151) was put into Graveyard from Battlefield.
Resolve Stack: Mortify (65) - Destroy Corpsejack Menace (151).
Phase: Ai(1)-Gabe_Food's Draw step
Phase: Ai(1)-Gabe_Food's Main phase, precombat
Land: Ai(1)-Gabe_Food played Forest (36)
Phase: Ai(1)-Gabe_Food's Beginning of Combat Step
Add To Stack: Ai(1)-Gabe_Food triggered Sam, Loyal Attendant
Resolve Stack: At the beginning of combat on your turn, create a Food token. (It's an artifact with "{2}, {T}, Sacrifice this token: You gain 3 life.") [Phase: Ai(1)-Gabe_Food]
Phase: Ai(1)-Gabe_Food's Declare Attackers Step
Combat: Ai(1)-Gabe_Food assigned Sam, Loyal Attendant (101) to attack Ai(4)-Jaymie_Ezio.
Phase: Ai(1)-Gabe_Food's Declare Blockers Step
Combat: Ai(4)-Jaymie_Ezio didn't block Sam, Loyal Attendant (101).
Phase: Ai(1)-Gabe_Food's First Strike Damage Step
Phase: Ai(1)-Gabe_Food's Combat Damage Step
Damage: Sam, Loyal Attendant (101) deals 2 combat damage to Ai(4)-Jaymie_Ezio.
Life: Life: Ai(4)-Jaymie_Ezio 36 > 34
Phase: Ai(1)-Gabe_Food's End of Combat Step
Phase: Ai(1)-Gabe_Food's Main phase, postcombat
Mana: Forest (36) - {T}: Add {G}.
Mana: Necroblossom Snarl (64) - {T}: Add {B} or {G}.
Mana: Canopy Vista (70) - {T}: Add {G}.
Add To Stack: Ai(1)-Gabe_Food cast Tireless Provisioner
Resolve Stack: Tireless Provisioner - Creature 3 / 2
Phase: Ai(1)-Gabe_Food's End step
Phase: Ai(1)-Gabe_Food's Cleanup step
Turn: Turn 23 (Ai(2)-Destyn_Turtles)
Phase: Ai(2)-Destyn_Turtles' Untap step
Phase: Ai(2)-Destyn_Turtles' Upkeep step
Phase: Ai(2)-Destyn_Turtles' Draw step
Phase: Ai(2)-Destyn_Turtles' Main phase, precombat
Replacement Effect: Rootbound Crag enters tapped unless you control a Mountain or a Forest.
Land: Ai(2)-Destyn_Turtles played Rootbound Crag (194)
Phase: Ai(2)-Destyn_Turtles' Beginning of Combat Step
Phase: Ai(2)-Destyn_Turtles' Declare Attackers Step
Phase: Ai(2)-Destyn_Turtles' Declare Blockers Step
Phase: Ai(2)-Destyn_Turtles' First Strike Damage Step
Phase: Ai(2)-Destyn_Turtles' Combat Damage Step
Phase: Ai(2)-Destyn_Turtles' End of Combat Step
Phase: Ai(2)-Destyn_Turtles' Main phase, postcombat
Mana: Rootbound Crag (194) - {T}: Add {R} or {G}.
Mana: Sol Ring (154) - {T}: Add {C}{C}.
Add To Stack: Ai(2)-Destyn_Turtles cast Michelangelo, the Heart
Resolve Stack: Michelangelo, the Heart - Creature 2 / 1
Phase: Ai(2)-Destyn_Turtles' End step
Phase: Ai(2)-Destyn_Turtles' Cleanup step
Turn: Turn 24 (Ai(3)-GGS_Higure_only)
Phase: Ai(3)-GGS_Higure_only's Untap step
Phase: Ai(3)-GGS_Higure_only's Upkeep step
Mana: Undercity Sewers (205) - {T}: Add {B}.
Mana: Command Tower (275) - {T}: Add one mana of any color in your commander's color identity.
Mana: Mountain (296) - {T}: Add {R}.
Mana: Soporific Springs (289) - {T}: Add {U}.
Add To Stack: Ai(3)-GGS_Higure_only cast Fell the Profane targeting [Tireless Provisioner (19)]
Zone Change: Tireless Provisioner (19) was put into Graveyard from Battlefield.
Resolve Stack: Fell the Profane (271) - Destroy Tireless Provisioner (19).
Phase: Ai(3)-GGS_Higure_only's Draw step
Phase: Ai(3)-GGS_Higure_only's Main phase, precombat
Phase: Ai(3)-GGS_Higure_only's Beginning of Combat Step
Phase: Ai(3)-GGS_Higure_only's Declare Attackers Step
Phase: Ai(3)-GGS_Higure_only's Declare Blockers Step
Phase: Ai(3)-GGS_Higure_only's First Strike Damage Step
Phase: Ai(3)-GGS_Higure_only's Combat Damage Step
Phase: Ai(3)-GGS_Higure_only's End of Combat Step
Phase: Ai(3)-GGS_Higure_only's Main phase, postcombat
Land: Ai(3)-GGS_Higure_only played Exotic Orchard (231)
Phase: Ai(3)-GGS_Higure_only's End step
Phase: Ai(3)-GGS_Higure_only's Cleanup step
Turn: Turn 25 (Ai(4)-Jaymie_Ezio)
Phase: Ai(4)-Jaymie_Ezio's Untap step
Phase: Ai(4)-Jaymie_Ezio's Upkeep step
Phase: Ai(4)-Jaymie_Ezio's Draw step
Phase: Ai(4)-Jaymie_Ezio's Main phase, precombat
Replacement Effect: Smoldering Marsh enters tapped unless you control two or more basic lands.
Land: Ai(4)-Jaymie_Ezio played Smoldering Marsh (374)
Mana: Fellwar Stone (379) - {T}: Add one mana of any color that a land an opponent controls could produce.
Mana: Plains (393) - {T}: Add {W}.
Mana: Boros Garrison (383) - {T}: Add {R}{W}.
Add To Stack: Ai(4)-Jaymie_Ezio cast Queen Marchesa
Resolve Stack: Queen Marchesa - Creature 3 / 3
Add To Stack: Ai(4)-Jaymie_Ezio triggered Queen Marchesa
Resolve Stack: When Queen Marchesa enters, you become the monarch. [Zone Changer: Queen Marchesa (334)]
Phase: Ai(4)-Jaymie_Ezio's Beginning of Combat Step
Phase: Ai(4)-Jaymie_Ezio's Declare Attackers Step
Combat: Ai(4)-Jaymie_Ezio assigned Queen Marchesa (334) to attack Ai(1)-Gabe_Food.
Phase: Ai(4)-Jaymie_Ezio's Declare Blockers Step
Combat: Ai(1)-Gabe_Food didn't block Queen Marchesa (334).
Phase: Ai(4)-Jaymie_Ezio's First Strike Damage Step
Phase: Ai(4)-Jaymie_Ezio's Combat Damage Step
Damage: Queen Marchesa (334) deals 3 combat damage to Ai(1)-Gabe_Food.
Life: Life: Ai(1)-Gabe_Food 36 > 33
Phase: Ai(4)-Jaymie_Ezio's End of Combat Step
Phase: Ai(4)-Jaymie_Ezio's Main phase, postcombat
Mana: Smoldering Marsh (374) - {T}: Add {B}.
Mana: Island (337) - {T}: Add {U}.
Add To Stack: Ai(4)-Jaymie_Ezio cast Ezio Auditore da Firenze
Resolve Stack: Ezio Auditore da Firenze - Creature 3 / 2
Phase: Ai(4)-Jaymie_Ezio's End step
Add To Stack: Ai(4)-Jaymie_Ezio triggered The Monarch
Resolve Stack: At the beginning of your end step, draw a card. [Phase: Ai(4)-Jaymie_Ezio]
Phase: Ai(4)-Jaymie_Ezio's Cleanup step
Turn: Turn 26 (Ai(1)-Gabe_Food)
Phase: Ai(1)-Gabe_Food's Untap step
Phase: Ai(1)-Gabe_Food's Upkeep step
Phase: Ai(1)-Gabe_Food's Draw step
Phase: Ai(1)-Gabe_Food's Main phase, precombat
Land: Ai(1)-Gabe_Food played Exotic Orchard (47)
Mana: Forest (36) - {T}: Add {G}.
Mana: Swamp (62) - {T}: Add {B}.
Mana: Swamp (63) - {T}: Add {B}.
Mana: Exotic Orchard (47) - {T}: Add one mana of any color that a land an opponent controls could produce.
Mana: Graypelt Refuge (44) - {T}: Add {G} or {W}.
Add To Stack: Ai(1)-Gabe_Food cast Motivated Pony
Resolve Stack: Motivated Pony - Creature 3 / 3
Phase: Ai(1)-Gabe_Food's Beginning of Combat Step
Add To Stack: Ai(1)-Gabe_Food triggered Sam, Loyal Attendant
Resolve Stack: At the beginning of combat on your turn, create a Food token. (It's an artifact with "{2}, {T}, Sacrifice this token: You gain 3 life.") [Phase: Ai(1)-Gabe_Food]
Phase: Ai(1)-Gabe_Food's Declare Attackers Step
Combat: Ai(1)-Gabe_Food assigned Sam, Loyal Attendant (101) to attack Ai(4)-Jaymie_Ezio.
Phase: Ai(1)-Gabe_Food's Declare Blockers Step
Combat: Ai(4)-Jaymie_Ezio didn't block Sam, Loyal Attendant (101).
Phase: Ai(1)-Gabe_Food's First Strike Damage Step
Phase: Ai(1)-Gabe_Food's Combat Damage Step
Damage: Sam, Loyal Attendant (101) deals 2 combat damage to Ai(4)-Jaymie_Ezio.
Life: Life: Ai(4)-Jaymie_Ezio 34 > 32
Add To Stack: Ai(4)-Jaymie_Ezio triggered The Monarch
Resolve Stack: Whenever a creature deals combat damage to you, its controller becomes the monarch. [Damage Source: Sam, Loyal Attendant (101), Damaged: Ai(4)-Jaymie_Ezio, Amount: 2]
Phase: Ai(1)-Gabe_Food's End of Combat Step
Phase: Ai(1)-Gabe_Food's Main phase, postcombat
Phase: Ai(1)-Gabe_Food's End step
Add To Stack: Ai(1)-Gabe_Food triggered The Monarch
Resolve Stack: At the beginning of your end step, draw a card. [Phase: Ai(1)-Gabe_Food]
Phase: Ai(1)-Gabe_Food's Cleanup step
Turn: Turn 27 (Ai(2)-Destyn_Turtles)
Phase: Ai(2)-Destyn_Turtles' Untap step
Phase: Ai(2)-Destyn_Turtles' Upkeep step
Phase: Ai(2)-Destyn_Turtles' Draw step
Phase: Ai(2)-Destyn_Turtles' Main phase, precombat
Land: Ai(2)-Destyn_Turtles played Exotic Orchard (142)
Phase: Ai(2)-Destyn_Turtles' Beginning of Combat Step
Add To Stack: Ai(2)-Destyn_Turtles activated Mole Module
Resolve Stack: Mole Module (165) - Mole Module (165) becomes an artifact creature until end of turn.
Phase: Ai(2)-Destyn_Turtles' Declare Attackers Step
Combat: Ai(2)-Destyn_Turtles assigned Mole Module (165) to attack Ai(1)-Gabe_Food.
Phase: Ai(2)-Destyn_Turtles' Declare Blockers Step
Combat: Ai(1)-Gabe_Food didn't block Mole Module (165).
Phase: Ai(2)-Destyn_Turtles' First Strike Damage Step
Phase: Ai(2)-Destyn_Turtles' Combat Damage Step
Damage: Mole Module (165) deals 6 combat damage to Ai(1)-Gabe_Food.
Life: Life: Ai(1)-Gabe_Food 33 > 27
Add To Stack: Ai(2)-Destyn_Turtles triggered Mole Module
Add To Stack: Ai(1)-Gabe_Food triggered The Monarch
Resolve Stack: Whenever a creature deals combat damage to you, its controller becomes the monarch. [Damage Source: Mole Module (165), Damaged: Ai(1)-Gabe_Food, Amount: 6]
Zone Change: Ai(2)-Destyn_Turtles milled Krang, the All-Powerful (123), Lessons from Life (174), Forest (137) and Rat King, Pale Piper (144).
Resolve Stack: Whenever this Vehicle deals combat damage to a player, mill four cards. You may put a permanent card from among them onto the battlefield. [Damage Source: Mole Module (165), Damaged: Ai(1)-Gabe_Food, Amount: 6]
Phase: Ai(2)-Destyn_Turtles' End of Combat Step
Phase: Ai(2)-Destyn_Turtles' Main phase, postcombat
Add To Stack: Ai(2)-Destyn_Turtles triggered Michelangelo, the Heart targeting [Mole Module (165)]
Resolve Stack: Raid (the Fridge) — At the beginning of your second main phase, if you attacked this turn, put a +1/+1 counter on target creature and create a Food token. (Targeting: [[Mole Module (165)]]) [Phase: Ai(2)-Destyn_Turtles]
Mana: Exotic Orchard (142) - {T}: Add one mana of any color that a land an opponent controls could produce.
Mana: Sol Ring (154) - {T}: Add {C}{C}.
Mana: Ash Barrens (171) - {T}: Add {C}.
Add To Stack: Ai(2)-Destyn_Turtles cast Leonardo, the Balance
Resolve Stack: Leonardo, the Balance - Creature 3 / 3
Mana: Mountain (187) - {T}: Add {R}.
Mana: Dragonskull Summit (148) - {T}: Add {B} or {R}.
Add To Stack: Ai(2)-Destyn_Turtles cast Tempestra, Dame of Games
Resolve Stack: Tempestra, Dame of Games - Creature 1 / 3
Phase: Ai(2)-Destyn_Turtles' End step
Add To Stack: Ai(2)-Destyn_Turtles triggered The Monarch
Resolve Stack: At the beginning of your end step, draw a card. [Phase: Ai(2)-Destyn_Turtles]
Add To Stack: Ai(2)-Destyn_Turtles triggered Krang, the All-Powerful
Add To Stack: Ai(2)-Destyn_Turtles triggered Krang, the All-Powerful
Resolve Stack: Whenever a player draws their second card each turn, put a +1/+1 counter on Krang. [Player: Ai(2)-Destyn_Turtles]
Resolve Stack: Whenever a player draws their second card each turn, put a +1/+1 counter on Krang. [Player: Ai(2)-Destyn_Turtles]
Phase: Ai(2)-Destyn_Turtles' Cleanup step
Turn: Turn 28 (Ai(3)-GGS_Higure_only)
Phase: Ai(3)-GGS_Higure_only's Untap step
Phase: Ai(3)-GGS_Higure_only's Upkeep step
Phase: Ai(3)-GGS_Higure_only's Draw step
Phase: Ai(3)-GGS_Higure_only's Main phase, precombat
Phase: Ai(3)-GGS_Higure_only's Beginning of Combat Step
Phase: Ai(3)-GGS_Higure_only's Declare Attackers Step
Phase: Ai(3)-GGS_Higure_only's Declare Blockers Step
Phase: Ai(3)-GGS_Higure_only's First Strike Damage Step
Phase: Ai(3)-GGS_Higure_only's Combat Damage Step
Phase: Ai(3)-GGS_Higure_only's End of Combat Step
Phase: Ai(3)-GGS_Higure_only's Main phase, postcombat
Mana: Exotic Orchard (231) - {T}: Add one mana of any color that a land an opponent controls could produce.
Mana: Soporific Springs (289) - {T}: Add {U}.
Mana: Mountain (296) - {T}: Add {R}.
Mana: Steam Vents (245) - {T}: Add {R}.
Mana: Undercity Sewers (205) - {T}: Add {B}.
Add To Stack: Ai(3)-GGS_Higure_only cast Fallen Shinobi
Resolve Stack: Fallen Shinobi - Creature 5 / 4
Phase: Ai(3)-GGS_Higure_only's End step
Phase: Ai(3)-GGS_Higure_only's Cleanup step
Turn: Turn 29 (Ai(4)-Jaymie_Ezio)
Phase: Ai(4)-Jaymie_Ezio's Untap step
Phase: Ai(4)-Jaymie_Ezio's Upkeep step
Add To Stack: Ai(4)-Jaymie_Ezio triggered Queen Marchesa
Resolve Stack: At the beginning of your upkeep, if an opponent is the monarch, create a 1/1 black Assassin creature token with deathtouch and haste. [Phase: Ai(4)-Jaymie_Ezio]
Mana: Fellwar Stone (379) - {T}: Add one mana of any color that a land an opponent controls could produce.
Mana: Smoldering Marsh (374) - {T}: Add {B}.
Resolve Stack: Ai(4)-Jaymie_Ezio has undisguised Aveline de Grandpré
Phase: Ai(4)-Jaymie_Ezio's Draw step
Phase: Ai(4)-Jaymie_Ezio's Main phase, precombat
Replacement Effect: As Foreboding Ruins enters, you may reveal a Swamp or Mountain card from your hand. If you don't, Foreboding Ruins enters tapped.
Land: Ai(4)-Jaymie_Ezio played Foreboding Ruins (371)
Mana: Plains (393) - {T}: Add {W}.
Mana: Boros Garrison (383) - {T}: Add {R}{W}.
Add To Stack: Ai(4)-Jaymie_Ezio activated Caduceus, Staff of Hermes targeting [Aveline de Grandpré (356)]
Resolve Stack: Caduceus, Staff of Hermes (320) -  Attach to Aveline de Grandpré (356)
Phase: Ai(4)-Jaymie_Ezio's Beginning of Combat Step
Phase: Ai(4)-Jaymie_Ezio's Declare Attackers Step
Combat: Ai(4)-Jaymie_Ezio assigned Aveline de Grandpré (356) and Assassin Token (475) to attack Ai(2)-Destyn_Turtles.
Phase: Ai(4)-Jaymie_Ezio's Declare Blockers Step
Combat: Ai(2)-Destyn_Turtles didn't block Aveline de Grandpré (356).
Ai(2)-Destyn_Turtles didn't block Assassin Token (475).
Phase: Ai(4)-Jaymie_Ezio's First Strike Damage Step
Phase: Ai(4)-Jaymie_Ezio's Combat Damage Step
Damage: Aveline de Grandpré (356) deals 8 combat damage to Ai(2)-Destyn_Turtles.
Life: Life: Ai(4)-Jaymie_Ezio 32 > 40
Damage: Assassin Token (475) deals 1 combat damage to Ai(2)-Destyn_Turtles.
Life: Life: Ai(2)-Destyn_Turtles 40 > 31
Add To Stack: Ai(4)-Jaymie_Ezio triggered Aveline de Grandpré
Add To Stack: Ai(4)-Jaymie_Ezio triggered Aveline de Grandpré
Add To Stack: Ai(2)-Destyn_Turtles triggered The Monarch
Add To Stack: Ai(2)-Destyn_Turtles triggered The Monarch
Resolve Stack: Whenever a creature deals combat damage to you, its controller becomes the monarch. [Damage Source: Assassin Token (475), Damaged: Ai(2)-Destyn_Turtles, Amount: 1]
Resolve Stack: Whenever a creature deals combat damage to you, its controller becomes the monarch. [Damage Source: Aveline de Grandpré (356), Damaged: Ai(2)-Destyn_Turtles, Amount: 8]
Resolve Stack: Whenever a creature you control with deathtouch deals combat damage to a player, put that many +1/+1 counters on that creature. [Damage Source: Assassin Token (475), Damaged: Ai(2)-Destyn_Turtles, Amount: 1]
Resolve Stack: Whenever a creature you control with deathtouch deals combat damage to a player, put that many +1/+1 counters on that creature. [Damage Source: Aveline de Grandpré (356), Damaged: Ai(2)-Destyn_Turtles, Amount: 8]
Phase: Ai(4)-Jaymie_Ezio's End of Combat Step
Phase: Ai(4)-Jaymie_Ezio's Main phase, postcombat
Phase: Ai(4)-Jaymie_Ezio's End step
Add To Stack: Ai(4)-Jaymie_Ezio triggered The Monarch
Resolve Stack: At the beginning of your end step, draw a card. [Phase: Ai(4)-Jaymie_Ezio]
Add To Stack: Ai(2)-Destyn_Turtles triggered Krang, the All-Powerful
Add To Stack: Ai(2)-Destyn_Turtles triggered Krang, the All-Powerful
Resolve Stack: Whenever a player draws their second card each turn, put a +1/+1 counter on Krang. [Player: Ai(4)-Jaymie_Ezio]
Resolve Stack: Whenever a player draws their second card each turn, put a +1/+1 counter on Krang. [Player: Ai(4)-Jaymie_Ezio]
Phase: Ai(4)-Jaymie_Ezio's Cleanup step
Turn: Turn 30 (Ai(1)-Gabe_Food)
Phase: Ai(1)-Gabe_Food's Untap step
Phase: Ai(1)-Gabe_Food's Upkeep step
Phase: Ai(1)-Gabe_Food's Draw step
Phase: Ai(1)-Gabe_Food's Main phase, precombat
Mana: Swamp (62) - {T}: Add {B}.
Mana: Exotic Orchard (47) - {T}: Add one mana of any color that a land an opponent controls could produce.
Add To Stack: Ai(1)-Gabe_Food cast Pippin, Warden of Isengard
Resolve Stack: Pippin, Warden of Isengard - Creature 2 / 2
Add To Stack: Ai(1)-Gabe_Food triggered Pippin, Warden of Isengard targeting [Ai(1)-Gabe_Food]
Resolve Stack: Partner with Merry, Warden of Isengard (When this creature enters, target player may put Merry into their hand from their library, then shuffle.) (Targeting: [[Ai(1)-Gabe_Food]]) [Zone Changer: Pippin, Warden of Isengard (40)]
Phase: Ai(1)-Gabe_Food's Beginning of Combat Step
Add To Stack: Ai(1)-Gabe_Food triggered Sam, Loyal Attendant
Resolve Stack: At the beginning of combat on your turn, create a Food token. (It's an artifact with "{2}, {T}, Sacrifice this token: You gain 3 life.") [Phase: Ai(1)-Gabe_Food]
Phase: Ai(1)-Gabe_Food's Declare Attackers Step
Phase: Ai(1)-Gabe_Food's Declare Blockers Step
Phase: Ai(1)-Gabe_Food's First Strike Damage Step
Phase: Ai(1)-Gabe_Food's Combat Damage Step
Phase: Ai(1)-Gabe_Food's End of Combat Step
Phase: Ai(1)-Gabe_Food's Main phase, postcombat
Mana: Swamp (63) - {T}: Add {B}.
Mana: Forest (36) - {T}: Add {G}.
Mana: Necroblossom Snarl (64) - {T}: Add {B} or {G}.
Add To Stack: Ai(1)-Gabe_Food cast Savvy Hunter
Resolve Stack: Savvy Hunter - Creature 3 / 3
Mana: Graypelt Refuge (44) - {T}: Add {G} or {W}.
Add To Stack: Ai(1)-Gabe_Food cast Essence Warden
Resolve Stack: Essence Warden - Creature 1 / 1
Phase: Ai(1)-Gabe_Food's End step
Phase: Ai(1)-Gabe_Food's Cleanup step
Turn: Turn 31 (Ai(2)-Destyn_Turtles)
Phase: Ai(2)-Destyn_Turtles' Untap step
Phase: Ai(2)-Destyn_Turtles' Upkeep step
Phase: Ai(2)-Destyn_Turtles' Draw step
Phase: Ai(2)-Destyn_Turtles' Main phase, precombat
Mana: Exotic Orchard (142) - {T}: Add one mana of any color that a land an opponent controls could produce.
Mana: Sodden Verdure (182) - {T}: Add {U}.
Mana: Rootbound Crag (194) - {T}: Add {R} or {G}.
Mana: Dragonskull Summit (148) - {T}: Add {B} or {R}.
Mana: Mountain (187) - {T}: Add {R}.
Add To Stack: Ai(2)-Destyn_Turtles cast Heroes in a Half Shell
Resolve Stack: Heroes in a Half Shell - Creature 5 / 5
Add To Stack: Ai(1)-Gabe_Food triggered Essence Warden
Life: Life: Ai(1)-Gabe_Food 27 > 28
Resolve Stack: Whenever another creature enters, you gain 1 life. [Zone Changer: Heroes in a Half Shell (173)]
Phase: Ai(2)-Destyn_Turtles' Beginning of Combat Step
Phase: Ai(2)-Destyn_Turtles' Declare Attackers Step
Phase: Ai(2)-Destyn_Turtles' Declare Blockers Step
Phase: Ai(2)-Destyn_Turtles' First Strike Damage Step
Phase: Ai(2)-Destyn_Turtles' Combat Damage Step
Phase: Ai(2)-Destyn_Turtles' End of Combat Step
Phase: Ai(2)-Destyn_Turtles' Main phase, postcombat
Phase: Ai(2)-Destyn_Turtles' End step
Phase: Ai(2)-Destyn_Turtles' Cleanup step
Turn: Turn 32 (Ai(3)-GGS_Higure_only)
Phase: Ai(3)-GGS_Higure_only's Untap step
Phase: Ai(3)-GGS_Higure_only's Upkeep step
Phase: Ai(3)-GGS_Higure_only's Draw step
Phase: Ai(3)-GGS_Higure_only's Main phase, precombat
Land: Ai(3)-GGS_Higure_only played City of Brass (236)
Phase: Ai(3)-GGS_Higure_only's Beginning of Combat Step
Phase: Ai(3)-GGS_Higure_only's Declare Attackers Step
Phase: Ai(3)-GGS_Higure_only's Declare Blockers Step
Phase: Ai(3)-GGS_Higure_only's First Strike Damage Step
Phase: Ai(3)-GGS_Higure_only's Combat Damage Step
Phase: Ai(3)-GGS_Higure_only's End of Combat Step
Phase: Ai(3)-GGS_Higure_only's Main phase, postcombat
Mana: Mountain (296) - {T}: Add {R}.
Mana: Soporific Springs (289) - {T}: Add {U}.
Mana: Exotic Orchard (231) - {T}: Add one mana of any color that a land an opponent controls could produce.
Mana: Steam Vents (245) - {T}: Add {R}.
Mana: Undercity Sewers (205) - {T}: Add {B}.
Add To Stack: Ai(3)-GGS_Higure_only cast Karlach, Fury of Avernus
Resolve Stack: Karlach, Fury of Avernus - Creature 5 / 4
Add To Stack: Ai(1)-Gabe_Food triggered Essence Warden
Life: Life: Ai(1)-Gabe_Food 28 > 29
Resolve Stack: Whenever another creature enters, you gain 1 life. [Zone Changer: Karlach, Fury of Avernus (212)]
Phase: Ai(3)-GGS_Higure_only's End step
Phase: Ai(3)-GGS_Higure_only's Cleanup step
Turn: Turn 33 (Ai(4)-Jaymie_Ezio)
Phase: Ai(4)-Jaymie_Ezio's Untap step
Phase: Ai(4)-Jaymie_Ezio's Upkeep step
Phase: Ai(4)-Jaymie_Ezio's Draw step
Phase: Ai(4)-Jaymie_Ezio's Main phase, precombat
Land: Ai(4)-Jaymie_Ezio played Eiganjo, Seat of the Empire (319)
Phase: Ai(4)-Jaymie_Ezio's Beginning of Combat Step
Phase: Ai(4)-Jaymie_Ezio's Declare Attackers Step
Combat: Ai(4)-Jaymie_Ezio assigned Aveline de Grandpré (356) and Assassin Token (475) to attack Ai(2)-Destyn_Turtles.
Phase: Ai(4)-Jaymie_Ezio's Declare Blockers Step
Combat: Ai(2)-Destyn_Turtles didn't block Aveline de Grandpré (356).
Ai(2)-Destyn_Turtles assigned Michelangelo, the Heart (200) to block Assassin Token (475).
Phase: Ai(4)-Jaymie_Ezio's First Strike Damage Step
Phase: Ai(4)-Jaymie_Ezio's Combat Damage Step
Damage: Aveline de Grandpré (356) deals 16 combat damage to Ai(2)-Destyn_Turtles.
Life: Life: Ai(4)-Jaymie_Ezio 40 > 56
Damage: Assassin Token (475) deals 2 damage (Deathtouch) to Michelangelo, the Heart (200).
Damage: Michelangelo, the Heart (200) deals 2 damage to Assassin Token (475).
Life: Life: Ai(2)-Destyn_Turtles 31 > 15
Zone Change: Assassin Token (475) was put into Graveyard from Battlefield.
Zone Change: Michelangelo, the Heart (200) was put into Graveyard from Battlefield.
Add To Stack: Ai(4)-Jaymie_Ezio triggered Aveline de Grandpré
Resolve Stack: Whenever a creature you control with deathtouch deals combat damage to a player, put that many +1/+1 counters on that creature. [Damage Source: Aveline de Grandpré (356), Damaged: Ai(2)-Destyn_Turtles, Amount: 16]
Phase: Ai(4)-Jaymie_Ezio's End of Combat Step
Phase: Ai(4)-Jaymie_Ezio's Main phase, postcombat
Mana: Fellwar Stone (379) - {T}: Add one mana of any color that a land an opponent controls could produce.
Mana: Foreboding Ruins (371) - {T}: Add {B} or {R}.
Add To Stack: Ai(4)-Jaymie_Ezio cast Mari, the Killing Quill
Resolve Stack: Mari, the Killing Quill - Creature 3 / 2
Add To Stack: Ai(1)-Gabe_Food triggered Essence Warden
Life: Life: Ai(1)-Gabe_Food 29 > 30
Resolve Stack: Whenever another creature enters, you gain 1 life. [Zone Changer: Mari, the Killing Quill (373)]
Mana: Boros Garrison (383) - {T}: Add {R}{W}.
Mana: Plains (393) - {T}: Add {W}.
Mana: Eiganjo, Seat of the Empire (319) - {T}: Add {W}.
Add To Stack: Ai(4)-Jaymie_Ezio cast Origin of the Hidden Ones
Replacement Effect: Origin of the Hidden Ones enters with a lore counter on it.
Resolve Stack: Origin of the Hidden Ones
Add To Stack: Ai(4)-Jaymie_Ezio triggered Origin of the Hidden Ones targeting [Leonardo, the Balance (202)]
Damage: Origin of the Hidden Ones (389) deals 4 damage to Leonardo, the Balance (202).
Resolve Stack: I — Origin of the Hidden Ones deals 4 damage to any target. (Targeting: [[Leonardo, the Balance (202)]]) [Added once: Origin of the Hidden Ones (389)]
Zone Change: Leonardo, the Balance (202) was put into Graveyard from Battlefield.
Add To Stack: Ai(4)-Jaymie_Ezio triggered Mari, the Killing Quill
Resolve Stack: Whenever a creature an opponent controls dies, exile it with a hit counter on it. [Zone Changer: Leonardo, the Balance (202)]
Mana: Smoldering Marsh (374) - {T}: Add {B}.
Mana: Island (337) - {T}: Add {U}.
Add To Stack: Ai(4)-Jaymie_Ezio cast Basim Ibn Ishaq
Resolve Stack: Basim Ibn Ishaq - Creature 2 / 2
Add To Stack: Ai(1)-Gabe_Food triggered Essence Warden
Life: Life: Ai(1)-Gabe_Food 30 > 31
Resolve Stack: Whenever another creature enters, you gain 1 life. [Zone Changer: Basim Ibn Ishaq (342)]
Phase: Ai(4)-Jaymie_Ezio's End step
Add To Stack: Ai(4)-Jaymie_Ezio triggered The Monarch
Resolve Stack: At the beginning of your end step, draw a card. [Phase: Ai(4)-Jaymie_Ezio]
Add To Stack: Ai(2)-Destyn_Turtles triggered Krang, the All-Powerful
Add To Stack: Ai(2)-Destyn_Turtles triggered Krang, the All-Powerful
Resolve Stack: Whenever a player draws their second card each turn, put a +1/+1 counter on Krang. [Player: Ai(4)-Jaymie_Ezio]
Resolve Stack: Whenever a player draws their second card each turn, put a +1/+1 counter on Krang. [Player: Ai(4)-Jaymie_Ezio]
Phase: Ai(4)-Jaymie_Ezio's Cleanup step
Turn: Turn 34 (Ai(1)-Gabe_Food)
Phase: Ai(1)-Gabe_Food's Untap step
Phase: Ai(1)-Gabe_Food's Upkeep step
Phase: Ai(1)-Gabe_Food's Draw step
Phase: Ai(1)-Gabe_Food's Main phase, precombat
Mana: Forest (36) - {T}: Add {G}.
Mana: Swamp (62) - {T}: Add {B}.
Add To Stack: Ai(1)-Gabe_Food cast Farseek
Replacement Effect: Scattered Groves enters tapped.
Resolve Stack: Farseek (27) - Ai(1)-Gabe_Food searches their library for a Plains, Island, Swamp or Mountain card, puts it onto the battlefield tapped, then shuffles.
Phase: Ai(1)-Gabe_Food's Beginning of Combat Step
Add To Stack: Ai(1)-Gabe_Food triggered Sam, Loyal Attendant
Resolve Stack: At the beginning of combat on your turn, create a Food token. (It's an artifact with "{2}, {T}, Sacrifice this token: You gain 3 life.") [Phase: Ai(1)-Gabe_Food]
Phase: Ai(1)-Gabe_Food's Declare Attackers Step
Phase: Ai(1)-Gabe_Food's Declare Blockers Step
Phase: Ai(1)-Gabe_Food's First Strike Damage Step
Phase: Ai(1)-Gabe_Food's Combat Damage Step
Phase: Ai(1)-Gabe_Food's End of Combat Step
Phase: Ai(1)-Gabe_Food's Main phase, postcombat
Mana: Swamp (63) - {T}: Add {B}.
Mana: Exotic Orchard (47) - {T}: Add one mana of any color that a land an opponent controls could produce.
Mana: Necroblossom Snarl (64) - {T}: Add {B} or {G}.
Add To Stack: Ai(1)-Gabe_Food cast Lobelia, Defender of Bag End
Resolve Stack: Lobelia, Defender of Bag End - Creature 2 / 2
Add To Stack: Ai(1)-Gabe_Food triggered Essence Warden
Add To Stack: Ai(1)-Gabe_Food triggered Lobelia, Defender of Bag End
Resolve Stack: When Lobelia enters, look at the top card of each opponent's library and exile those cards face down. [Zone Changer: Lobelia, Defender of Bag End (4)]
Life: Life: Ai(1)-Gabe_Food 31 > 32
Resolve Stack: Whenever another creature enters, you gain 1 life. [Zone Changer: Lobelia, Defender of Bag End (4)]
Phase: Ai(1)-Gabe_Food's End step
Phase: Ai(1)-Gabe_Food's Cleanup step
Turn: Turn 35 (Ai(2)-Destyn_Turtles)
Phase: Ai(2)-Destyn_Turtles' Untap step
Phase: Ai(2)-Destyn_Turtles' Upkeep step
Phase: Ai(2)-Destyn_Turtles' Draw step
Phase: Ai(2)-Destyn_Turtles' Main phase, precombat
Phase: Ai(2)-Destyn_Turtles' Beginning of Combat Step
Phase: Ai(2)-Destyn_Turtles' Declare Attackers Step
Mana: Graypelt Refuge (44) - {T}: Add {G} or {W}.
Add To Stack: Ai(1)-Gabe_Food activated Pippin, Warden of Isengard
Resolve Stack: Pippin, Warden of Isengard (40) - Ai(1)-Gabe_Food creates a Food Token.
Phase: Ai(2)-Destyn_Turtles' Declare Blockers Step
Phase: Ai(2)-Destyn_Turtles' First Strike Damage Step
Phase: Ai(2)-Destyn_Turtles' Combat Damage Step
Phase: Ai(2)-Destyn_Turtles' End of Combat Step
Phase: Ai(2)-Destyn_Turtles' Main phase, postcombat
Replacement Effect: Thriving Moor enters tapped.
Replacement Effect: As Thriving Moor enters, choose a color other than black.
Land: Ai(2)-Destyn_Turtles played Thriving Moor (197)
Mana: Exotic Orchard (142) - {T}: Add one mana of any color that a land an opponent controls could produce.
Mana: Sol Ring (154) - {T}: Add {C}{C}.
Mana: Ash Barrens (171) - {T}: Add {C}.
Mana: Mountain (187) - {T}: Add {R}.
Mana: Rootbound Crag (194) - {T}: Add {R} or {G}.
Add To Stack: Ai(2)-Destyn_Turtles cast Leonardo, the Balance
Resolve Stack: Leonardo, the Balance - Creature 3 / 3
Add To Stack: Ai(1)-Gabe_Food triggered Essence Warden
Life: Life: Ai(1)-Gabe_Food 32 > 33
Resolve Stack: Whenever another creature enters, you gain 1 life. [Zone Changer: Leonardo, the Balance (202)]
Phase: Ai(2)-Destyn_Turtles' End step
Phase: Ai(2)-Destyn_Turtles' Cleanup step
Turn: Turn 36 (Ai(3)-GGS_Higure_only)
Phase: Ai(3)-GGS_Higure_only's Untap step
Phase: Ai(3)-GGS_Higure_only's Upkeep step
Phase: Ai(3)-GGS_Higure_only's Draw step
Phase: Ai(3)-GGS_Higure_only's Main phase, precombat
Phase: Ai(3)-GGS_Higure_only's Beginning of Combat Step
Phase: Ai(3)-GGS_Higure_only's Declare Attackers Step
Phase: Ai(3)-GGS_Higure_only's Declare Blockers Step
Phase: Ai(3)-GGS_Higure_only's First Strike Damage Step
Phase: Ai(3)-GGS_Higure_only's Combat Damage Step
Phase: Ai(3)-GGS_Higure_only's End of Combat Step
Phase: Ai(3)-GGS_Higure_only's Main phase, postcombat
Mana: Exotic Orchard (231) - {T}: Add one mana of any color that a land an opponent controls could produce.
Mana: Mountain (296) - {T}: Add {R}.
Mana: Soporific Springs (289) - {T}: Add {U}.
Add To Stack: Ai(3)-GGS_Higure_only cast Goro-Goro and Satoru
Resolve Stack: Goro-Goro and Satoru - Creature 3 / 4
Add To Stack: Ai(1)-Gabe_Food triggered Essence Warden
Mana: Steam Vents (245) - {T}: Add {R}.
Mana: Undercity Sewers (205) - {T}: Add {B}.
Mana: Command Tower (275) - {T}: Add one mana of any color in your commander's color identity.
Discard: Ai(3)-GGS_Higure_only discards Xander's Lounge (288).
Add To Stack: Ai(3)-GGS_Higure_only activated Xander's Lounge
Resolve Stack: Xander's Lounge (288) - Ai(3)-GGS_Higure_only draws a card.
Add To Stack: Ai(2)-Destyn_Turtles triggered Krang, the All-Powerful
Add To Stack: Ai(2)-Destyn_Turtles triggered Krang, the All-Powerful
Resolve Stack: Whenever a player draws their second card each turn, put a +1/+1 counter on Krang. [Player: Ai(3)-GGS_Higure_only]
Resolve Stack: Whenever a player draws their second card each turn, put a +1/+1 counter on Krang. [Player: Ai(3)-GGS_Higure_only]
Life: Life: Ai(1)-Gabe_Food 33 > 34
Resolve Stack: Whenever another creature enters, you gain 1 life. [Zone Changer: Goro-Goro and Satoru (302)]
Phase: Ai(3)-GGS_Higure_only's End step
Phase: Ai(3)-GGS_Higure_only's Cleanup step
Turn: Turn 37 (Ai(4)-Jaymie_Ezio)
Phase: Ai(4)-Jaymie_Ezio's Untap step
Phase: Ai(4)-Jaymie_Ezio's Upkeep step
Phase: Ai(4)-Jaymie_Ezio's Draw step
Phase: Ai(4)-Jaymie_Ezio's Main phase, precombat
Add To Stack: Ai(4)-Jaymie_Ezio triggered Origin of the Hidden Ones
Resolve Stack: II — Create two 1/1 black Assassin creature tokens with menace. [Added once: Origin of the Hidden Ones (389)]
Add To Stack: Ai(1)-Gabe_Food triggered Essence Warden
Add To Stack: Ai(1)-Gabe_Food triggered Essence Warden
Life: Life: Ai(1)-Gabe_Food 34 > 35
Resolve Stack: Whenever another creature enters, you gain 1 life. [Zone Changer: Assassin Token (501)]
Life: Life: Ai(1)-Gabe_Food 35 > 36
Resolve Stack: Whenever another creature enters, you gain 1 life. [Zone Changer: Assassin Token (500)]
Phase: Ai(4)-Jaymie_Ezio's Beginning of Combat Step
Phase: Ai(4)-Jaymie_Ezio's Declare Attackers Step
Combat: Ai(4)-Jaymie_Ezio assigned Aveline de Grandpré (356), Queen Marchesa (334), Ezio Auditore da Firenze (403), Mari, the Killing Quill (373) and Basim Ibn Ishaq (342) to attack Ai(1)-Gabe_Food.
Mana: Canopy Vista (70) - {T}: Add {G}.
Zone Change: Food Token (407) was put into Graveyard from Battlefield.
Add To Stack: Ai(1)-Gabe_Food activated Food Token
Life: Life: Ai(1)-Gabe_Food 36 > 39
Resolve Stack: Food Token (407) - Ai(1)-Gabe_Food gains 3 life.
Phase: Ai(4)-Jaymie_Ezio's Declare Blockers Step
Combat: Ai(1)-Gabe_Food didn't block Aveline de Grandpré (356).
Ai(1)-Gabe_Food assigned Savvy Hunter (23) to block Queen Marchesa (334).
Ai(1)-Gabe_Food didn't block Ezio Auditore da Firenze (403).
Ai(1)-Gabe_Food assigned Lobelia, Defender of Bag End (4) to block Mari, the Killing Quill (373).
Ai(1)-Gabe_Food assigned Sam, Loyal Attendant (101) to block Basim Ibn Ishaq (342).
Add To Stack: Ai(1)-Gabe_Food triggered Savvy Hunter
Resolve Stack: Whenever Savvy Hunter attacks or blocks, create a Food token. (It's an artifact with "{2}, {T}, Sacrifice this token: You gain 3 life.") [Blocker: Savvy Hunter (23)]
Phase: Ai(4)-Jaymie_Ezio's First Strike Damage Step
Phase: Ai(4)-Jaymie_Ezio's Combat Damage Step
Damage: Aveline de Grandpré (356) deals 32 combat damage to Ai(1)-Gabe_Food.
Life: Life: Ai(4)-Jaymie_Ezio 56 > 88
Damage: Queen Marchesa (334) deals 3 damage (Deathtouch) to Savvy Hunter (23).
Damage: Ezio Auditore da Firenze (403) deals 3 combat damage to Ai(1)-Gabe_Food.
Damage: Mari, the Killing Quill (373) deals 3 damage (Deathtouch) to Lobelia, Defender of Bag End (4).
Damage: Basim Ibn Ishaq (342) deals 2 damage (Deathtouch) to Sam, Loyal Attendant (101).
Damage: Lobelia, Defender of Bag End (4) deals 2 damage to Mari, the Killing Quill (373).
Damage: Sam, Loyal Attendant (101) deals 2 damage to Basim Ibn Ishaq (342).
Damage: Savvy Hunter (23) deals 3 damage to Queen Marchesa (334).
Life: Life: Ai(1)-Gabe_Food 39 > 4
Zone Change: Queen Marchesa (334) was put into Graveyard from Battlefield.
Zone Change: Mari, the Killing Quill (373) was put into Graveyard from Battlefield.
Zone Change: Basim Ibn Ishaq (342) was put into Graveyard from Battlefield.
Zone Change: Sam, Loyal Attendant (101) was put into Graveyard from Battlefield.
Zone Change: Savvy Hunter (23) was put into Graveyard from Battlefield.
Zone Change: Lobelia, Defender of Bag End (4) was put into Graveyard from Battlefield.
Add To Stack: Ai(4)-Jaymie_Ezio triggered Aveline de Grandpré
Add To Stack: Ai(4)-Jaymie_Ezio triggered Ezio Auditore da Firenze
Add To Stack: Ai(4)-Jaymie_Ezio triggered Ezio Auditore da Firenze
Add To Stack: Ai(4)-Jaymie_Ezio triggered Mari, the Killing Quill
Add To Stack: Ai(4)-Jaymie_Ezio triggered Mari, the Killing Quill
Add To Stack: Ai(4)-Jaymie_Ezio triggered Mari, the Killing Quill
Add To Stack: Ai(4)-Jaymie_Ezio triggered Aveline de Grandpré
Add To Stack: Ai(4)-Jaymie_Ezio triggered Aveline de Grandpré
Resolve Stack: Whenever a creature you control with deathtouch deals combat damage to a player, put that many +1/+1 counters on that creature. [Damage Source: Ezio Auditore da Firenze (403), Damaged: Ai(1)-Gabe_Food, Amount: 3]
Resolve Stack: Whenever a creature you control with deathtouch deals combat damage to a player, put that many +1/+1 counters on that creature. [Damage Source: Aveline de Grandpré (356), Damaged: Ai(1)-Gabe_Food, Amount: 32]
Resolve Stack: Whenever a creature an opponent controls dies, exile it with a hit counter on it. [Zone Changer: Lobelia, Defender of Bag End (4)]
Resolve Stack: Whenever a creature an opponent controls dies, exile it with a hit counter on it. [Zone Changer: Savvy Hunter (23)]
Resolve Stack: Whenever a creature an opponent controls dies, exile it with a hit counter on it. [Zone Changer: Sam, Loyal Attendant (101)]
Resolve Stack: Whenever this creature deals combat damage to a player, you may remove a hit counter from a card that player owns in exile. If you do, draw a card and create two Treasure tokens. [Damage Source: Ezio Auditore da Firenze (403), Damaged: Ai(1)-Gabe_Food, Amount: 3]
Mana: Fellwar Stone (379) - {T}: Add one mana of any color that a land an opponent controls could produce.
Mana: Island (337) - {T}: Add {U}.
Mana: Foreboding Ruins (371) - {T}: Add {B} or {R}.
Mana: Boros Garrison (383) - {T}: Add {R}{W}.
Resolve Stack: Whenever Ezio deals combat damage to a player, you may pay {W}{U}{B}{R}{G} if that player has 10 or less life. When you do, that player loses the game. [Damage Source: Ezio Auditore da Firenze (403), Damaged: Ai(1)-Gabe_Food, Amount: 3]
Add To Stack: Ai(4)-Jaymie_Ezio triggered Ezio Auditore da Firenze
Resolve Stack: When you do, that player loses the game.
Resolve Stack: Whenever this creature deals combat damage to a player, you may remove a hit counter from a card that player owns in exile. If you do, draw a card and create two Treasure tokens. [Damage Source: Aveline de Grandpré (356), Damaged: Ai(1)-Gabe_Food, Amount: 32]
Phase: Ai(4)-Jaymie_Ezio's End of Combat Step
Phase: Ai(4)-Jaymie_Ezio's Main phase, postcombat
Mana: Island (336) - {T}: Add {U}.
Mana: Smoldering Marsh (374) - {T}: Add {B}.
Mana: Plains (393) - {T}: Add {W}.
Add To Stack: Ai(4)-Jaymie_Ezio cast Rooftop Bypass
Resolve Stack: Rooftop Bypass
Phase: Ai(4)-Jaymie_Ezio's End step
Add To Stack: Ai(4)-Jaymie_Ezio triggered The Monarch
Resolve Stack: At the beginning of your end step, draw a card. [Phase: Ai(4)-Jaymie_Ezio]
Add To Stack: Ai(2)-Destyn_Turtles triggered Krang, the All-Powerful
Add To Stack: Ai(2)-Destyn_Turtles triggered Krang, the All-Powerful
Resolve Stack: Whenever a player draws their second card each turn, put a +1/+1 counter on Krang. [Player: Ai(4)-Jaymie_Ezio]
Resolve Stack: Whenever a player draws their second card each turn, put a +1/+1 counter on Krang. [Player: Ai(4)-Jaymie_Ezio]
Phase: Ai(4)-Jaymie_Ezio's Cleanup step
Turn: Turn 38 (Ai(2)-Destyn_Turtles)
Phase: Ai(2)-Destyn_Turtles' Untap step
Phase: Ai(2)-Destyn_Turtles' Upkeep step
Mana: Exotic Orchard (142) - {T}: Add one mana of any color that a land an opponent controls could produce.
Mana: Sodden Verdure (182) - {T}: Add {U}.
Mana: Thriving Moor (197) - {T}: Add {B} or one mana of the chosen color.
Mana: Dragonskull Summit (148) - {T}: Add {B} or {R}.
Mana: Mountain (187) - {T}: Add {R}.
Add To Stack: Ai(2)-Destyn_Turtles activated Leonardo, the Balance
Resolve Stack: Leonardo, the Balance (202) - Creatures you control gain menace, trample, and lifelink until end of turn.
Phase: Ai(2)-Destyn_Turtles' Draw step
Phase: Ai(2)-Destyn_Turtles' Main phase, precombat
Phase: Ai(2)-Destyn_Turtles' Beginning of Combat Step
Phase: Ai(2)-Destyn_Turtles' Declare Attackers Step
Combat: Ai(2)-Destyn_Turtles assigned Krang, the All-Powerful (123), Leonardo, the Balance (202) and Heroes in a Half Shell (173) to attack Ai(4)-Jaymie_Ezio.
Phase: Ai(2)-Destyn_Turtles' Declare Blockers Step
Combat: Ai(4)-Jaymie_Ezio didn't block Krang, the All-Powerful (123).
Ai(4)-Jaymie_Ezio didn't block Leonardo, the Balance (202).
Ai(4)-Jaymie_Ezio didn't block Heroes in a Half Shell (173).
Phase: Ai(2)-Destyn_Turtles' First Strike Damage Step
Phase: Ai(2)-Destyn_Turtles' Combat Damage Step
Damage: Krang, the All-Powerful (123) deals 13 combat damage to Ai(4)-Jaymie_Ezio.
Life: Life: Ai(2)-Destyn_Turtles 15 > 28
Damage: Leonardo, the Balance (202) deals 3 combat damage to Ai(4)-Jaymie_Ezio.
Life: Life: Ai(2)-Destyn_Turtles 28 > 31
Damage: Heroes in a Half Shell (173) deals 5 combat damage to Ai(4)-Jaymie_Ezio.
Life: Life: Ai(2)-Destyn_Turtles 31 > 36
Life: Life: Ai(4)-Jaymie_Ezio 88 > 67
Add To Stack: Ai(2)-Destyn_Turtles triggered Heroes in a Half Shell
Add To Stack: Ai(4)-Jaymie_Ezio triggered The Monarch
Add To Stack: Ai(4)-Jaymie_Ezio triggered The Monarch
Add To Stack: Ai(4)-Jaymie_Ezio triggered The Monarch
Resolve Stack: Whenever a creature deals combat damage to you, its controller becomes the monarch. [Damage Source: Heroes in a Half Shell (173), Damaged: Ai(4)-Jaymie_Ezio, Amount: 5]
Resolve Stack: Whenever a creature deals combat damage to you, its controller becomes the monarch. [Damage Source: Leonardo, the Balance (202), Damaged: Ai(4)-Jaymie_Ezio, Amount: 3]
Resolve Stack: Whenever a creature deals combat damage to you, its controller becomes the monarch. [Damage Source: Krang, the All-Powerful (123), Damaged: Ai(4)-Jaymie_Ezio, Amount: 13]
Resolve Stack: Whenever one or more Mutants, Ninjas, and/or Turtles you control deal combat damage to a player, put a +1/+1 counter on each of those creatures and draw a card. [Damaged: Ai(4)-Jaymie_Ezio, Amount: 8]
Add To Stack: Ai(2)-Destyn_Turtles triggered Krang, the All-Powerful
Add To Stack: Ai(2)-Destyn_Turtles triggered Krang, the All-Powerful
Resolve Stack: Whenever a player draws their second card each turn, put a +1/+1 counter on Krang. [Player: Ai(2)-Destyn_Turtles]
Resolve Stack: Whenever a player draws their second card each turn, put a +1/+1 counter on Krang. [Player: Ai(2)-Destyn_Turtles]
Phase: Ai(2)-Destyn_Turtles' End of Combat Step
Phase: Ai(2)-Destyn_Turtles' Main phase, postcombat
Replacement Effect: Path of Ancestry enters tapped.
Land: Ai(2)-Destyn_Turtles played Path of Ancestry (113)
Mana: Rootbound Crag (194) - {T}: Add {R} or {G}.
Mana: Sol Ring (154) - {T}: Add {C}{C}.
Mana: Ash Barrens (171) - {T}: Add {C}.
Add To Stack: Ai(2)-Destyn_Turtles cast Michelangelo, the Heart
Resolve Stack: Michelangelo, the Heart - Creature 2 / 1
Phase: Ai(2)-Destyn_Turtles' End step
Add To Stack: Ai(2)-Destyn_Turtles triggered The Monarch
Resolve Stack: At the beginning of your end step, draw a card. [Phase: Ai(2)-Destyn_Turtles]
Phase: Ai(2)-Destyn_Turtles' Cleanup step
Turn: Turn 39 (Ai(3)-GGS_Higure_only)
Phase: Ai(3)-GGS_Higure_only's Untap step
Phase: Ai(3)-GGS_Higure_only's Upkeep step
Phase: Ai(3)-GGS_Higure_only's Draw step
Phase: Ai(3)-GGS_Higure_only's Main phase, precombat
Phase: Ai(3)-GGS_Higure_only's Beginning of Combat Step
Phase: Ai(3)-GGS_Higure_only's Declare Attackers Step
Phase: Ai(3)-GGS_Higure_only's Declare Blockers Step
Phase: Ai(3)-GGS_Higure_only's First Strike Damage Step
Phase: Ai(3)-GGS_Higure_only's Combat Damage Step
Phase: Ai(3)-GGS_Higure_only's End of Combat Step
Phase: Ai(3)-GGS_Higure_only's Main phase, postcombat
Mana: Exotic Orchard (231) - {T}: Add one mana of any color that a land an opponent controls could produce.
Mana: Mountain (296) - {T}: Add {R}.
Mana: Soporific Springs (289) - {T}: Add {U}.
Mana: Undercity Sewers (205) - {T}: Add {B}.
Add To Stack: Ai(3)-GGS_Higure_only cast Grim Hireling
Resolve Stack: Grim Hireling - Creature 3 / 2
Mana: Steam Vents (245) - {T}: Add {R}.
Mana: Command Tower (275) - {T}: Add one mana of any color in your commander's color identity.
Mana: City of Brass (236) - {T}: Add one mana of any color.
Add To Stack: Ai(3)-GGS_Higure_only cast Urabrask's Forge
Add To Stack: Ai(3)-GGS_Higure_only triggered City of Brass
Damage: City of Brass (236) deals 1 non-combat damage to Ai(3)-GGS_Higure_only.
Life: Life: Ai(3)-GGS_Higure_only 38 > 37
Resolve Stack: Whenever City of Brass becomes tapped, it deals 1 damage to you. [Tapped: City of Brass (236)]
Resolve Stack: Urabrask's Forge
Phase: Ai(3)-GGS_Higure_only's End step
Phase: Ai(3)-GGS_Higure_only's Cleanup step
Turn: Turn 40 (Ai(4)-Jaymie_Ezio)
Phase: Ai(4)-Jaymie_Ezio's Untap step
Phase: Ai(4)-Jaymie_Ezio's Upkeep step
Phase: Ai(4)-Jaymie_Ezio's Draw step
Phase: Ai(4)-Jaymie_Ezio's Main phase, precombat
Add To Stack: Ai(4)-Jaymie_Ezio triggered Origin of the Hidden Ones
Resolve Stack: III — Whenever an Assassin you control attacks this turn, create a 1/1 black Assassin creature token with menace that's tapped and attacking. [Added once: Origin of the Hidden Ones (389)]
Zone Change: Origin of the Hidden Ones (389) was put into Graveyard from Battlefield.
Phase: Ai(4)-Jaymie_Ezio's Beginning of Combat Step
Phase: Ai(4)-Jaymie_Ezio's Declare Attackers Step
Combat: Ai(4)-Jaymie_Ezio assigned Aveline de Grandpré (356) to attack Ai(2)-Destyn_Turtles.
Add To Stack: Ai(4)-Jaymie_Ezio triggered Origin of the Hidden Ones (389)'s Effect
Resolve Stack: Whenever an Assassin you control attacks this turn, create a 1/1 black Assassin creature token with menace that's tapped and attacking. [Attacker: Aveline de Grandpré (356)]
Phase: Ai(4)-Jaymie_Ezio's Declare Blockers Step
Combat: Ai(2)-Destyn_Turtles assigned Michelangelo, the Heart (200) to block Aveline de Grandpré (356).
Ai(2)-Destyn_Turtles assigned Heroes in a Half Shell (173) and Tempestra, Dame of Games (180) to block Assassin Token (508).
Phase: Ai(4)-Jaymie_Ezio's First Strike Damage Step
Phase: Ai(4)-Jaymie_Ezio's Combat Damage Step
Replacement Effect: Prevent all damage that would be dealt to Aveline de Grandpré.
Damage: Aveline de Grandpré (356) deals 64 damage (Deathtouch) to Michelangelo, the Heart (200).
Life: Life: Ai(4)-Jaymie_Ezio 67 > 131
Damage: Assassin Token (508) deals 1 damage to Heroes in a Half Shell (173).
Damage: Heroes in a Half Shell (173) deals 6 damage to Assassin Token (508).
Damage: Tempestra, Dame of Games (180) deals 1 damage to Assassin Token (508).
Zone Change: Assassin Token (508) was put into Graveyard from Battlefield.
Zone Change: Michelangelo, the Heart (200) was put into Graveyard from Battlefield.
Phase: Ai(4)-Jaymie_Ezio's End of Combat Step
Phase: Ai(4)-Jaymie_Ezio's Main phase, postcombat
Replacement Effect: Submerged Boneyard enters tapped.
Land: Ai(4)-Jaymie_Ezio played Submerged Boneyard (333)
Mana: Island (337) - {T}: Add {U}.
Mana: Fellwar Stone (379) - {T}: Add one mana of any color that a land an opponent controls could produce.
Mana: Plains (393) - {T}: Add {W}.
Mana: Eiganjo, Seat of the Empire (319) - {T}: Add {W}.
Mana: Island (336) - {T}: Add {U}.
Add To Stack: Ai(4)-Jaymie_Ezio cast Ezio, Blade of Vengeance
Resolve Stack: Ezio, Blade of Vengeance - Creature 5 / 5
Phase: Ai(4)-Jaymie_Ezio's End step
Phase: Ai(4)-Jaymie_Ezio's Cleanup step
Turn: Turn 41 (Ai(2)-Destyn_Turtles)
Phase: Ai(2)-Destyn_Turtles' Untap step
Phase: Ai(2)-Destyn_Turtles' Upkeep step
Phase: Ai(2)-Destyn_Turtles' Draw step
Mana: Exotic Orchard (142) - {T}: Add one mana of any color that a land an opponent controls could produce.
Mana: Thriving Moor (197) - {T}: Add {B} or one mana of the chosen color.
Add To Stack: Ai(2)-Destyn_Turtles cast Assassin's Trophy targeting [Ezio, Blade of Vengeance (343)]
Zone Change: Ezio, Blade of Vengeance (343) was put into Graveyard from Battlefield.
Resolve Stack: Assassin's Trophy (143) - Destroy Ezio, Blade of Vengeance (343). (OPTIONAL) Ai(2)-Destyn_Turtles searches Ai(4)-Jaymie_Ezio library for a basic land card, puts it onto the battlefield, then shuffles.
Phase: Ai(2)-Destyn_Turtles' Main phase, precombat
Land: Ai(2)-Destyn_Turtles played Plains (188)
Mana: Plains (188) - {T}: Add {W}.
Mana: Sodden Verdure (182) - {T}: Add {U}.
Mana: Rootbound Crag (194) - {T}: Add {R} or {G}.
Mana: Dragonskull Summit (148) - {T}: Add {B} or {R}.
Mana: Mountain (187) - {T}: Add {R}.
Add To Stack: Ai(2)-Destyn_Turtles activated Leonardo, the Balance
Resolve Stack: Leonardo, the Balance (202) - Creatures you control gain menace, trample, and lifelink until end of turn.
Phase: Ai(2)-Destyn_Turtles' Beginning of Combat Step
Phase: Ai(2)-Destyn_Turtles' Declare Attackers Step
Combat: Ai(2)-Destyn_Turtles assigned Krang, the All-Powerful (123) to attack Ai(4)-Jaymie_Ezio.
Phase: Ai(2)-Destyn_Turtles' Declare Blockers Step
Combat: Ai(4)-Jaymie_Ezio didn't block Krang, the All-Powerful (123).
Phase: Ai(2)-Destyn_Turtles' First Strike Damage Step
Phase: Ai(2)-Destyn_Turtles' Combat Damage Step
Damage: Krang, the All-Powerful (123) deals 15 combat damage to Ai(4)-Jaymie_Ezio.
Life: Life: Ai(2)-Destyn_Turtles 36 > 51
Life: Life: Ai(4)-Jaymie_Ezio 131 > 116
Phase: Ai(2)-Destyn_Turtles' End of Combat Step
Phase: Ai(2)-Destyn_Turtles' Main phase, postcombat
Phase: Ai(2)-Destyn_Turtles' End step
Add To Stack: Ai(2)-Destyn_Turtles triggered The Monarch
Resolve Stack: At the beginning of your end step, draw a card. [Phase: Ai(2)-Destyn_Turtles]
Add To Stack: Ai(2)-Destyn_Turtles triggered Krang, the All-Powerful
Add To Stack: Ai(2)-Destyn_Turtles triggered Krang, the All-Powerful
Resolve Stack: Whenever a player draws their second card each turn, put a +1/+1 counter on Krang. [Player: Ai(2)-Destyn_Turtles]
Resolve Stack: Whenever a player draws their second card each turn, put a +1/+1 counter on Krang. [Player: Ai(2)-Destyn_Turtles]
Phase: Ai(2)-Destyn_Turtles' Cleanup step
Turn: Turn 42 (Ai(3)-GGS_Higure_only)
Phase: Ai(3)-GGS_Higure_only's Untap step
Phase: Ai(3)-GGS_Higure_only's Upkeep step
Phase: Ai(3)-GGS_Higure_only's Draw step
Phase: Ai(3)-GGS_Higure_only's Main phase, precombat
Phase: Ai(3)-GGS_Higure_only's Beginning of Combat Step
Add To Stack: Ai(3)-GGS_Higure_only triggered Urabrask's Forge
Resolve Stack: At the beginning of combat on your turn, put an oil counter on Urabrask's Forge, then create an X/1 red Phyrexian Horror creature token with trample and haste, where X is the number of oil counters on Urabrask's Forge. Sacrifice that token at the beginning of the next end step. [Phase: Ai(3)-GGS_Higure_only]
Phase: Ai(3)-GGS_Higure_only's Declare Attackers Step
Combat: Ai(3)-GGS_Higure_only assigned Phyrexian Horror Token (510) to attack Ai(4)-Jaymie_Ezio.
Add To Stack: Ai(3)-GGS_Higure_only triggered Karlach, Fury of Avernus
Resolve Stack: Whenever you attack, if it's the first combat phase of the turn, untap all attacking creatures. They gain first strike until end of turn. After this phase, there is an additional combat phase. [Number Attackers: [Phyrexian Horror Token (510)]]
Phase: Ai(3)-GGS_Higure_only's Declare Blockers Step
Combat: Ai(4)-Jaymie_Ezio assigned Ezio Auditore da Firenze (403) to block Phyrexian Horror Token (510).
Phase: Ai(3)-GGS_Higure_only's First Strike Damage Step
Damage: Phyrexian Horror Token (510) deals 1 damage to Ezio Auditore da Firenze (403).
Phase: Ai(3)-GGS_Higure_only's Combat Damage Step
Damage: Ezio Auditore da Firenze (403) deals 6 damage to Phyrexian Horror Token (510).
Zone Change: Phyrexian Horror Token (510) was put into Graveyard from Battlefield.
Phase: Ai(3)-GGS_Higure_only's End of Combat Step
Phase: AdditionalAi(3)-GGS_Higure_only's Beginning of Combat Step
Add To Stack: Ai(3)-GGS_Higure_only triggered Urabrask's Forge
Resolve Stack: At the beginning of combat on your turn, put an oil counter on Urabrask's Forge, then create an X/1 red Phyrexian Horror creature token with trample and haste, where X is the number of oil counters on Urabrask's Forge. Sacrifice that token at the beginning of the next end step. [Phase: Ai(3)-GGS_Higure_only]
Phase: Ai(3)-GGS_Higure_only's Declare Attackers Step
Combat: Ai(3)-GGS_Higure_only assigned Phyrexian Horror Token (512) to attack Ai(4)-Jaymie_Ezio.
Phase: Ai(3)-GGS_Higure_only's Declare Blockers Step
Combat: Ai(4)-Jaymie_Ezio assigned Ezio Auditore da Firenze (403) to block Phyrexian Horror Token (512).
Phase: Ai(3)-GGS_Higure_only's First Strike Damage Step
Phase: Ai(3)-GGS_Higure_only's Combat Damage Step
Damage: Phyrexian Horror Token (512) deals 2 damage to Ezio Auditore da Firenze (403).
Damage: Ezio Auditore da Firenze (403) deals 6 damage to Phyrexian Horror Token (512).
Zone Change: Phyrexian Horror Token (512) was put into Graveyard from Battlefield.
Phase: Ai(3)-GGS_Higure_only's End of Combat Step
Phase: Ai(3)-GGS_Higure_only's Main phase, postcombat
Mana: Mountain (296) - {T}: Add {R}.
Mana: Exotic Orchard (231) - {T}: Add one mana of any color that a land an opponent controls could produce.
Mana: Soporific Springs (289) - {T}: Add {U}.
Mana: Undercity Sewers (205) - {T}: Add {B}.
Mana: Steam Vents (245) - {T}: Add {R}.
Mana: Command Tower (275) - {T}: Add one mana of any color in your commander's color identity.
Mana: City of Brass (236) - {T}: Add one mana of any color.
Add To Stack: Ai(3)-GGS_Higure_only cast Balefire Dragon
Add To Stack: Ai(3)-GGS_Higure_only triggered City of Brass
Damage: City of Brass (236) deals 1 non-combat damage to Ai(3)-GGS_Higure_only.
Life: Life: Ai(3)-GGS_Higure_only 37 > 36
Resolve Stack: Whenever City of Brass becomes tapped, it deals 1 damage to you. [Tapped: City of Brass (236)]
Resolve Stack: Balefire Dragon - Creature 6 / 6
Phase: Ai(3)-GGS_Higure_only's End step
Add To Stack: Ai(3)-GGS_Higure_only triggered Urabrask's Forge
Add To Stack: Ai(3)-GGS_Higure_only triggered Urabrask's Forge
Resolve Stack: Sacrifice Phyrexian Horror Token (512) at the beginning of the next end step. ([Phyrexian Horror Token (512)]) [Phase: Ai(3)-GGS_Higure_only]
Resolve Stack: Sacrifice Phyrexian Horror Token (510) at the beginning of the next end step. ([Phyrexian Horror Token (510)]) [Phase: Ai(3)-GGS_Higure_only]
Phase: Ai(3)-GGS_Higure_only's Cleanup step
Turn: Turn 43 (Ai(4)-Jaymie_Ezio)
Phase: Ai(4)-Jaymie_Ezio's Untap step
Phase: Ai(4)-Jaymie_Ezio's Upkeep step
Phase: Ai(4)-Jaymie_Ezio's Draw step
Phase: Ai(4)-Jaymie_Ezio's Main phase, precombat
Phase: Ai(4)-Jaymie_Ezio's Beginning of Combat Step
Phase: Ai(4)-Jaymie_Ezio's Declare Attackers Step
Phase: Ai(4)-Jaymie_Ezio's Declare Blockers Step
Phase: Ai(4)-Jaymie_Ezio's First Strike Damage Step
Phase: Ai(4)-Jaymie_Ezio's Combat Damage Step
Phase: Ai(4)-Jaymie_Ezio's End of Combat Step
Phase: Ai(4)-Jaymie_Ezio's Main phase, postcombat
Mana: Island (337) - {T}: Add {U}.
Mana: Fellwar Stone (379) - {T}: Add one mana of any color that a land an opponent controls could produce.
Mana: Foreboding Ruins (371) - {T}: Add {B} or {R}.
Mana: Plains (393) - {T}: Add {W}.
Mana: Eiganjo, Seat of the Empire (319) - {T}: Add {W}.
Add To Stack: Ai(4)-Jaymie_Ezio cast Edward Kenway
Resolve Stack: Edward Kenway - Creature 5 / 5
Mana: Plains (392) - {T}: Add {W}.
Mana: Island (336) - {T}: Add {U}.
Mana: Boros Garrison (383) - {T}: Add {R}{W}.
Discard: Ai(4)-Jaymie_Ezio discards Perilous Landscape (329).
Add To Stack: Ai(4)-Jaymie_Ezio activated Perilous Landscape
Resolve Stack: Perilous Landscape (329) - Ai(4)-Jaymie_Ezio draws a card.
Add To Stack: Ai(2)-Destyn_Turtles triggered Krang, the All-Powerful
Add To Stack: Ai(2)-Destyn_Turtles triggered Krang, the All-Powerful
Resolve Stack: Whenever a player draws their second card each turn, put a +1/+1 counter on Krang. [Player: Ai(4)-Jaymie_Ezio]
Resolve Stack: Whenever a player draws their second card each turn, put a +1/+1 counter on Krang. [Player: Ai(4)-Jaymie_Ezio]
Phase: Ai(4)-Jaymie_Ezio's End step
Add To Stack: Ai(4)-Jaymie_Ezio triggered Edward Kenway
Resolve Stack: At the beginning of your end step, create a Treasure token for each tapped Assassin, Pirate, and/or Vehicle you control. [Phase: Ai(4)-Jaymie_Ezio]
Phase: Ai(4)-Jaymie_Ezio's Cleanup step
Turn: Turn 44 (Ai(2)-Destyn_Turtles)
Phase: Ai(2)-Destyn_Turtles' Untap step
Phase: Ai(2)-Destyn_Turtles' Upkeep step
Phase: Ai(2)-Destyn_Turtles' Draw step
Phase: Ai(2)-Destyn_Turtles' Main phase, precombat
Replacement Effect: Sunken Hollow enters tapped unless you control two or more basic lands.
Land: Ai(2)-Destyn_Turtles played Sunken Hollow (125)
Phase: Ai(2)-Destyn_Turtles' Beginning of Combat Step
Phase: Ai(2)-Destyn_Turtles' Declare Attackers Step
Phase: Ai(2)-Destyn_Turtles' Declare Blockers Step
Phase: Ai(2)-Destyn_Turtles' First Strike Damage Step
Phase: Ai(2)-Destyn_Turtles' Combat Damage Step
Phase: Ai(2)-Destyn_Turtles' End of Combat Step
Phase: Ai(2)-Destyn_Turtles' Main phase, postcombat
Mana: Exotic Orchard (142) - {T}: Add one mana of any color that a land an opponent controls could produce.
Mana: Plains (188) - {T}: Add {W}.
Add To Stack: Ai(2)-Destyn_Turtles cast Vanquish the Horde
Zone Change: Krang, the All-Powerful (123) was put into Graveyard from Battlefield.
Zone Change: Tempestra, Dame of Games (180) was put into Graveyard from Battlefield.
Zone Change: Heroes in a Half Shell (173) was put into Graveyard from Battlefield.
Zone Change: Leonardo, the Balance (202) was put into Graveyard from Battlefield.
Zone Change: Ingenious Infiltrator (228) was put into Graveyard from Battlefield.
Zone Change: Fallen Shinobi (226) was put into Graveyard from Battlefield.
Zone Change: Karlach, Fury of Avernus (212) was put into Graveyard from Battlefield.
Zone Change: Goro-Goro and Satoru (302) was put into Graveyard from Battlefield.
Zone Change: Grim Hireling (298) was put into Graveyard from Battlefield.
Zone Change: Balefire Dragon (270) was put into Graveyard from Battlefield.
Zone Change: Ezio Auditore da Firenze (403) was put into Graveyard from Battlefield.
Zone Change: Assassin Token (500) was put into Graveyard from Battlefield.
Zone Change: Assassin Token (501) was put into Graveyard from Battlefield.
Zone Change: Edward Kenway (308) was put into Graveyard from Battlefield.
Resolve Stack: Vanquish the Horde (119) - Destroy all creatures.
Mana: Path of Ancestry (113) - {T}: Add one mana of any color in your commander's color identity. When that mana is spent to cast a creature spell that shares a creature type with your commander, scry 1. (Look at the top card of your library. You may put that card on the bottom.)
Mana: Sol Ring (154) - {T}: Add {C}{C}.
Mana: Ash Barrens (171) - {T}: Add {C}.
Mana: Mountain (187) - {T}: Add {R}.
Mana: Dragonskull Summit (148) - {T}: Add {B} or {R}.
Mana: Rootbound Crag (194) - {T}: Add {R} or {G}.
Mana: Thriving Moor (197) - {T}: Add {B} or one mana of the chosen color.
Add To Stack: Ai(2)-Destyn_Turtles cast Leonardo, the Balance
Add To Stack: Ai(2)-Destyn_Turtles triggered Path of Ancestry
Resolve Stack: Ai(2)-Destyn_Turtles scried 1 card(s) to the top of the library
Resolve Stack: When mana produced by Path of Ancestry is spent to cast a creature spell that shares a creature type with your commander, scry 1. ([Leonardo, the Balance - Creature 3 / 3]) [Card: Leonardo, the Balance (202), Activator: Ai(2)-Destyn_Turtles, SpellAbility: Leonardo, the Balance - Creature 3 / 3]
Resolve Stack: Leonardo, the Balance - Creature 3 / 3
Phase: Ai(2)-Destyn_Turtles' End step
Add To Stack: Ai(2)-Destyn_Turtles triggered The Monarch
Resolve Stack: At the beginning of your end step, draw a card. [Phase: Ai(2)-Destyn_Turtles]
Phase: Ai(2)-Destyn_Turtles' Cleanup step
Turn: Turn 45 (Ai(3)-GGS_Higure_only)
Phase: Ai(3)-GGS_Higure_only's Untap step
Phase: Ai(3)-GGS_Higure_only's Upkeep step
Phase: Ai(3)-GGS_Higure_only's Draw step
Phase: Ai(3)-GGS_Higure_only's Main phase, precombat
Phase: Ai(3)-GGS_Higure_only's Beginning of Combat Step
Add To Stack: Ai(3)-GGS_Higure_only triggered Urabrask's Forge
Resolve Stack: At the beginning of combat on your turn, put an oil counter on Urabrask's Forge, then create an X/1 red Phyrexian Horror creature token with trample and haste, where X is the number of oil counters on Urabrask's Forge. Sacrifice that token at the beginning of the next end step. [Phase: Ai(3)-GGS_Higure_only]
Phase: Ai(3)-GGS_Higure_only's Declare Attackers Step
Combat: Ai(3)-GGS_Higure_only assigned Phyrexian Horror Token (516) to attack Ai(4)-Jaymie_Ezio.
Phase: Ai(3)-GGS_Higure_only's Declare Blockers Step
Combat: Ai(4)-Jaymie_Ezio assigned Aveline de Grandpré (356) to block Phyrexian Horror Token (516).
Phase: Ai(3)-GGS_Higure_only's First Strike Damage Step
Phase: Ai(3)-GGS_Higure_only's Combat Damage Step
Replacement Effect: Prevent all damage that would be dealt to Aveline de Grandpré.
Damage: Aveline de Grandpré (356) deals 64 damage (Deathtouch) to Phyrexian Horror Token (516).
Life: Life: Ai(4)-Jaymie_Ezio 116 > 180
Zone Change: Phyrexian Horror Token (516) was put into Graveyard from Battlefield.
Phase: Ai(3)-GGS_Higure_only's End of Combat Step
Phase: Ai(3)-GGS_Higure_only's Main phase, postcombat
Mana: Exotic Orchard (231) - {T}: Add one mana of any color that a land an opponent controls could produce.
Mana: Mountain (296) - {T}: Add {R}.
Mana: Soporific Springs (289) - {T}: Add {U}.
Mana: Undercity Sewers (205) - {T}: Add {B}.
Mana: Steam Vents (245) - {T}: Add {R}.
Add To Stack: Ai(3)-GGS_Higure_only cast Goro-Goro and Satoru
Resolve Stack: Goro-Goro and Satoru - Creature 3 / 4
Mana: Command Tower (275) - {T}: Add one mana of any color in your commander's color identity.
Mana: City of Brass (236) - {T}: Add one mana of any color.
Add To Stack: Ai(3)-GGS_Higure_only cast Talisman of Indulgence
Add To Stack: Ai(3)-GGS_Higure_only triggered City of Brass
Damage: City of Brass (236) deals 1 non-combat damage to Ai(3)-GGS_Higure_only.
Life: Life: Ai(3)-GGS_Higure_only 36 > 35
Resolve Stack: Whenever City of Brass becomes tapped, it deals 1 damage to you. [Tapped: City of Brass (236)]
Resolve Stack: Talisman of Indulgence
Phase: Ai(3)-GGS_Higure_only's End step
Add To Stack: Ai(3)-GGS_Higure_only triggered Urabrask's Forge
Resolve Stack: Sacrifice Phyrexian Horror Token (516) at the beginning of the next end step. ([Phyrexian Horror Token (516)]) [Phase: Ai(3)-GGS_Higure_only]
Phase: Ai(3)-GGS_Higure_only's Cleanup step
Turn: Turn 46 (Ai(4)-Jaymie_Ezio)
Phase: Ai(4)-Jaymie_Ezio's Untap step
Phase: Ai(4)-Jaymie_Ezio's Upkeep step
Phase: Ai(4)-Jaymie_Ezio's Draw step
Phase: Ai(4)-Jaymie_Ezio's Main phase, precombat
Land: Ai(4)-Jaymie_Ezio played Forest (339)
Phase: Ai(4)-Jaymie_Ezio's Beginning of Combat Step
Phase: Ai(4)-Jaymie_Ezio's Declare Attackers Step
Combat: Ai(4)-Jaymie_Ezio assigned Aveline de Grandpré (356) to attack Ai(2)-Destyn_Turtles.
Mana: Sunken Hollow (125) - {T}: Add {B}.
Mana: Smoldering Marsh (169) - {T}: Add {R}.
Zone Change: Food Token (472) was put into Graveyard from Battlefield.
Add To Stack: Ai(2)-Destyn_Turtles activated Food Token
Life: Life: Ai(2)-Destyn_Turtles 51 > 54
Resolve Stack: Food Token (472) - Ai(2)-Destyn_Turtles gains 3 life.
Phase: Ai(4)-Jaymie_Ezio's Declare Blockers Step
Combat: Ai(2)-Destyn_Turtles assigned Leonardo, the Balance (202) to block Aveline de Grandpré (356).
Phase: Ai(4)-Jaymie_Ezio's First Strike Damage Step
Phase: Ai(4)-Jaymie_Ezio's Combat Damage Step
Replacement Effect: Prevent all damage that would be dealt to Aveline de Grandpré.
Damage: Aveline de Grandpré (356) deals 64 damage (Deathtouch) to Leonardo, the Balance (202).
Life: Life: Ai(4)-Jaymie_Ezio 180 > 244
Zone Change: Leonardo, the Balance (202) was put into Graveyard from Battlefield.
Phase: Ai(4)-Jaymie_Ezio's End of Combat Step
Phase: Ai(4)-Jaymie_Ezio's Main phase, postcombat
Mana: Fellwar Stone (379) - {T}: Add one mana of any color that a land an opponent controls could produce.
Mana: Forest (339) - {T}: Add {G}.
Mana: Island (337) - {T}: Add {U}.
Mana: Island (336) - {T}: Add {U}.
Add To Stack: Ai(4)-Jaymie_Ezio cast Ezio Auditore da Firenze
Resolve Stack: Ezio Auditore da Firenze - Creature 3 / 2
Phase: Ai(4)-Jaymie_Ezio's End step
Phase: Ai(4)-Jaymie_Ezio's Cleanup step
Turn: Turn 47 (Ai(2)-Destyn_Turtles)
Phase: Ai(2)-Destyn_Turtles' Untap step
Phase: Ai(2)-Destyn_Turtles' Upkeep step
Phase: Ai(2)-Destyn_Turtles' Draw step
Phase: Ai(2)-Destyn_Turtles' Main phase, precombat
Mana: Mountain (187) - {T}: Add {R}.
Mana: Sol Ring (154) - {T}: Add {C}{C}.
Mana: Ash Barrens (171) - {T}: Add {C}.
Mana: Plains (188) - {T}: Add {W}.
Mana: Exotic Orchard (142) - {T}: Add one mana of any color that a land an opponent controls could produce.
Add To Stack: Ai(2)-Destyn_Turtles cast Blasphemous Act
Replacement Effect: Prevent all damage that would be dealt to Aveline de Grandpré.
Damage: Blasphemous Act (118) deals 13 damage to Goro-Goro and Satoru (302).
Damage: Blasphemous Act (118) deals 13 damage to Ezio Auditore da Firenze (403).
Resolve Stack: Blasphemous Act (118) - Deals 13 damage to each creature.
Zone Change: Goro-Goro and Satoru (302) was put into Graveyard from Battlefield.
Zone Change: Ezio Auditore da Firenze (403) was put into Graveyard from Battlefield.
Phase: Ai(2)-Destyn_Turtles' Beginning of Combat Step
Phase: Ai(2)-Destyn_Turtles' Declare Attackers Step
Phase: Ai(2)-Destyn_Turtles' Declare Blockers Step
Phase: Ai(2)-Destyn_Turtles' First Strike Damage Step
Phase: Ai(2)-Destyn_Turtles' Combat Damage Step
Phase: Ai(2)-Destyn_Turtles' End of Combat Step
Phase: Ai(2)-Destyn_Turtles' Main phase, postcombat
Replacement Effect: This land enters tapped unless you control two or more basic lands.
Land: Ai(2)-Destyn_Turtles played Vernal Fen (159)
Mana: Rootbound Crag (194) - {T}: Add {R} or {G}.
Mana: Thriving Moor (197) - {T}: Add {B} or one mana of the chosen color.
Mana: Dragonskull Summit (148) - {T}: Add {B} or {R}.
Mana: Sodden Verdure (182) - {T}: Add {G}.
Mana: Vernal Fen (159) - {T}: Add {G}.
Add To Stack: Ai(2)-Destyn_Turtles cast Biogenic Ooze
Resolve Stack: Biogenic Ooze - Creature 2 / 2
Add To Stack: Ai(2)-Destyn_Turtles triggered Biogenic Ooze
Resolve Stack: When Biogenic Ooze enters, create a 2/2 green Ooze creature token. [Zone Changer: Biogenic Ooze (166)]
Phase: Ai(2)-Destyn_Turtles' End step
Add To Stack: Ai(2)-Destyn_Turtles triggered The Monarch
Add To Stack: Ai(2)-Destyn_Turtles triggered Biogenic Ooze
Resolve Stack: At the beginning of your end step, put a +1/+1 counter on each Ooze you control. [Phase: Ai(2)-Destyn_Turtles]
Resolve Stack: At the beginning of your end step, draw a card. [Phase: Ai(2)-Destyn_Turtles]
Phase: Ai(2)-Destyn_Turtles' Cleanup step
Turn: Turn 48 (Ai(3)-GGS_Higure_only)
Phase: Ai(3)-GGS_Higure_only's Untap step
Phase: Ai(3)-GGS_Higure_only's Upkeep step
Phase: Ai(3)-GGS_Higure_only's Draw step
Phase: Ai(3)-GGS_Higure_only's Main phase, precombat
Phase: Ai(3)-GGS_Higure_only's Beginning of Combat Step
Add To Stack: Ai(3)-GGS_Higure_only triggered Urabrask's Forge
Resolve Stack: At the beginning of combat on your turn, put an oil counter on Urabrask's Forge, then create an X/1 red Phyrexian Horror creature token with trample and haste, where X is the number of oil counters on Urabrask's Forge. Sacrifice that token at the beginning of the next end step. [Phase: Ai(3)-GGS_Higure_only]
Phase: Ai(3)-GGS_Higure_only's Declare Attackers Step
Combat: Ai(3)-GGS_Higure_only assigned Phyrexian Horror Token (528) to attack Ai(4)-Jaymie_Ezio.
Phase: Ai(3)-GGS_Higure_only's Declare Blockers Step
Combat: Ai(4)-Jaymie_Ezio didn't block Phyrexian Horror Token (528).
Mana: Exotic Orchard (231) - {T}: Add one mana of any color that a land an opponent controls could produce.
Mana: Soporific Springs (289) - {T}: Add {U}.
Mana: Mountain (296) - {T}: Add {R}.
Add To Stack: Ai(3)-GGS_Higure_only activated Kaito, Bane of Nightmares
Replacement Effect: Kaito, Bane of Nightmares enters with four loyalty counters on it.
Resolve Stack: Kaito, Bane of Nightmares (258) - Ai(3)-GGS_Higure_only puts Kaito, Bane of Nightmares (258) from their hand onto the battlefield tapped and attacking.
Phase: Ai(3)-GGS_Higure_only's First Strike Damage Step
Phase: Ai(3)-GGS_Higure_only's Combat Damage Step
Damage: Kaito, Bane of Nightmares (258) deals 3 combat damage to Ai(4)-Jaymie_Ezio.
Life: Life: Ai(4)-Jaymie_Ezio 244 > 241
Phase: Ai(3)-GGS_Higure_only's End of Combat Step
Phase: Ai(3)-GGS_Higure_only's Main phase, postcombat
Add To Stack: Ai(3)-GGS_Higure_only activated Kaito, Bane of Nightmares
Resolve Stack: Ai(3)-GGS_Higure_only surveiled 2 card(s) to the top of the library
Resolve Stack: Kaito, Bane of Nightmares (258) - Ai(3)-GGS_Higure_only surveils (2). Ai(3)-GGS_Higure_only draws a card.
Mana: Steam Vents (245) - {T}: Add {U}.
Mana: Undercity Sewers (205) - {T}: Add {U}.
Mana: Command Tower (275) - {T}: Add one mana of any color in your commander's color identity.
Add To Stack: Ai(3)-GGS_Higure_only cast Grazilaxx, Illithid Scholar
Resolve Stack: Grazilaxx, Illithid Scholar - Creature 3 / 2
Mana: City of Brass (236) - {T}: Add one mana of any color.
Mana: Talisman of Indulgence (215) - {T}: Add {C}.
Add To Stack: Ai(3)-GGS_Higure_only cast Loyal Apprentice
Add To Stack: Ai(3)-GGS_Higure_only triggered City of Brass
Damage: City of Brass (236) deals 1 non-combat damage to Ai(3)-GGS_Higure_only.
Life: Life: Ai(3)-GGS_Higure_only 35 > 34
Resolve Stack: Whenever City of Brass becomes tapped, it deals 1 damage to you. [Tapped: City of Brass (236)]
Resolve Stack: Loyal Apprentice - Creature 2 / 1
Phase: Ai(3)-GGS_Higure_only's End step
Add To Stack: Ai(3)-GGS_Higure_only triggered Urabrask's Forge
Resolve Stack: Sacrifice Phyrexian Horror Token (528) at the beginning of the next end step. ([Phyrexian Horror Token (528)]) [Phase: Ai(3)-GGS_Higure_only]
Phase: Ai(3)-GGS_Higure_only's Cleanup step
Turn: Turn 49 (Ai(4)-Jaymie_Ezio)
Phase: Ai(4)-Jaymie_Ezio's Untap step
Phase: Ai(4)-Jaymie_Ezio's Upkeep step
Phase: Ai(4)-Jaymie_Ezio's Draw step
Phase: Ai(4)-Jaymie_Ezio's Main phase, precombat
Phase: Ai(4)-Jaymie_Ezio's Beginning of Combat Step
Phase: Ai(4)-Jaymie_Ezio's Declare Attackers Step
Combat: Ai(4)-Jaymie_Ezio assigned Aveline de Grandpré (356) to attack Kaito, Bane of Nightmares (258).
Phase: Ai(4)-Jaymie_Ezio's Declare Blockers Step
Combat: Ai(3)-GGS_Higure_only didn't block Aveline de Grandpré (356).
Phase: Ai(4)-Jaymie_Ezio's First Strike Damage Step
Phase: Ai(4)-Jaymie_Ezio's Combat Damage Step
Life: Life: Ai(4)-Jaymie_Ezio 241 > 305
Zone Change: Kaito, Bane of Nightmares (258) was put into Graveyard from Battlefield.
Phase: Ai(4)-Jaymie_Ezio's End of Combat Step
Phase: Ai(4)-Jaymie_Ezio's Main phase, postcombat
Mana: Fellwar Stone (379) - {T}: Add one mana of any color that a land an opponent controls could produce.
Mana: Boros Garrison (383) - {T}: Add {R}{W}.
Mana: Forest (339) - {T}: Add {G}.
Add To Stack: Ai(4)-Jaymie_Ezio cast Olivia, Opulent Outlaw
Resolve Stack: Olivia, Opulent Outlaw - Creature 3 / 3
Mana: Foreboding Ruins (371) - {T}: Add {B} or {R}.
Mana: Island (337) - {T}: Add {U}.
Mana: Island (336) - {T}: Add {U}.
Mana: Plains (393) - {T}: Add {W}.
Mana: Eiganjo, Seat of the Empire (319) - {T}: Add {W}.
Mana: Plains (392) - {T}: Add {W}.
Add To Stack: Ai(4)-Jaymie_Ezio cast Ezio Auditore da Firenze
Resolve Stack: Ezio Auditore da Firenze - Creature 3 / 2
Phase: Ai(4)-Jaymie_Ezio's End step
Phase: Ai(4)-Jaymie_Ezio's Cleanup step
Turn: Turn 50 (Ai(2)-Destyn_Turtles)
Phase: Ai(2)-Destyn_Turtles' Untap step
Phase: Ai(2)-Destyn_Turtles' Upkeep step
Phase: Ai(2)-Destyn_Turtles' Draw step
Phase: Ai(2)-Destyn_Turtles' Main phase, precombat
Mana: Exotic Orchard (142) - {T}: Add one mana of any color that a land an opponent controls could produce.
Mana: Sol Ring (154) - {T}: Add {C}{C}.
Mana: Ash Barrens (171) - {T}: Add {C}.
Add To Stack: Ai(2)-Destyn_Turtles cast Baxter, Fly in the Ointment
Resolve Stack: Baxter, Fly in the Ointment - Creature 2 / 2
Add To Stack: Ai(2)-Destyn_Turtles triggered Baxter, Fly in the Ointment
Resolve Stack: Whenever Baxter enters or attacks, each creature you control with a counter on it gains flying until end of turn. [Zone Changer: Baxter, Fly in the Ointment (128)]
Mana: Mountain (187) - {T}: Add {R}.
Mana: Plains (188) - {T}: Add {W}.
Mana: Rootbound Crag (194) - {T}: Add {R} or {G}.
Add To Stack: Ai(2)-Destyn_Turtles cast Chromatic Lantern
Resolve Stack: Chromatic Lantern
Phase: Ai(2)-Destyn_Turtles' Beginning of Combat Step
Phase: Ai(2)-Destyn_Turtles' Declare Attackers Step
Phase: Ai(2)-Destyn_Turtles' Declare Blockers Step
Phase: Ai(2)-Destyn_Turtles' First Strike Damage Step
Phase: Ai(2)-Destyn_Turtles' Combat Damage Step
Phase: Ai(2)-Destyn_Turtles' End of Combat Step
Phase: Ai(2)-Destyn_Turtles' Main phase, postcombat
Mana: Chromatic Lantern (196) - {T}: Add one mana of any color.
Mana: Dragonskull Summit (148) - {T}: Add {B} or {R}.
Mana: Thriving Moor (197) - {T}: Add {B} or one mana of the chosen color.
Mana: Sodden Verdure (182) - {T}: Add {G}.
Mana: Smoldering Marsh (169) - {T}: Add {R}.
Mana: Sunken Hollow (125) - {T}: Add {B}.
Add To Stack: Ai(2)-Destyn_Turtles cast Michelangelo, the Heart
Resolve Stack: Michelangelo, the Heart - Creature 2 / 1
Phase: Ai(2)-Destyn_Turtles' End step
Add To Stack: Ai(2)-Destyn_Turtles triggered The Monarch
Add To Stack: Ai(2)-Destyn_Turtles triggered Biogenic Ooze
Resolve Stack: At the beginning of your end step, put a +1/+1 counter on each Ooze you control. [Phase: Ai(2)-Destyn_Turtles]
Resolve Stack: At the beginning of your end step, draw a card. [Phase: Ai(2)-Destyn_Turtles]
Add To Stack: Ai(2)-Destyn_Turtles triggered Baxter, Fly in the Ointment
Resolve Stack: Whenever you draw a card, put a +1/+1 counter on Baxter. [Player: Ai(2)-Destyn_Turtles]
Phase: Ai(2)-Destyn_Turtles' Cleanup step
Turn: Turn 51 (Ai(3)-GGS_Higure_only)
Phase: Ai(3)-GGS_Higure_only's Untap step
Phase: Ai(3)-GGS_Higure_only's Upkeep step
Phase: Ai(3)-GGS_Higure_only's Draw step
Phase: Ai(3)-GGS_Higure_only's Main phase, precombat
Phase: Ai(3)-GGS_Higure_only's Beginning of Combat Step
Add To Stack: Ai(3)-GGS_Higure_only triggered Urabrask's Forge
Resolve Stack: At the beginning of combat on your turn, put an oil counter on Urabrask's Forge, then create an X/1 red Phyrexian Horror creature token with trample and haste, where X is the number of oil counters on Urabrask's Forge. Sacrifice that token at the beginning of the next end step. [Phase: Ai(3)-GGS_Higure_only]
Phase: Ai(3)-GGS_Higure_only's Declare Attackers Step
Combat: Ai(3)-GGS_Higure_only assigned Phyrexian Horror Token (589) to attack Ai(4)-Jaymie_Ezio.
Phase: Ai(3)-GGS_Higure_only's Declare Blockers Step
Combat: Ai(4)-Jaymie_Ezio didn't block Phyrexian Horror Token (589).
Phase: Ai(3)-GGS_Higure_only's First Strike Damage Step
Phase: Ai(3)-GGS_Higure_only's Combat Damage Step
Damage: Phyrexian Horror Token (589) deals 5 combat damage to Ai(4)-Jaymie_Ezio.
Life: Life: Ai(4)-Jaymie_Ezio 305 > 300
Add To Stack: Ai(3)-GGS_Higure_only triggered Grazilaxx, Illithid Scholar
Resolve Stack: Whenever one or more creatures you control deal combat damage to a player, draw a card. [Damaged: Ai(4)-Jaymie_Ezio, Amount: 5]
Phase: Ai(3)-GGS_Higure_only's End of Combat Step
Phase: Ai(3)-GGS_Higure_only's Main phase, postcombat
Mana: Exotic Orchard (231) - {T}: Add one mana of any color that a land an opponent controls could produce.
Mana: Soporific Springs (289) - {T}: Add {U}.
Mana: Mountain (296) - {T}: Add {R}.
Mana: Undercity Sewers (205) - {T}: Add {B}.
Mana: Steam Vents (245) - {T}: Add {R}.
Mana: Command Tower (275) - {T}: Add one mana of any color in your commander's color identity.
Mana: City of Brass (236) - {T}: Add one mana of any color.
Add To Stack: Ai(3)-GGS_Higure_only cast Goro-Goro and Satoru
Add To Stack: Ai(3)-GGS_Higure_only triggered City of Brass
Damage: City of Brass (236) deals 1 non-combat damage to Ai(3)-GGS_Higure_only.
Life: Life: Ai(3)-GGS_Higure_only 34 > 33
Resolve Stack: Whenever City of Brass becomes tapped, it deals 1 damage to you. [Tapped: City of Brass (236)]
Resolve Stack: Goro-Goro and Satoru - Creature 3 / 4
Mana: Talisman of Indulgence (215) - {T}: Add {C}.
Add To Stack: Ai(3)-GGS_Higure_only cast Sol Ring
Resolve Stack: Sol Ring
Mana: Sol Ring (242) - {T}: Add {C}{C}.
Add To Stack: Ai(3)-GGS_Higure_only cast Talisman of Creativity
Resolve Stack: Talisman of Creativity
Phase: Ai(3)-GGS_Higure_only's End step
Add To Stack: Ai(3)-GGS_Higure_only triggered Urabrask's Forge
Zone Change: Phyrexian Horror Token (589) was put into Graveyard from Battlefield.
Resolve Stack: Sacrifice Phyrexian Horror Token (589) at the beginning of the next end step. ([Phyrexian Horror Token (589)]) [Phase: Ai(3)-GGS_Higure_only]
Phase: Ai(3)-GGS_Higure_only's Cleanup step
Turn: Turn 52 (Ai(4)-Jaymie_Ezio)
Phase: Ai(4)-Jaymie_Ezio's Untap step
Phase: Ai(4)-Jaymie_Ezio's Upkeep step
Phase: Ai(4)-Jaymie_Ezio's Draw step
Phase: Ai(4)-Jaymie_Ezio's Main phase, precombat
Phase: Ai(4)-Jaymie_Ezio's Beginning of Combat Step
Phase: Ai(4)-Jaymie_Ezio's Declare Attackers Step
Combat: Ai(4)-Jaymie_Ezio assigned Aveline de Grandpré (356) and Olivia, Opulent Outlaw (345) to attack Ai(2)-Destyn_Turtles.
Phase: Ai(4)-Jaymie_Ezio's Declare Blockers Step
Combat: Ai(2)-Destyn_Turtles assigned Michelangelo, the Heart (200) to block Aveline de Grandpré (356).
Ai(2)-Destyn_Turtles didn't block Olivia, Opulent Outlaw (345).
Phase: Ai(4)-Jaymie_Ezio's First Strike Damage Step
Phase: Ai(4)-Jaymie_Ezio's Combat Damage Step
Replacement Effect: Prevent all damage that would be dealt to Aveline de Grandpré.
Damage: Aveline de Grandpré (356) deals 64 damage (Deathtouch) to Michelangelo, the Heart (200).
Life: Life: Ai(4)-Jaymie_Ezio 300 > 364
Damage: Olivia, Opulent Outlaw (345) deals 3 combat damage to Ai(2)-Destyn_Turtles.
Life: Life: Ai(4)-Jaymie_Ezio 364 > 367
Life: Life: Ai(2)-Destyn_Turtles 54 > 51
Zone Change: Michelangelo, the Heart (200) was put into Graveyard from Battlefield.
Add To Stack: Ai(4)-Jaymie_Ezio triggered Rooftop Bypass
Add To Stack: Ai(4)-Jaymie_Ezio triggered Olivia, Opulent Outlaw
Add To Stack: Ai(2)-Destyn_Turtles triggered The Monarch
Resolve Stack: Whenever a creature deals combat damage to you, its controller becomes the monarch. [Damage Source: Olivia, Opulent Outlaw (345), Damaged: Ai(2)-Destyn_Turtles, Amount: 3]
Resolve Stack: Whenever one or more outlaws you control deal combat damage to a player, create a Treasure token. (Assassins, Mercenaries, Pirates, Rogues, and Warlocks are outlaws.) [Damaged: Ai(2)-Destyn_Turtles, Amount: 3]
Resolve Stack: Whenever one or more nontoken creatures you control deal combat damage to a player, create a 1/1 black Assassin creature token with menace. (It can't be blocked except by two or more creatures.) [Damaged: Ai(2)-Destyn_Turtles, Amount: 3]
Phase: Ai(4)-Jaymie_Ezio's End of Combat Step
Phase: Ai(4)-Jaymie_Ezio's Main phase, postcombat
Mana: Forest (339) - {T}: Add {G}.
Mana: Island (337) - {T}: Add {U}.
Mana: Island (336) - {T}: Add {U}.
Add To Stack: Ai(4)-Jaymie_Ezio cast Chromatic Lantern
Damage: Talisman of Creativity (250) deals 1 non-combat damage to Ai(3)-GGS_Higure_only.
Life: Life: Ai(3)-GGS_Higure_only 33 > 32
Mana: Talisman of Creativity (250) - {T}: Add {U} or {R}. Talisman of Creativity deals 1 damage to you. 
Add To Stack: Ai(3)-GGS_Higure_only cast An Offer You Can't Refuse targeting [Chromatic Lantern]
Zone Change: Send countered spell to Graveyard
Resolve Stack: An Offer You Can't Refuse (266) - Counter Chromatic Lantern (400). Its controller creates two Treasure tokens.
Mana: Fellwar Stone (379) - {T}: Add one mana of any color that a land an opponent controls could produce.
Mana: Plains (393) - {T}: Add {W}.
Add To Stack: Ai(4)-Jaymie_Ezio cast Sphere Grid
Resolve Stack: Sphere Grid
Phase: Ai(4)-Jaymie_Ezio's End step
Add To Stack: Ai(4)-Jaymie_Ezio triggered The Monarch
Resolve Stack: At the beginning of your end step, draw a card. [Phase: Ai(4)-Jaymie_Ezio]
Phase: Ai(4)-Jaymie_Ezio's Cleanup step
Turn: Turn 53 (Ai(2)-Destyn_Turtles)
Phase: Ai(2)-Destyn_Turtles' Untap step
Phase: Ai(2)-Destyn_Turtles' Upkeep step
Phase: Ai(2)-Destyn_Turtles' Draw step
Add To Stack: Ai(2)-Destyn_Turtles triggered Baxter, Fly in the Ointment
Resolve Stack: Whenever you draw a card, put a +1/+1 counter on Baxter. [Player: Ai(2)-Destyn_Turtles]
Phase: Ai(2)-Destyn_Turtles' Main phase, precombat
Mana: Chromatic Lantern (196) - {T}: Add one mana of any color.
Mana: Sol Ring (154) - {T}: Add {C}{C}.
Add To Stack: Ai(2)-Destyn_Turtles cast Foot Chopper
Resolve Stack: Foot Chopper
Add To Stack: Ai(2)-Destyn_Turtles triggered Foot Chopper
Resolve Stack: When this Equipment enters, create a 1/1 black Ninja creature token, then attach this Equipment to it. [Zone Changer: Foot Chopper (193)]
Mana: Ash Barrens (171) - {T}: Add {C}.
Add To Stack: Ai(2)-Destyn_Turtles cast Everything Pizza
Resolve Stack: Everything Pizza
Add To Stack: Ai(2)-Destyn_Turtles triggered Everything Pizza
Resolve Stack: When this artifact enters, search your library for a basic land card, reveal it, put it into your hand, then shuffle. [Zone Changer: Everything Pizza (167)]
Land: Ai(2)-Destyn_Turtles played Forest (139)
Phase: Ai(2)-Destyn_Turtles' Beginning of Combat Step
Phase: Ai(2)-Destyn_Turtles' Declare Attackers Step
Phase: Ai(2)-Destyn_Turtles' Declare Blockers Step
Phase: Ai(2)-Destyn_Turtles' First Strike Damage Step
Phase: Ai(2)-Destyn_Turtles' Combat Damage Step
Phase: Ai(2)-Destyn_Turtles' End of Combat Step
Phase: Ai(2)-Destyn_Turtles' Main phase, postcombat
Mana: Mountain (187) - {T}: Add one mana of any color.
Mana: Exotic Orchard (142) - {T}: Add one mana of any color that a land an opponent controls could produce.
Mana: Plains (188) - {T}: Add {W}.
Mana: Forest (139) - {T}: Add {G}.
Mana: Dragonskull Summit (148) - {T}: Add {B} or {R}.
Mana: Rootbound Crag (194) - {T}: Add {R} or {G}.
Mana: Thriving Moor (197) - {T}: Add {B} or one mana of the chosen color.
Mana: Sodden Verdure (182) - {T}: Add {G}.
Mana: Smoldering Marsh (169) - {T}: Add {R}.
Mana: Sunken Hollow (125) - {T}: Add {B}.
Add To Stack: Ai(2)-Destyn_Turtles cast Leonardo, the Balance
Resolve Stack: Leonardo, the Balance - Creature 3 / 3
Phase: Ai(2)-Destyn_Turtles' End step
Add To Stack: Ai(2)-Destyn_Turtles triggered Biogenic Ooze
Resolve Stack: At the beginning of your end step, put a +1/+1 counter on each Ooze you control. [Phase: Ai(2)-Destyn_Turtles]
Phase: Ai(2)-Destyn_Turtles' Cleanup step
Turn: Turn 54 (Ai(3)-GGS_Higure_only)
Phase: Ai(3)-GGS_Higure_only's Untap step
Phase: Ai(3)-GGS_Higure_only's Upkeep step
Phase: Ai(3)-GGS_Higure_only's Draw step
Phase: Ai(3)-GGS_Higure_only's Main phase, precombat
Phase: Ai(3)-GGS_Higure_only's Beginning of Combat Step
Add To Stack: Ai(3)-GGS_Higure_only triggered Urabrask's Forge
Add To Stack: Ai(3)-GGS_Higure_only triggered Loyal Apprentice
Resolve Stack: Lieutenant — At the beginning of combat on your turn, if you control your commander, create a 1/1 colorless Thopter artifact creature token with flying. That token gains haste until end of turn. [Phase: Ai(3)-GGS_Higure_only]
Resolve Stack: At the beginning of combat on your turn, put an oil counter on Urabrask's Forge, then create an X/1 red Phyrexian Horror creature token with trample and haste, where X is the number of oil counters on Urabrask's Forge. Sacrifice that token at the beginning of the next end step. [Phase: Ai(3)-GGS_Higure_only]
Phase: Ai(3)-GGS_Higure_only's Declare Attackers Step
Combat: Ai(3)-GGS_Higure_only assigned Phyrexian Horror Token (675) to attack Ai(4)-Jaymie_Ezio.
Phase: Ai(3)-GGS_Higure_only's Declare Blockers Step
Combat: Ai(4)-Jaymie_Ezio assigned Assassin Token (632) to block Phyrexian Horror Token (675).
Add To Stack: Ai(3)-GGS_Higure_only triggered Grazilaxx, Illithid Scholar
Resolve Stack: Whenever a creature you control becomes blocked, you may return it to its owner's hand. [Attacker: Phyrexian Horror Token (675), Number Blockers: 1]
Phase: Ai(3)-GGS_Higure_only's First Strike Damage Step
Phase: Ai(3)-GGS_Higure_only's Combat Damage Step
Phase: Ai(3)-GGS_Higure_only's End of Combat Step
Phase: Ai(3)-GGS_Higure_only's Main phase, postcombat
Phase: Ai(3)-GGS_Higure_only's End step
Add To Stack: Ai(3)-GGS_Higure_only triggered Urabrask's Forge
Resolve Stack: Sacrifice Phyrexian Horror Token (675) at the beginning of the next end step. ([Phyrexian Horror Token (675)]) [Phase: Ai(3)-GGS_Higure_only]
Phase: Ai(3)-GGS_Higure_only's Cleanup step
Turn: Turn 55 (Ai(4)-Jaymie_Ezio)
Phase: Ai(4)-Jaymie_Ezio's Untap step
Phase: Ai(4)-Jaymie_Ezio's Upkeep step
Phase: Ai(4)-Jaymie_Ezio's Draw step
Phase: Ai(4)-Jaymie_Ezio's Main phase, precombat
Mana: Forest (339) - {T}: Add {G}.
Mana: Island (337) - {T}: Add {U}.
Mana: Island (336) - {T}: Add {U}.
Add To Stack: Ai(4)-Jaymie_Ezio cast Sword of Feast and Famine
Resolve Stack: Sword of Feast and Famine
Mana: Plains (393) - {T}: Add {W}.
Mana: Eiganjo, Seat of the Empire (319) - {T}: Add {W}.
Add To Stack: Ai(4)-Jaymie_Ezio activated Sword of Feast and Famine targeting [Aveline de Grandpré (356)]
Resolve Stack: Sword of Feast and Famine (397) -  Attach to Aveline de Grandpré (356)
Phase: Ai(4)-Jaymie_Ezio's Beginning of Combat Step
Phase: Ai(4)-Jaymie_Ezio's Declare Attackers Step
Combat: Ai(4)-Jaymie_Ezio assigned Aveline de Grandpré (356), Olivia, Opulent Outlaw (345), Ezio Auditore da Firenze (403) and Assassin Token (632) to attack Ai(2)-Destyn_Turtles.
Add To Stack: Ai(2)-Destyn_Turtles activated Mole Module
Resolve Stack: Mole Module (165) - Mole Module (165) becomes an artifact creature until end of turn.
Phase: Ai(4)-Jaymie_Ezio's Declare Blockers Step
Combat: Ai(2)-Destyn_Turtles assigned Baxter, Fly in the Ointment (128) to block Aveline de Grandpré (356).
Ai(2)-Destyn_Turtles assigned Ninja Token (658) to block Olivia, Opulent Outlaw (345).
Ai(2)-Destyn_Turtles assigned Mole Module (165) and Biogenic Ooze (166) to block Ezio Auditore da Firenze (403).
Ai(2)-Destyn_Turtles didn't block Assassin Token (632).
Phase: Ai(4)-Jaymie_Ezio's First Strike Damage Step
Phase: Ai(4)-Jaymie_Ezio's Combat Damage Step
Replacement Effect: Prevent all damage that would be dealt to Aveline de Grandpré.
Damage: Aveline de Grandpré (356) deals 65 combat damage to Ai(2)-Destyn_Turtles.
Damage: Aveline de Grandpré (356) deals 1 damage (Deathtouch) to Baxter, Fly in the Ointment (128).
Life: Life: Ai(4)-Jaymie_Ezio 367 > 433
Damage: Olivia, Opulent Outlaw (345) deals 3 damage to Ninja Token (658).
Life: Life: Ai(4)-Jaymie_Ezio 433 > 436
Damage: Ezio Auditore da Firenze (403) deals 3 damage to Mole Module (165).
Damage: Assassin Token (632) deals 1 combat damage to Ai(2)-Destyn_Turtles.
Damage: Ninja Token (658) deals 1 damage to Olivia, Opulent Outlaw (345).
Damage: Mole Module (165) deals 7 damage to Ezio Auditore da Firenze (403).
Damage: Biogenic Ooze (166) deals 5 damage to Ezio Auditore da Firenze (403).
Life: Life: Ai(2)-Destyn_Turtles 51 > -15
Zone Change: Ezio Auditore da Firenze (403) was put into Graveyard from Battlefield.
Add To Stack: Ai(4)-Jaymie_Ezio triggered Sword of Feast and Famine
Add To Stack: Ai(4)-Jaymie_Ezio triggered Aveline de Grandpré
Add To Stack: Ai(4)-Jaymie_Ezio triggered Sphere Grid
Add To Stack: Ai(4)-Jaymie_Ezio triggered Sphere Grid
Add To Stack: Ai(4)-Jaymie_Ezio triggered Rooftop Bypass
Add To Stack: Ai(4)-Jaymie_Ezio triggered Olivia, Opulent Outlaw
Resolve Stack: Whenever one or more outlaws you control deal combat damage to a player, create a Treasure token. (Assassins, Mercenaries, Pirates, Rogues, and Warlocks are outlaws.) [Damaged: Ai(2)-Destyn_Turtles, Amount: 66]
Resolve Stack: Whenever one or more nontoken creatures you control deal combat damage to a player, create a 1/1 black Assassin creature token with menace. (It can't be blocked except by two or more creatures.) [Damaged: Ai(2)-Destyn_Turtles, Amount: 65]
Resolve Stack: Whenever a creature you control deals combat damage to a player, put a +1/+1 counter on that creature. [Damage Source: Assassin Token (632), Damaged: Ai(2)-Destyn_Turtles, Amount: 1]
Resolve Stack: Whenever a creature you control deals combat damage to a player, put a +1/+1 counter on that creature. [Damage Source: Aveline de Grandpré (356), Damaged: Ai(2)-Destyn_Turtles, Amount: 65]
Resolve Stack: Whenever a creature you control with deathtouch deals combat damage to a player, put that many +1/+1 counters on that creature. [Damage Source: Aveline de Grandpré (356), Damaged: Ai(2)-Destyn_Turtles, Amount: 65]
Resolve Stack: Whenever equipped creature deals combat damage to a player, that player discards a card and you untap all lands you control. [Damage Source: Aveline de Grandpré (356), Damaged: Ai(2)-Destyn_Turtles, Amount: 65]
Phase: Ai(4)-Jaymie_Ezio's End of Combat Step
Phase: Ai(4)-Jaymie_Ezio's Main phase, postcombat
Mana: Fellwar Stone (379) - {T}: Add one mana of any color that a land an opponent controls could produce.
Mana: Forest (339) - {T}: Add {G}.
Mana: Island (337) - {T}: Add {U}.
Mana: Island (336) - {T}: Add {U}.
Mana: Plains (393) - {T}: Add {W}.
Mana: Eiganjo, Seat of the Empire (319) - {T}: Add {W}.
Mana: Plains (392) - {T}: Add {W}.
Mana: Foreboding Ruins (371) - {T}: Add {B} or {R}.
Add To Stack: Ai(4)-Jaymie_Ezio cast Ezio Auditore da Firenze
Resolve Stack: Ezio Auditore da Firenze - Creature 3 / 2
Mana: Submerged Boneyard (333) - {T}: Add {U} or {B}.
Mana: Boros Garrison (383) - {T}: Add {R}{W}.
Add To Stack: Ai(4)-Jaymie_Ezio cast Evie Frye
Resolve Stack: Evie Frye - Creature 2 / 1
Add To Stack: Ai(4)-Jaymie_Ezio triggered Evie Frye targeting [Ai(4)-Jaymie_Ezio]
Resolve Stack: Partner with Jacob Frye (When this creature enters, target player may put Jacob Frye into their hand from their library, then shuffle.) (Targeting: [[Ai(4)-Jaymie_Ezio]]) [Zone Changer: Evie Frye (325)]
Mana: Smoldering Marsh (374) - {T}: Add {B}.
Zone Change: Treasure Token (704) was put into Graveyard from Battlefield.
Mana: Treasure Token (704) - {T}, Sacrifice this token: Add one mana of any color.
Add To Stack: Ai(4)-Jaymie_Ezio cast Jacob Frye
Resolve Stack: Jacob Frye - Creature 3 / 2
Add To Stack: Ai(4)-Jaymie_Ezio triggered Jacob Frye targeting [Ai(4)-Jaymie_Ezio]
Resolve Stack: Partner with Evie Frye (When this creature enters, target player may put Evie Frye into their hand from their library, then shuffle.) (Targeting: [[Ai(4)-Jaymie_Ezio]]) [Zone Changer: Jacob Frye (365)]
Phase: Ai(4)-Jaymie_Ezio's End step
Add To Stack: Ai(4)-Jaymie_Ezio triggered The Monarch
Resolve Stack: At the beginning of your end step, draw a card. [Phase: Ai(4)-Jaymie_Ezio]
Phase: Ai(4)-Jaymie_Ezio's Cleanup step
Turn: Turn 56 (Ai(3)-GGS_Higure_only)
Phase: Ai(3)-GGS_Higure_only's Untap step
Phase: Ai(3)-GGS_Higure_only's Upkeep step
Phase: Ai(3)-GGS_Higure_only's Draw step
Phase: Ai(3)-GGS_Higure_only's Main phase, precombat
Land: Ai(3)-GGS_Higure_only played Riverpyre Verge (297)
Phase: Ai(3)-GGS_Higure_only's Beginning of Combat Step
Add To Stack: Ai(3)-GGS_Higure_only triggered Urabrask's Forge
Add To Stack: Ai(3)-GGS_Higure_only triggered Loyal Apprentice
Resolve Stack: Lieutenant — At the beginning of combat on your turn, if you control your commander, create a 1/1 colorless Thopter artifact creature token with flying. That token gains haste until end of turn. [Phase: Ai(3)-GGS_Higure_only]
Resolve Stack: At the beginning of combat on your turn, put an oil counter on Urabrask's Forge, then create an X/1 red Phyrexian Horror creature token with trample and haste, where X is the number of oil counters on Urabrask's Forge. Sacrifice that token at the beginning of the next end step. [Phase: Ai(3)-GGS_Higure_only]
Phase: Ai(3)-GGS_Higure_only's Declare Attackers Step
Combat: Ai(3)-GGS_Higure_only assigned Phyrexian Horror Token (711) to attack Ai(4)-Jaymie_Ezio.
Phase: Ai(3)-GGS_Higure_only's Declare Blockers Step
Combat: Ai(4)-Jaymie_Ezio didn't block Phyrexian Horror Token (711).
Phase: Ai(3)-GGS_Higure_only's First Strike Damage Step
Phase: Ai(3)-GGS_Higure_only's Combat Damage Step
Damage: Phyrexian Horror Token (711) deals 7 combat damage to Ai(4)-Jaymie_Ezio.
Life: Life: Ai(4)-Jaymie_Ezio 436 > 429
Add To Stack: Ai(3)-GGS_Higure_only triggered Grazilaxx, Illithid Scholar
Add To Stack: Ai(3)-GGS_Higure_only triggered Goro-Goro and Satoru
Add To Stack: Ai(4)-Jaymie_Ezio triggered The Monarch
Resolve Stack: Whenever a creature deals combat damage to you, its controller becomes the monarch. [Damage Source: Phyrexian Horror Token (711), Damaged: Ai(4)-Jaymie_Ezio, Amount: 7]
Resolve Stack: Whenever one or more creatures you control that entered this turn deal combat damage to a player, create a 5/5 red Dragon Spirit creature token with flying. [Damaged: Ai(4)-Jaymie_Ezio, Amount: 7]
Resolve Stack: Whenever one or more creatures you control deal combat damage to a player, draw a card. [Damaged: Ai(4)-Jaymie_Ezio, Amount: 7]
Phase: Ai(3)-GGS_Higure_only's End of Combat Step
Phase: Ai(3)-GGS_Higure_only's Main phase, postcombat
Mana: Exotic Orchard (231) - {T}: Add one mana of any color that a land an opponent controls could produce.
Mana: Soporific Springs (289) - {T}: Add {U}.
Mana: Sol Ring (242) - {T}: Add {C}{C}.
Add To Stack: Ai(3)-GGS_Higure_only cast Satoru Umezawa
Resolve Stack: Satoru Umezawa - Creature 2 / 4
Mana: Mountain (296) - {T}: Add {R}.
Add To Stack: Ai(3)-GGS_Higure_only cast Determined Iteration
Resolve Stack: Determined Iteration
Phase: Ai(3)-GGS_Higure_only's End step
Add To Stack: Ai(3)-GGS_Higure_only triggered Urabrask's Forge
Add To Stack: Ai(3)-GGS_Higure_only triggered The Monarch
Resolve Stack: At the beginning of your end step, draw a card. [Phase: Ai(3)-GGS_Higure_only]
Zone Change: Phyrexian Horror Token (711) was put into Graveyard from Battlefield.
Resolve Stack: Sacrifice Phyrexian Horror Token (711) at the beginning of the next end step. ([Phyrexian Horror Token (711)]) [Phase: Ai(3)-GGS_Higure_only]
Phase: Ai(3)-GGS_Higure_only's Cleanup step
Turn: Turn 57 (Ai(4)-Jaymie_Ezio)
Phase: Ai(4)-Jaymie_Ezio's Untap step
Phase: Ai(4)-Jaymie_Ezio's Upkeep step
Phase: Ai(4)-Jaymie_Ezio's Draw step
Phase: Ai(4)-Jaymie_Ezio's Main phase, precombat
Phase: Ai(4)-Jaymie_Ezio's Beginning of Combat Step
Phase: Ai(4)-Jaymie_Ezio's Declare Attackers Step
Combat: Ai(4)-Jaymie_Ezio assigned Aveline de Grandpré (356), Olivia, Opulent Outlaw (345), Ezio Auditore da Firenze (403), Jacob Frye (365), Assassin Token (632), Evie Frye (325) and Assassin Token (706) to attack Ai(3)-GGS_Higure_only.
Phase: Ai(4)-Jaymie_Ezio's Declare Blockers Step
Combat: Ai(3)-GGS_Higure_only assigned Dragon Spirit Token (715) to block Aveline de Grandpré (356).
Ai(3)-GGS_Higure_only assigned Thopter Token (672) to block Olivia, Opulent Outlaw (345).
Ai(3)-GGS_Higure_only didn't block Ezio Auditore da Firenze (403).
Ai(3)-GGS_Higure_only assigned Loyal Apprentice (203) to block Jacob Frye (365).
Ai(3)-GGS_Higure_only assigned Goro-Goro and Satoru (302) and Satoru Umezawa (223) to block Assassin Token (632).
Ai(3)-GGS_Higure_only assigned Grazilaxx, Illithid Scholar (206) to block Evie Frye (325).
Ai(3)-GGS_Higure_only didn't block Assassin Token (706).
Phase: Ai(4)-Jaymie_Ezio's First Strike Damage Step
Phase: Ai(4)-Jaymie_Ezio's Combat Damage Step
Replacement Effect: Prevent all damage that would be dealt to Aveline de Grandpré.
Damage: Aveline de Grandpré (356) deals 131 combat damage to Ai(3)-GGS_Higure_only.
Damage: Aveline de Grandpré (356) deals 1 damage (Deathtouch) to Dragon Spirit Token (715).
Life: Life: Ai(4)-Jaymie_Ezio 429 > 561
Damage: Olivia, Opulent Outlaw (345) deals 3 damage to Thopter Token (672).
Life: Life: Ai(4)-Jaymie_Ezio 561 > 564
Damage: Ezio Auditore da Firenze (403) deals 3 combat damage to Ai(3)-GGS_Higure_only.
Damage: Jacob Frye (365) deals 3 damage to Loyal Apprentice (203).
Damage: Assassin Token (632) deals 2 damage to Goro-Goro and Satoru (302).
Damage: Evie Frye (325) deals 2 damage to Grazilaxx, Illithid Scholar (206).
Damage: Assassin Token (706) deals 1 combat damage to Ai(3)-GGS_Higure_only.
Damage: Thopter Token (672) deals 1 damage to Olivia, Opulent Outlaw (345).
Damage: Goro-Goro and Satoru (302) deals 3 damage to Assassin Token (632).
Damage: Satoru Umezawa (223) deals 2 damage to Assassin Token (632).
Damage: Loyal Apprentice (203) deals 2 damage to Jacob Frye (365).
Damage: Grazilaxx, Illithid Scholar (206) deals 3 damage to Evie Frye (325).
Life: Life: Ai(3)-GGS_Higure_only 32 > -103
Player Control: Ai(1)-Gabe_Food has restored control over themself
Player Control: Ai(2)-Destyn_Turtles has restored control over themself
Player Control: Ai(3)-GGS_Higure_only has restored control over themself
Player Control: Ai(4)-Jaymie_Ezio has restored control over themself
Game Outcome: Match Duration 3m : 56s
Game Outcome: Turn 29
Game Outcome: Ai(1)-Gabe_Food has lost due to effect of spell 'Ezio Auditore da Firenze'
Game Outcome: Ai(2)-Destyn_Turtles has lost because life total reached 0
Game Outcome: Ai(3)-GGS_Higure_only has lost because life total reached 0
Game Outcome: Ai(4)-Jaymie_Ezio has won because all opponents have lost
Match Result: Ai(1)-Gabe_Food: 0 Ai(2)-Destyn_Turtles: 0 Ai(3)-GGS_Higure_only: 0 Ai(4)-Jaymie_Ezio: 1 

Game Result: Game 1 ended in 237584 ms. Ai(4)-Jaymie_Ezio has won!

