Error handling registered!
20:44:22 [INFO ] GuiBase: ##########################################
20:44:22 [INFO ] GuiBase: APP: Forge v.2.0.15-SNAPSHOT-09.28
20:44:22 [INFO ] GuiBase: Java: 17.0.20 (Ubuntu)
20:44:22 [INFO ] GuiBase: OS: Linux 6.18.44 amd64
20:44:22 [INFO ] GuiBase: RAM: 1536 MB max, 8 CPUs
20:44:22 [INFO ] GuiBase: ##########################################
Language 'en-US' loaded successfully.
(ThreadUtil first call): Running with priority 5
Read cards: 34010 archived files in 1 ms (25 parts) using thread pool
Upcoming set Star Trek (TRK) dated in the future. All `upcoming` cards will be added to this set with unknown rarity.
The card A-Alrund's Epiphany was not assigned to any set. Adding it to UNKNOWN set... to fix see res/editions/ folder. 
The card A-Baba Lysaga, Night Witch was not assigned to any set. Adding it to UNKNOWN set... to fix see res/editions/ folder. 
The card A-Divide by Zero was not assigned to any set. Adding it to UNKNOWN set... to fix see res/editions/ folder. 
The card A-Esika's Chariot was not assigned to any set. Adding it to UNKNOWN set... to fix see res/editions/ folder. 
The card A-Faceless Haven was not assigned to any set. Adding it to UNKNOWN set... to fix see res/editions/ folder. 
The card A-Fires of Invention was not assigned to any set. Adding it to UNKNOWN set... to fix see res/editions/ folder. 
The card A-Goldspan Dragon was not assigned to any set. Adding it to UNKNOWN set... to fix see res/editions/ folder. 
The card A-Hullbreaker Horror was not assigned to any set. Adding it to UNKNOWN set... to fix see res/editions/ folder. 
The card A-Kumano Faces Kakkazan was not assigned to any set. Adding it to UNKNOWN set... to fix see res/editions/ folder. 
The card A-Luminarch Aspirant was not assigned to any set. Adding it to UNKNOWN set... to fix see res/editions/ folder. 
The card A-Monster Manual was not assigned to any set. Adding it to UNKNOWN set... to fix see res/editions/ folder. 
The card A-Omnath, Locus of Creation was not assigned to any set. Adding it to UNKNOWN set... to fix see res/editions/ folder. 
The card A-The Meathook Massacre was not assigned to any set. Adding it to UNKNOWN set... to fix see res/editions/ folder. 
The card A-Unholy Heat was not assigned to any set. Adding it to UNKNOWN set... to fix see res/editions/ folder. 
The card Blinding Radiance was not assigned to any set. Adding it to UNKNOWN set... to fix see res/editions/ folder. 
The card Goblin Bruiser was not assigned to any set. Adding it to UNKNOWN set... to fix see res/editions/ folder. 
The card Ogre Painbringer was not assigned to any set. Adding it to UNKNOWN set... to fix see res/editions/ folder. 
The card Titanic Pelagosaur was not assigned to any set. Adding it to UNKNOWN set... to fix see res/editions/ folder. 
The card Treetop Recluse was not assigned to any set. Adding it to UNKNOWN set... to fix see res/editions/ folder. 
Upcoming set Star Trek (TRK) dated in the future. All `upcoming` cards will be added to this set with unknown rarity.
Read cards: 854 files in 0 ms (8 parts) using thread pool
Simulation mode
Ai(1)-Jaymie_Ezio vs Ai(2)-Gabe_Food vs Ai(3)-Destyn_Turtles vs Ai(4)-GGS_Current - one game of Commander seed 20261030
Warning: default (ie. inherited from base class) implementation of confirmAction is used by Ezio Auditore da Firenze for forge.ai.ability.PermanentCreatureAi. Consider declaring an overloaded method
Warning: default (ie. inherited from base class) implementation of confirmAction is used by Goro-Goro and Satoru for forge.ai.ability.PermanentCreatureAi. Consider declaring an overloaded method
Warning: default (ie. inherited from base class) implementation of confirmAction is used by Michelangelo, the Heart for forge.ai.ability.PermanentCreatureAi. Consider declaring an overloaded method
Warning: default (ie. inherited from base class) implementation of confirmAction is used by Leonardo, the Balance for forge.ai.ability.PermanentCreatureAi. Consider declaring an overloaded method
Warning: default (ie. inherited from base class) implementation of confirmAction is used by Ezio Auditore da Firenze for forge.ai.ability.PermanentCreatureAi. Consider declaring an overloaded method
Warning: default (ie. inherited from base class) implementation of confirmAction is used by Frodo, Adventurous Hobbit for forge.ai.ability.PermanentCreatureAi. Consider declaring an overloaded method
Warning: default (ie. inherited from base class) implementation of confirmAction is used by Sam, Loyal Attendant for forge.ai.ability.PermanentCreatureAi. Consider declaring an overloaded method
Warning: default (ie. inherited from base class) implementation of confirmAction is used by Michelangelo, the Heart for forge.ai.ability.PermanentCreatureAi. Consider declaring an overloaded method
Warning: default (ie. inherited from base class) implementation of confirmAction is used by Leonardo, the Balance for forge.ai.ability.PermanentCreatureAi. Consider declaring an overloaded method
Warning: default (ie. inherited from base class) implementation of confirmAction is used by Goro-Goro and Satoru for forge.ai.ability.PermanentCreatureAi. Consider declaring an overloaded method
Warning: default (ie. inherited from base class) implementation of confirmAction is used by Leonardo, the Balance for forge.ai.ability.PermanentCreatureAi. Consider declaring an overloaded method
Warning: default (ie. inherited from base class) implementation of confirmAction is used by Ezio Auditore da Firenze for forge.ai.ability.PermanentCreatureAi. Consider declaring an overloaded method
Warning: default (ie. inherited from base class) implementation of confirmAction is used by Michelangelo, the Heart for forge.ai.ability.PermanentCreatureAi. Consider declaring an overloaded method
Warning: default (ie. inherited from base class) implementation of confirmAction is used by Sam, Loyal Attendant for forge.ai.ability.PermanentCreatureAi. Consider declaring an overloaded method
Correcting zone for Hithlain Rope (126)
Correcting zone for Hithlain Rope (126)
Warning: default (ie. inherited from base class) implementation of confirmAction is used by Ezio Auditore da Firenze for forge.ai.ability.PermanentCreatureAi. Consider declaring an overloaded method
Warning: default (ie. inherited from base class) implementation of confirmAction is used by Goro-Goro and Satoru for forge.ai.ability.PermanentCreatureAi. Consider declaring an overloaded method
Mulligan: Ai(4)-GGS_Current has mulliganed down to 7 cards.
Mulligan: Ai(4)-GGS_Current has kept a hand of 7 cards
Mulligan: Ai(1)-Jaymie_Ezio has kept a hand of 7 cards
Mulligan: Ai(2)-Gabe_Food has kept a hand of 7 cards
Mulligan: Ai(3)-Destyn_Turtles has kept a hand of 7 cards
Turn: Turn 1 (Ai(4)-GGS_Current)
Phase: Ai(4)-GGS_Current's Untap step
Phase: Ai(4)-GGS_Current's Upkeep step
Phase: Ai(4)-GGS_Current's Draw step
Phase: Ai(4)-GGS_Current's Main phase, precombat
Land: Ai(4)-GGS_Current played City of Brass (338)
Phase: Ai(4)-GGS_Current's Beginning of Combat Step
Phase: Ai(4)-GGS_Current's Declare Attackers Step
Phase: Ai(4)-GGS_Current's Declare Blockers Step
Phase: Ai(4)-GGS_Current's First Strike Damage Step
Phase: Ai(4)-GGS_Current's Combat Damage Step
Phase: Ai(4)-GGS_Current's End of Combat Step
Phase: Ai(4)-GGS_Current's Main phase, postcombat
Phase: Ai(4)-GGS_Current's End step
Phase: Ai(4)-GGS_Current's Cleanup step
Turn: Turn 2 (Ai(1)-Jaymie_Ezio)
Phase: Ai(1)-Jaymie_Ezio's Untap step
Phase: Ai(1)-Jaymie_Ezio's Upkeep step
Phase: Ai(1)-Jaymie_Ezio's Draw step
Phase: Ai(1)-Jaymie_Ezio's Main phase, precombat
Land: Ai(1)-Jaymie_Ezio played Twilight Mire (69)
Phase: Ai(1)-Jaymie_Ezio's Beginning of Combat Step
Phase: Ai(1)-Jaymie_Ezio's Declare Attackers Step
Phase: Ai(1)-Jaymie_Ezio's Declare Blockers Step
Phase: Ai(1)-Jaymie_Ezio's First Strike Damage Step
Phase: Ai(1)-Jaymie_Ezio's Combat Damage Step
Phase: Ai(1)-Jaymie_Ezio's End of Combat Step
Phase: Ai(1)-Jaymie_Ezio's Main phase, postcombat
Phase: Ai(1)-Jaymie_Ezio's End step
Phase: Ai(1)-Jaymie_Ezio's Cleanup step
Turn: Turn 3 (Ai(2)-Gabe_Food)
Phase: Ai(2)-Gabe_Food's Untap step
Phase: Ai(2)-Gabe_Food's Upkeep step
Phase: Ai(2)-Gabe_Food's Draw step
Phase: Ai(2)-Gabe_Food's Main phase, precombat
Replacement Effect: Canopy Vista enters tapped unless you control two or more basic lands.
Land: Ai(2)-Gabe_Food played Canopy Vista (171)
Phase: Ai(2)-Gabe_Food's Beginning of Combat Step
Phase: Ai(2)-Gabe_Food's Declare Attackers Step
Phase: Ai(2)-Gabe_Food's Declare Blockers Step
Phase: Ai(2)-Gabe_Food's First Strike Damage Step
Phase: Ai(2)-Gabe_Food's Combat Damage Step
Phase: Ai(2)-Gabe_Food's End of Combat Step
Phase: Ai(2)-Gabe_Food's Main phase, postcombat
Phase: Ai(2)-Gabe_Food's End step
Phase: Ai(2)-Gabe_Food's Cleanup step
Turn: Turn 4 (Ai(3)-Destyn_Turtles)
Phase: Ai(3)-Destyn_Turtles' Untap step
Phase: Ai(3)-Destyn_Turtles' Upkeep step
Phase: Ai(3)-Destyn_Turtles' Draw step
Phase: Ai(3)-Destyn_Turtles' Main phase, precombat
Replacement Effect: Path of Ancestry enters tapped.
Land: Ai(3)-Destyn_Turtles played Path of Ancestry (214)
Phase: Ai(3)-Destyn_Turtles' Beginning of Combat Step
Phase: Ai(3)-Destyn_Turtles' Declare Attackers Step
Phase: Ai(3)-Destyn_Turtles' Declare Blockers Step
Phase: Ai(3)-Destyn_Turtles' First Strike Damage Step
Phase: Ai(3)-Destyn_Turtles' Combat Damage Step
Phase: Ai(3)-Destyn_Turtles' End of Combat Step
Phase: Ai(3)-Destyn_Turtles' Main phase, postcombat
Phase: Ai(3)-Destyn_Turtles' End step
Phase: Ai(3)-Destyn_Turtles' Cleanup step
Turn: Turn 5 (Ai(4)-GGS_Current)
Phase: Ai(4)-GGS_Current's Untap step
Phase: Ai(4)-GGS_Current's Upkeep step
Phase: Ai(4)-GGS_Current's Draw step
Phase: Ai(4)-GGS_Current's Main phase, precombat
Replacement Effect: Undercity Sewers enters tapped.
Land: Ai(4)-GGS_Current played Undercity Sewers (306)
Add To Stack: Ai(4)-GGS_Current triggered Undercity Sewers
Resolve Stack: Ai(4)-GGS_Current surveiled 1 card(s) to the graveyard
Resolve Stack: When Undercity Sewers enters, surveil 1. (Look at the top card of your library. You may put it into your graveyard.) [Zone Changer: Undercity Sewers (306)]
Mana: City of Brass (338) - {T}: Add one mana of any color.
Add To Stack: Ai(4)-GGS_Current cast Phoenix Chick
Add To Stack: Ai(4)-GGS_Current triggered City of Brass
Damage: City of Brass (338) deals 1 non-combat damage to Ai(4)-GGS_Current.
Life: Life: Ai(4)-GGS_Current 40 > 39
Resolve Stack: Whenever City of Brass becomes tapped, it deals 1 damage to you. [Tapped: City of Brass (338)]
Resolve Stack: Phoenix Chick - Creature 1 / 1
Phase: Ai(4)-GGS_Current's Beginning of Combat Step
Phase: Ai(4)-GGS_Current's Declare Attackers Step
Combat: Ai(4)-GGS_Current assigned Phoenix Chick (373) to attack Ai(3)-Destyn_Turtles.
Phase: Ai(4)-GGS_Current's Declare Blockers Step
Combat: Ai(3)-Destyn_Turtles didn't block Phoenix Chick (373).
Phase: Ai(4)-GGS_Current's First Strike Damage Step
Phase: Ai(4)-GGS_Current's Combat Damage Step
Damage: Phoenix Chick (373) deals 1 combat damage to Ai(3)-Destyn_Turtles.
Life: Life: Ai(3)-Destyn_Turtles 40 > 39
Phase: Ai(4)-GGS_Current's End of Combat Step
Phase: Ai(4)-GGS_Current's Main phase, postcombat
Phase: Ai(4)-GGS_Current's End step
Phase: Ai(4)-GGS_Current's Cleanup step
Turn: Turn 6 (Ai(1)-Jaymie_Ezio)
Phase: Ai(1)-Jaymie_Ezio's Untap step
Phase: Ai(1)-Jaymie_Ezio's Upkeep step
Phase: Ai(1)-Jaymie_Ezio's Draw step
Phase: Ai(1)-Jaymie_Ezio's Main phase, precombat
Land: Ai(1)-Jaymie_Ezio played Swamp (59)
Phase: Ai(1)-Jaymie_Ezio's Beginning of Combat Step
Phase: Ai(1)-Jaymie_Ezio's Declare Attackers Step
Phase: Ai(1)-Jaymie_Ezio's Declare Blockers Step
Phase: Ai(1)-Jaymie_Ezio's First Strike Damage Step
Phase: Ai(1)-Jaymie_Ezio's Combat Damage Step
Phase: Ai(1)-Jaymie_Ezio's End of Combat Step
Phase: Ai(1)-Jaymie_Ezio's Main phase, postcombat
Mana: Swamp (59) - {T}: Add {B}.
Mana: Twilight Mire (69) - {T}: Add {C}.
Add To Stack: Ai(1)-Jaymie_Ezio cast Ezio Auditore da Firenze
Resolve Stack: Ezio Auditore da Firenze - Creature 3 / 2
Phase: Ai(1)-Jaymie_Ezio's End step
Phase: Ai(1)-Jaymie_Ezio's Cleanup step
Turn: Turn 7 (Ai(2)-Gabe_Food)
Phase: Ai(2)-Gabe_Food's Untap step
Phase: Ai(2)-Gabe_Food's Upkeep step
Phase: Ai(2)-Gabe_Food's Draw step
Phase: Ai(2)-Gabe_Food's Main phase, precombat
Land: Ai(2)-Gabe_Food played Forest (137)
Mana: Forest (137) - {T}: Add {G}.
Mana: Canopy Vista (171) - {T}: Add {G}.
Add To Stack: Ai(2)-Gabe_Food cast Farseek
Resolve Stack: Farseek (128) - Ai(2)-Gabe_Food searches their library for a Plains, Island, Swamp or Mountain card, puts it onto the battlefield tapped, then shuffles.
Phase: Ai(2)-Gabe_Food's Beginning of Combat Step
Phase: Ai(2)-Gabe_Food's Declare Attackers Step
Phase: Ai(2)-Gabe_Food's Declare Blockers Step
Phase: Ai(2)-Gabe_Food's First Strike Damage Step
Phase: Ai(2)-Gabe_Food's Combat Damage Step
Phase: Ai(2)-Gabe_Food's End of Combat Step
Phase: Ai(2)-Gabe_Food's Main phase, postcombat
Phase: Ai(2)-Gabe_Food's End step
Phase: Ai(2)-Gabe_Food's Cleanup step
Turn: Turn 8 (Ai(3)-Destyn_Turtles)
Phase: Ai(3)-Destyn_Turtles' Untap step
Phase: Ai(3)-Destyn_Turtles' Upkeep step
Phase: Ai(3)-Destyn_Turtles' Draw step
Phase: Ai(3)-Destyn_Turtles' Main phase, precombat
Land: Ai(3)-Destyn_Turtles played Island (231)
Phase: Ai(3)-Destyn_Turtles' Beginning of Combat Step
Phase: Ai(3)-Destyn_Turtles' Declare Attackers Step
Phase: Ai(3)-Destyn_Turtles' Declare Blockers Step
Phase: Ai(3)-Destyn_Turtles' First Strike Damage Step
Phase: Ai(3)-Destyn_Turtles' Combat Damage Step
Phase: Ai(3)-Destyn_Turtles' End of Combat Step
Phase: Ai(3)-Destyn_Turtles' Main phase, postcombat
Mana: Path of Ancestry (214) - {T}: Add one mana of any color in your commander's color identity. When that mana is spent to cast a creature spell that shares a creature type with your commander, scry 1. (Look at the top card of your library. You may put that card on the bottom.)
Mana: Island (231) - {T}: Add {U}.
Add To Stack: Ai(3)-Destyn_Turtles cast Michelangelo, the Heart
Add To Stack: Ai(3)-Destyn_Turtles triggered Path of Ancestry
Resolve Stack: Ai(3)-Destyn_Turtles scried 1 card(s) to the bottom of the library
Resolve Stack: When mana produced by Path of Ancestry is spent to cast a creature spell that shares a creature type with your commander, scry 1. ([Michelangelo, the Heart - Creature 2 / 1]) [Card: Michelangelo, the Heart (301), Activator: Ai(3)-Destyn_Turtles, SpellAbility: Michelangelo, the Heart - Creature 2 / 1]
Resolve Stack: Michelangelo, the Heart - Creature 2 / 1
Phase: Ai(3)-Destyn_Turtles' End step
Phase: Ai(3)-Destyn_Turtles' Cleanup step
Turn: Turn 9 (Ai(4)-GGS_Current)
Phase: Ai(4)-GGS_Current's Untap step
Phase: Ai(4)-GGS_Current's Upkeep step
Phase: Ai(4)-GGS_Current's Draw step
Phase: Ai(4)-GGS_Current's Main phase, precombat
Land: Ai(4)-GGS_Current played Otawara, Soaring City (314)
Phase: Ai(4)-GGS_Current's Beginning of Combat Step
Phase: Ai(4)-GGS_Current's Declare Attackers Step
Combat: Ai(4)-GGS_Current assigned Phoenix Chick (373) to attack Ai(1)-Jaymie_Ezio.
Phase: Ai(4)-GGS_Current's Declare Blockers Step
Combat: Ai(1)-Jaymie_Ezio didn't block Phoenix Chick (373).
Phase: Ai(4)-GGS_Current's First Strike Damage Step
Phase: Ai(4)-GGS_Current's Combat Damage Step
Damage: Phoenix Chick (373) deals 1 combat damage to Ai(1)-Jaymie_Ezio.
Life: Life: Ai(1)-Jaymie_Ezio 40 > 39
Phase: Ai(4)-GGS_Current's End of Combat Step
Phase: Ai(4)-GGS_Current's Main phase, postcombat
Mana: City of Brass (338) - {T}: Add one mana of any color.
Mana: Undercity Sewers (306) - {T}: Add {B}.
Mana: Otawara, Soaring City (314) - {T}: Add {U}.
Add To Stack: Ai(4)-GGS_Current cast Goro-Goro and Satoru
Add To Stack: Ai(4)-GGS_Current triggered City of Brass
Damage: City of Brass (338) deals 1 non-combat damage to Ai(4)-GGS_Current.
Life: Life: Ai(4)-GGS_Current 39 > 38
Resolve Stack: Whenever City of Brass becomes tapped, it deals 1 damage to you. [Tapped: City of Brass (338)]
Resolve Stack: Goro-Goro and Satoru - Creature 3 / 4
Phase: Ai(4)-GGS_Current's End step
Phase: Ai(4)-GGS_Current's Cleanup step
Turn: Turn 10 (Ai(1)-Jaymie_Ezio)
Phase: Ai(1)-Jaymie_Ezio's Untap step
Phase: Ai(1)-Jaymie_Ezio's Upkeep step
Phase: Ai(1)-Jaymie_Ezio's Draw step
Phase: Ai(1)-Jaymie_Ezio's Main phase, precombat
Phase: Ai(1)-Jaymie_Ezio's Beginning of Combat Step
Phase: Ai(1)-Jaymie_Ezio's Declare Attackers Step
Combat: Ai(1)-Jaymie_Ezio assigned Ezio Auditore da Firenze (100) to attack Ai(4)-GGS_Current.
Add To Stack: Ai(4)-GGS_Current cast Deadly Rollick targeting [Ezio Auditore da Firenze (100)]
Zone Change: Ezio Auditore da Firenze (100) was put into Exile from Battlefield.
Resolve Stack: Deadly Rollick (363) - Exile Ezio Auditore da Firenze (100).
Phase: Ai(1)-Jaymie_Ezio's Declare Blockers Step
Phase: Ai(1)-Jaymie_Ezio's First Strike Damage Step
Phase: Ai(1)-Jaymie_Ezio's Combat Damage Step
Phase: Ai(1)-Jaymie_Ezio's End of Combat Step
Phase: Ai(1)-Jaymie_Ezio's Main phase, postcombat
Replacement Effect: Boros Garrison enters tapped.
Land: Ai(1)-Jaymie_Ezio played Boros Garrison (80)
Add To Stack: Ai(1)-Jaymie_Ezio triggered Boros Garrison
Resolve Stack: When Boros Garrison enters, return a land you control to its owner's hand. [Zone Changer: Boros Garrison (80)]
Phase: Ai(1)-Jaymie_Ezio's End step
Phase: Ai(1)-Jaymie_Ezio's Cleanup step
Discard: Ai(1)-Jaymie_Ezio discards Deceptive Landscape (15).
Turn: Turn 11 (Ai(2)-Gabe_Food)
Phase: Ai(2)-Gabe_Food's Untap step
Phase: Ai(2)-Gabe_Food's Upkeep step
Mana: Swamp (161) - {T}: Add {B}.
Mana: Forest (137) - {T}: Add {G}.
Add To Stack: Ai(2)-Gabe_Food cast Go for the Throat targeting [Goro-Goro and Satoru (403)]
Zone Change: Goro-Goro and Satoru (403) was put into Graveyard from Battlefield.
Resolve Stack: Go for the Throat (103) - Destroy Goro-Goro and Satoru (403).
Phase: Ai(2)-Gabe_Food's Draw step
Phase: Ai(2)-Gabe_Food's Main phase, precombat
Land: Ai(2)-Gabe_Food played Exotic Orchard (148)
Phase: Ai(2)-Gabe_Food's Beginning of Combat Step
Phase: Ai(2)-Gabe_Food's Declare Attackers Step
Phase: Ai(2)-Gabe_Food's Declare Blockers Step
Phase: Ai(2)-Gabe_Food's First Strike Damage Step
Phase: Ai(2)-Gabe_Food's Combat Damage Step
Phase: Ai(2)-Gabe_Food's End of Combat Step
Phase: Ai(2)-Gabe_Food's Main phase, postcombat
Mana: Exotic Orchard (148) - {T}: Add one mana of any color that a land an opponent controls could produce.
Mana: Canopy Vista (171) - {T}: Add {W}.
Add To Stack: Ai(2)-Gabe_Food cast Frodo, Adventurous Hobbit
Resolve Stack: Frodo, Adventurous Hobbit - Creature 1 / 3
Add To Stack: Ai(2)-Gabe_Food triggered Frodo, Adventurous Hobbit targeting [Ai(2)-Gabe_Food]
Resolve Stack: Partner with Sam, Loyal Attendant (When this creature enters, target player may put Sam into their hand from their library, then shuffle.) (Targeting: [[Ai(2)-Gabe_Food]]) [Zone Changer: Frodo, Adventurous Hobbit (200)]
Phase: Ai(2)-Gabe_Food's End step
Phase: Ai(2)-Gabe_Food's Cleanup step
Turn: Turn 12 (Ai(3)-Destyn_Turtles)
Phase: Ai(3)-Destyn_Turtles' Untap step
Phase: Ai(3)-Destyn_Turtles' Upkeep step
Mana: Island (231) - {T}: Add {U}.
Mana: Path of Ancestry (214) - {T}: Add one mana of any color in your commander's color identity. When that mana is spent to cast a creature spell that shares a creature type with your commander, scry 1. (Look at the top card of your library. You may put that card on the bottom.)
Add To Stack: Ai(3)-Destyn_Turtles cast Double Jump targeting [Michelangelo, the Heart (301)]
Resolve Stack: Double Jump (228) - Put a flying counter on target creature you control. Until end of turn, it has base power and toughness 5/5. (Targeting: Michelangelo, the Heart (301)) 
Phase: Ai(3)-Destyn_Turtles' Draw step
Phase: Ai(3)-Destyn_Turtles' Main phase, precombat
Phase: Ai(3)-Destyn_Turtles' Beginning of Combat Step
Phase: Ai(3)-Destyn_Turtles' Declare Attackers Step
Combat: Ai(3)-Destyn_Turtles assigned Michelangelo, the Heart (301) to attack Ai(2)-Gabe_Food.
Phase: Ai(3)-Destyn_Turtles' Declare Blockers Step
Combat: Ai(2)-Gabe_Food didn't block Michelangelo, the Heart (301).
Phase: Ai(3)-Destyn_Turtles' First Strike Damage Step
Phase: Ai(3)-Destyn_Turtles' Combat Damage Step
Damage: Michelangelo, the Heart (301) deals 5 combat damage to Ai(2)-Gabe_Food.
Life: Life: Ai(2)-Gabe_Food 40 > 35
Phase: Ai(3)-Destyn_Turtles' End of Combat Step
Phase: Ai(3)-Destyn_Turtles' Main phase, postcombat
Add To Stack: Ai(3)-Destyn_Turtles triggered Michelangelo, the Heart targeting [Michelangelo, the Heart (301)]
Resolve Stack: Raid (the Fridge) — At the beginning of your second main phase, if you attacked this turn, put a +1/+1 counter on target creature and create a Food token. (Targeting: [[Michelangelo, the Heart (301)]]) [Phase: Ai(3)-Destyn_Turtles]
Replacement Effect: Sunken Hollow enters tapped unless you control two or more basic lands.
Land: Ai(3)-Destyn_Turtles played Sunken Hollow (226)
Phase: Ai(3)-Destyn_Turtles' End step
Phase: Ai(3)-Destyn_Turtles' Cleanup step
Turn: Turn 13 (Ai(4)-GGS_Current)
Phase: Ai(4)-GGS_Current's Untap step
Phase: Ai(4)-GGS_Current's Upkeep step
Phase: Ai(4)-GGS_Current's Draw step
Phase: Ai(4)-GGS_Current's Main phase, precombat
Land: Ai(4)-GGS_Current played Flooded Strand (311)
Life: Life: Ai(4)-GGS_Current 38 > 37
Zone Change: Flooded Strand (311) was put into Graveyard from Battlefield.
Add To Stack: Ai(4)-GGS_Current activated Flooded Strand
Replacement Effect: As Steam Vents enters, you may pay 2 life. If you don't, it enters tapped.
Resolve Stack: Flooded Strand (311) - Ai(4)-GGS_Current searches their library for a Plains or Island card, puts it onto the battlefield, then shuffles.
Phase: Ai(4)-GGS_Current's Beginning of Combat Step
Phase: Ai(4)-GGS_Current's Declare Attackers Step
Combat: Ai(4)-GGS_Current assigned Phoenix Chick (373) to attack Ai(3)-Destyn_Turtles.
Phase: Ai(4)-GGS_Current's Declare Blockers Step
Combat: Ai(3)-Destyn_Turtles didn't block Phoenix Chick (373).
Phase: Ai(4)-GGS_Current's First Strike Damage Step
Phase: Ai(4)-GGS_Current's Combat Damage Step
Damage: Phoenix Chick (373) deals 1 combat damage to Ai(3)-Destyn_Turtles.
Life: Life: Ai(3)-Destyn_Turtles 39 > 38
Phase: Ai(4)-GGS_Current's End of Combat Step
Phase: Ai(4)-GGS_Current's Main phase, postcombat
Mana: City of Brass (338) - {T}: Add one mana of any color.
Mana: Otawara, Soaring City (314) - {T}: Add {U}.
Add To Stack: Ai(4)-GGS_Current cast Dragon Tempest
Add To Stack: Ai(4)-GGS_Current triggered City of Brass
Damage: City of Brass (338) deals 1 non-combat damage to Ai(4)-GGS_Current.
Life: Life: Ai(4)-GGS_Current 37 > 36
Resolve Stack: Whenever City of Brass becomes tapped, it deals 1 damage to you. [Tapped: City of Brass (338)]
Resolve Stack: Dragon Tempest
Phase: Ai(4)-GGS_Current's End step
Phase: Ai(4)-GGS_Current's Cleanup step
Turn: Turn 14 (Ai(1)-Jaymie_Ezio)
Phase: Ai(1)-Jaymie_Ezio's Untap step
Phase: Ai(1)-Jaymie_Ezio's Upkeep step
Phase: Ai(1)-Jaymie_Ezio's Draw step
Phase: Ai(1)-Jaymie_Ezio's Main phase, precombat
Land: Ai(1)-Jaymie_Ezio played Twisted Landscape (9)
Zone Change: Twisted Landscape (9) was put into Graveyard from Battlefield.
Add To Stack: Ai(1)-Jaymie_Ezio activated Twisted Landscape
Resolve Stack: Twisted Landscape (9) - Ai(1)-Jaymie_Ezio searches their library for a basic Swamp, Mountain, or Forest card, puts it onto the battlefield tapped, then shuffles.
Mana: Boros Garrison (80) - {T}: Add {R}{W}.
Mana: Twilight Mire (69) - {T}: Add {C}.
Add To Stack: Ai(1)-Jaymie_Ezio cast 
Resolve Stack: Disguise - Creature 2/2
Phase: Ai(1)-Jaymie_Ezio's Beginning of Combat Step
Phase: Ai(1)-Jaymie_Ezio's Declare Attackers Step
Phase: Ai(1)-Jaymie_Ezio's Declare Blockers Step
Phase: Ai(1)-Jaymie_Ezio's First Strike Damage Step
Phase: Ai(1)-Jaymie_Ezio's Combat Damage Step
Phase: Ai(1)-Jaymie_Ezio's End of Combat Step
Phase: Ai(1)-Jaymie_Ezio's Main phase, postcombat
Phase: Ai(1)-Jaymie_Ezio's End step
Phase: Ai(1)-Jaymie_Ezio's Cleanup step
Turn: Turn 15 (Ai(2)-Gabe_Food)
Phase: Ai(2)-Gabe_Food's Untap step
Phase: Ai(2)-Gabe_Food's Upkeep step
Phase: Ai(2)-Gabe_Food's Draw step
Phase: Ai(2)-Gabe_Food's Main phase, precombat
Mana: Exotic Orchard (148) - {T}: Add one mana of any color that a land an opponent controls could produce.
Mana: Canopy Vista (171) - {T}: Add {W}.
Mana: Forest (137) - {T}: Add {G}.
Mana: Swamp (161) - {T}: Add {B}.
Add To Stack: Ai(2)-Gabe_Food cast Dusk
Zone Change: Michelangelo, the Heart (301) was put into Graveyard from Battlefield.
Resolve Stack: Dusk (113) - Destroy all creatures with power 3 or greater.
Phase: Ai(2)-Gabe_Food's Beginning of Combat Step
Phase: Ai(2)-Gabe_Food's Declare Attackers Step
Phase: Ai(2)-Gabe_Food's Declare Blockers Step
Phase: Ai(2)-Gabe_Food's First Strike Damage Step
Phase: Ai(2)-Gabe_Food's Combat Damage Step
Phase: Ai(2)-Gabe_Food's End of Combat Step
Phase: Ai(2)-Gabe_Food's Main phase, postcombat
Phase: Ai(2)-Gabe_Food's End step
Phase: Ai(2)-Gabe_Food's Cleanup step
Turn: Turn 16 (Ai(3)-Destyn_Turtles)
Phase: Ai(3)-Destyn_Turtles' Untap step
Phase: Ai(3)-Destyn_Turtles' Upkeep step
Phase: Ai(3)-Destyn_Turtles' Draw step
Phase: Ai(3)-Destyn_Turtles' Main phase, precombat
Land: Ai(3)-Destyn_Turtles played Plains (289)
Phase: Ai(3)-Destyn_Turtles' Beginning of Combat Step
Phase: Ai(3)-Destyn_Turtles' Declare Attackers Step
Phase: Ai(3)-Destyn_Turtles' Declare Blockers Step
Phase: Ai(3)-Destyn_Turtles' First Strike Damage Step
Phase: Ai(3)-Destyn_Turtles' Combat Damage Step
Phase: Ai(3)-Destyn_Turtles' End of Combat Step
Phase: Ai(3)-Destyn_Turtles' Main phase, postcombat
Mana: Plains (289) - {T}: Add {W}.
Mana: Island (231) - {T}: Add {U}.
Mana: Sunken Hollow (226) - {T}: Add {B}.
Mana: Path of Ancestry (214) - {T}: Add one mana of any color in your commander's color identity. When that mana is spent to cast a creature spell that shares a creature type with your commander, scry 1. (Look at the top card of your library. You may put that card on the bottom.)
Add To Stack: Ai(3)-Destyn_Turtles cast Leonardo, the Balance
Add To Stack: Ai(3)-Destyn_Turtles triggered Path of Ancestry
Resolve Stack: Ai(3)-Destyn_Turtles scried 1 card(s) to the top of the library
Resolve Stack: When mana produced by Path of Ancestry is spent to cast a creature spell that shares a creature type with your commander, scry 1. ([Leonardo, the Balance - Creature 3 / 3]) [Card: Leonardo, the Balance (303), Activator: Ai(3)-Destyn_Turtles, SpellAbility: Leonardo, the Balance - Creature 3 / 3]
Resolve Stack: Leonardo, the Balance - Creature 3 / 3
Phase: Ai(3)-Destyn_Turtles' End step
Phase: Ai(3)-Destyn_Turtles' Cleanup step
Turn: Turn 17 (Ai(4)-GGS_Current)
Phase: Ai(4)-GGS_Current's Untap step
Phase: Ai(4)-GGS_Current's Upkeep step
Phase: Ai(4)-GGS_Current's Draw step
Phase: Ai(4)-GGS_Current's Main phase, precombat
Land: Ai(4)-GGS_Current played Bloodstained Mire (345)
Life: Life: Ai(4)-GGS_Current 36 > 35
Zone Change: Bloodstained Mire (345) was put into Graveyard from Battlefield.
Add To Stack: Ai(4)-GGS_Current activated Bloodstained Mire
Replacement Effect: Raucous Theater enters tapped.
Resolve Stack: Bloodstained Mire (345) - Ai(4)-GGS_Current searches their library for a Swamp or Mountain card, puts it onto the battlefield, then shuffles.
Add To Stack: Ai(4)-GGS_Current triggered Raucous Theater
Resolve Stack: Ai(4)-GGS_Current surveiled 1 card(s) to the top of the library
Resolve Stack: When Raucous Theater enters, surveil 1. (Look at the top card of your library. You may put it into your graveyard.) [Zone Changer: Raucous Theater (386)]
Mana: Undercity Sewers (306) - {T}: Add {B}.
Add To Stack: Ai(4)-GGS_Current cast Changeling Outcast
Resolve Stack: Changeling Outcast - Creature 1 / 1
Add To Stack: Ai(4)-GGS_Current triggered Dragon Tempest targeting [Ai(2)-Gabe_Food]
Damage: Changeling Outcast (319) deals 1 non-combat damage to Ai(2)-Gabe_Food.
Life: Life: Ai(2)-Gabe_Food 35 > 34
Resolve Stack: Whenever a Dragon you control enters, it deals X damage to any target, where X is the number of Dragons you control. (Targeting: [[Ai(2)-Gabe_Food]]) [Zone Changer: Changeling Outcast (319)]
Phase: Ai(4)-GGS_Current's Beginning of Combat Step
Phase: Ai(4)-GGS_Current's Declare Attackers Step
Combat: Ai(4)-GGS_Current assigned Phoenix Chick (373) to attack Ai(3)-Destyn_Turtles.
Phase: Ai(4)-GGS_Current's Declare Blockers Step
Combat: Ai(3)-Destyn_Turtles didn't block Phoenix Chick (373).
Phase: Ai(4)-GGS_Current's First Strike Damage Step
Phase: Ai(4)-GGS_Current's Combat Damage Step
Damage: Phoenix Chick (373) deals 1 combat damage to Ai(3)-Destyn_Turtles.
Life: Life: Ai(3)-Destyn_Turtles 38 > 37
Phase: Ai(4)-GGS_Current's End of Combat Step
Phase: Ai(4)-GGS_Current's Main phase, postcombat
Phase: Ai(4)-GGS_Current's End step
Phase: Ai(4)-GGS_Current's Cleanup step
Turn: Turn 18 (Ai(1)-Jaymie_Ezio)
Phase: Ai(1)-Jaymie_Ezio's Untap step
Phase: Ai(1)-Jaymie_Ezio's Upkeep step
Phase: Ai(1)-Jaymie_Ezio's Draw step
Phase: Ai(1)-Jaymie_Ezio's Main phase, precombat
Land: Ai(1)-Jaymie_Ezio played Swamp (59)
Mana: Swamp (59) - {T}: Add {B}.
Mana: Mountain (88) - {T}: Add {R}.
Resolve Stack: Ai(1)-Jaymie_Ezio has undisguised Arno Dorian
Phase: Ai(1)-Jaymie_Ezio's Beginning of Combat Step
Phase: Ai(1)-Jaymie_Ezio's Declare Attackers Step
Phase: Ai(1)-Jaymie_Ezio's Declare Blockers Step
Phase: Ai(1)-Jaymie_Ezio's First Strike Damage Step
Phase: Ai(1)-Jaymie_Ezio's Combat Damage Step
Phase: Ai(1)-Jaymie_Ezio's End of Combat Step
Phase: Ai(1)-Jaymie_Ezio's Main phase, postcombat
Mana: Boros Garrison (80) - {T}: Add {R}{W}.
Add To Stack: Ai(1)-Jaymie_Ezio cast Fellwar Stone
Resolve Stack: Fellwar Stone
Phase: Ai(1)-Jaymie_Ezio's End step
Phase: Ai(1)-Jaymie_Ezio's Cleanup step
Turn: Turn 19 (Ai(2)-Gabe_Food)
Phase: Ai(2)-Gabe_Food's Untap step
Phase: Ai(2)-Gabe_Food's Upkeep step
Phase: Ai(2)-Gabe_Food's Draw step
Phase: Ai(2)-Gabe_Food's Main phase, precombat
Land: Ai(2)-Gabe_Food played Forest (134)
Mana: Exotic Orchard (148) - {T}: Add one mana of any color that a land an opponent controls could produce.
Mana: Forest (137) - {T}: Add {G}.
Mana: Forest (134) - {T}: Add {G}.
Mana: Swamp (161) - {T}: Add {B}.
Mana: Canopy Vista (171) - {T}: Add {G}.
Add To Stack: Ai(2)-Gabe_Food cast Fell the Mighty targeting [Frodo, Adventurous Hobbit (200)]
Zone Change: Leonardo, the Balance (303) was put into Graveyard from Battlefield.
Zone Change: Arno Dorian (24) was put into Graveyard from Battlefield.
Resolve Stack: Fell the Mighty (123) - Destroy all creatures with power greater than target creature's power.
Phase: Ai(2)-Gabe_Food's Beginning of Combat Step
Phase: Ai(2)-Gabe_Food's Declare Attackers Step
Combat: Ai(2)-Gabe_Food assigned Frodo, Adventurous Hobbit (200) to attack Ai(4)-GGS_Current.
Phase: Ai(2)-Gabe_Food's Declare Blockers Step
Combat: Ai(4)-GGS_Current didn't block Frodo, Adventurous Hobbit (200).
Phase: Ai(2)-Gabe_Food's First Strike Damage Step
Phase: Ai(2)-Gabe_Food's Combat Damage Step
Damage: Frodo, Adventurous Hobbit (200) deals 1 combat damage to Ai(4)-GGS_Current.
Life: Life: Ai(4)-GGS_Current 35 > 34
Phase: Ai(2)-Gabe_Food's End of Combat Step
Phase: Ai(2)-Gabe_Food's Main phase, postcombat
Phase: Ai(2)-Gabe_Food's End step
Phase: Ai(2)-Gabe_Food's Cleanup step
Turn: Turn 20 (Ai(3)-Destyn_Turtles)
Phase: Ai(3)-Destyn_Turtles' Untap step
Phase: Ai(3)-Destyn_Turtles' Upkeep step
Phase: Ai(3)-Destyn_Turtles' Draw step
Phase: Ai(3)-Destyn_Turtles' Main phase, precombat
Land: Ai(3)-Destyn_Turtles played Forest (240)
Phase: Ai(3)-Destyn_Turtles' Beginning of Combat Step
Phase: Ai(3)-Destyn_Turtles' Declare Attackers Step
Phase: Ai(3)-Destyn_Turtles' Declare Blockers Step
Phase: Ai(3)-Destyn_Turtles' First Strike Damage Step
Phase: Ai(3)-Destyn_Turtles' Combat Damage Step
Phase: Ai(3)-Destyn_Turtles' End of Combat Step
Phase: Ai(3)-Destyn_Turtles' Main phase, postcombat
Mana: Forest (240) - {T}: Add {G}.
Mana: Island (231) - {T}: Add {U}.
Mana: Plains (289) - {T}: Add {W}.
Mana: Sunken Hollow (226) - {T}: Add {B}.
Add To Stack: Ai(3)-Destyn_Turtles cast Michelangelo, the Heart
Resolve Stack: Michelangelo, the Heart - Creature 2 / 1
Phase: Ai(3)-Destyn_Turtles' End step
Phase: Ai(3)-Destyn_Turtles' Cleanup step
Turn: Turn 21 (Ai(4)-GGS_Current)
Phase: Ai(4)-GGS_Current's Untap step
Phase: Ai(4)-GGS_Current's Upkeep step
Phase: Ai(4)-GGS_Current's Draw step
Phase: Ai(4)-GGS_Current's Main phase, precombat
Mana: Steam Vents (347) - {T}: Add {R}.
Mana: Otawara, Soaring City (314) - {T}: Add {U}.
Mana: Raucous Theater (386) - {T}: Add {R}.
Mana: Undercity Sewers (306) - {T}: Add {B}.
Mana: City of Brass (338) - {T}: Add one mana of any color.
Add To Stack: Ai(4)-GGS_Current cast Vandalblast
Add To Stack: Ai(4)-GGS_Current triggered City of Brass
Damage: City of Brass (338) deals 1 non-combat damage to Ai(4)-GGS_Current.
Life: Life: Ai(4)-GGS_Current 34 > 33
Resolve Stack: Whenever City of Brass becomes tapped, it deals 1 damage to you. [Tapped: City of Brass (338)]
Zone Change: Fellwar Stone (76) was put into Graveyard from Battlefield.
Zone Change: Food Token (406) was put into Graveyard from Battlefield.
Resolve Stack: Vandalblast (346) - Destroy each artifact you don't control.
Replacement Effect: Luxury Suite enters tapped unless you have two or more opponents.
Land: Ai(4)-GGS_Current played Luxury Suite (379)
Phase: Ai(4)-GGS_Current's Beginning of Combat Step
Phase: Ai(4)-GGS_Current's Declare Attackers Step
Combat: Ai(4)-GGS_Current assigned Phoenix Chick (373) and Changeling Outcast (319) to attack Ai(3)-Destyn_Turtles.
Phase: Ai(4)-GGS_Current's Declare Blockers Step
Combat: Ai(3)-Destyn_Turtles didn't block Phoenix Chick (373).
Ai(3)-Destyn_Turtles didn't block Changeling Outcast (319).
Phase: Ai(4)-GGS_Current's First Strike Damage Step
Phase: Ai(4)-GGS_Current's Combat Damage Step
Damage: Phoenix Chick (373) deals 1 combat damage to Ai(3)-Destyn_Turtles.
Damage: Changeling Outcast (319) deals 1 combat damage to Ai(3)-Destyn_Turtles.
Life: Life: Ai(3)-Destyn_Turtles 37 > 35
Phase: Ai(4)-GGS_Current's End of Combat Step
Phase: Ai(4)-GGS_Current's Main phase, postcombat
Phase: Ai(4)-GGS_Current's End step
Phase: Ai(4)-GGS_Current's Cleanup step
Turn: Turn 22 (Ai(1)-Jaymie_Ezio)
Phase: Ai(1)-Jaymie_Ezio's Untap step
Phase: Ai(1)-Jaymie_Ezio's Upkeep step
Phase: Ai(1)-Jaymie_Ezio's Draw step
Phase: Ai(1)-Jaymie_Ezio's Main phase, precombat
Land: Ai(1)-Jaymie_Ezio played Brotherhood Headquarters (25)
Mana: Swamp (59) - {T}: Add {B}.
Mana: Mountain (88) - {T}: Add {R}.
Mana: Boros Garrison (80) - {T}: Add {R}{W}.
Add To Stack: Ai(1)-Jaymie_Ezio cast Restart Sequence targeting [Arno Dorian (24)]
Resolve Stack: Restart Sequence (73) - Return Arno Dorian (24) from the graveyard to the battlefield.
Phase: Ai(1)-Jaymie_Ezio's Beginning of Combat Step
Phase: Ai(1)-Jaymie_Ezio's Declare Attackers Step
Phase: Ai(1)-Jaymie_Ezio's Declare Blockers Step
Phase: Ai(1)-Jaymie_Ezio's First Strike Damage Step
Phase: Ai(1)-Jaymie_Ezio's Combat Damage Step
Phase: Ai(1)-Jaymie_Ezio's End of Combat Step
Phase: Ai(1)-Jaymie_Ezio's Main phase, postcombat
Phase: Ai(1)-Jaymie_Ezio's End step
Phase: Ai(1)-Jaymie_Ezio's Cleanup step
Turn: Turn 23 (Ai(2)-Gabe_Food)
Phase: Ai(2)-Gabe_Food's Untap step
Phase: Ai(2)-Gabe_Food's Upkeep step
Phase: Ai(2)-Gabe_Food's Draw step
Phase: Ai(2)-Gabe_Food's Main phase, precombat
Replacement Effect: As Fortified Village enters, you may reveal a Forest or Plains card from your hand. If you don't, Fortified Village enters tapped.
Land: Ai(2)-Gabe_Food played Fortified Village (150)
Mana: Exotic Orchard (148) - {T}: Add one mana of any color that a land an opponent controls could produce.
Mana: Forest (137) - {T}: Add {G}.
Mana: Forest (134) - {T}: Add {G}.
Add To Stack: Ai(2)-Gabe_Food cast Sam, Loyal Attendant
Resolve Stack: Sam, Loyal Attendant - Creature 2 / 4
Add To Stack: Ai(2)-Gabe_Food triggered Sam, Loyal Attendant targeting [Ai(2)-Gabe_Food]
Resolve Stack: Partner with Frodo, Adventurous Hobbit (When this creature enters, target player may put Frodo into their hand from their library, then shuffle.) (Targeting: [[Ai(2)-Gabe_Food]]) [Zone Changer: Sam, Loyal Attendant (202)]
Phase: Ai(2)-Gabe_Food's Beginning of Combat Step
Add To Stack: Ai(2)-Gabe_Food triggered Sam, Loyal Attendant
Resolve Stack: At the beginning of combat on your turn, create a Food token. (It's an artifact with "{2}, {T}, Sacrifice this token: You gain 3 life.") [Phase: Ai(2)-Gabe_Food]
Phase: Ai(2)-Gabe_Food's Declare Attackers Step
Combat: Ai(2)-Gabe_Food assigned Frodo, Adventurous Hobbit (200) to attack Ai(4)-GGS_Current.
Phase: Ai(2)-Gabe_Food's Declare Blockers Step
Combat: Ai(4)-GGS_Current didn't block Frodo, Adventurous Hobbit (200).
Phase: Ai(2)-Gabe_Food's First Strike Damage Step
Phase: Ai(2)-Gabe_Food's Combat Damage Step
Damage: Frodo, Adventurous Hobbit (200) deals 1 combat damage to Ai(4)-GGS_Current.
Life: Life: Ai(4)-GGS_Current 33 > 32
Phase: Ai(2)-Gabe_Food's End of Combat Step
Phase: Ai(2)-Gabe_Food's Main phase, postcombat
Mana: Canopy Vista (171) - {T}: Add {G}.
Mana: Swamp (161) - {T}: Add {B}.
Add To Stack: Ai(2)-Gabe_Food cast Prize Pig
Resolve Stack: Prize Pig - Creature 0 / 3
Phase: Ai(2)-Gabe_Food's End step
Phase: Ai(2)-Gabe_Food's Cleanup step
Turn: Turn 24 (Ai(3)-Destyn_Turtles)
Phase: Ai(3)-Destyn_Turtles' Untap step
Phase: Ai(3)-Destyn_Turtles' Upkeep step
Phase: Ai(3)-Destyn_Turtles' Draw step
Phase: Ai(3)-Destyn_Turtles' Main phase, precombat
Replacement Effect: This land enters tapped.
Land: Ai(3)-Destyn_Turtles played Hidden Hideout (256)
Mana: Plains (289) - {T}: Add {W}.
Mana: Path of Ancestry (214) - {T}: Add one mana of any color in your commander's color identity. When that mana is spent to cast a creature spell that shares a creature type with your commander, scry 1. (Look at the top card of your library. You may put that card on the bottom.)
Mana: Forest (240) - {T}: Add {G}.
Mana: Island (231) - {T}: Add {U}.
Mana: Sunken Hollow (226) - {T}: Add {B}.
Add To Stack: Ai(3)-Destyn_Turtles cast Endless Foot Assault
Resolve Stack: Endless Foot Assault
Add To Stack: Ai(3)-Destyn_Turtles triggered Endless Foot Assault
Resolve Stack: When this creature enters, create that many tokens that are copies of it. [Zone Changer: Endless Foot Assault (296)]
Phase: Ai(3)-Destyn_Turtles' Beginning of Combat Step
Phase: Ai(3)-Destyn_Turtles' Declare Attackers Step
Phase: Ai(3)-Destyn_Turtles' Declare Blockers Step
Phase: Ai(3)-Destyn_Turtles' First Strike Damage Step
Phase: Ai(3)-Destyn_Turtles' Combat Damage Step
Phase: Ai(3)-Destyn_Turtles' End of Combat Step
Phase: Ai(3)-Destyn_Turtles' Main phase, postcombat
Phase: Ai(3)-Destyn_Turtles' End step
Phase: Ai(3)-Destyn_Turtles' Cleanup step
Turn: Turn 25 (Ai(4)-GGS_Current)
Phase: Ai(4)-GGS_Current's Untap step
Phase: Ai(4)-GGS_Current's Upkeep step
Phase: Ai(4)-GGS_Current's Draw step
Phase: Ai(4)-GGS_Current's Main phase, precombat
Mana: Otawara, Soaring City (314) - {T}: Add {U}.
Mana: Luxury Suite (379) - {T}: Add {B} or {R}.
Mana: Steam Vents (347) - {T}: Add {R}.
Mana: Raucous Theater (386) - {T}: Add {R}.
Mana: Undercity Sewers (306) - {T}: Add {B}.
Add To Stack: Ai(4)-GGS_Current cast Goro-Goro and Satoru
Resolve Stack: Goro-Goro and Satoru - Creature 3 / 4
Phase: Ai(4)-GGS_Current's Beginning of Combat Step
Phase: Ai(4)-GGS_Current's Declare Attackers Step
Combat: Ai(4)-GGS_Current assigned Phoenix Chick (373) and Changeling Outcast (319) to attack Ai(2)-Gabe_Food.
Phase: Ai(4)-GGS_Current's Declare Blockers Step
Combat: Ai(2)-Gabe_Food didn't block Phoenix Chick (373).
Ai(2)-Gabe_Food didn't block Changeling Outcast (319).
Phase: Ai(4)-GGS_Current's First Strike Damage Step
Phase: Ai(4)-GGS_Current's Combat Damage Step
Damage: Phoenix Chick (373) deals 1 combat damage to Ai(2)-Gabe_Food.
Damage: Changeling Outcast (319) deals 1 combat damage to Ai(2)-Gabe_Food.
Life: Life: Ai(2)-Gabe_Food 34 > 32
Phase: Ai(4)-GGS_Current's End of Combat Step
Phase: Ai(4)-GGS_Current's Main phase, postcombat
Phase: Ai(4)-GGS_Current's End step
Phase: Ai(4)-GGS_Current's Cleanup step
Turn: Turn 26 (Ai(1)-Jaymie_Ezio)
Phase: Ai(1)-Jaymie_Ezio's Untap step
Phase: Ai(1)-Jaymie_Ezio's Upkeep step
Phase: Ai(1)-Jaymie_Ezio's Draw step
Phase: Ai(1)-Jaymie_Ezio's Main phase, precombat
Land: Ai(1)-Jaymie_Ezio played Exotic Orchard (45)
Phase: Ai(1)-Jaymie_Ezio's Beginning of Combat Step
Phase: Ai(1)-Jaymie_Ezio's Declare Attackers Step
Combat: Ai(1)-Jaymie_Ezio assigned Arno Dorian (24) to attack Ai(2)-Gabe_Food.
Phase: Ai(1)-Jaymie_Ezio's Declare Blockers Step
Combat: Ai(2)-Gabe_Food didn't block Arno Dorian (24).
Phase: Ai(1)-Jaymie_Ezio's First Strike Damage Step
Phase: Ai(1)-Jaymie_Ezio's Combat Damage Step
Damage: Arno Dorian (24) deals 3 combat damage to Ai(2)-Gabe_Food.
Life: Life: Ai(2)-Gabe_Food 32 > 29
Phase: Ai(1)-Jaymie_Ezio's End of Combat Step
Phase: Ai(1)-Jaymie_Ezio's Main phase, postcombat
Mana: Exotic Orchard (45) - {T}: Add one mana of any color that a land an opponent controls could produce.
Mana: Mountain (88) - {T}: Add {R}.
Mana: Swamp (59) - {T}: Add {B}.
Mana: Boros Garrison (80) - {T}: Add {R}{W}.
Add To Stack: Ai(1)-Jaymie_Ezio cast Viewpoint Synchronization
Resolve Stack: Viewpoint Synchronization (74) - Search your library for up to three basic land cards and reveal them. Put two of them onto the battlefield tapped and the other into your hand, then shuffle.   
Mana: Brotherhood Headquarters (25) - {T}: Add {C}.
Add To Stack: Ai(1)-Jaymie_Ezio cast Sol Ring
Resolve Stack: Sol Ring
Phase: Ai(1)-Jaymie_Ezio's End step
Phase: Ai(1)-Jaymie_Ezio's Cleanup step
Turn: Turn 27 (Ai(2)-Gabe_Food)
Phase: Ai(2)-Gabe_Food's Untap step
Phase: Ai(2)-Gabe_Food's Upkeep step
Phase: Ai(2)-Gabe_Food's Draw step
Phase: Ai(2)-Gabe_Food's Main phase, precombat
Mana: Exotic Orchard (148) - {T}: Add one mana of any color that a land an opponent controls could produce.
Mana: Forest (137) - {T}: Add {G}.
Mana: Forest (134) - {T}: Add {G}.
Mana: Swamp (161) - {T}: Add {B}.
Mana: Fortified Village (150) - {T}: Add {G} or {W}.
Add To Stack: Ai(2)-Gabe_Food cast Landroval, Horizon Witness
Resolve Stack: Landroval, Horizon Witness - Creature 3 / 4
Phase: Ai(2)-Gabe_Food's Beginning of Combat Step
Add To Stack: Ai(2)-Gabe_Food triggered Sam, Loyal Attendant
Resolve Stack: At the beginning of combat on your turn, create a Food token. (It's an artifact with "{2}, {T}, Sacrifice this token: You gain 3 life.") [Phase: Ai(2)-Gabe_Food]
Phase: Ai(2)-Gabe_Food's Declare Attackers Step
Phase: Ai(2)-Gabe_Food's Declare Blockers Step
Phase: Ai(2)-Gabe_Food's First Strike Damage Step
Phase: Ai(2)-Gabe_Food's Combat Damage Step
Phase: Ai(2)-Gabe_Food's End of Combat Step
Phase: Ai(2)-Gabe_Food's Main phase, postcombat
Mana: Canopy Vista (171) - {T}: Add {G}.
Add To Stack: Ai(2)-Gabe_Food cast Birds of Paradise
Resolve Stack: Birds of Paradise - Creature 0 / 1
Mana: Prize Pig (130) - {T}: Add one mana of any color.
Add To Stack: Ai(2)-Gabe_Food cast Sol Ring
Resolve Stack: Sol Ring
Phase: Ai(2)-Gabe_Food's End step
Phase: Ai(2)-Gabe_Food's Cleanup step
Turn: Turn 28 (Ai(3)-Destyn_Turtles)
Phase: Ai(3)-Destyn_Turtles' Untap step
Phase: Ai(3)-Destyn_Turtles' Upkeep step
Phase: Ai(3)-Destyn_Turtles' Draw step
Phase: Ai(3)-Destyn_Turtles' Main phase, precombat
Phase: Ai(3)-Destyn_Turtles' Beginning of Combat Step
Phase: Ai(3)-Destyn_Turtles' Declare Attackers Step
Phase: Ai(3)-Destyn_Turtles' Declare Blockers Step
Phase: Ai(3)-Destyn_Turtles' First Strike Damage Step
Phase: Ai(3)-Destyn_Turtles' Combat Damage Step
Phase: Ai(3)-Destyn_Turtles' End of Combat Step
Phase: Ai(3)-Destyn_Turtles' Main phase, postcombat
Replacement Effect: Thriving Moor enters tapped.
Replacement Effect: As Thriving Moor enters, choose a color other than black.
Land: Ai(3)-Destyn_Turtles played Thriving Moor (298)
Mana: Plains (289) - {T}: Add {W}.
Mana: Forest (240) - {T}: Add {G}.
Mana: Island (231) - {T}: Add {U}.
Mana: Sunken Hollow (226) - {T}: Add {B}.
Mana: Path of Ancestry (214) - {T}: Add one mana of any color in your commander's color identity. When that mana is spent to cast a creature spell that shares a creature type with your commander, scry 1. (Look at the top card of your library. You may put that card on the bottom.)
Mana: Hidden Hideout (256) - {T}: Add one mana of any color in your commander's color identity.
Add To Stack: Ai(3)-Destyn_Turtles cast Leonardo, the Balance
Add To Stack: Ai(3)-Destyn_Turtles triggered Path of Ancestry
Resolve Stack: Ai(3)-Destyn_Turtles scried 1 card(s) to the top of the library
Resolve Stack: When mana produced by Path of Ancestry is spent to cast a creature spell that shares a creature type with your commander, scry 1. ([Leonardo, the Balance - Creature 3 / 3]) [Card: Leonardo, the Balance (303), Activator: Ai(3)-Destyn_Turtles, SpellAbility: Leonardo, the Balance - Creature 3 / 3]
Resolve Stack: Leonardo, the Balance - Creature 3 / 3
Phase: Ai(3)-Destyn_Turtles' End step
Phase: Ai(3)-Destyn_Turtles' Cleanup step
Turn: Turn 29 (Ai(4)-GGS_Current)
Phase: Ai(4)-GGS_Current's Untap step
Phase: Ai(4)-GGS_Current's Upkeep step
Phase: Ai(4)-GGS_Current's Draw step
Mana: Otawara, Soaring City (314) - {T}: Add {U}.
Mana: Undercity Sewers (306) - {T}: Add {U}.
Mana: Luxury Suite (379) - {T}: Add {B} or {R}.
Add To Stack: Ai(4)-GGS_Current cast Sink into Stupor targeting [Landroval, Horizon Witness (182)]
Resolve Stack: Sink into Stupor (390) - Return Landroval, Horizon Witness (182) to its owner's hand.
Phase: Ai(4)-GGS_Current's Main phase, precombat
Mana: Steam Vents (347) - {T}: Add {U}.
Mana: Raucous Theater (386) - {T}: Add {B}.
Add To Stack: Ai(4)-GGS_Current cast Satoru, the Infiltrator
Resolve Stack: Satoru, the Infiltrator - Creature 2 / 3
Phase: Ai(4)-GGS_Current's Beginning of Combat Step
Phase: Ai(4)-GGS_Current's Declare Attackers Step
Combat: Ai(4)-GGS_Current assigned Phoenix Chick (373) and Changeling Outcast (319) to attack Ai(2)-Gabe_Food.
Phase: Ai(4)-GGS_Current's Declare Blockers Step
Combat: Ai(2)-Gabe_Food didn't block Phoenix Chick (373).
Ai(2)-Gabe_Food didn't block Changeling Outcast (319).
Phase: Ai(4)-GGS_Current's First Strike Damage Step
Phase: Ai(4)-GGS_Current's Combat Damage Step
Damage: Phoenix Chick (373) deals 1 combat damage to Ai(2)-Gabe_Food.
Damage: Changeling Outcast (319) deals 1 combat damage to Ai(2)-Gabe_Food.
Life: Life: Ai(2)-Gabe_Food 29 > 27
Phase: Ai(4)-GGS_Current's End of Combat Step
Phase: Ai(4)-GGS_Current's Main phase, postcombat
Phase: Ai(4)-GGS_Current's End step
Phase: Ai(4)-GGS_Current's Cleanup step
Turn: Turn 30 (Ai(1)-Jaymie_Ezio)
Phase: Ai(1)-Jaymie_Ezio's Untap step
Phase: Ai(1)-Jaymie_Ezio's Upkeep step
Phase: Ai(1)-Jaymie_Ezio's Draw step
Phase: Ai(1)-Jaymie_Ezio's Main phase, precombat
Land: Ai(1)-Jaymie_Ezio played Plains (89)
Phase: Ai(1)-Jaymie_Ezio's Beginning of Combat Step
Phase: Ai(1)-Jaymie_Ezio's Declare Attackers Step
Phase: Ai(1)-Jaymie_Ezio's Declare Blockers Step
Phase: Ai(1)-Jaymie_Ezio's First Strike Damage Step
Phase: Ai(1)-Jaymie_Ezio's Combat Damage Step
Phase: Ai(1)-Jaymie_Ezio's End of Combat Step
Phase: Ai(1)-Jaymie_Ezio's Main phase, postcombat
Mana: Exotic Orchard (45) - {T}: Add one mana of any color that a land an opponent controls could produce.
Mana: Mountain (88) - {T}: Add {R}.
Mana: Plains (90) - {T}: Add {W}.
Mana: Sol Ring (56) - {T}: Add {C}{C}.
Add To Stack: Ai(1)-Jaymie_Ezio cast Olivia, Opulent Outlaw
Resolve Stack: Olivia, Opulent Outlaw - Creature 3 / 3
Mana: Swamp (59) - {T}: Add {B}.
Mana: Island (34) - {T}: Add {U}.
Add To Stack: Ai(1)-Jaymie_Ezio cast Unstoppable Slasher
Resolve Stack: Unstoppable Slasher - Creature 2 / 3
Mana: Brotherhood Headquarters (25) - {T}: Add one mana of any color. Spend this mana only to cast an Assassin spell or a spell that has freerunning, or to activate an ability of an Assassin source.
Mana: Plains (89) - {T}: Add {W}.
Mana: Boros Garrison (80) - {T}: Add {R}{W}.
Add To Stack: Ai(1)-Jaymie_Ezio cast Ezio Auditore da Firenze
Resolve Stack: Ezio Auditore da Firenze - Creature 3 / 2
Phase: Ai(1)-Jaymie_Ezio's End step
Phase: Ai(1)-Jaymie_Ezio's Cleanup step
Turn: Turn 31 (Ai(2)-Gabe_Food)
Phase: Ai(2)-Gabe_Food's Untap step
Phase: Ai(2)-Gabe_Food's Upkeep step
Phase: Ai(2)-Gabe_Food's Draw step
Phase: Ai(2)-Gabe_Food's Main phase, precombat
Mana: Exotic Orchard (148) - {T}: Add one mana of any color that a land an opponent controls could produce.
Mana: Sol Ring (160) - {T}: Add {C}{C}.
Mana: Forest (137) - {T}: Add {G}.
Mana: Forest (134) - {T}: Add {G}.
Add To Stack: Ai(2)-Gabe_Food cast Landroval, Horizon Witness
Resolve Stack: Landroval, Horizon Witness - Creature 3 / 4
Phase: Ai(2)-Gabe_Food's Beginning of Combat Step
Add To Stack: Ai(2)-Gabe_Food triggered Sam, Loyal Attendant
Resolve Stack: At the beginning of combat on your turn, create a Food token. (It's an artifact with "{2}, {T}, Sacrifice this token: You gain 3 life.") [Phase: Ai(2)-Gabe_Food]
Phase: Ai(2)-Gabe_Food's Declare Attackers Step
Phase: Ai(2)-Gabe_Food's Declare Blockers Step
Phase: Ai(2)-Gabe_Food's First Strike Damage Step
Phase: Ai(2)-Gabe_Food's Combat Damage Step
Phase: Ai(2)-Gabe_Food's End of Combat Step
Phase: Ai(2)-Gabe_Food's Main phase, postcombat
Mana: Swamp (161) - {T}: Add {B}.
Mana: Fortified Village (150) - {T}: Add {G} or {W}.
Mana: Canopy Vista (171) - {T}: Add {G}.
Add To Stack: Ai(2)-Gabe_Food cast Rapacious Guest
Resolve Stack: Rapacious Guest - Creature 2 / 2
Phase: Ai(2)-Gabe_Food's End step
Phase: Ai(2)-Gabe_Food's Cleanup step
Turn: Turn 32 (Ai(3)-Destyn_Turtles)
Phase: Ai(3)-Destyn_Turtles' Untap step
Phase: Ai(3)-Destyn_Turtles' Upkeep step
Phase: Ai(3)-Destyn_Turtles' Draw step
Phase: Ai(3)-Destyn_Turtles' Main phase, precombat
Land: Ai(3)-Destyn_Turtles played Exotic Orchard (243)
Mana: Forest (240) - {T}: Add {G}.
Mana: Island (231) - {T}: Add {U}.
Mana: Plains (289) - {T}: Add {W}.
Mana: Exotic Orchard (243) - {T}: Add one mana of any color that a land an opponent controls could produce.
Mana: Thriving Moor (298) - {T}: Add {B} or one mana of the chosen color.
Mana: Sunken Hollow (226) - {T}: Add {B}.
Mana: Path of Ancestry (214) - {T}: Add one mana of any color in your commander's color identity. When that mana is spent to cast a creature spell that shares a creature type with your commander, scry 1. (Look at the top card of your library. You may put that card on the bottom.)
Mana: Hidden Hideout (256) - {T}: Add one mana of any color in your commander's color identity.
Add To Stack: Ai(3)-Destyn_Turtles cast Super Combo targeting [Leonardo, the Balance (303)] [Olivia, Opulent Outlaw (42)]
Add To Stack: Ai(3)-Destyn_Turtles triggered Super Combo
Resolve Stack: Copy Super Combo for each time you paid its replicate cost. [Card: Super Combo (246), Activator: Ai(3)-Destyn_Turtles, SpellAbility: Target creature you control deals damage equal to its power to target creature an opponent controls. ]
Add To Stack: Ai(3)-Destyn_Turtles cast Super Combo targeting [Leonardo, the Balance (303)] [Arno Dorian (24)]
Add To Stack: Ai(3)-Destyn_Turtles cast Super Combo targeting [Leonardo, the Balance (303)] [Arno Dorian (24)]
Add To Stack: Ai(3)-Destyn_Turtles cast Super Combo targeting [Leonardo, the Balance (303)] [Arno Dorian (24)]
Damage: Leonardo, the Balance (303) deals 3 damage to Arno Dorian (24).
Resolve Stack: Super Combo (419) -  Leonardo, the Balance (303) deals 3 damage to Arno Dorian (24).
Zone Change: Arno Dorian (24) was put into Graveyard from Battlefield.
Resolve Stack: Super Combo (420) -  
Resolve Stack: Super Combo (421) -  
Damage: Leonardo, the Balance (303) deals 3 damage to Olivia, Opulent Outlaw (42).
Resolve Stack: Super Combo (246) -  Leonardo, the Balance (303) deals 3 damage to Olivia, Opulent Outlaw (42).
Zone Change: Olivia, Opulent Outlaw (42) was put into Graveyard from Battlefield.
Phase: Ai(3)-Destyn_Turtles' Beginning of Combat Step
Phase: Ai(3)-Destyn_Turtles' Declare Attackers Step
Phase: Ai(3)-Destyn_Turtles' Declare Blockers Step
Phase: Ai(3)-Destyn_Turtles' First Strike Damage Step
Phase: Ai(3)-Destyn_Turtles' Combat Damage Step
Phase: Ai(3)-Destyn_Turtles' End of Combat Step
Phase: Ai(3)-Destyn_Turtles' Main phase, postcombat
Phase: Ai(3)-Destyn_Turtles' End step
Phase: Ai(3)-Destyn_Turtles' Cleanup step
Turn: Turn 33 (Ai(4)-GGS_Current)
Phase: Ai(4)-GGS_Current's Untap step
Phase: Ai(4)-GGS_Current's Upkeep step
Phase: Ai(4)-GGS_Current's Draw step
Phase: Ai(4)-GGS_Current's Main phase, precombat
Phase: Ai(4)-GGS_Current's Beginning of Combat Step
Phase: Ai(4)-GGS_Current's Declare Attackers Step
Combat: Ai(4)-GGS_Current assigned Changeling Outcast (319) to attack Ai(2)-Gabe_Food.
Phase: Ai(4)-GGS_Current's Declare Blockers Step
Combat: Ai(2)-Gabe_Food didn't block Changeling Outcast (319).
Phase: Ai(4)-GGS_Current's First Strike Damage Step
Phase: Ai(4)-GGS_Current's Combat Damage Step
Damage: Changeling Outcast (319) deals 1 combat damage to Ai(2)-Gabe_Food.
Life: Life: Ai(2)-Gabe_Food 27 > 26
Phase: Ai(4)-GGS_Current's End of Combat Step
Phase: Ai(4)-GGS_Current's Main phase, postcombat
Phase: Ai(4)-GGS_Current's End step
Phase: Ai(4)-GGS_Current's Cleanup step
Turn: Turn 34 (Ai(1)-Jaymie_Ezio)
Phase: Ai(1)-Jaymie_Ezio's Untap step
Phase: Ai(1)-Jaymie_Ezio's Upkeep step
Phase: Ai(1)-Jaymie_Ezio's Draw step
Phase: Ai(1)-Jaymie_Ezio's Main phase, precombat
Phase: Ai(1)-Jaymie_Ezio's Beginning of Combat Step
Phase: Ai(1)-Jaymie_Ezio's Declare Attackers Step
Phase: Ai(1)-Jaymie_Ezio's Declare Blockers Step
Phase: Ai(1)-Jaymie_Ezio's First Strike Damage Step
Phase: Ai(1)-Jaymie_Ezio's Combat Damage Step
Phase: Ai(1)-Jaymie_Ezio's End of Combat Step
Phase: Ai(1)-Jaymie_Ezio's Main phase, postcombat
Mana: Swamp (59) - {T}: Add {B}.
Mana: Sol Ring (56) - {T}: Add {C}{C}.
Add To Stack: Ai(1)-Jaymie_Ezio cast Jacob Frye
Resolve Stack: Jacob Frye - Creature 3 / 2
Add To Stack: Ai(1)-Jaymie_Ezio triggered Jacob Frye targeting [Ai(1)-Jaymie_Ezio]
Resolve Stack: Partner with Evie Frye (When this creature enters, target player may put Evie Frye into their hand from their library, then shuffle.) (Targeting: [[Ai(1)-Jaymie_Ezio]]) [Zone Changer: Jacob Frye (62)]
Mana: Exotic Orchard (45) - {T}: Add one mana of any color that a land an opponent controls could produce.
Mana: Island (34) - {T}: Add {U}.
Add To Stack: Ai(1)-Jaymie_Ezio cast Evie Frye
Resolve Stack: Evie Frye - Creature 2 / 1
Add To Stack: Ai(1)-Jaymie_Ezio triggered Evie Frye targeting [Ai(1)-Jaymie_Ezio]
Resolve Stack: Partner with Jacob Frye (When this creature enters, target player may put Jacob Frye into their hand from their library, then shuffle.) (Targeting: [[Ai(1)-Jaymie_Ezio]]) [Zone Changer: Evie Frye (22)]
Phase: Ai(1)-Jaymie_Ezio's End step
Phase: Ai(1)-Jaymie_Ezio's Cleanup step
Turn: Turn 35 (Ai(2)-Gabe_Food)
Phase: Ai(2)-Gabe_Food's Untap step
Phase: Ai(2)-Gabe_Food's Upkeep step
Phase: Ai(2)-Gabe_Food's Draw step
Phase: Ai(2)-Gabe_Food's Main phase, precombat
Replacement Effect: Isolated Chapel enters tapped unless you control a Plains or a Swamp.
Land: Ai(2)-Gabe_Food played Isolated Chapel (144)
Phase: Ai(2)-Gabe_Food's Beginning of Combat Step
Add To Stack: Ai(2)-Gabe_Food triggered Sam, Loyal Attendant
Resolve Stack: At the beginning of combat on your turn, create a Food token. (It's an artifact with "{2}, {T}, Sacrifice this token: You gain 3 life.") [Phase: Ai(2)-Gabe_Food]
Phase: Ai(2)-Gabe_Food's Declare Attackers Step
Combat: Ai(2)-Gabe_Food assigned Landroval, Horizon Witness (182) to attack Ai(1)-Jaymie_Ezio.
Phase: Ai(2)-Gabe_Food's Declare Blockers Step
Combat: Ai(1)-Jaymie_Ezio didn't block Landroval, Horizon Witness (182).
Phase: Ai(2)-Gabe_Food's First Strike Damage Step
Phase: Ai(2)-Gabe_Food's Combat Damage Step
Damage: Landroval, Horizon Witness (182) deals 3 combat damage to Ai(1)-Jaymie_Ezio.
Life: Life: Ai(1)-Jaymie_Ezio 39 > 36
Add To Stack: Ai(2)-Gabe_Food triggered Rapacious Guest
Resolve Stack: Whenever one or more creatures you control deal combat damage to a player, create a Food token. [Damaged: Ai(1)-Jaymie_Ezio, Amount: 3]
Phase: Ai(2)-Gabe_Food's End of Combat Step
Phase: Ai(2)-Gabe_Food's Main phase, postcombat
Phase: Ai(2)-Gabe_Food's End step
Phase: Ai(2)-Gabe_Food's Cleanup step
Turn: Turn 36 (Ai(3)-Destyn_Turtles)
Phase: Ai(3)-Destyn_Turtles' Untap step
Phase: Ai(3)-Destyn_Turtles' Upkeep step
Phase: Ai(3)-Destyn_Turtles' Draw step
Phase: Ai(3)-Destyn_Turtles' Main phase, precombat
Mana: Plains (289) - {T}: Add {W}.
Mana: Exotic Orchard (243) - {T}: Add one mana of any color that a land an opponent controls could produce.
Add To Stack: Ai(3)-Destyn_Turtles cast Vanquish the Horde
Zone Change: Michelangelo, the Heart (301) was put into Graveyard from Battlefield.
Zone Change: Leonardo, the Balance (303) was put into Graveyard from Battlefield.
Zone Change: Phoenix Chick (373) was put into Graveyard from Battlefield.
Zone Change: Changeling Outcast (319) was put into Graveyard from Battlefield.
Zone Change: Goro-Goro and Satoru (403) was put into Graveyard from Battlefield.
Zone Change: Satoru, the Infiltrator (356) was put into Graveyard from Battlefield.
Zone Change: Unstoppable Slasher (75) was put into Graveyard from Battlefield.
Zone Change: Ezio Auditore da Firenze (100) was put into Graveyard from Battlefield.
Zone Change: Jacob Frye (62) was put into Graveyard from Battlefield.
Zone Change: Evie Frye (22) was put into Graveyard from Battlefield.
Zone Change: Frodo, Adventurous Hobbit (200) was put into Graveyard from Battlefield.
Zone Change: Sam, Loyal Attendant (202) was put into Graveyard from Battlefield.
Zone Change: Prize Pig (130) was put into Graveyard from Battlefield.
Zone Change: Birds of Paradise (156) was put into Graveyard from Battlefield.
Zone Change: Landroval, Horizon Witness (182) was put into Graveyard from Battlefield.
Zone Change: Rapacious Guest (110) was put into Graveyard from Battlefield.
Resolve Stack: Vanquish the Horde (220) - Destroy all creatures.
Add To Stack: Ai(1)-Jaymie_Ezio triggered Unstoppable Slasher
Add To Stack: Ai(2)-Gabe_Food triggered Rapacious Guest targeting [Ai(3)-Destyn_Turtles]
Life: Life: Ai(3)-Destyn_Turtles 35 > 33
Resolve Stack: When Rapacious Guest leaves the battlefield, target opponent loses life equal to its power. (Targeting: [[Ai(3)-Destyn_Turtles]]) [Zone Changer: Rapacious Guest (110)]
Resolve Stack: When Unstoppable Slasher dies, if it had no counters on it, return it to the battlefield tapped under its owner's control with two stun counters on it. [Zone Changer: Unstoppable Slasher (75)]
Phase: Ai(3)-Destyn_Turtles' Beginning of Combat Step
Phase: Ai(3)-Destyn_Turtles' Declare Attackers Step
Phase: Ai(3)-Destyn_Turtles' Declare Blockers Step
Phase: Ai(3)-Destyn_Turtles' First Strike Damage Step
Phase: Ai(3)-Destyn_Turtles' Combat Damage Step
Phase: Ai(3)-Destyn_Turtles' End of Combat Step
Phase: Ai(3)-Destyn_Turtles' Main phase, postcombat
Mana: Forest (240) - {T}: Add {G}.
Mana: Island (231) - {T}: Add {U}.
Mana: Thriving Moor (298) - {T}: Add {B} or one mana of the chosen color.
Mana: Sunken Hollow (226) - {T}: Add {B}.
Mana: Path of Ancestry (214) - {T}: Add one mana of any color in your commander's color identity. When that mana is spent to cast a creature spell that shares a creature type with your commander, scry 1. (Look at the top card of your library. You may put that card on the bottom.)
Mana: Hidden Hideout (256) - {T}: Add one mana of any color in your commander's color identity.
Add To Stack: Ai(3)-Destyn_Turtles cast Michelangelo, the Heart
Add To Stack: Ai(3)-Destyn_Turtles triggered Path of Ancestry
Resolve Stack: Ai(3)-Destyn_Turtles scried 1 card(s) to the bottom of the library
Resolve Stack: When mana produced by Path of Ancestry is spent to cast a creature spell that shares a creature type with your commander, scry 1. ([Michelangelo, the Heart - Creature 2 / 1]) [Card: Michelangelo, the Heart (301), Activator: Ai(3)-Destyn_Turtles, SpellAbility: Michelangelo, the Heart - Creature 2 / 1]
Resolve Stack: Michelangelo, the Heart - Creature 2 / 1
Phase: Ai(3)-Destyn_Turtles' End step
Phase: Ai(3)-Destyn_Turtles' Cleanup step
Turn: Turn 37 (Ai(4)-GGS_Current)
Phase: Ai(4)-GGS_Current's Untap step
Phase: Ai(4)-GGS_Current's Upkeep step
Phase: Ai(4)-GGS_Current's Draw step
Phase: Ai(4)-GGS_Current's Main phase, precombat
Phase: Ai(4)-GGS_Current's Beginning of Combat Step
Phase: Ai(4)-GGS_Current's Declare Attackers Step
Phase: Ai(4)-GGS_Current's Declare Blockers Step
Phase: Ai(4)-GGS_Current's First Strike Damage Step
Phase: Ai(4)-GGS_Current's Combat Damage Step
Phase: Ai(4)-GGS_Current's End of Combat Step
Phase: Ai(4)-GGS_Current's Main phase, postcombat
Land: Ai(4)-GGS_Current played Mountain (397)
Mana: Otawara, Soaring City (314) - {T}: Add {U}.
Mana: Luxury Suite (379) - {T}: Add {B} or {R}.
Mana: Mountain (397) - {T}: Add {R}.
Mana: Raucous Theater (386) - {T}: Add {R}.
Mana: Steam Vents (347) - {T}: Add {R}.
Mana: Undercity Sewers (306) - {T}: Add {B}.
Mana: City of Brass (338) - {T}: Add one mana of any color.
Add To Stack: Ai(4)-GGS_Current cast Goro-Goro and Satoru
Add To Stack: Ai(4)-GGS_Current triggered City of Brass
Damage: City of Brass (338) deals 1 non-combat damage to Ai(4)-GGS_Current.
Life: Life: Ai(4)-GGS_Current 32 > 31
Resolve Stack: Whenever City of Brass becomes tapped, it deals 1 damage to you. [Tapped: City of Brass (338)]
Resolve Stack: Goro-Goro and Satoru - Creature 3 / 4
Phase: Ai(4)-GGS_Current's End step
Phase: Ai(4)-GGS_Current's Cleanup step
Turn: Turn 38 (Ai(1)-Jaymie_Ezio)
Phase: Ai(1)-Jaymie_Ezio's Untap step
Replacement Effect: If this permanent would become untapped, instead remove a stun counter from it.
Phase: Ai(1)-Jaymie_Ezio's Upkeep step
Phase: Ai(1)-Jaymie_Ezio's Draw step
Phase: Ai(1)-Jaymie_Ezio's Main phase, precombat
Phase: Ai(1)-Jaymie_Ezio's Beginning of Combat Step
Phase: Ai(1)-Jaymie_Ezio's Declare Attackers Step
Phase: Ai(1)-Jaymie_Ezio's Declare Blockers Step
Phase: Ai(1)-Jaymie_Ezio's First Strike Damage Step
Phase: Ai(1)-Jaymie_Ezio's Combat Damage Step
Phase: Ai(1)-Jaymie_Ezio's End of Combat Step
Phase: Ai(1)-Jaymie_Ezio's Main phase, postcombat
Mana: Swamp (59) - {T}: Add {B}.
Mana: Sol Ring (56) - {T}: Add {C}{C}.
Mana: Exotic Orchard (45) - {T}: Add one mana of any color that a land an opponent controls could produce.
Mana: Mountain (88) - {T}: Add {R}.
Mana: Island (34) - {T}: Add {U}.
Add To Stack: Ai(1)-Jaymie_Ezio cast Ezio Auditore da Firenze
Resolve Stack: Ezio Auditore da Firenze - Creature 3 / 2
Mana: Plains (90) - {T}: Add {W}.
Mana: Plains (89) - {T}: Add {W}.
Add To Stack: Ai(1)-Jaymie_Ezio cast Brotherhood Regalia
Resolve Stack: Brotherhood Regalia
Mana: Boros Garrison (80) - {T}: Add {R}{W}.
Mana: Brotherhood Headquarters (25) - {T}: Add {C}.
Add To Stack: Ai(1)-Jaymie_Ezio activated Brotherhood Regalia targeting [Unstoppable Slasher (75)]
Resolve Stack: Brotherhood Regalia (93) -  Attach to Unstoppable Slasher (75)
Phase: Ai(1)-Jaymie_Ezio's End step
Phase: Ai(1)-Jaymie_Ezio's Cleanup step
Turn: Turn 39 (Ai(2)-Gabe_Food)
Phase: Ai(2)-Gabe_Food's Untap step
Phase: Ai(2)-Gabe_Food's Upkeep step
Phase: Ai(2)-Gabe_Food's Draw step
Phase: Ai(2)-Gabe_Food's Main phase, precombat
Mana: Exotic Orchard (148) - {T}: Add one mana of any color that a land an opponent controls could produce.
Mana: Fortified Village (150) - {T}: Add {G} or {W}.
Mana: Sol Ring (160) - {T}: Add {C}{C}.
Mana: Swamp (161) - {T}: Add {B}.
Add To Stack: Ai(2)-Gabe_Food cast Dawn
Resolve Stack: Dawn (113) - Return all creature cards with power 2 or less from your graveyard to your hand.
Replacement Effect: Aftermath (Cast this spell only from your graveyard. Then exile it.)
Phase: Ai(2)-Gabe_Food's Beginning of Combat Step
Phase: Ai(2)-Gabe_Food's Declare Attackers Step
Phase: Ai(2)-Gabe_Food's Declare Blockers Step
Phase: Ai(2)-Gabe_Food's First Strike Damage Step
Phase: Ai(2)-Gabe_Food's Combat Damage Step
Phase: Ai(2)-Gabe_Food's End of Combat Step
Phase: Ai(2)-Gabe_Food's Main phase, postcombat
Mana: Isolated Chapel (144) - {T}: Add {W} or {B}.
Mana: Forest (137) - {T}: Add {G}.
Mana: Forest (134) - {T}: Add {G}.
Add To Stack: Ai(2)-Gabe_Food cast Rapacious Guest
Resolve Stack: Rapacious Guest - Creature 2 / 2
Mana: Canopy Vista (171) - {T}: Add {G}.
Add To Stack: Ai(2)-Gabe_Food cast Birds of Paradise
Resolve Stack: Birds of Paradise - Creature 0 / 1
Phase: Ai(2)-Gabe_Food's End step
Phase: Ai(2)-Gabe_Food's Cleanup step
Turn: Turn 40 (Ai(3)-Destyn_Turtles)
Phase: Ai(3)-Destyn_Turtles' Untap step
Phase: Ai(3)-Destyn_Turtles' Upkeep step
Phase: Ai(3)-Destyn_Turtles' Draw step
Phase: Ai(3)-Destyn_Turtles' Main phase, precombat
Phase: Ai(3)-Destyn_Turtles' Beginning of Combat Step
Phase: Ai(3)-Destyn_Turtles' Declare Attackers Step
Phase: Ai(3)-Destyn_Turtles' Declare Blockers Step
Phase: Ai(3)-Destyn_Turtles' First Strike Damage Step
Phase: Ai(3)-Destyn_Turtles' Combat Damage Step
Phase: Ai(3)-Destyn_Turtles' End of Combat Step
Phase: Ai(3)-Destyn_Turtles' Main phase, postcombat
Mana: Plains (289) - {T}: Add {W}.
Mana: Forest (240) - {T}: Add {G}.
Mana: Island (231) - {T}: Add {U}.
Mana: Exotic Orchard (243) - {T}: Add one mana of any color that a land an opponent controls could produce.
Mana: Thriving Moor (298) - {T}: Add {B} or one mana of the chosen color.
Mana: Sunken Hollow (226) - {T}: Add {B}.
Mana: Path of Ancestry (214) - {T}: Add one mana of any color in your commander's color identity. When that mana is spent to cast a creature spell that shares a creature type with your commander, scry 1. (Look at the top card of your library. You may put that card on the bottom.)
Mana: Hidden Hideout (256) - {T}: Add one mana of any color in your commander's color identity.
Add To Stack: Ai(3)-Destyn_Turtles cast Leonardo, the Balance
Add To Stack: Ai(3)-Destyn_Turtles triggered Path of Ancestry
Resolve Stack: Ai(3)-Destyn_Turtles scried 1 card(s) to the bottom of the library
Resolve Stack: When mana produced by Path of Ancestry is spent to cast a creature spell that shares a creature type with your commander, scry 1. ([Leonardo, the Balance - Creature 3 / 3]) [Card: Leonardo, the Balance (303), Activator: Ai(3)-Destyn_Turtles, SpellAbility: Leonardo, the Balance - Creature 3 / 3]
Resolve Stack: Leonardo, the Balance - Creature 3 / 3
Phase: Ai(3)-Destyn_Turtles' End step
Phase: Ai(3)-Destyn_Turtles' Cleanup step
Turn: Turn 41 (Ai(4)-GGS_Current)
Phase: Ai(4)-GGS_Current's Untap step
Phase: Ai(4)-GGS_Current's Upkeep step
Phase: Ai(4)-GGS_Current's Draw step
Phase: Ai(4)-GGS_Current's Main phase, precombat
Land: Ai(4)-GGS_Current played Polluted Delta (315)
Life: Life: Ai(4)-GGS_Current 31 > 30
Zone Change: Polluted Delta (315) was put into Graveyard from Battlefield.
Add To Stack: Ai(4)-GGS_Current activated Polluted Delta
Replacement Effect: Xander's Lounge enters tapped.
Resolve Stack: Polluted Delta (315) - Ai(4)-GGS_Current searches their library for an Island or Swamp card, puts it onto the battlefield, then shuffles.
Mana: Luxury Suite (379) - {T}: Add {B} or {R}.
Mana: Undercity Sewers (306) - {T}: Add {B}.
Add To Stack: Ai(4)-GGS_Current cast Dauthi Voidwalker
Resolve Stack: Dauthi Voidwalker - Creature 3 / 2
Mana: Mountain (397) - {T}: Add {R}.
Mana: Otawara, Soaring City (314) - {T}: Add {U}.
Add To Stack: Ai(4)-GGS_Current activated Goro-Goro and Satoru
Resolve Stack: Goro-Goro and Satoru (403) - Creatures you control gain haste until end of turn.
Phase: Ai(4)-GGS_Current's Beginning of Combat Step
Phase: Ai(4)-GGS_Current's Declare Attackers Step
Combat: Ai(4)-GGS_Current assigned Dauthi Voidwalker (358) and Goro-Goro and Satoru (403) to attack Ai(2)-Gabe_Food.
Phase: Ai(4)-GGS_Current's Declare Blockers Step
Combat: Ai(2)-Gabe_Food didn't block Dauthi Voidwalker (358).
Ai(2)-Gabe_Food didn't block Goro-Goro and Satoru (403).
Phase: Ai(4)-GGS_Current's First Strike Damage Step
Phase: Ai(4)-GGS_Current's Combat Damage Step
Damage: Dauthi Voidwalker (358) deals 3 combat damage to Ai(2)-Gabe_Food.
Damage: Goro-Goro and Satoru (403) deals 3 combat damage to Ai(2)-Gabe_Food.
Life: Life: Ai(2)-Gabe_Food 26 > 20
Add To Stack: Ai(4)-GGS_Current triggered Goro-Goro and Satoru
Resolve Stack: Whenever one or more creatures you control that entered this turn deal combat damage to a player, create a 5/5 red Dragon Spirit creature token with flying. [Damaged: Ai(2)-Gabe_Food, Amount: 3]
Add To Stack: Ai(4)-GGS_Current triggered Dragon Tempest targeting [Birds of Paradise (156)]
Add To Stack: Ai(4)-GGS_Current triggered Dragon Tempest
Resolve Stack: Whenever a creature you control with flying enters, it gains haste until end of turn. [Zone Changer: Dragon Spirit Token (430)]
Damage: Dragon Spirit Token (430) deals 1 damage to Birds of Paradise (156).
Resolve Stack: Whenever a Dragon you control enters, it deals X damage to any target, where X is the number of Dragons you control. (Targeting: [[Birds of Paradise (156)]]) [Zone Changer: Dragon Spirit Token (430)]
Zone Change: Birds of Paradise (156) was put into Exile from Battlefield.
Replacement Effect: If a card would be put into an opponent's graveyard from anywhere, instead exile it with a void counter on it.
Phase: Ai(4)-GGS_Current's End of Combat Step
Phase: Ai(4)-GGS_Current's Main phase, postcombat
Phase: Ai(4)-GGS_Current's End step
Phase: Ai(4)-GGS_Current's Cleanup step
Turn: Turn 42 (Ai(1)-Jaymie_Ezio)
Phase: Ai(1)-Jaymie_Ezio's Untap step
Replacement Effect: If this permanent would become untapped, instead remove a stun counter from it.
Phase: Ai(1)-Jaymie_Ezio's Upkeep step
Phase: Ai(1)-Jaymie_Ezio's Draw step
Phase: Ai(1)-Jaymie_Ezio's Main phase, precombat
Mana: Sol Ring (56) - {T}: Add {C}{C}.
Mana: Mountain (88) - {T}: Add {R}.
Add To Stack: Ai(1)-Jaymie_Ezio cast 
Resolve Stack: Disguise - Creature 2/2
Mana: Exotic Orchard (45) - {T}: Add one mana of any color that a land an opponent controls could produce.
Mana: Swamp (59) - {T}: Add {B}.
Resolve Stack: Ai(1)-Jaymie_Ezio has undisguised Aveline de Grandpré
Phase: Ai(1)-Jaymie_Ezio's Beginning of Combat Step
Phase: Ai(1)-Jaymie_Ezio's Declare Attackers Step
Combat: Ai(1)-Jaymie_Ezio assigned Ezio Auditore da Firenze (100) to attack Ai(4)-GGS_Current.
Phase: Ai(1)-Jaymie_Ezio's Declare Blockers Step
Combat: Ai(4)-GGS_Current didn't block Ezio Auditore da Firenze (100).
Phase: Ai(1)-Jaymie_Ezio's First Strike Damage Step
Phase: Ai(1)-Jaymie_Ezio's Combat Damage Step
Damage: Ezio Auditore da Firenze (100) deals 3 combat damage to Ai(4)-GGS_Current.
Life: Life: Ai(4)-GGS_Current 30 > 27
Add To Stack: Ai(1)-Jaymie_Ezio triggered Ezio Auditore da Firenze
Resolve Stack: Whenever Ezio deals combat damage to a player, you may pay {W}{U}{B}{R}{G} if that player has 10 or less life. When you do, that player loses the game. [Damage Source: Ezio Auditore da Firenze (100), Damaged: Ai(4)-GGS_Current, Amount: 3]
Phase: Ai(1)-Jaymie_Ezio's End of Combat Step
Phase: Ai(1)-Jaymie_Ezio's Main phase, postcombat
Phase: Ai(1)-Jaymie_Ezio's End step
Phase: Ai(1)-Jaymie_Ezio's Cleanup step
Turn: Turn 43 (Ai(2)-Gabe_Food)
Phase: Ai(2)-Gabe_Food's Untap step
Phase: Ai(2)-Gabe_Food's Upkeep step
Mana: Exotic Orchard (148) - {T}: Add one mana of any color that a land an opponent controls could produce.
Add To Stack: Ai(2)-Gabe_Food cast Swords to Plowshares targeting [Dragon Spirit Token (430)]
Zone Change: Dragon Spirit Token (430) was put into Exile from Battlefield.
Life: Life: Ai(4)-GGS_Current 27 > 32
Resolve Stack: Swords to Plowshares (185) - Exile Dragon Spirit Token (430). Ai(4)-GGS_Current gains life equal to its power.
Replacement Effect: If a card would be put into an opponent's graveyard from anywhere, instead exile it with a void counter on it.
Phase: Ai(2)-Gabe_Food's Draw step
Phase: Ai(2)-Gabe_Food's Main phase, precombat
Mana: Fortified Village (150) - {T}: Add {G} or {W}.
Mana: Forest (137) - {T}: Add {G}.
Mana: Sol Ring (160) - {T}: Add {C}{C}.
Mana: Swamp (161) - {T}: Add {B}.
Add To Stack: Ai(2)-Gabe_Food cast Sam, Loyal Attendant
Resolve Stack: Sam, Loyal Attendant - Creature 2 / 4
Add To Stack: Ai(2)-Gabe_Food triggered Sam, Loyal Attendant targeting [Ai(2)-Gabe_Food]
Resolve Stack: Partner with Frodo, Adventurous Hobbit (When this creature enters, target player may put Frodo into their hand from their library, then shuffle.) (Targeting: [[Ai(2)-Gabe_Food]]) [Zone Changer: Sam, Loyal Attendant (202)]
Phase: Ai(2)-Gabe_Food's Beginning of Combat Step
Add To Stack: Ai(2)-Gabe_Food triggered Sam, Loyal Attendant
Resolve Stack: At the beginning of combat on your turn, create a Food token. (It's an artifact with "{2}, {T}, Sacrifice this token: You gain 3 life.") [Phase: Ai(2)-Gabe_Food]
Phase: Ai(2)-Gabe_Food's Declare Attackers Step
Combat: Ai(2)-Gabe_Food assigned Rapacious Guest (110) to attack Ai(1)-Jaymie_Ezio.
Phase: Ai(2)-Gabe_Food's Declare Blockers Step
Combat: Ai(1)-Jaymie_Ezio didn't block Rapacious Guest (110).
Phase: Ai(2)-Gabe_Food's First Strike Damage Step
Phase: Ai(2)-Gabe_Food's Combat Damage Step
Damage: Rapacious Guest (110) deals 2 combat damage to Ai(1)-Jaymie_Ezio.
Life: Life: Ai(1)-Jaymie_Ezio 36 > 34
Add To Stack: Ai(2)-Gabe_Food triggered Rapacious Guest
Resolve Stack: Whenever one or more creatures you control deal combat damage to a player, create a Food token. [Damaged: Ai(1)-Jaymie_Ezio, Amount: 2]
Phase: Ai(2)-Gabe_Food's End of Combat Step
Phase: Ai(2)-Gabe_Food's Main phase, postcombat
Mana: Forest (134) - {T}: Add {G}.
Mana: Isolated Chapel (144) - {T}: Add {W} or {B}.
Add To Stack: Ai(2)-Gabe_Food cast Prize Pig
Resolve Stack: Prize Pig - Creature 0 / 3
Phase: Ai(2)-Gabe_Food's End step
Phase: Ai(2)-Gabe_Food's Cleanup step
Turn: Turn 44 (Ai(3)-Destyn_Turtles)
Phase: Ai(3)-Destyn_Turtles' Untap step
Phase: Ai(3)-Destyn_Turtles' Upkeep step
Phase: Ai(3)-Destyn_Turtles' Draw step
Phase: Ai(3)-Destyn_Turtles' Main phase, precombat
Land: Ai(3)-Destyn_Turtles played Forest (239)
Phase: Ai(3)-Destyn_Turtles' Beginning of Combat Step
Phase: Ai(3)-Destyn_Turtles' Declare Attackers Step
Phase: Ai(3)-Destyn_Turtles' Declare Blockers Step
Phase: Ai(3)-Destyn_Turtles' First Strike Damage Step
Phase: Ai(3)-Destyn_Turtles' Combat Damage Step
Phase: Ai(3)-Destyn_Turtles' End of Combat Step
Phase: Ai(3)-Destyn_Turtles' Main phase, postcombat
Mana: Island (231) - {T}: Add {U}.
Mana: Exotic Orchard (243) - {T}: Add one mana of any color that a land an opponent controls could produce.
Mana: Forest (240) - {T}: Add {G}.
Mana: Forest (239) - {T}: Add {G}.
Add To Stack: Ai(3)-Destyn_Turtles cast Lessons from Life
Replacement Effect: This land enters tapped unless you control two or more basic lands.
Resolve Stack: Lessons from Life (275) - Ai(3)-Destyn_Turtles draws three cards. Ai(3)-Destyn_Turtles puts a Land.YouOwn card from their hand onto the battlefield tapped.
Replacement Effect: If a card would be put into an opponent's graveyard from anywhere, instead exile it with a void counter on it.
Mana: Thriving Moor (298) - {T}: Add {B} or one mana of the chosen color.
Mana: Plains (289) - {T}: Add {W}.
Mana: Sunken Hollow (226) - {T}: Add {B}.
Add To Stack: Ai(3)-Destyn_Turtles cast High Score
Resolve Stack: High Score
Mana: Path of Ancestry (214) - {T}: Add one mana of any color in your commander's color identity. When that mana is spent to cast a creature spell that shares a creature type with your commander, scry 1. (Look at the top card of your library. You may put that card on the bottom.)
Mana: Hidden Hideout (256) - {T}: Add one mana of any color in your commander's color identity.
Add To Stack: Ai(3)-Destyn_Turtles cast Everything Pizza
Resolve Stack: Everything Pizza
Add To Stack: Ai(3)-Destyn_Turtles triggered Everything Pizza
Resolve Stack: When this artifact enters, search your library for a basic land card, reveal it, put it into your hand, then shuffle. [Zone Changer: Everything Pizza (268)]
Phase: Ai(3)-Destyn_Turtles' End step
Add To Stack: Ai(3)-Destyn_Turtles triggered High Score
Resolve Stack: At the beginning of your end step, draw a card if you control a creature with the greatest power among creatures on the battlefield. [Phase: Ai(3)-Destyn_Turtles]
Phase: Ai(3)-Destyn_Turtles' Cleanup step
Turn: Turn 45 (Ai(4)-GGS_Current)
Phase: Ai(4)-GGS_Current's Untap step
Phase: Ai(4)-GGS_Current's Upkeep step
Phase: Ai(4)-GGS_Current's Draw step
Phase: Ai(4)-GGS_Current's Main phase, precombat
Phase: Ai(4)-GGS_Current's Beginning of Combat Step
Phase: Ai(4)-GGS_Current's Declare Attackers Step
Combat: Ai(4)-GGS_Current assigned Dauthi Voidwalker (358) and Goro-Goro and Satoru (403) to attack Ai(3)-Destyn_Turtles.
Phase: Ai(4)-GGS_Current's Declare Blockers Step
Combat: Ai(3)-Destyn_Turtles didn't block Dauthi Voidwalker (358).
Ai(3)-Destyn_Turtles didn't block Goro-Goro and Satoru (403).
Phase: Ai(4)-GGS_Current's First Strike Damage Step
Phase: Ai(4)-GGS_Current's Combat Damage Step
Damage: Dauthi Voidwalker (358) deals 3 combat damage to Ai(3)-Destyn_Turtles.
Damage: Goro-Goro and Satoru (403) deals 3 combat damage to Ai(3)-Destyn_Turtles.
Life: Life: Ai(3)-Destyn_Turtles 33 > 27
Phase: Ai(4)-GGS_Current's End of Combat Step
Phase: Ai(4)-GGS_Current's Main phase, postcombat
Phase: Ai(4)-GGS_Current's End step
Phase: Ai(4)-GGS_Current's Cleanup step
Turn: Turn 46 (Ai(1)-Jaymie_Ezio)
Phase: Ai(1)-Jaymie_Ezio's Untap step
Phase: Ai(1)-Jaymie_Ezio's Upkeep step
Phase: Ai(1)-Jaymie_Ezio's Draw step
Phase: Ai(1)-Jaymie_Ezio's Main phase, precombat
Phase: Ai(1)-Jaymie_Ezio's Beginning of Combat Step
Phase: Ai(1)-Jaymie_Ezio's Declare Attackers Step
Combat: Ai(1)-Jaymie_Ezio assigned Ezio Auditore da Firenze (100), Aveline de Grandpré (53) and Unstoppable Slasher (75) to attack Ai(3)-Destyn_Turtles.
Phase: Ai(1)-Jaymie_Ezio's Declare Blockers Step
Combat: Ai(3)-Destyn_Turtles didn't block Ezio Auditore da Firenze (100).
Ai(3)-Destyn_Turtles assigned Leonardo, the Balance (303) to block Aveline de Grandpré (53).
Ai(3)-Destyn_Turtles didn't block Unstoppable Slasher (75).
Phase: Ai(1)-Jaymie_Ezio's First Strike Damage Step
Phase: Ai(1)-Jaymie_Ezio's Combat Damage Step
Damage: Ezio Auditore da Firenze (100) deals 3 combat damage to Ai(3)-Destyn_Turtles.
Damage: Aveline de Grandpré (53) deals 3 damage (Deathtouch) to Leonardo, the Balance (303).
Damage: Unstoppable Slasher (75) deals 2 combat damage to Ai(3)-Destyn_Turtles.
Damage: Leonardo, the Balance (303) deals 3 damage to Aveline de Grandpré (53).
Life: Life: Ai(3)-Destyn_Turtles 27 > 22
Zone Change: Aveline de Grandpré (53) was put into Exile from Battlefield.
Replacement Effect: If a card would be put into an opponent's graveyard from anywhere, instead exile it with a void counter on it.
Zone Change: Leonardo, the Balance (303) was put into Exile from Battlefield.
Replacement Effect: If a card would be put into an opponent's graveyard from anywhere, instead exile it with a void counter on it.
Add To Stack: Ai(1)-Jaymie_Ezio triggered Ezio Auditore da Firenze
Add To Stack: Ai(1)-Jaymie_Ezio triggered Unstoppable Slasher
Add To Stack: Ai(1)-Jaymie_Ezio triggered Aveline de Grandpré
Resolve Stack: Whenever a creature you control with deathtouch deals combat damage to a player, put that many +1/+1 counters on that creature. [Damage Source: Unstoppable Slasher (75), Damaged: Ai(3)-Destyn_Turtles, Amount: 2]
Life: Life: Ai(3)-Destyn_Turtles 22 > 11
Resolve Stack: Whenever Unstoppable Slasher deals combat damage to a player, that player loses half their life, rounded up. [Damage Source: Unstoppable Slasher (75), Damaged: Ai(3)-Destyn_Turtles, Amount: 2]
Resolve Stack: Whenever Ezio deals combat damage to a player, you may pay {W}{U}{B}{R}{G} if that player has 10 or less life. When you do, that player loses the game. [Damage Source: Ezio Auditore da Firenze (100), Damaged: Ai(3)-Destyn_Turtles, Amount: 3]
Phase: Ai(1)-Jaymie_Ezio's End of Combat Step
Phase: Ai(1)-Jaymie_Ezio's Main phase, postcombat
Mana: Swamp (59) - {T}: Add {B}.
Mana: Exotic Orchard (45) - {T}: Add one mana of any color that a land an opponent controls could produce.
Add To Stack: Ai(1)-Jaymie_Ezio cast Arbaaz Mir
Resolve Stack: Arbaaz Mir - Creature 2 / 2
Add To Stack: Ai(1)-Jaymie_Ezio triggered Arbaaz Mir
Damage: Arbaaz Mir (64) deals 1 non-combat damage to Ai(2)-Gabe_Food.
Damage: Arbaaz Mir (64) deals 1 non-combat damage to Ai(3)-Destyn_Turtles.
Damage: Arbaaz Mir (64) deals 1 non-combat damage to Ai(4)-GGS_Current.
Life: Life: Ai(2)-Gabe_Food 20 > 19
Life: Life: Ai(3)-Destyn_Turtles 11 > 10
Life: Life: Ai(4)-GGS_Current 32 > 31
Life: Life: Ai(1)-Jaymie_Ezio 34 > 35
Resolve Stack: Whenever Arbaaz Mir or another nontoken historic permanent you control enters, Arbaaz Mir deals 1 damage to each opponent and you gain 1 life. (Artifacts, legendaries, and Sagas are historic.) [Zone Changer: Arbaaz Mir (64)]
Phase: Ai(1)-Jaymie_Ezio's End step
Phase: Ai(1)-Jaymie_Ezio's Cleanup step
Turn: Turn 47 (Ai(2)-Gabe_Food)
Phase: Ai(2)-Gabe_Food's Untap step
Phase: Ai(2)-Gabe_Food's Upkeep step
Phase: Ai(2)-Gabe_Food's Draw step
Phase: Ai(2)-Gabe_Food's Main phase, precombat
Phase: Ai(2)-Gabe_Food's Beginning of Combat Step
Add To Stack: Ai(2)-Gabe_Food triggered Sam, Loyal Attendant
Resolve Stack: At the beginning of combat on your turn, create a Food token. (It's an artifact with "{2}, {T}, Sacrifice this token: You gain 3 life.") [Phase: Ai(2)-Gabe_Food]
Phase: Ai(2)-Gabe_Food's Declare Attackers Step
Combat: Ai(2)-Gabe_Food assigned Rapacious Guest (110) and Sam, Loyal Attendant (202) to attack Ai(3)-Destyn_Turtles.
Phase: Ai(2)-Gabe_Food's Declare Blockers Step
Combat: Ai(3)-Destyn_Turtles didn't block Rapacious Guest (110).
Ai(3)-Destyn_Turtles didn't block Sam, Loyal Attendant (202).
Phase: Ai(2)-Gabe_Food's First Strike Damage Step
Phase: Ai(2)-Gabe_Food's Combat Damage Step
Damage: Rapacious Guest (110) deals 2 combat damage to Ai(3)-Destyn_Turtles.
Damage: Sam, Loyal Attendant (202) deals 2 combat damage to Ai(3)-Destyn_Turtles.
Life: Life: Ai(3)-Destyn_Turtles 10 > 6
Add To Stack: Ai(2)-Gabe_Food triggered Rapacious Guest
Resolve Stack: Whenever one or more creatures you control deal combat damage to a player, create a Food token. [Damaged: Ai(3)-Destyn_Turtles, Amount: 4]
Phase: Ai(2)-Gabe_Food's End of Combat Step
Phase: Ai(2)-Gabe_Food's Main phase, postcombat
Mana: Forest (137) - {T}: Add {G}.
Mana: Exotic Orchard (148) - {T}: Add one mana of any color that a land an opponent controls could produce.
Mana: Sol Ring (160) - {T}: Add {C}{C}.
Mana: Swamp (161) - {T}: Add {B}.
Mana: Forest (134) - {T}: Add {G}.
Add To Stack: Ai(2)-Gabe_Food cast Orchard Strider
Resolve Stack: Orchard Strider - Creature 6 / 4
Add To Stack: Ai(2)-Gabe_Food triggered Orchard Strider
Resolve Stack: When Orchard Strider enters, create two Food tokens. (They're artifacts with "{2}, {T}, Sacrifice this token: You gain 3 life.") [Zone Changer: Orchard Strider (153)]
Mana: Isolated Chapel (144) - {T}: Add {W} or {B}.
Mana: Fortified Village (150) - {T}: Add {G} or {W}.
Mana: Canopy Vista (171) - {T}: Add {G}.
Mana: Prize Pig (130) - {T}: Add one mana of any color.
Add To Stack: Ai(2)-Gabe_Food cast Frodo, Adventurous Hobbit
Resolve Stack: Frodo, Adventurous Hobbit - Creature 1 / 3
Add To Stack: Ai(2)-Gabe_Food triggered Frodo, Adventurous Hobbit targeting [Ai(2)-Gabe_Food]
Resolve Stack: Partner with Sam, Loyal Attendant (When this creature enters, target player may put Sam into their hand from their library, then shuffle.) (Targeting: [[Ai(2)-Gabe_Food]]) [Zone Changer: Frodo, Adventurous Hobbit (200)]
Phase: Ai(2)-Gabe_Food's End step
Phase: Ai(2)-Gabe_Food's Cleanup step
Turn: Turn 48 (Ai(3)-Destyn_Turtles)
Phase: Ai(3)-Destyn_Turtles' Untap step
Phase: Ai(3)-Destyn_Turtles' Upkeep step
Phase: Ai(3)-Destyn_Turtles' Draw step
Phase: Ai(3)-Destyn_Turtles' Main phase, precombat
Land: Ai(3)-Destyn_Turtles played Mountain (287)
Mana: Island (231) - {T}: Add {U}.
Mana: Forest (240) - {T}: Add {G}.
Mana: Forest (239) - {T}: Add {G}.
Mana: Plains (289) - {T}: Add {W}.
Add To Stack: Ai(3)-Destyn_Turtles cast Baxter, Fly in the Ointment
Resolve Stack: Baxter, Fly in the Ointment - Creature 2 / 2
Add To Stack: Ai(3)-Destyn_Turtles triggered Baxter, Fly in the Ointment
Resolve Stack: Whenever Baxter enters or attacks, each creature you control with a counter on it gains flying until end of turn. [Zone Changer: Baxter, Fly in the Ointment (229)]
Mana: Exotic Orchard (243) - {T}: Add one mana of any color that a land an opponent controls could produce.
Mana: Mountain (287) - {T}: Add {R}.
Add To Stack: Ai(3)-Destyn_Turtles cast Foot Chopper
Resolve Stack: Foot Chopper
Add To Stack: Ai(3)-Destyn_Turtles triggered Foot Chopper
Resolve Stack: When this Equipment enters, create a 1/1 black Ninja creature token, then attach this Equipment to it. [Zone Changer: Foot Chopper (294)]
Phase: Ai(3)-Destyn_Turtles' Beginning of Combat Step
Phase: Ai(3)-Destyn_Turtles' Declare Attackers Step
Phase: Ai(3)-Destyn_Turtles' Declare Blockers Step
Phase: Ai(3)-Destyn_Turtles' First Strike Damage Step
Phase: Ai(3)-Destyn_Turtles' Combat Damage Step
Phase: Ai(3)-Destyn_Turtles' End of Combat Step
Phase: Ai(3)-Destyn_Turtles' Main phase, postcombat
Mana: Thriving Moor (298) - {T}: Add {B} or one mana of the chosen color.
Mana: Sunken Hollow (226) - {T}: Add {B}.
Mana: Vernal Fen (260) - {T}: Add {G}.
Mana: Path of Ancestry (214) - {T}: Add one mana of any color in your commander's color identity. When that mana is spent to cast a creature spell that shares a creature type with your commander, scry 1. (Look at the top card of your library. You may put that card on the bottom.)
Add To Stack: Ai(3)-Destyn_Turtles cast Big Mother Mouser
Replacement Effect: Big Mother Mouser enters with two +1/+1 counters on it.
Replacement Effect: If one or more +1/+1 counters would be put on a creature you control, that many plus one +1/+1 counters are put on it instead.
Resolve Stack: Big Mother Mouser - Creature 0 / 0
Phase: Ai(3)-Destyn_Turtles' End step
Add To Stack: Ai(3)-Destyn_Turtles triggered High Score
Resolve Stack: At the beginning of your end step, draw a card if you control a creature with the greatest power among creatures on the battlefield. [Phase: Ai(3)-Destyn_Turtles]
Phase: Ai(3)-Destyn_Turtles' Cleanup step
Turn: Turn 49 (Ai(4)-GGS_Current)
Phase: Ai(4)-GGS_Current's Untap step
Phase: Ai(4)-GGS_Current's Upkeep step
Phase: Ai(4)-GGS_Current's Draw step
Phase: Ai(4)-GGS_Current's Main phase, precombat
Land: Ai(4)-GGS_Current played Blazemire Verge (310)
Phase: Ai(4)-GGS_Current's Beginning of Combat Step
Phase: Ai(4)-GGS_Current's Declare Attackers Step
Combat: Ai(4)-GGS_Current assigned Dauthi Voidwalker (358) to attack Ai(2)-Gabe_Food.
Phase: Ai(4)-GGS_Current's Declare Blockers Step
Combat: Ai(2)-Gabe_Food didn't block Dauthi Voidwalker (358).
Phase: Ai(4)-GGS_Current's First Strike Damage Step
Phase: Ai(4)-GGS_Current's Combat Damage Step
Damage: Dauthi Voidwalker (358) deals 3 combat damage to Ai(2)-Gabe_Food.
Life: Life: Ai(2)-Gabe_Food 19 > 16
Phase: Ai(4)-GGS_Current's End of Combat Step
Phase: Ai(4)-GGS_Current's Main phase, postcombat
Phase: Ai(4)-GGS_Current's End step
Phase: Ai(4)-GGS_Current's Cleanup step
Turn: Turn 50 (Ai(1)-Jaymie_Ezio)
Phase: Ai(1)-Jaymie_Ezio's Untap step
Phase: Ai(1)-Jaymie_Ezio's Upkeep step
Phase: Ai(1)-Jaymie_Ezio's Draw step
Phase: Ai(1)-Jaymie_Ezio's Main phase, precombat
Replacement Effect: Cinder Glade enters tapped unless you control two or more basic lands.
Land: Ai(1)-Jaymie_Ezio played Cinder Glade (18)
Mana: Sol Ring (56) - {T}: Add {C}{C}.
Mana: Mountain (88) - {T}: Add {R}.
Mana: Swamp (59) - {T}: Add {B}.
Mana: Exotic Orchard (45) - {T}: Add one mana of any color that a land an opponent controls could produce.
Add To Stack: Ai(1)-Jaymie_Ezio cast Excalibur, Sword of Eden
Resolve Stack: Excalibur, Sword of Eden
Add To Stack: Ai(1)-Jaymie_Ezio triggered Arbaaz Mir
Damage: Arbaaz Mir (64) deals 1 non-combat damage to Ai(2)-Gabe_Food.
Damage: Arbaaz Mir (64) deals 1 non-combat damage to Ai(3)-Destyn_Turtles.
Damage: Arbaaz Mir (64) deals 1 non-combat damage to Ai(4)-GGS_Current.
Life: Life: Ai(2)-Gabe_Food 16 > 15
Life: Life: Ai(3)-Destyn_Turtles 6 > 5
Life: Life: Ai(4)-GGS_Current 31 > 30
Life: Life: Ai(1)-Jaymie_Ezio 35 > 36
Resolve Stack: Whenever Arbaaz Mir or another nontoken historic permanent you control enters, Arbaaz Mir deals 1 damage to each opponent and you gain 1 life. (Artifacts, legendaries, and Sagas are historic.) [Zone Changer: Excalibur, Sword of Eden (38)]
Mana: Island (34) - {T}: Add {U}.
Mana: Plains (90) - {T}: Add {W}.
Add To Stack: Ai(1)-Jaymie_Ezio activated Excalibur, Sword of Eden targeting [Ezio Auditore da Firenze (100)]
Resolve Stack: Excalibur, Sword of Eden (38) -  Attach to Ezio Auditore da Firenze (100)
Phase: Ai(1)-Jaymie_Ezio's Beginning of Combat Step
Phase: Ai(1)-Jaymie_Ezio's Declare Attackers Step
Combat: Ai(1)-Jaymie_Ezio assigned Unstoppable Slasher (75) and Ezio Auditore da Firenze (100) to attack Ai(3)-Destyn_Turtles.
Phase: Ai(1)-Jaymie_Ezio's Declare Blockers Step
Combat: Ai(3)-Destyn_Turtles didn't block Unstoppable Slasher (75).
Ai(3)-Destyn_Turtles assigned Michelangelo, the Heart (301) and Baxter, Fly in the Ointment (229) to block Ezio Auditore da Firenze (100).
Phase: Ai(1)-Jaymie_Ezio's First Strike Damage Step
Phase: Ai(1)-Jaymie_Ezio's Combat Damage Step
Damage: Unstoppable Slasher (75) deals 4 combat damage to Ai(3)-Destyn_Turtles.
Damage: Ezio Auditore da Firenze (100) deals 2 damage to Baxter, Fly in the Ointment (229).
Damage: Ezio Auditore da Firenze (100) deals 11 damage to Michelangelo, the Heart (301).
Damage: Michelangelo, the Heart (301) deals 2 damage to Ezio Auditore da Firenze (100).
Damage: Baxter, Fly in the Ointment (229) deals 2 damage to Ezio Auditore da Firenze (100).
Life: Life: Ai(3)-Destyn_Turtles 5 > 1
Zone Change: Ezio Auditore da Firenze (100) was put into Exile from Battlefield.
Replacement Effect: If a card would be put into an opponent's graveyard from anywhere, instead exile it with a void counter on it.
Zone Change: Michelangelo, the Heart (301) was put into Exile from Battlefield.
Replacement Effect: If a card would be put into an opponent's graveyard from anywhere, instead exile it with a void counter on it.
Zone Change: Baxter, Fly in the Ointment (229) was put into Exile from Battlefield.
Replacement Effect: If a card would be put into an opponent's graveyard from anywhere, instead exile it with a void counter on it.
Add To Stack: Ai(1)-Jaymie_Ezio triggered Unstoppable Slasher
Life: Life: Ai(3)-Destyn_Turtles 1 > 0
Resolve Stack: Whenever Unstoppable Slasher deals combat damage to a player, that player loses half their life, rounded up. [Damage Source: Unstoppable Slasher (75), Damaged: Ai(3)-Destyn_Turtles, Amount: 4]
Phase: Ai(1)-Jaymie_Ezio's End of Combat Step
Phase: Ai(1)-Jaymie_Ezio's Main phase, postcombat
Mana: Plains (89) - {T}: Add {W}.
Mana: Boros Garrison (80) - {T}: Add {R}{W}.
Add To Stack: Ai(1)-Jaymie_Ezio activated Excalibur, Sword of Eden targeting [Arbaaz Mir (64)]
Resolve Stack: Excalibur, Sword of Eden (38) -  Attach to Arbaaz Mir (64)
Phase: Ai(1)-Jaymie_Ezio's End step
Phase: Ai(1)-Jaymie_Ezio's Cleanup step
Turn: Turn 51 (Ai(2)-Gabe_Food)
Phase: Ai(2)-Gabe_Food's Untap step
Phase: Ai(2)-Gabe_Food's Upkeep step
Phase: Ai(2)-Gabe_Food's Draw step
Phase: Ai(2)-Gabe_Food's Main phase, precombat
Phase: Ai(2)-Gabe_Food's Beginning of Combat Step
Add To Stack: Ai(2)-Gabe_Food triggered Sam, Loyal Attendant
Resolve Stack: At the beginning of combat on your turn, create a Food token. (It's an artifact with "{2}, {T}, Sacrifice this token: You gain 3 life.") [Phase: Ai(2)-Gabe_Food]
Phase: Ai(2)-Gabe_Food's Declare Attackers Step
Combat: Ai(2)-Gabe_Food assigned Rapacious Guest (110) to attack Ai(1)-Jaymie_Ezio.
Phase: Ai(2)-Gabe_Food's Declare Blockers Step
Combat: Ai(1)-Jaymie_Ezio didn't block Rapacious Guest (110).
Phase: Ai(2)-Gabe_Food's First Strike Damage Step
Phase: Ai(2)-Gabe_Food's Combat Damage Step
Damage: Rapacious Guest (110) deals 2 combat damage to Ai(1)-Jaymie_Ezio.
Life: Life: Ai(1)-Jaymie_Ezio 36 > 34
Add To Stack: Ai(2)-Gabe_Food triggered Rapacious Guest
Resolve Stack: Whenever one or more creatures you control deal combat damage to a player, create a Food token. [Damaged: Ai(1)-Jaymie_Ezio, Amount: 2]
Phase: Ai(2)-Gabe_Food's End of Combat Step
Phase: Ai(2)-Gabe_Food's Main phase, postcombat
Mana: Swamp (161) - {T}: Add {B}.
Mana: Sol Ring (160) - {T}: Add {C}{C}.
Add To Stack: Ai(2)-Gabe_Food cast Gollum, Obsessed Stalker
Resolve Stack: Gollum, Obsessed Stalker - Creature 1 / 1
Mana: Forest (137) - {T}: Add {G}.
Add To Stack: Ai(2)-Gabe_Food cast Revive the Shire targeting [Landroval, Horizon Witness (182)]
Resolve Stack: Revive the Shire (116) - Return Landroval, Horizon Witness (182) from the graveyard to its owner's hand. 
Replacement Effect: If a card would be put into an opponent's graveyard from anywhere, instead exile it with a void counter on it.
Mana: Exotic Orchard (148) - {T}: Add one mana of any color that a land an opponent controls could produce.
Mana: Forest (134) - {T}: Add {G}.
Mana: Fortified Village (150) - {T}: Add {G} or {W}.
Mana: Isolated Chapel (144) - {T}: Add {W} or {B}.
Mana: Canopy Vista (171) - {T}: Add {G}.
Add To Stack: Ai(2)-Gabe_Food cast Landroval, Horizon Witness
Resolve Stack: Landroval, Horizon Witness - Creature 3 / 4
Phase: Ai(2)-Gabe_Food's End step
Add To Stack: Ai(2)-Gabe_Food triggered Gollum, Obsessed Stalker
Resolve Stack: At the beginning of your end step, each opponent dealt combat damage this game by a creature named Gollum, Obsessed Stalker loses life equal to the amount of life you gained this turn. [Phase: Ai(2)-Gabe_Food]
Phase: Ai(2)-Gabe_Food's Cleanup step
Turn: Turn 52 (Ai(4)-GGS_Current)
Phase: Ai(4)-GGS_Current's Untap step
Phase: Ai(4)-GGS_Current's Upkeep step
Phase: Ai(4)-GGS_Current's Draw step
Phase: Ai(4)-GGS_Current's Main phase, precombat
Replacement Effect: Training Center enters tapped unless you have two or more opponents.
Land: Ai(4)-GGS_Current played Training Center (333)
Phase: Ai(4)-GGS_Current's Beginning of Combat Step
Phase: Ai(4)-GGS_Current's Declare Attackers Step
Combat: Ai(4)-GGS_Current assigned Dauthi Voidwalker (358) to attack Ai(2)-Gabe_Food.
Phase: Ai(4)-GGS_Current's Declare Blockers Step
Combat: Ai(2)-Gabe_Food didn't block Dauthi Voidwalker (358).
Phase: Ai(4)-GGS_Current's First Strike Damage Step
Phase: Ai(4)-GGS_Current's Combat Damage Step
Damage: Dauthi Voidwalker (358) deals 3 combat damage to Ai(2)-Gabe_Food.
Life: Life: Ai(2)-Gabe_Food 15 > 12
Phase: Ai(4)-GGS_Current's End of Combat Step
Phase: Ai(4)-GGS_Current's Main phase, postcombat
Phase: Ai(4)-GGS_Current's End step
Phase: Ai(4)-GGS_Current's Cleanup step
Turn: Turn 53 (Ai(1)-Jaymie_Ezio)
Phase: Ai(1)-Jaymie_Ezio's Untap step
Phase: Ai(1)-Jaymie_Ezio's Upkeep step
Phase: Ai(1)-Jaymie_Ezio's Draw step
Phase: Ai(1)-Jaymie_Ezio's Main phase, precombat
Phase: Ai(1)-Jaymie_Ezio's Beginning of Combat Step
Phase: Ai(1)-Jaymie_Ezio's Declare Attackers Step
Combat: Ai(1)-Jaymie_Ezio assigned Unstoppable Slasher (75) and Arbaaz Mir (64) to attack Ai(2)-Gabe_Food.
Mana: Prize Pig (130) - {T}: Add one mana of any color.
Zone Change: Food Token (410) was put into Graveyard from Battlefield.
Add To Stack: Ai(2)-Gabe_Food activated Food Token
Add To Stack: Ai(2)-Gabe_Food triggered Rapacious Guest
Resolve Stack: Whenever you sacrifice a Food, put a +1/+1 counter on Rapacious Guest. [Sacrificed: Food Token (410)]
Life: Life: Ai(2)-Gabe_Food 12 > 15
Resolve Stack: Food Token (410) - Ai(2)-Gabe_Food gains 3 life.
Add To Stack: Ai(2)-Gabe_Food triggered Prize Pig
Resolve Stack: Whenever you gain life, put that many ribbon counters on Prize Pig. Then if there are three or more ribbon counters on Prize Pig, remove those counters and untap it. [Player: Ai(2)-Gabe_Food, Gained Amount: 3]
Mana: Prize Pig (130) - {T}: Add one mana of any color.
Zone Change: Food Token (424) was put into Graveyard from Battlefield.
Add To Stack: Ai(2)-Gabe_Food activated Food Token
Add To Stack: Ai(2)-Gabe_Food triggered Rapacious Guest
Resolve Stack: Whenever you sacrifice a Food, put a +1/+1 counter on Rapacious Guest. [Sacrificed: Food Token (424)]
Life: Life: Ai(2)-Gabe_Food 15 > 18
Resolve Stack: Food Token (424) - Ai(2)-Gabe_Food gains 3 life.
Add To Stack: Ai(2)-Gabe_Food triggered Prize Pig
Resolve Stack: Whenever you gain life, put that many ribbon counters on Prize Pig. Then if there are three or more ribbon counters on Prize Pig, remove those counters and untap it. [Player: Ai(2)-Gabe_Food, Gained Amount: 3]
Mana: Prize Pig (130) - {T}: Add one mana of any color.
Zone Change: Food Token (427) was put into Graveyard from Battlefield.
Add To Stack: Ai(2)-Gabe_Food activated Food Token
Add To Stack: Ai(2)-Gabe_Food triggered Rapacious Guest
Resolve Stack: Whenever you sacrifice a Food, put a +1/+1 counter on Rapacious Guest. [Sacrificed: Food Token (427)]
Life: Life: Ai(2)-Gabe_Food 18 > 21
Resolve Stack: Food Token (427) - Ai(2)-Gabe_Food gains 3 life.
Add To Stack: Ai(2)-Gabe_Food triggered Prize Pig
Resolve Stack: Whenever you gain life, put that many ribbon counters on Prize Pig. Then if there are three or more ribbon counters on Prize Pig, remove those counters and untap it. [Player: Ai(2)-Gabe_Food, Gained Amount: 3]
Phase: Ai(1)-Jaymie_Ezio's Declare Blockers Step
Combat: Ai(2)-Gabe_Food didn't block Unstoppable Slasher (75).
Ai(2)-Gabe_Food assigned Sam, Loyal Attendant (202) to block Arbaaz Mir (64).
Phase: Ai(1)-Jaymie_Ezio's First Strike Damage Step
Phase: Ai(1)-Jaymie_Ezio's Combat Damage Step
Damage: Unstoppable Slasher (75) deals 4 combat damage to Ai(2)-Gabe_Food.
Damage: Arbaaz Mir (64) deals 12 damage to Sam, Loyal Attendant (202).
Damage: Sam, Loyal Attendant (202) deals 2 damage to Arbaaz Mir (64).
Life: Life: Ai(2)-Gabe_Food 21 > 17
Zone Change: Arbaaz Mir (64) was put into Exile from Battlefield.
Replacement Effect: If a card would be put into an opponent's graveyard from anywhere, instead exile it with a void counter on it.
Zone Change: Sam, Loyal Attendant (202) was put into Exile from Battlefield.
Replacement Effect: If a card would be put into an opponent's graveyard from anywhere, instead exile it with a void counter on it.
Add To Stack: Ai(1)-Jaymie_Ezio triggered Unstoppable Slasher
Life: Life: Ai(2)-Gabe_Food 17 > 8
Resolve Stack: Whenever Unstoppable Slasher deals combat damage to a player, that player loses half their life, rounded up. [Damage Source: Unstoppable Slasher (75), Damaged: Ai(2)-Gabe_Food, Amount: 4]
Phase: Ai(1)-Jaymie_Ezio's End of Combat Step
Phase: Ai(1)-Jaymie_Ezio's Main phase, postcombat
Mana: Mountain (88) - {T}: Add {R}.
Mana: Exotic Orchard (45) - {T}: Add one mana of any color that a land an opponent controls could produce.
Mana: Sol Ring (56) - {T}: Add {C}{C}.
Mana: Swamp (59) - {T}: Add {B}.
Add To Stack: Ai(1)-Jaymie_Ezio cast Combustion Man
Resolve Stack: Combustion Man - Creature 4 / 6
Mana: Brotherhood Headquarters (25) - {T}: Add one mana of any color. Spend this mana only to cast an Assassin spell or a spell that has freerunning, or to activate an ability of an Assassin source.
Mana: Island (34) - {T}: Add {U}.
Mana: Plains (90) - {T}: Add {W}.
Mana: Plains (89) - {T}: Add {W}.
Mana: Boros Garrison (80) - {T}: Add {R}{W}.
Mana: Cinder Glade (18) - {T}: Add {G}.
Mana: Twilight Mire (69) - {T}: Add {C}.
Add To Stack: Ai(1)-Jaymie_Ezio cast Ezio Auditore da Firenze
Resolve Stack: Ezio Auditore da Firenze - Creature 3 / 2
Phase: Ai(1)-Jaymie_Ezio's End step
Phase: Ai(1)-Jaymie_Ezio's Cleanup step
Turn: Turn 54 (Ai(2)-Gabe_Food)
Phase: Ai(2)-Gabe_Food's Untap step
Phase: Ai(2)-Gabe_Food's Upkeep step
Phase: Ai(2)-Gabe_Food's Draw step
Phase: Ai(2)-Gabe_Food's Main phase, precombat
Mana: Exotic Orchard (148) - {T}: Add one mana of any color that a land an opponent controls could produce.
Mana: Forest (137) - {T}: Add {G}.
Mana: Sol Ring (160) - {T}: Add {C}{C}.
Mana: Swamp (161) - {T}: Add {B}.
Mana: Forest (134) - {T}: Add {G}.
Mana: Isolated Chapel (144) - {T}: Add {W} or {B}.
Add To Stack: Ai(2)-Gabe_Food cast Sam, Loyal Attendant
Resolve Stack: Sam, Loyal Attendant - Creature 2 / 4
Add To Stack: Ai(2)-Gabe_Food triggered Sam, Loyal Attendant targeting [Ai(2)-Gabe_Food]
Resolve Stack: Partner with Frodo, Adventurous Hobbit (When this creature enters, target player may put Frodo into their hand from their library, then shuffle.) (Targeting: [[Ai(2)-Gabe_Food]]) [Zone Changer: Sam, Loyal Attendant (202)]
Phase: Ai(2)-Gabe_Food's Beginning of Combat Step
Add To Stack: Ai(2)-Gabe_Food triggered Sam, Loyal Attendant
Resolve Stack: At the beginning of combat on your turn, create a Food token. (It's an artifact with "{2}, {T}, Sacrifice this token: You gain 3 life.") [Phase: Ai(2)-Gabe_Food]
Phase: Ai(2)-Gabe_Food's Declare Attackers Step
Combat: Ai(2)-Gabe_Food assigned Landroval, Horizon Witness (182) and Gollum, Obsessed Stalker (143) to attack Ai(1)-Jaymie_Ezio.
Add To Stack: Ai(2)-Gabe_Food triggered Landroval, Horizon Witness targeting [Gollum, Obsessed Stalker (143)]
Resolve Stack: Whenever two or more creatures you control attack a player, target attacking creature without flying gains flying until end of turn. (Targeting: [[Gollum, Obsessed Stalker (143)]]) [Number Attackers: [Landroval, Horizon Witness (182), Gollum, Obsessed Stalker (143)]]
Phase: Ai(2)-Gabe_Food's Declare Blockers Step
Combat: Ai(1)-Jaymie_Ezio didn't block Landroval, Horizon Witness (182).
Ai(1)-Jaymie_Ezio didn't block Gollum, Obsessed Stalker (143).
Phase: Ai(2)-Gabe_Food's First Strike Damage Step
Phase: Ai(2)-Gabe_Food's Combat Damage Step
Damage: Landroval, Horizon Witness (182) deals 3 combat damage to Ai(1)-Jaymie_Ezio.
Damage: Gollum, Obsessed Stalker (143) deals 1 combat damage to Ai(1)-Jaymie_Ezio.
Life: Life: Ai(1)-Jaymie_Ezio 34 > 30
Add To Stack: Ai(2)-Gabe_Food triggered Rapacious Guest
Resolve Stack: Whenever one or more creatures you control deal combat damage to a player, create a Food token. [Damaged: Ai(1)-Jaymie_Ezio, Amount: 4]
Phase: Ai(2)-Gabe_Food's End of Combat Step
Phase: Ai(2)-Gabe_Food's Main phase, postcombat
Mana: Fortified Village (150) - {T}: Add {G} or {W}.
Mana: Canopy Vista (171) - {T}: Add {G}.
Add To Stack: Ai(2)-Gabe_Food cast Hithlain Rope
Resolve Stack: Hithlain Rope
Mana: Prize Pig (130) - {T}: Add one mana of any color.
Add To Stack: Ai(2)-Gabe_Food activated Hithlain Rope
Resolve Stack: Hithlain Rope (126) - Ai(2)-Gabe_Food searches Ai(1)-Jaymie_Ezio library for a basic land card, puts it onto the battlefield tapped, then shuffles. Ai(1)-Jaymie_Ezio gains control of Hithlain Rope (126).
Phase: Ai(2)-Gabe_Food's End step
Add To Stack: Ai(2)-Gabe_Food triggered Gollum, Obsessed Stalker
Resolve Stack: At the beginning of your end step, each opponent dealt combat damage this game by a creature named Gollum, Obsessed Stalker loses life equal to the amount of life you gained this turn. [Phase: Ai(2)-Gabe_Food]
Phase: Ai(2)-Gabe_Food's Cleanup step
Turn: Turn 55 (Ai(4)-GGS_Current)
Phase: Ai(4)-GGS_Current's Untap step
Phase: Ai(4)-GGS_Current's Upkeep step
Phase: Ai(4)-GGS_Current's Draw step
Phase: Ai(4)-GGS_Current's Main phase, precombat
Phase: Ai(4)-GGS_Current's Beginning of Combat Step
Phase: Ai(4)-GGS_Current's Declare Attackers Step
Combat: Ai(4)-GGS_Current assigned Dauthi Voidwalker (358) to attack Ai(2)-Gabe_Food.
Phase: Ai(4)-GGS_Current's Declare Blockers Step
Combat: Ai(2)-Gabe_Food didn't block Dauthi Voidwalker (358).
Phase: Ai(4)-GGS_Current's First Strike Damage Step
Phase: Ai(4)-GGS_Current's Combat Damage Step
Damage: Dauthi Voidwalker (358) deals 3 combat damage to Ai(2)-Gabe_Food.
Life: Life: Ai(2)-Gabe_Food 8 > 5
Phase: Ai(4)-GGS_Current's End of Combat Step
Phase: Ai(4)-GGS_Current's Main phase, postcombat
Mana: Mountain (397) - {T}: Add {R}.
Mana: Otawara, Soaring City (314) - {T}: Add {U}.
Mana: Luxury Suite (379) - {T}: Add {B} or {R}.
Add To Stack: Ai(4)-GGS_Current cast Aggravated Assault
Resolve Stack: Aggravated Assault
Mana: Training Center (333) - {T}: Add {U} or {R}.
Mana: Steam Vents (347) - {T}: Add {R}.
Mana: Raucous Theater (386) - {T}: Add {R}.
Mana: Blazemire Verge (310) - {T}: Add {R}. Activate only if you control a Swamp or a Mountain.
Mana: Undercity Sewers (306) - {T}: Add {B}.
Add To Stack: Ai(4)-GGS_Current activated Aggravated Assault
Resolve Stack: Aggravated Assault (380) - Untap all creatures you control. After this main phase, there is an additional combat phase followed by an additional main phase. Activate only as a sorcery. 
Phase: AdditionalAi(4)-GGS_Current's Beginning of Combat Step
Phase: Ai(4)-GGS_Current's Declare Attackers Step
Combat: Ai(4)-GGS_Current assigned Dauthi Voidwalker (358) to attack Ai(2)-Gabe_Food.
Phase: Ai(4)-GGS_Current's Declare Blockers Step
Combat: Ai(2)-Gabe_Food didn't block Dauthi Voidwalker (358).
Phase: Ai(4)-GGS_Current's First Strike Damage Step
Phase: Ai(4)-GGS_Current's Combat Damage Step
Damage: Dauthi Voidwalker (358) deals 3 combat damage to Ai(2)-Gabe_Food.
Life: Life: Ai(2)-Gabe_Food 5 > 2
Phase: Ai(4)-GGS_Current's End of Combat Step
Phase: Ai(4)-GGS_Current's Main phase, postcombat
Phase: Ai(4)-GGS_Current's End step
Phase: Ai(4)-GGS_Current's Cleanup step
Turn: Turn 56 (Ai(1)-Jaymie_Ezio)
Phase: Ai(1)-Jaymie_Ezio's Untap step
Phase: Ai(1)-Jaymie_Ezio's Upkeep step
Mana: Sol Ring (56) - {T}: Add {C}{C}.
Add To Stack: Ai(1)-Jaymie_Ezio activated Hithlain Rope
Resolve Stack: Hithlain Rope (126) - Ai(1)-Jaymie_Ezio searches Ai(4)-GGS_Current library for a basic land card, puts it onto the battlefield tapped, then shuffles. Ai(4)-GGS_Current gains control of Hithlain Rope (126).
Phase: Ai(1)-Jaymie_Ezio's Draw step
Phase: Ai(1)-Jaymie_Ezio's Main phase, precombat
Mana: Mountain (88) - {T}: Add {R}.
Mana: Island (34) - {T}: Add {U}.
Add To Stack: Ai(1)-Jaymie_Ezio activated Excalibur, Sword of Eden targeting [Combustion Man (84)]
Resolve Stack: Excalibur, Sword of Eden (38) -  Attach to Combustion Man (84)
Phase: Ai(1)-Jaymie_Ezio's Beginning of Combat Step
Phase: Ai(1)-Jaymie_Ezio's Declare Attackers Step
Combat: Ai(1)-Jaymie_Ezio assigned Combustion Man (84), Unstoppable Slasher (75) and Ezio Auditore da Firenze (100) to attack Ai(2)-Gabe_Food.
Add To Stack: Ai(1)-Jaymie_Ezio triggered Combustion Man targeting [Orchard Strider (153)]
Zone Change: Orchard Strider (153) was put into Exile from Battlefield.
Replacement Effect: If a card would be put into an opponent's graveyard from anywhere, instead exile it with a void counter on it.
Resolve Stack: Whenever Combustion Man attacks, destroy target permanent unless its controller has Combustion Man deal damage to them equal to his power. (Targeting: [[Orchard Strider (153)]]) [Attacker: Combustion Man (84)]
Phase: Ai(1)-Jaymie_Ezio's Declare Blockers Step
Combat: Ai(2)-Gabe_Food assigned Frodo, Adventurous Hobbit (200) to block Combustion Man (84).
Ai(2)-Gabe_Food didn't block Unstoppable Slasher (75).
Ai(2)-Gabe_Food assigned Rapacious Guest (110) and Sam, Loyal Attendant (202) to block Ezio Auditore da Firenze (100).
Phase: Ai(1)-Jaymie_Ezio's First Strike Damage Step
Phase: Ai(1)-Jaymie_Ezio's Combat Damage Step
Damage: Combustion Man (84) deals 14 damage to Frodo, Adventurous Hobbit (200).
Damage: Unstoppable Slasher (75) deals 4 combat damage to Ai(2)-Gabe_Food.
Damage: Ezio Auditore da Firenze (100) deals 3 damage to Rapacious Guest (110).
Damage: Frodo, Adventurous Hobbit (200) deals 1 damage to Combustion Man (84).
Damage: Rapacious Guest (110) deals 5 damage to Ezio Auditore da Firenze (100).
Damage: Sam, Loyal Attendant (202) deals 2 damage to Ezio Auditore da Firenze (100).
Life: Life: Ai(2)-Gabe_Food 2 > -2
Zone Change: Ezio Auditore da Firenze (100) was put into Exile from Battlefield.
Replacement Effect: If a card would be put into an opponent's graveyard from anywhere, instead exile it with a void counter on it.
Add To Stack: Ai(1)-Jaymie_Ezio triggered Unstoppable Slasher
Resolve Stack: Whenever Unstoppable Slasher deals combat damage to a player, that player loses half their life, rounded up. [Damage Source: Unstoppable Slasher (75), Damaged: Ai(2)-Gabe_Food, Amount: 4]
Phase: Ai(1)-Jaymie_Ezio's End of Combat Step
Phase: Ai(1)-Jaymie_Ezio's Main phase, postcombat
Phase: Ai(1)-Jaymie_Ezio's End step
Phase: Ai(1)-Jaymie_Ezio's Cleanup step
Turn: Turn 57 (Ai(4)-GGS_Current)
Phase: Ai(4)-GGS_Current's Untap step
Phase: Ai(4)-GGS_Current's Upkeep step
Phase: Ai(4)-GGS_Current's Draw step
Phase: Ai(4)-GGS_Current's Main phase, precombat
Phase: Ai(4)-GGS_Current's Beginning of Combat Step
Phase: Ai(4)-GGS_Current's Declare Attackers Step
Combat: Ai(4)-GGS_Current assigned Dauthi Voidwalker (358) to attack Ai(1)-Jaymie_Ezio.
Phase: Ai(4)-GGS_Current's Declare Blockers Step
Combat: Ai(1)-Jaymie_Ezio didn't block Dauthi Voidwalker (358).
Phase: Ai(4)-GGS_Current's First Strike Damage Step
Phase: Ai(4)-GGS_Current's Combat Damage Step
Damage: Dauthi Voidwalker (358) deals 3 combat damage to Ai(1)-Jaymie_Ezio.
Life: Life: Ai(1)-Jaymie_Ezio 30 > 27
Phase: Ai(4)-GGS_Current's End of Combat Step
Phase: Ai(4)-GGS_Current's Main phase, postcombat
Mana: Mountain (397) - {T}: Add {R}.
Mana: Luxury Suite (379) - {T}: Add {B} or {R}.
Mana: Otawara, Soaring City (314) - {T}: Add {U}.
Mana: Training Center (333) - {T}: Add {U} or {R}.
Mana: Raucous Theater (386) - {T}: Add {R}.
Add To Stack: Ai(4)-GGS_Current activated Aggravated Assault
Resolve Stack: Aggravated Assault (380) - Untap all creatures you control. After this main phase, there is an additional combat phase followed by an additional main phase. Activate only as a sorcery. 
Mana: Blazemire Verge (310) - {T}: Add {R}. Activate only if you control a Swamp or a Mountain.
Mana: Steam Vents (347) - {T}: Add {R}.
Add To Stack: Ai(4)-GGS_Current cast Arcane Signet
Resolve Stack: Arcane Signet
Phase: AdditionalAi(4)-GGS_Current's Beginning of Combat Step
Phase: Ai(4)-GGS_Current's Declare Attackers Step
Combat: Ai(4)-GGS_Current assigned Dauthi Voidwalker (358) to attack Ai(1)-Jaymie_Ezio.
Phase: Ai(4)-GGS_Current's Declare Blockers Step
Combat: Ai(1)-Jaymie_Ezio didn't block Dauthi Voidwalker (358).
Phase: Ai(4)-GGS_Current's First Strike Damage Step
Phase: Ai(4)-GGS_Current's Combat Damage Step
Damage: Dauthi Voidwalker (358) deals 3 combat damage to Ai(1)-Jaymie_Ezio.
Life: Life: Ai(1)-Jaymie_Ezio 27 > 24
Phase: Ai(4)-GGS_Current's End of Combat Step
Phase: Ai(4)-GGS_Current's Main phase, postcombat
Phase: Ai(4)-GGS_Current's End step
Phase: Ai(4)-GGS_Current's Cleanup step
Turn: Turn 58 (Ai(1)-Jaymie_Ezio)
Phase: Ai(1)-Jaymie_Ezio's Untap step
Phase: Ai(1)-Jaymie_Ezio's Upkeep step
Phase: Ai(1)-Jaymie_Ezio's Draw step
Phase: Ai(1)-Jaymie_Ezio's Main phase, precombat
Mana: Swamp (59) - {T}: Add {B}.
Add To Stack: Ai(1)-Jaymie_Ezio cast Vorpal Sword
Resolve Stack: Vorpal Sword
Phase: Ai(1)-Jaymie_Ezio's Beginning of Combat Step
Phase: Ai(1)-Jaymie_Ezio's Declare Attackers Step
Combat: Ai(1)-Jaymie_Ezio assigned Combustion Man (84) and Unstoppable Slasher (75) to attack Ai(4)-GGS_Current.
Add To Stack: Ai(1)-Jaymie_Ezio triggered Combustion Man targeting [Goro-Goro and Satoru (403)]
Damage: Combustion Man (84) deals 14 non-combat damage to Ai(4)-GGS_Current.
Life: Life: Ai(4)-GGS_Current 30 > 16
Resolve Stack: Whenever Combustion Man attacks, destroy target permanent unless its controller has Combustion Man deal damage to them equal to his power. (Targeting: [[Goro-Goro and Satoru (403)]]) [Attacker: Combustion Man (84)]
Phase: Ai(1)-Jaymie_Ezio's Declare Blockers Step
Combat: Ai(4)-GGS_Current assigned Goro-Goro and Satoru (403) to block Combustion Man (84).
Ai(4)-GGS_Current didn't block Unstoppable Slasher (75).
Phase: Ai(1)-Jaymie_Ezio's First Strike Damage Step
Phase: Ai(1)-Jaymie_Ezio's Combat Damage Step
Damage: Combustion Man (84) deals 14 damage to Goro-Goro and Satoru (403).
Damage: Unstoppable Slasher (75) deals 4 combat damage to Ai(4)-GGS_Current.
Damage: Goro-Goro and Satoru (403) deals 3 damage to Combustion Man (84).
Life: Life: Ai(4)-GGS_Current 16 > 12
Zone Change: Goro-Goro and Satoru (403) was put into Graveyard from Battlefield.
Add To Stack: Ai(1)-Jaymie_Ezio triggered Unstoppable Slasher
Life: Life: Ai(4)-GGS_Current 12 > 6
Resolve Stack: Whenever Unstoppable Slasher deals combat damage to a player, that player loses half their life, rounded up. [Damage Source: Unstoppable Slasher (75), Damaged: Ai(4)-GGS_Current, Amount: 4]
Phase: Ai(1)-Jaymie_Ezio's End of Combat Step
Phase: Ai(1)-Jaymie_Ezio's Main phase, postcombat
Mana: Exotic Orchard (45) - {T}: Add one mana of any color that a land an opponent controls could produce.
Mana: Sol Ring (56) - {T}: Add {C}{C}.
Mana: Mountain (88) - {T}: Add {R}.
Mana: Island (34) - {T}: Add {U}.
Mana: Plains (90) - {T}: Add {W}.
Mana: Plains (89) - {T}: Add {W}.
Mana: Island (33) - {T}: Add {U}.
Mana: Boros Garrison (80) - {T}: Add {R}{W}.
Add To Stack: Ai(1)-Jaymie_Ezio cast Ezio Auditore da Firenze
Resolve Stack: Ezio Auditore da Firenze - Creature 3 / 2
Phase: Ai(1)-Jaymie_Ezio's End step
Phase: Ai(1)-Jaymie_Ezio's Cleanup step
Turn: Turn 59 (Ai(4)-GGS_Current)
Phase: Ai(4)-GGS_Current's Untap step
Phase: Ai(4)-GGS_Current's Upkeep step
Phase: Ai(4)-GGS_Current's Draw step
Phase: Ai(4)-GGS_Current's Main phase, precombat
Mana: Mountain (397) - {T}: Add {R}.
Mana: Otawara, Soaring City (314) - {T}: Add {U}.
Mana: Luxury Suite (379) - {T}: Add {B} or {R}.
Mana: Training Center (333) - {T}: Add {U} or {R}.
Add To Stack: Ai(4)-GGS_Current cast Purphoros, God of the Forge
Resolve Stack: Purphoros, God of the Forge - Creature 6 / 5
Mana: Undercity Sewers (306) - {T}: Add {U}.
Add To Stack: Ai(4)-GGS_Current cast Thousand-Faced Shadow
Resolve Stack: Thousand-Faced Shadow - Creature 1 / 1
Add To Stack: Ai(4)-GGS_Current triggered Purphoros, God of the Forge
Add To Stack: Ai(4)-GGS_Current triggered Dragon Tempest
Resolve Stack: Whenever a creature you control with flying enters, it gains haste until end of turn. [Zone Changer: Thousand-Faced Shadow (325)]
Damage: Purphoros, God of the Forge (366) deals 2 non-combat damage to Ai(1)-Jaymie_Ezio.
Life: Life: Ai(1)-Jaymie_Ezio 24 > 22
Resolve Stack: Whenever another creature you control enters, Purphoros, God of the Forge deals 2 damage to each opponent. [Zone Changer: Thousand-Faced Shadow (325)]
Phase: Ai(4)-GGS_Current's Beginning of Combat Step
Phase: Ai(4)-GGS_Current's Declare Attackers Step
Combat: Ai(4)-GGS_Current assigned Dauthi Voidwalker (358) to attack Ai(1)-Jaymie_Ezio.
Phase: Ai(4)-GGS_Current's Declare Blockers Step
Combat: Ai(1)-Jaymie_Ezio didn't block Dauthi Voidwalker (358).
Phase: Ai(4)-GGS_Current's First Strike Damage Step
Phase: Ai(4)-GGS_Current's Combat Damage Step
Damage: Dauthi Voidwalker (358) deals 3 combat damage to Ai(1)-Jaymie_Ezio.
Life: Life: Ai(1)-Jaymie_Ezio 22 > 19
Phase: Ai(4)-GGS_Current's End of Combat Step
Phase: Ai(4)-GGS_Current's Main phase, postcombat
Mana: Steam Vents (347) - {T}: Add {R}.
Mana: Raucous Theater (386) - {T}: Add {R}.
Mana: Blazemire Verge (310) - {T}: Add {R}. Activate only if you control a Swamp or a Mountain.
Mana: Arcane Signet (340) - {T}: Add one mana of any color in your commander's color identity.
Mana: City of Brass (338) - {T}: Add one mana of any color.
Add To Stack: Ai(4)-GGS_Current activated Aggravated Assault
Add To Stack: Ai(4)-GGS_Current triggered City of Brass
Damage: City of Brass (338) deals 1 non-combat damage to Ai(4)-GGS_Current.
Life: Life: Ai(4)-GGS_Current 6 > 5
Resolve Stack: Whenever City of Brass becomes tapped, it deals 1 damage to you. [Tapped: City of Brass (338)]
Resolve Stack: Aggravated Assault (380) - Untap all creatures you control. After this main phase, there is an additional combat phase followed by an additional main phase. Activate only as a sorcery. 
Phase: AdditionalAi(4)-GGS_Current's Beginning of Combat Step
Phase: Ai(4)-GGS_Current's Declare Attackers Step
Combat: Ai(4)-GGS_Current assigned Dauthi Voidwalker (358) to attack Ai(1)-Jaymie_Ezio.
Phase: Ai(4)-GGS_Current's Declare Blockers Step
Combat: Ai(1)-Jaymie_Ezio didn't block Dauthi Voidwalker (358).
Phase: Ai(4)-GGS_Current's First Strike Damage Step
Phase: Ai(4)-GGS_Current's Combat Damage Step
Damage: Dauthi Voidwalker (358) deals 3 combat damage to Ai(1)-Jaymie_Ezio.
Life: Life: Ai(1)-Jaymie_Ezio 19 > 16
Phase: Ai(4)-GGS_Current's End of Combat Step
Phase: Ai(4)-GGS_Current's Main phase, postcombat
Phase: Ai(4)-GGS_Current's End step
Phase: Ai(4)-GGS_Current's Cleanup step
Turn: Turn 60 (Ai(1)-Jaymie_Ezio)
Phase: Ai(1)-Jaymie_Ezio's Untap step
Phase: Ai(1)-Jaymie_Ezio's Upkeep step
Phase: Ai(1)-Jaymie_Ezio's Draw step
Phase: Ai(1)-Jaymie_Ezio's Main phase, precombat
Mana: Swamp (59) - {T}: Add {B}.
Mana: Exotic Orchard (45) - {T}: Add one mana of any color that a land an opponent controls could produce.
Add To Stack: Ai(1)-Jaymie_Ezio activated Vorpal Sword targeting [Combustion Man (84)]
Resolve Stack: Vorpal Sword (10) -  Attach to Combustion Man (84)
Phase: Ai(1)-Jaymie_Ezio's Beginning of Combat Step
Phase: Ai(1)-Jaymie_Ezio's Declare Attackers Step
Combat: Ai(1)-Jaymie_Ezio assigned Combustion Man (84), Unstoppable Slasher (75) and Ezio Auditore da Firenze (100) to attack Ai(4)-GGS_Current.
Add To Stack: Ai(1)-Jaymie_Ezio triggered Combustion Man targeting [Dauthi Voidwalker (358)]
Zone Change: Dauthi Voidwalker (358) was put into Graveyard from Battlefield.
Resolve Stack: Whenever Combustion Man attacks, destroy target permanent unless its controller has Combustion Man deal damage to them equal to his power. (Targeting: [[Dauthi Voidwalker (358)]]) [Attacker: Combustion Man (84)]
Phase: Ai(1)-Jaymie_Ezio's Declare Blockers Step
Combat: Ai(4)-GGS_Current assigned Thousand-Faced Shadow (325) to block Combustion Man (84).
Ai(4)-GGS_Current didn't block Unstoppable Slasher (75).
Ai(4)-GGS_Current didn't block Ezio Auditore da Firenze (100).
Phase: Ai(1)-Jaymie_Ezio's First Strike Damage Step
Phase: Ai(1)-Jaymie_Ezio's Combat Damage Step
Damage: Combustion Man (84) deals 16 damage (Deathtouch) to Thousand-Faced Shadow (325).
Damage: Unstoppable Slasher (75) deals 4 combat damage to Ai(4)-GGS_Current.
Damage: Ezio Auditore da Firenze (100) deals 3 combat damage to Ai(4)-GGS_Current.
Damage: Thousand-Faced Shadow (325) deals 1 damage to Combustion Man (84).
Life: Life: Ai(4)-GGS_Current 5 > -2
Player Control: Ai(1)-Jaymie_Ezio has restored control over themself
Player Control: Ai(2)-Gabe_Food has restored control over themself
Player Control: Ai(3)-Destyn_Turtles has restored control over themself
Player Control: Ai(4)-GGS_Current has restored control over themself
Game Outcome: Match Duration 2m : 50s
Game Outcome: Turn 30
Game Outcome: Ai(1)-Jaymie_Ezio has won because all opponents have lost
Game Outcome: Ai(2)-Gabe_Food has lost because life total reached 0
Game Outcome: Ai(3)-Destyn_Turtles has lost because life total reached 0
Game Outcome: Ai(4)-GGS_Current has lost because life total reached 0
Match Result: Ai(1)-Jaymie_Ezio: 1 Ai(2)-Gabe_Food: 0 Ai(3)-Destyn_Turtles: 0 Ai(4)-GGS_Current: 0 

Game Result: Game 1 ended in 173408 ms. Ai(1)-Jaymie_Ezio has won!

