Error handling registered!
20:44:22 [INFO ] GuiBase: ##########################################
20:44:22 [INFO ] GuiBase: APP: Forge v.2.0.15-SNAPSHOT-09.28
20:44:22 [INFO ] GuiBase: Java: 17.0.20 (Ubuntu)
20:44:22 [INFO ] GuiBase: OS: Linux 6.18.44 amd64
20:44:22 [INFO ] GuiBase: RAM: 1536 MB max, 8 CPUs
20:44:22 [INFO ] GuiBase: ##########################################
Language 'en-US' loaded successfully.
(ThreadUtil first call): Running with priority 5
Read cards: 34010 archived files in 2 ms (25 parts) using thread pool
Upcoming set Star Trek (TRK) dated in the future. All `upcoming` cards will be added to this set with unknown rarity.
The card A-Alrund's Epiphany was not assigned to any set. Adding it to UNKNOWN set... to fix see res/editions/ folder. 
The card A-Baba Lysaga, Night Witch was not assigned to any set. Adding it to UNKNOWN set... to fix see res/editions/ folder. 
The card A-Divide by Zero was not assigned to any set. Adding it to UNKNOWN set... to fix see res/editions/ folder. 
The card A-Esika's Chariot was not assigned to any set. Adding it to UNKNOWN set... to fix see res/editions/ folder. 
The card A-Faceless Haven was not assigned to any set. Adding it to UNKNOWN set... to fix see res/editions/ folder. 
The card A-Fires of Invention was not assigned to any set. Adding it to UNKNOWN set... to fix see res/editions/ folder. 
The card A-Goldspan Dragon was not assigned to any set. Adding it to UNKNOWN set... to fix see res/editions/ folder. 
The card A-Hullbreaker Horror was not assigned to any set. Adding it to UNKNOWN set... to fix see res/editions/ folder. 
The card A-Kumano Faces Kakkazan was not assigned to any set. Adding it to UNKNOWN set... to fix see res/editions/ folder. 
The card A-Luminarch Aspirant was not assigned to any set. Adding it to UNKNOWN set... to fix see res/editions/ folder. 
The card A-Monster Manual was not assigned to any set. Adding it to UNKNOWN set... to fix see res/editions/ folder. 
The card A-Omnath, Locus of Creation was not assigned to any set. Adding it to UNKNOWN set... to fix see res/editions/ folder. 
The card A-The Meathook Massacre was not assigned to any set. Adding it to UNKNOWN set... to fix see res/editions/ folder. 
The card A-Unholy Heat was not assigned to any set. Adding it to UNKNOWN set... to fix see res/editions/ folder. 
The card Blinding Radiance was not assigned to any set. Adding it to UNKNOWN set... to fix see res/editions/ folder. 
The card Goblin Bruiser was not assigned to any set. Adding it to UNKNOWN set... to fix see res/editions/ folder. 
The card Ogre Painbringer was not assigned to any set. Adding it to UNKNOWN set... to fix see res/editions/ folder. 
The card Titanic Pelagosaur was not assigned to any set. Adding it to UNKNOWN set... to fix see res/editions/ folder. 
The card Treetop Recluse was not assigned to any set. Adding it to UNKNOWN set... to fix see res/editions/ folder. 
Upcoming set Star Trek (TRK) dated in the future. All `upcoming` cards will be added to this set with unknown rarity.
Read cards: 854 files in 0 ms (8 parts) using thread pool
Simulation mode
Ai(1)-GGS_Current vs Ai(2)-Jaymie_Ezio vs Ai(3)-Gabe_Food vs Ai(4)-Destyn_Turtles - one game of Commander seed 20261030
Warning: default (ie. inherited from base class) implementation of confirmAction is used by Ezio Auditore da Firenze for forge.ai.ability.PermanentCreatureAi. Consider declaring an overloaded method
Warning: default (ie. inherited from base class) implementation of confirmAction is used by Goro-Goro and Satoru for forge.ai.ability.PermanentCreatureAi. Consider declaring an overloaded method
Warning: default (ie. inherited from base class) implementation of confirmAction is used by Frodo, Adventurous Hobbit for forge.ai.ability.PermanentCreatureAi. Consider declaring an overloaded method
Warning: default (ie. inherited from base class) implementation of confirmAction is used by Sam, Loyal Attendant for forge.ai.ability.PermanentCreatureAi. Consider declaring an overloaded method
Warning: default (ie. inherited from base class) implementation of confirmAction is used by Leonardo, the Balance for forge.ai.ability.PermanentCreatureAi. Consider declaring an overloaded method
Warning: default (ie. inherited from base class) implementation of chkAIDrawback is used by Evie Frye for forge.ai.ability.EffectAi. Consider declaring an overloaded method
Warning: default (ie. inherited from base class) implementation of chkAIDrawback is used by Evie Frye for forge.ai.ability.EffectAi. Consider declaring an overloaded method
Warning: default (ie. inherited from base class) implementation of chkAIDrawback is used by Evie Frye for forge.ai.ability.EffectAi. Consider declaring an overloaded method
Warning: default (ie. inherited from base class) implementation of chkAIDrawback is used by Evie Frye for forge.ai.ability.EffectAi. Consider declaring an overloaded method
Warning: default (ie. inherited from base class) implementation of chkAIDrawback is used by Evie Frye for forge.ai.ability.EffectAi. Consider declaring an overloaded method
Warning: default (ie. inherited from base class) implementation of chkAIDrawback is used by Evie Frye for forge.ai.ability.EffectAi. Consider declaring an overloaded method
Warning: default (ie. inherited from base class) implementation of chkAIDrawback is used by Evie Frye for forge.ai.ability.EffectAi. Consider declaring an overloaded method
Warning: default (ie. inherited from base class) implementation of chkAIDrawback is used by Evie Frye for forge.ai.ability.EffectAi. Consider declaring an overloaded method
Warning: default (ie. inherited from base class) implementation of chkAIDrawback is used by Evie Frye for forge.ai.ability.EffectAi. Consider declaring an overloaded method
Warning: default (ie. inherited from base class) implementation of chkAIDrawback is used by Evie Frye for forge.ai.ability.EffectAi. Consider declaring an overloaded method
Warning: default (ie. inherited from base class) implementation of chkAIDrawback is used by Evie Frye for forge.ai.ability.EffectAi. Consider declaring an overloaded method
Warning: default (ie. inherited from base class) implementation of chkAIDrawback is used by Evie Frye for forge.ai.ability.EffectAi. Consider declaring an overloaded method
Warning: default (ie. inherited from base class) implementation of chkAIDrawback is used by Evie Frye for forge.ai.ability.EffectAi. Consider declaring an overloaded method
Warning: default (ie. inherited from base class) implementation of chkAIDrawback is used by Evie Frye for forge.ai.ability.EffectAi. Consider declaring an overloaded method
Warning: default (ie. inherited from base class) implementation of chkAIDrawback is used by Evie Frye for forge.ai.ability.EffectAi. Consider declaring an overloaded method
Warning: default (ie. inherited from base class) implementation of confirmAction is used by Goro-Goro and Satoru for forge.ai.ability.PermanentCreatureAi. Consider declaring an overloaded method
Warning: default (ie. inherited from base class) implementation of confirmAction is used by Ezio Auditore da Firenze for forge.ai.ability.PermanentCreatureAi. Consider declaring an overloaded method
Mulligan: Ai(3)-Gabe_Food has mulliganed down to 7 cards.
Mulligan: Ai(4)-Destyn_Turtles has kept a hand of 7 cards
Mulligan: Ai(1)-GGS_Current has kept a hand of 7 cards
Mulligan: Ai(2)-Jaymie_Ezio has kept a hand of 7 cards
Mulligan: Ai(3)-Gabe_Food has kept a hand of 7 cards
Turn: Turn 1 (Ai(4)-Destyn_Turtles)
Phase: Ai(4)-Destyn_Turtles' Untap step
Phase: Ai(4)-Destyn_Turtles' Upkeep step
Phase: Ai(4)-Destyn_Turtles' Draw step
Phase: Ai(4)-Destyn_Turtles' Main phase, precombat
Land: Ai(4)-Destyn_Turtles played Ash Barrens (373)
Phase: Ai(4)-Destyn_Turtles' Beginning of Combat Step
Phase: Ai(4)-Destyn_Turtles' Declare Attackers Step
Phase: Ai(4)-Destyn_Turtles' Declare Blockers Step
Phase: Ai(4)-Destyn_Turtles' First Strike Damage Step
Phase: Ai(4)-Destyn_Turtles' Combat Damage Step
Phase: Ai(4)-Destyn_Turtles' End of Combat Step
Phase: Ai(4)-Destyn_Turtles' Main phase, postcombat
Phase: Ai(4)-Destyn_Turtles' End step
Phase: Ai(4)-Destyn_Turtles' Cleanup step
Turn: Turn 2 (Ai(1)-GGS_Current)
Phase: Ai(1)-GGS_Current's Untap step
Phase: Ai(1)-GGS_Current's Upkeep step
Phase: Ai(1)-GGS_Current's Draw step
Phase: Ai(1)-GGS_Current's Main phase, precombat
Replacement Effect: Luxury Suite enters tapped unless you have two or more opponents.
Land: Ai(1)-GGS_Current played Luxury Suite (76)
Phase: Ai(1)-GGS_Current's Beginning of Combat Step
Phase: Ai(1)-GGS_Current's Declare Attackers Step
Phase: Ai(1)-GGS_Current's Declare Blockers Step
Phase: Ai(1)-GGS_Current's First Strike Damage Step
Phase: Ai(1)-GGS_Current's Combat Damage Step
Phase: Ai(1)-GGS_Current's End of Combat Step
Phase: Ai(1)-GGS_Current's Main phase, postcombat
Phase: Ai(1)-GGS_Current's End step
Phase: Ai(1)-GGS_Current's Cleanup step
Turn: Turn 3 (Ai(2)-Jaymie_Ezio)
Phase: Ai(2)-Jaymie_Ezio's Untap step
Phase: Ai(2)-Jaymie_Ezio's Upkeep step
Phase: Ai(2)-Jaymie_Ezio's Draw step
Phase: Ai(2)-Jaymie_Ezio's Main phase, precombat
Land: Ai(2)-Jaymie_Ezio played Kessig Wolf Run (105)
Phase: Ai(2)-Jaymie_Ezio's Beginning of Combat Step
Phase: Ai(2)-Jaymie_Ezio's Declare Attackers Step
Phase: Ai(2)-Jaymie_Ezio's Declare Blockers Step
Phase: Ai(2)-Jaymie_Ezio's First Strike Damage Step
Phase: Ai(2)-Jaymie_Ezio's Combat Damage Step
Phase: Ai(2)-Jaymie_Ezio's End of Combat Step
Phase: Ai(2)-Jaymie_Ezio's Main phase, postcombat
Phase: Ai(2)-Jaymie_Ezio's End step
Phase: Ai(2)-Jaymie_Ezio's Cleanup step
Turn: Turn 4 (Ai(3)-Gabe_Food)
Phase: Ai(3)-Gabe_Food's Untap step
Phase: Ai(3)-Gabe_Food's Upkeep step
Phase: Ai(3)-Gabe_Food's Draw step
Phase: Ai(3)-Gabe_Food's Main phase, precombat
Replacement Effect: Path of Ancestry enters tapped.
Land: Ai(3)-Gabe_Food played Path of Ancestry (213)
Phase: Ai(3)-Gabe_Food's Beginning of Combat Step
Phase: Ai(3)-Gabe_Food's Declare Attackers Step
Phase: Ai(3)-Gabe_Food's Declare Blockers Step
Phase: Ai(3)-Gabe_Food's First Strike Damage Step
Phase: Ai(3)-Gabe_Food's Combat Damage Step
Phase: Ai(3)-Gabe_Food's End of Combat Step
Phase: Ai(3)-Gabe_Food's Main phase, postcombat
Phase: Ai(3)-Gabe_Food's End step
Phase: Ai(3)-Gabe_Food's Cleanup step
Turn: Turn 5 (Ai(4)-Destyn_Turtles)
Phase: Ai(4)-Destyn_Turtles' Untap step
Phase: Ai(4)-Destyn_Turtles' Upkeep step
Phase: Ai(4)-Destyn_Turtles' Draw step
Phase: Ai(4)-Destyn_Turtles' Main phase, precombat
Replacement Effect: Grand Coliseum enters tapped.
Land: Ai(4)-Destyn_Turtles played Grand Coliseum (305)
Phase: Ai(4)-Destyn_Turtles' Beginning of Combat Step
Phase: Ai(4)-Destyn_Turtles' Declare Attackers Step
Phase: Ai(4)-Destyn_Turtles' Declare Blockers Step
Phase: Ai(4)-Destyn_Turtles' First Strike Damage Step
Phase: Ai(4)-Destyn_Turtles' Combat Damage Step
Phase: Ai(4)-Destyn_Turtles' End of Combat Step
Phase: Ai(4)-Destyn_Turtles' Main phase, postcombat
Mana: Ash Barrens (373) - {T}: Add {C}.
Add To Stack: Ai(4)-Destyn_Turtles cast Sol Ring
Resolve Stack: Sol Ring
Phase: Ai(4)-Destyn_Turtles' End step
Phase: Ai(4)-Destyn_Turtles' Cleanup step
Turn: Turn 6 (Ai(1)-GGS_Current)
Phase: Ai(1)-GGS_Current's Untap step
Phase: Ai(1)-GGS_Current's Upkeep step
Phase: Ai(1)-GGS_Current's Draw step
Phase: Ai(1)-GGS_Current's Main phase, precombat
Land: Ai(1)-GGS_Current played Gloomlake Verge (25)
Phase: Ai(1)-GGS_Current's Beginning of Combat Step
Phase: Ai(1)-GGS_Current's Declare Attackers Step
Phase: Ai(1)-GGS_Current's Declare Blockers Step
Phase: Ai(1)-GGS_Current's First Strike Damage Step
Phase: Ai(1)-GGS_Current's Combat Damage Step
Phase: Ai(1)-GGS_Current's End of Combat Step
Phase: Ai(1)-GGS_Current's Main phase, postcombat
Mana: Gloomlake Verge (25) - {T}: Add {U}.
Mana: Luxury Suite (76) - {T}: Add {B} or {R}.
Add To Stack: Ai(1)-GGS_Current cast Tetsuko Umezawa, Fugitive
Resolve Stack: Tetsuko Umezawa, Fugitive - Creature 1 / 3
Phase: Ai(1)-GGS_Current's End step
Phase: Ai(1)-GGS_Current's Cleanup step
Turn: Turn 7 (Ai(2)-Jaymie_Ezio)
Phase: Ai(2)-Jaymie_Ezio's Untap step
Phase: Ai(2)-Jaymie_Ezio's Upkeep step
Phase: Ai(2)-Jaymie_Ezio's Draw step
Phase: Ai(2)-Jaymie_Ezio's Main phase, precombat
Land: Ai(2)-Jaymie_Ezio played Island (134)
Phase: Ai(2)-Jaymie_Ezio's Beginning of Combat Step
Phase: Ai(2)-Jaymie_Ezio's Declare Attackers Step
Phase: Ai(2)-Jaymie_Ezio's Declare Blockers Step
Phase: Ai(2)-Jaymie_Ezio's First Strike Damage Step
Phase: Ai(2)-Jaymie_Ezio's Combat Damage Step
Phase: Ai(2)-Jaymie_Ezio's End of Combat Step
Phase: Ai(2)-Jaymie_Ezio's Main phase, postcombat
Mana: Island (134) - {T}: Add {U}.
Mana: Kessig Wolf Run (105) - {T}: Add {C}.
Add To Stack: Ai(2)-Jaymie_Ezio cast Fellwar Stone
Resolve Stack: Fellwar Stone
Phase: Ai(2)-Jaymie_Ezio's End step
Phase: Ai(2)-Jaymie_Ezio's Cleanup step
Turn: Turn 8 (Ai(3)-Gabe_Food)
Phase: Ai(3)-Gabe_Food's Untap step
Phase: Ai(3)-Gabe_Food's Upkeep step
Phase: Ai(3)-Gabe_Food's Draw step
Phase: Ai(3)-Gabe_Food's Main phase, precombat
Replacement Effect: Scoured Barrens enters tapped.
Land: Ai(3)-Gabe_Food played Scoured Barrens (243)
Add To Stack: Ai(3)-Gabe_Food triggered Scoured Barrens
Life: Life: Ai(3)-Gabe_Food 40 > 41
Resolve Stack: When Scoured Barrens enters, you gain 1 life. [Zone Changer: Scoured Barrens (243)]
Phase: Ai(3)-Gabe_Food's Beginning of Combat Step
Phase: Ai(3)-Gabe_Food's Declare Attackers Step
Phase: Ai(3)-Gabe_Food's Declare Blockers Step
Phase: Ai(3)-Gabe_Food's First Strike Damage Step
Phase: Ai(3)-Gabe_Food's Combat Damage Step
Phase: Ai(3)-Gabe_Food's End of Combat Step
Phase: Ai(3)-Gabe_Food's Main phase, postcombat
Mana: Path of Ancestry (213) - {T}: Add one mana of any color in your commander's color identity. When that mana is spent to cast a creature spell that shares a creature type with your commander, scry 1. (Look at the top card of your library. You may put that card on the bottom.)
Add To Stack: Ai(3)-Gabe_Food cast Essence Warden
Resolve Stack: Essence Warden - Creature 1 / 1
Phase: Ai(3)-Gabe_Food's End step
Phase: Ai(3)-Gabe_Food's Cleanup step
Turn: Turn 9 (Ai(4)-Destyn_Turtles)
Phase: Ai(4)-Destyn_Turtles' Untap step
Phase: Ai(4)-Destyn_Turtles' Upkeep step
Phase: Ai(4)-Destyn_Turtles' Draw step
Phase: Ai(4)-Destyn_Turtles' Main phase, precombat
Phase: Ai(4)-Destyn_Turtles' Beginning of Combat Step
Phase: Ai(4)-Destyn_Turtles' Declare Attackers Step
Phase: Ai(4)-Destyn_Turtles' Declare Blockers Step
Phase: Ai(4)-Destyn_Turtles' First Strike Damage Step
Phase: Ai(4)-Destyn_Turtles' Combat Damage Step
Phase: Ai(4)-Destyn_Turtles' End of Combat Step
Phase: Ai(4)-Destyn_Turtles' Main phase, postcombat
Damage: Grand Coliseum (305) deals 1 non-combat damage to Ai(4)-Destyn_Turtles.
Life: Life: Ai(4)-Destyn_Turtles 40 > 39
Mana: Grand Coliseum (305) - {T}: Add one mana of any color. Grand Coliseum deals 1 damage to you. 
Mana: Ash Barrens (373) - {T}: Add {C}.
Mana: Sol Ring (356) - {T}: Add {C}{C}.
Add To Stack: Ai(4)-Destyn_Turtles cast Tokka & Rahzar, Unsupervised
Resolve Stack: Tokka & Rahzar, Unsupervised - Creature 3 / 3
Add To Stack: Ai(3)-Gabe_Food triggered Essence Warden
Life: Life: Ai(3)-Gabe_Food 41 > 42
Resolve Stack: Whenever another creature enters, you gain 1 life. [Zone Changer: Tokka & Rahzar, Unsupervised (306)]
Phase: Ai(4)-Destyn_Turtles' End step
Phase: Ai(4)-Destyn_Turtles' Cleanup step
Turn: Turn 10 (Ai(1)-GGS_Current)
Phase: Ai(1)-GGS_Current's Untap step
Phase: Ai(1)-GGS_Current's Upkeep step
Mana: Gloomlake Verge (25) - {T}: Add {U}.
Mana: Luxury Suite (76) - {T}: Add {B} or {R}.
Add To Stack: Ai(1)-GGS_Current cast Cyclonic Rift targeting [Tokka & Rahzar, Unsupervised (306)]
Resolve Stack: Cyclonic Rift (9) - Return Tokka & Rahzar, Unsupervised (306) to its owner's hand.
Phase: Ai(1)-GGS_Current's Draw step
Phase: Ai(1)-GGS_Current's Main phase, precombat
Phase: Ai(1)-GGS_Current's Beginning of Combat Step
Phase: Ai(1)-GGS_Current's Declare Attackers Step
Combat: Ai(1)-GGS_Current assigned Tetsuko Umezawa, Fugitive (75) to attack Ai(3)-Gabe_Food.
Phase: Ai(1)-GGS_Current's Declare Blockers Step
Combat: Ai(3)-Gabe_Food didn't block Tetsuko Umezawa, Fugitive (75).
Phase: Ai(1)-GGS_Current's First Strike Damage Step
Phase: Ai(1)-GGS_Current's Combat Damage Step
Damage: Tetsuko Umezawa, Fugitive (75) deals 1 combat damage to Ai(3)-Gabe_Food.
Life: Life: Ai(3)-Gabe_Food 42 > 41
Phase: Ai(1)-GGS_Current's End of Combat Step
Phase: Ai(1)-GGS_Current's Main phase, postcombat
Land: Ai(1)-GGS_Current played Island (74)
Phase: Ai(1)-GGS_Current's End step
Phase: Ai(1)-GGS_Current's Cleanup step
Turn: Turn 11 (Ai(2)-Jaymie_Ezio)
Phase: Ai(2)-Jaymie_Ezio's Untap step
Phase: Ai(2)-Jaymie_Ezio's Upkeep step
Phase: Ai(2)-Jaymie_Ezio's Draw step
Phase: Ai(2)-Jaymie_Ezio's Main phase, precombat
Land: Ai(2)-Jaymie_Ezio played Brotherhood Headquarters (126)
Mana: Island (134) - {T}: Add {U}.
Mana: Fellwar Stone (177) - {T}: Add one mana of any color that a land an opponent controls could produce.
Mana: Brotherhood Headquarters (126) - {T}: Add {C}.
Add To Stack: Ai(2)-Jaymie_Ezio cast 
Resolve Stack: Disguise - Creature 2/2
Add To Stack: Ai(3)-Gabe_Food triggered Essence Warden
Life: Life: Ai(3)-Gabe_Food 41 > 42
Resolve Stack: Whenever another creature enters, you gain 1 life. [Zone Changer: Face-down card (H4)]
Phase: Ai(2)-Jaymie_Ezio's Beginning of Combat Step
Phase: Ai(2)-Jaymie_Ezio's Declare Attackers Step
Phase: Ai(2)-Jaymie_Ezio's Declare Blockers Step
Phase: Ai(2)-Jaymie_Ezio's First Strike Damage Step
Phase: Ai(2)-Jaymie_Ezio's Combat Damage Step
Phase: Ai(2)-Jaymie_Ezio's End of Combat Step
Phase: Ai(2)-Jaymie_Ezio's Main phase, postcombat
Phase: Ai(2)-Jaymie_Ezio's End step
Phase: Ai(2)-Jaymie_Ezio's Cleanup step
Turn: Turn 12 (Ai(3)-Gabe_Food)
Phase: Ai(3)-Gabe_Food's Untap step
Phase: Ai(3)-Gabe_Food's Upkeep step
Phase: Ai(3)-Gabe_Food's Draw step
Phase: Ai(3)-Gabe_Food's Main phase, precombat
Phase: Ai(3)-Gabe_Food's Beginning of Combat Step
Phase: Ai(3)-Gabe_Food's Declare Attackers Step
Phase: Ai(3)-Gabe_Food's Declare Blockers Step
Phase: Ai(3)-Gabe_Food's First Strike Damage Step
Phase: Ai(3)-Gabe_Food's Combat Damage Step
Phase: Ai(3)-Gabe_Food's End of Combat Step
Phase: Ai(3)-Gabe_Food's Main phase, postcombat
Mana: Scoured Barrens (243) - {T}: Add {W} or {B}.
Mana: Path of Ancestry (213) - {T}: Add one mana of any color in your commander's color identity. When that mana is spent to cast a creature spell that shares a creature type with your commander, scry 1. (Look at the top card of your library. You may put that card on the bottom.)
Add To Stack: Ai(3)-Gabe_Food cast Frodo, Adventurous Hobbit
Add To Stack: Ai(3)-Gabe_Food triggered Path of Ancestry
Resolve Stack: Ai(3)-Gabe_Food scried 1 card(s) to the bottom of the library
Resolve Stack: When mana produced by Path of Ancestry is spent to cast a creature spell that shares a creature type with your commander, scry 1. ([Frodo, Adventurous Hobbit - Creature 1 / 3]) [Card: Frodo, Adventurous Hobbit (301), Activator: Ai(3)-Gabe_Food, SpellAbility: Frodo, Adventurous Hobbit - Creature 1 / 3]
Resolve Stack: Frodo, Adventurous Hobbit - Creature 1 / 3
Add To Stack: Ai(3)-Gabe_Food triggered Essence Warden
Add To Stack: Ai(3)-Gabe_Food triggered Frodo, Adventurous Hobbit targeting [Ai(3)-Gabe_Food]
Resolve Stack: Partner with Sam, Loyal Attendant (When this creature enters, target player may put Sam into their hand from their library, then shuffle.) (Targeting: [[Ai(3)-Gabe_Food]]) [Zone Changer: Frodo, Adventurous Hobbit (301)]
Life: Life: Ai(3)-Gabe_Food 42 > 43
Resolve Stack: Whenever another creature enters, you gain 1 life. [Zone Changer: Frodo, Adventurous Hobbit (301)]
Phase: Ai(3)-Gabe_Food's End step
Phase: Ai(3)-Gabe_Food's Cleanup step
Turn: Turn 13 (Ai(4)-Destyn_Turtles)
Phase: Ai(4)-Destyn_Turtles' Untap step
Phase: Ai(4)-Destyn_Turtles' Upkeep step
Phase: Ai(4)-Destyn_Turtles' Draw step
Phase: Ai(4)-Destyn_Turtles' Main phase, precombat
Phase: Ai(4)-Destyn_Turtles' Beginning of Combat Step
Phase: Ai(4)-Destyn_Turtles' Declare Attackers Step
Phase: Ai(4)-Destyn_Turtles' Declare Blockers Step
Phase: Ai(4)-Destyn_Turtles' First Strike Damage Step
Phase: Ai(4)-Destyn_Turtles' Combat Damage Step
Phase: Ai(4)-Destyn_Turtles' End of Combat Step
Phase: Ai(4)-Destyn_Turtles' Main phase, postcombat
Damage: Grand Coliseum (305) deals 1 non-combat damage to Ai(4)-Destyn_Turtles.
Life: Life: Ai(4)-Destyn_Turtles 39 > 38
Mana: Grand Coliseum (305) - {T}: Add one mana of any color. Grand Coliseum deals 1 damage to you. 
Mana: Ash Barrens (373) - {T}: Add {C}.
Mana: Sol Ring (356) - {T}: Add {C}{C}.
Add To Stack: Ai(4)-Destyn_Turtles cast Tokka & Rahzar, Unsupervised
Resolve Stack: Tokka & Rahzar, Unsupervised - Creature 3 / 3
Add To Stack: Ai(3)-Gabe_Food triggered Essence Warden
Life: Life: Ai(3)-Gabe_Food 43 > 44
Resolve Stack: Whenever another creature enters, you gain 1 life. [Zone Changer: Tokka & Rahzar, Unsupervised (306)]
Phase: Ai(4)-Destyn_Turtles' End step
Phase: Ai(4)-Destyn_Turtles' Cleanup step
Turn: Turn 14 (Ai(1)-GGS_Current)
Phase: Ai(1)-GGS_Current's Untap step
Phase: Ai(1)-GGS_Current's Upkeep step
Phase: Ai(1)-GGS_Current's Draw step
Phase: Ai(1)-GGS_Current's Main phase, precombat
Land: Ai(1)-GGS_Current played Command Tower (73)
Mana: Luxury Suite (76) - {T}: Add {B} or {R}.
Mana: Gloomlake Verge (25) - {T}: Add {B}. Activate only if you control an Island or a Swamp.
Mana: Island (74) - {T}: Add {U}.
Mana: Command Tower (73) - {T}: Add one mana of any color in your commander's color identity.
Add To Stack: Ai(1)-GGS_Current cast Fell the Profane targeting [Tokka & Rahzar, Unsupervised (306)]
Zone Change: Tokka & Rahzar, Unsupervised (306) was put into Graveyard from Battlefield.
Resolve Stack: Fell the Profane (69) - Destroy Tokka & Rahzar, Unsupervised (306).
Phase: Ai(1)-GGS_Current's Beginning of Combat Step
Phase: Ai(1)-GGS_Current's Declare Attackers Step
Combat: Ai(1)-GGS_Current assigned Tetsuko Umezawa, Fugitive (75) to attack Ai(3)-Gabe_Food.
Phase: Ai(1)-GGS_Current's Declare Blockers Step
Combat: Ai(3)-Gabe_Food didn't block Tetsuko Umezawa, Fugitive (75).
Phase: Ai(1)-GGS_Current's First Strike Damage Step
Phase: Ai(1)-GGS_Current's Combat Damage Step
Damage: Tetsuko Umezawa, Fugitive (75) deals 1 combat damage to Ai(3)-Gabe_Food.
Life: Life: Ai(3)-Gabe_Food 44 > 43
Phase: Ai(1)-GGS_Current's End of Combat Step
Phase: Ai(1)-GGS_Current's Main phase, postcombat
Phase: Ai(1)-GGS_Current's End step
Phase: Ai(1)-GGS_Current's Cleanup step
Turn: Turn 15 (Ai(2)-Jaymie_Ezio)
Phase: Ai(2)-Jaymie_Ezio's Untap step
Phase: Ai(2)-Jaymie_Ezio's Upkeep step
Phase: Ai(2)-Jaymie_Ezio's Draw step
Phase: Ai(2)-Jaymie_Ezio's Main phase, precombat
Mana: Island (134) - {T}: Add {U}.
Mana: Fellwar Stone (177) - {T}: Add one mana of any color that a land an opponent controls could produce.
Add To Stack: Ai(2)-Jaymie_Ezio cast Brotherhood Regalia
Resolve Stack: Brotherhood Regalia
Phase: Ai(2)-Jaymie_Ezio's Beginning of Combat Step
Phase: Ai(2)-Jaymie_Ezio's Declare Attackers Step
Phase: Ai(2)-Jaymie_Ezio's Declare Blockers Step
Phase: Ai(2)-Jaymie_Ezio's First Strike Damage Step
Phase: Ai(2)-Jaymie_Ezio's Combat Damage Step
Phase: Ai(2)-Jaymie_Ezio's End of Combat Step
Phase: Ai(2)-Jaymie_Ezio's Main phase, postcombat
Mana: Brotherhood Headquarters (126) - {T}: Add one mana of any color. Spend this mana only to cast an Assassin spell or a spell that has freerunning, or to activate an ability of an Assassin source.
Mana: Kessig Wolf Run (105) - {T}: Add {C}.
Add To Stack: Ai(2)-Jaymie_Ezio cast Ezio Auditore da Firenze
Resolve Stack: Ezio Auditore da Firenze - Creature 3 / 2
Add To Stack: Ai(3)-Gabe_Food triggered Essence Warden
Life: Life: Ai(3)-Gabe_Food 43 > 44
Resolve Stack: Whenever another creature enters, you gain 1 life. [Zone Changer: Ezio Auditore da Firenze (201)]
Phase: Ai(2)-Jaymie_Ezio's End step
Phase: Ai(2)-Jaymie_Ezio's Cleanup step
Turn: Turn 16 (Ai(3)-Gabe_Food)
Phase: Ai(3)-Gabe_Food's Untap step
Phase: Ai(3)-Gabe_Food's Upkeep step
Mana: Scoured Barrens (243) - {T}: Add {W} or {B}.
Add To Stack: Ai(3)-Gabe_Food cast Path to Exile targeting [Ezio Auditore da Firenze (201)]
Zone Change: Ezio Auditore da Firenze (201) was put into Exile from Battlefield.
Resolve Stack: Path to Exile (209) - Exile Ezio Auditore da Firenze (201). Ai(2)-Jaymie_Ezio may search their library for a basic land card, put that card onto the battlefield tapped, then shuffle their library. 
Phase: Ai(3)-Gabe_Food's Draw step
Phase: Ai(3)-Gabe_Food's Main phase, precombat
Land: Ai(3)-Gabe_Food played Brushland (298)
Phase: Ai(3)-Gabe_Food's Beginning of Combat Step
Phase: Ai(3)-Gabe_Food's Declare Attackers Step
Phase: Ai(3)-Gabe_Food's Declare Blockers Step
Phase: Ai(3)-Gabe_Food's First Strike Damage Step
Phase: Ai(3)-Gabe_Food's Combat Damage Step
Phase: Ai(3)-Gabe_Food's End of Combat Step
Phase: Ai(3)-Gabe_Food's Main phase, postcombat
Mana: Path of Ancestry (213) - {T}: Add one mana of any color in your commander's color identity. When that mana is spent to cast a creature spell that shares a creature type with your commander, scry 1. (Look at the top card of your library. You may put that card on the bottom.)
Mana: Brushland (298) - {T}: Add {C}.
Add To Stack: Ai(3)-Gabe_Food cast Prosperous Innkeeper
Add To Stack: Ai(3)-Gabe_Food triggered Path of Ancestry
Resolve Stack: Ai(3)-Gabe_Food scried 1 card(s) to the bottom of the library
Resolve Stack: When mana produced by Path of Ancestry is spent to cast a creature spell that shares a creature type with your commander, scry 1. ([Prosperous Innkeeper - Creature 1 / 1]) [Card: Prosperous Innkeeper (271), Activator: Ai(3)-Gabe_Food, SpellAbility: Prosperous Innkeeper - Creature 1 / 1]
Resolve Stack: Prosperous Innkeeper - Creature 1 / 1
Add To Stack: Ai(3)-Gabe_Food triggered Essence Warden
Add To Stack: Ai(3)-Gabe_Food triggered Prosperous Innkeeper
Resolve Stack: When Prosperous Innkeeper enters, create a Treasure token. (It's an artifact with "{T}, Sacrifice this token: Add one mana of any color.") [Zone Changer: Prosperous Innkeeper (271)]
Life: Life: Ai(3)-Gabe_Food 44 > 45
Resolve Stack: Whenever another creature enters, you gain 1 life. [Zone Changer: Prosperous Innkeeper (271)]
Zone Change: Treasure Token (412) was put into Graveyard from Battlefield.
Mana: Treasure Token (412) - {T}, Sacrifice this token: Add one mana of any color.
Add To Stack: Ai(3)-Gabe_Food cast Sol Ring
Resolve Stack: Sol Ring
Mana: Sol Ring (261) - {T}: Add {C}{C}.
Add To Stack: Ai(3)-Gabe_Food cast Arcane Signet
Resolve Stack: Arcane Signet
Phase: Ai(3)-Gabe_Food's End step
Phase: Ai(3)-Gabe_Food's Cleanup step
Turn: Turn 17 (Ai(4)-Destyn_Turtles)
Phase: Ai(4)-Destyn_Turtles' Untap step
Phase: Ai(4)-Destyn_Turtles' Upkeep step
Phase: Ai(4)-Destyn_Turtles' Draw step
Phase: Ai(4)-Destyn_Turtles' Main phase, precombat
Land: Ai(4)-Destyn_Turtles played Fabled Passage (379)
Zone Change: Fabled Passage (379) was put into Graveyard from Battlefield.
Add To Stack: Ai(4)-Destyn_Turtles activated Fabled Passage
Resolve Stack: Fabled Passage (379) - Search your library for a basic land card, put it onto the battlefield tapped, then shuffle. Then if you control four or more lands, untap that land.  
Phase: Ai(4)-Destyn_Turtles' Beginning of Combat Step
Phase: Ai(4)-Destyn_Turtles' Declare Attackers Step
Phase: Ai(4)-Destyn_Turtles' Declare Blockers Step
Phase: Ai(4)-Destyn_Turtles' First Strike Damage Step
Phase: Ai(4)-Destyn_Turtles' Combat Damage Step
Phase: Ai(4)-Destyn_Turtles' End of Combat Step
Phase: Ai(4)-Destyn_Turtles' Main phase, postcombat
Damage: Grand Coliseum (305) deals 1 non-combat damage to Ai(4)-Destyn_Turtles.
Life: Life: Ai(4)-Destyn_Turtles 38 > 37
Mana: Grand Coliseum (305) - {T}: Add one mana of any color. Grand Coliseum deals 1 damage to you. 
Mana: Ash Barrens (373) - {T}: Add {C}.
Mana: Sol Ring (356) - {T}: Add {C}{C}.
Add To Stack: Ai(4)-Destyn_Turtles cast Leonardo, the Balance
Resolve Stack: Leonardo, the Balance - Creature 3 / 3
Add To Stack: Ai(3)-Gabe_Food triggered Essence Warden
Life: Life: Ai(3)-Gabe_Food 45 > 46
Resolve Stack: Whenever another creature enters, you gain 1 life. [Zone Changer: Leonardo, the Balance (404)]
Phase: Ai(4)-Destyn_Turtles' End step
Phase: Ai(4)-Destyn_Turtles' Cleanup step
Turn: Turn 18 (Ai(1)-GGS_Current)
Phase: Ai(1)-GGS_Current's Untap step
Phase: Ai(1)-GGS_Current's Upkeep step
Phase: Ai(1)-GGS_Current's Draw step
Phase: Ai(1)-GGS_Current's Main phase, precombat
Land: Ai(1)-GGS_Current played Misty Rainforest (15)
Life: Life: Ai(1)-GGS_Current 40 > 39
Zone Change: Misty Rainforest (15) was put into Graveyard from Battlefield.
Add To Stack: Ai(1)-GGS_Current activated Misty Rainforest
Replacement Effect: Undercity Sewers enters tapped.
Resolve Stack: Misty Rainforest (15) - Ai(1)-GGS_Current searches their library for a Forest or Island card, puts it onto the battlefield, then shuffles.
Add To Stack: Ai(1)-GGS_Current triggered Undercity Sewers
Resolve Stack: Ai(1)-GGS_Current surveiled 1 card(s) to the top of the library
Resolve Stack: When Undercity Sewers enters, surveil 1. (Look at the top card of your library. You may put it into your graveyard.) [Zone Changer: Undercity Sewers (3)]
Phase: Ai(1)-GGS_Current's Beginning of Combat Step
Phase: Ai(1)-GGS_Current's Declare Attackers Step
Combat: Ai(1)-GGS_Current assigned Tetsuko Umezawa, Fugitive (75) to attack Ai(3)-Gabe_Food.
Phase: Ai(1)-GGS_Current's Declare Blockers Step
Combat: Ai(3)-Gabe_Food didn't block Tetsuko Umezawa, Fugitive (75).
Mana: Island (74) - {T}: Add {U}.
Mana: Luxury Suite (76) - {T}: Add {B} or {R}.
Mana: Gloomlake Verge (25) - {T}: Add {B}. Activate only if you control an Island or a Swamp.
Mana: Command Tower (73) - {T}: Add one mana of any color in your commander's color identity.
Add To Stack: Ai(1)-GGS_Current activated Fallen Shinobi
Resolve Stack: Fallen Shinobi (24) - Ai(1)-GGS_Current puts Fallen Shinobi (24) from their hand onto the battlefield tapped and attacking.
Add To Stack: Ai(3)-Gabe_Food triggered Essence Warden
Life: Life: Ai(3)-Gabe_Food 46 > 47
Resolve Stack: Whenever another creature enters, you gain 1 life. [Zone Changer: Fallen Shinobi (24)]
Phase: Ai(1)-GGS_Current's First Strike Damage Step
Phase: Ai(1)-GGS_Current's Combat Damage Step
Damage: Fallen Shinobi (24) deals 5 combat damage to Ai(3)-Gabe_Food.
Life: Life: Ai(3)-Gabe_Food 47 > 42
Add To Stack: Ai(1)-GGS_Current triggered Fallen Shinobi
Resolve Stack: Whenever Fallen Shinobi deals combat damage to a player, that player exiles the top two cards of their library. Until end of turn, you may play those cards without paying their mana costs. [Damage Source: Fallen Shinobi (24), Damaged: Ai(3)-Gabe_Food, Amount: 5]
Phase: Ai(1)-GGS_Current's End of Combat Step
Phase: Ai(1)-GGS_Current's Main phase, postcombat
Add To Stack: Ai(1)-GGS_Current cast Eagles of the North
Resolve Stack: Eagles of the North - Creature 3 / 3
Add To Stack: Ai(1)-GGS_Current triggered Eagles of the North
Add To Stack: Ai(3)-Gabe_Food triggered Essence Warden
Life: Life: Ai(3)-Gabe_Food 42 > 43
Resolve Stack: Whenever another creature enters, you gain 1 life. [Zone Changer: Eagles of the North (280)]
Resolve Stack: When Eagles of the North enters, creatures you control get +1/+0 and gain first strike until end of turn. [Zone Changer: Eagles of the North (280)]
Phase: Ai(1)-GGS_Current's End step
Phase: Ai(1)-GGS_Current's Cleanup step
Turn: Turn 19 (Ai(2)-Jaymie_Ezio)
Phase: Ai(2)-Jaymie_Ezio's Untap step
Phase: Ai(2)-Jaymie_Ezio's Upkeep step
Mana: Fellwar Stone (177) - {T}: Add one mana of any color that a land an opponent controls could produce.
Mana: Plains (191) - {T}: Add {W}.
Mana: Island (134) - {T}: Add {U}.
Add To Stack: Ai(2)-Jaymie_Ezio cast Mortify targeting [Fallen Shinobi (24)]
Zone Change: Fallen Shinobi (24) was put into Graveyard from Battlefield.
Resolve Stack: Mortify (164) - Destroy Fallen Shinobi (24).
Phase: Ai(2)-Jaymie_Ezio's Draw step
Phase: Ai(2)-Jaymie_Ezio's Main phase, precombat
Phase: Ai(2)-Jaymie_Ezio's Beginning of Combat Step
Phase: Ai(2)-Jaymie_Ezio's Declare Attackers Step
Phase: Ai(2)-Jaymie_Ezio's Declare Blockers Step
Phase: Ai(2)-Jaymie_Ezio's First Strike Damage Step
Phase: Ai(2)-Jaymie_Ezio's Combat Damage Step
Phase: Ai(2)-Jaymie_Ezio's End of Combat Step
Phase: Ai(2)-Jaymie_Ezio's Main phase, postcombat
Mana: Brotherhood Headquarters (126) - {T}: Add {C}.
Add To Stack: Ai(2)-Jaymie_Ezio cast Sol Ring
Resolve Stack: Sol Ring
Mana: Sol Ring (157) - {T}: Add {C}{C}.
Mana: Kessig Wolf Run (105) - {T}: Add {C}.
Add To Stack: Ai(2)-Jaymie_Ezio activated Brotherhood Regalia targeting [Face-down card (H4)]
Resolve Stack: Brotherhood Regalia (194) -  Attach to Face-down card (H4)
Phase: Ai(2)-Jaymie_Ezio's End step
Phase: Ai(2)-Jaymie_Ezio's Cleanup step
Turn: Turn 20 (Ai(3)-Gabe_Food)
Phase: Ai(3)-Gabe_Food's Untap step
Phase: Ai(3)-Gabe_Food's Upkeep step
Mana: Scoured Barrens (243) - {T}: Add {W} or {B}.
Mana: Path of Ancestry (213) - {T}: Add one mana of any color in your commander's color identity. When that mana is spent to cast a creature spell that shares a creature type with your commander, scry 1. (Look at the top card of your library. You may put that card on the bottom.)
Mana: Sol Ring (261) - {T}: Add {C}{C}.
Add To Stack: Ai(3)-Gabe_Food cast Anguished Unmaking targeting [Eagles of the North (280)]
Zone Change: Eagles of the North (280) was put into Exile from Battlefield.
Life: Life: Ai(3)-Gabe_Food 43 > 40
Resolve Stack: Anguished Unmaking (299) - Exile Eagles of the North (280). Ai(3)-Gabe_Food loses 3 life.
Mana: Arcane Signet (253) - {T}: Add one mana of any color in your commander's color identity.
Mana: Brushland (298) - {T}: Add {C}.
Add To Stack: Ai(3)-Gabe_Food cast Crypt Incursion targeting [Ai(1)-GGS_Current]
Life: Life: Ai(3)-Gabe_Food 40 > 43
Resolve Stack: Crypt Incursion (260) - Exile all creature cards from target player's graveyard. You gain 3 life for each card exiled this way. Ai(3)-Gabe_Food gains 0 life. 
Phase: Ai(3)-Gabe_Food's Draw step
Phase: Ai(3)-Gabe_Food's Main phase, precombat
Phase: Ai(3)-Gabe_Food's Beginning of Combat Step
Phase: Ai(3)-Gabe_Food's Declare Attackers Step
Phase: Ai(3)-Gabe_Food's Declare Blockers Step
Phase: Ai(3)-Gabe_Food's First Strike Damage Step
Phase: Ai(3)-Gabe_Food's Combat Damage Step
Phase: Ai(3)-Gabe_Food's End of Combat Step
Phase: Ai(3)-Gabe_Food's Main phase, postcombat
Phase: Ai(3)-Gabe_Food's End step
Phase: Ai(3)-Gabe_Food's Cleanup step
Turn: Turn 21 (Ai(4)-Destyn_Turtles)
Phase: Ai(4)-Destyn_Turtles' Untap step
Phase: Ai(4)-Destyn_Turtles' Upkeep step
Phase: Ai(4)-Destyn_Turtles' Draw step
Phase: Ai(4)-Destyn_Turtles' Main phase, precombat
Damage: Grand Coliseum (305) deals 1 non-combat damage to Ai(4)-Destyn_Turtles.
Life: Life: Ai(4)-Destyn_Turtles 37 > 36
Mana: Grand Coliseum (305) - {T}: Add one mana of any color. Grand Coliseum deals 1 damage to you. 
Mana: Ash Barrens (373) - {T}: Add {C}.
Mana: Sol Ring (356) - {T}: Add {C}{C}.
Mana: Plains (391) - {T}: Add {W}.
Add To Stack: Ai(4)-Destyn_Turtles cast Fast Forward
Resolve Stack: Fast Forward (334) - Ai(4)-Destyn_Turtles goads Face-down card (H4), Essence Warden (210), Frodo, Adventurous Hobbit (301) and Prosperous Innkeeper (271).
Phase: Ai(4)-Destyn_Turtles' Beginning of Combat Step
Phase: Ai(4)-Destyn_Turtles' Declare Attackers Step
Combat: Ai(4)-Destyn_Turtles assigned Leonardo, the Balance (404) to attack Ai(3)-Gabe_Food.
Phase: Ai(4)-Destyn_Turtles' Declare Blockers Step
Combat: Ai(3)-Gabe_Food didn't block Leonardo, the Balance (404).
Phase: Ai(4)-Destyn_Turtles' First Strike Damage Step
Phase: Ai(4)-Destyn_Turtles' Combat Damage Step
Damage: Leonardo, the Balance (404) deals 3 combat damage to Ai(3)-Gabe_Food.
Life: Life: Ai(3)-Gabe_Food 43 > 40
Phase: Ai(4)-Destyn_Turtles' End of Combat Step
Phase: Ai(4)-Destyn_Turtles' Main phase, postcombat
Phase: Ai(4)-Destyn_Turtles' End step
Phase: Ai(4)-Destyn_Turtles' Cleanup step
Turn: Turn 22 (Ai(1)-GGS_Current)
Phase: Ai(1)-GGS_Current's Untap step
Phase: Ai(1)-GGS_Current's Upkeep step
Phase: Ai(1)-GGS_Current's Draw step
Phase: Ai(1)-GGS_Current's Main phase, precombat
Land: Ai(1)-GGS_Current played Reflecting Pool (59)
Phase: Ai(1)-GGS_Current's Beginning of Combat Step
Phase: Ai(1)-GGS_Current's Declare Attackers Step
Phase: Ai(1)-GGS_Current's Declare Blockers Step
Phase: Ai(1)-GGS_Current's First Strike Damage Step
Phase: Ai(1)-GGS_Current's Combat Damage Step
Phase: Ai(1)-GGS_Current's End of Combat Step
Phase: Ai(1)-GGS_Current's Main phase, postcombat
Mana: Reflecting Pool (59) - {T}: Add one mana of any type that a land you control could produce.
Mana: Island (74) - {T}: Add {U}.
Mana: Luxury Suite (76) - {T}: Add {B} or {R}.
Add To Stack: Ai(1)-GGS_Current cast Goro-Goro and Satoru
Resolve Stack: Goro-Goro and Satoru - Creature 3 / 4
Add To Stack: Ai(3)-Gabe_Food triggered Essence Warden
Life: Life: Ai(3)-Gabe_Food 40 > 41
Resolve Stack: Whenever another creature enters, you gain 1 life. [Zone Changer: Goro-Goro and Satoru (100)]
Mana: Gloomlake Verge (25) - {T}: Add {B}. Activate only if you control an Island or a Swamp.
Mana: Undercity Sewers (3) - {T}: Add {B}.
Add To Stack: Ai(1)-GGS_Current cast Dauthi Voidwalker
Resolve Stack: Dauthi Voidwalker - Creature 3 / 2
Add To Stack: Ai(3)-Gabe_Food triggered Essence Warden
Life: Life: Ai(3)-Gabe_Food 41 > 42
Resolve Stack: Whenever another creature enters, you gain 1 life. [Zone Changer: Dauthi Voidwalker (55)]
Phase: Ai(1)-GGS_Current's End step
Phase: Ai(1)-GGS_Current's Cleanup step
Turn: Turn 23 (Ai(2)-Jaymie_Ezio)
Phase: Ai(2)-Jaymie_Ezio's Untap step
Phase: Ai(2)-Jaymie_Ezio's Upkeep step
Mana: Fellwar Stone (177) - {T}: Add one mana of any color that a land an opponent controls could produce.
Mana: Plains (191) - {T}: Add {W}.
Mana: Sol Ring (157) - {T}: Add {C}{C}.
Resolve Stack: Ai(2)-Jaymie_Ezio has undisguised Bayek of Siwa
Phase: Ai(2)-Jaymie_Ezio's Draw step
Phase: Ai(2)-Jaymie_Ezio's Main phase, precombat
Phase: Ai(2)-Jaymie_Ezio's Beginning of Combat Step
Phase: Ai(2)-Jaymie_Ezio's Declare Attackers Step
Combat: Ai(2)-Jaymie_Ezio assigned Bayek of Siwa (150) to attack Ai(3)-Gabe_Food.
Phase: Ai(2)-Jaymie_Ezio's Declare Blockers Step
Combat: Ai(3)-Gabe_Food didn't block Bayek of Siwa (150).
Phase: Ai(2)-Jaymie_Ezio's First Strike Damage Step
Damage: Bayek of Siwa (150) deals 3 combat damage to Ai(3)-Gabe_Food.
Life: Life: Ai(3)-Gabe_Food 42 > 39
Phase: Ai(2)-Jaymie_Ezio's Combat Damage Step
Damage: Bayek of Siwa (150) deals 3 combat damage to Ai(3)-Gabe_Food.
Life: Life: Ai(3)-Gabe_Food 39 > 36
Phase: Ai(2)-Jaymie_Ezio's End of Combat Step
Phase: Ai(2)-Jaymie_Ezio's Main phase, postcombat
Mana: Island (134) - {T}: Add {U}.
Mana: Brotherhood Headquarters (126) - {T}: Add {C}.
Mana: Kessig Wolf Run (105) - {T}: Add {C}.
Add To Stack: Ai(2)-Jaymie_Ezio cast Lydia Frye
Resolve Stack: Lydia Frye - Creature 3 / 2
Add To Stack: Ai(3)-Gabe_Food triggered Essence Warden
Life: Life: Ai(3)-Gabe_Food 36 > 37
Resolve Stack: Whenever another creature enters, you gain 1 life. [Zone Changer: Lydia Frye (186)]
Phase: Ai(2)-Jaymie_Ezio's End step
Add To Stack: Ai(2)-Jaymie_Ezio triggered Lydia Frye
Replacement Effect: If a card would be put into an opponent's graveyard from anywhere, instead exile it with a void counter on it.
Resolve Stack: Ai(2)-Jaymie_Ezio surveiled 1 card(s) to the graveyard
Resolve Stack: At the beginning of your end step, surveil X, where X is the number of tapped Assassins you control. (Look at the top X cards of your library, then put any number of them into your graveyard and the rest on top of your library in any order.) [Phase: Ai(2)-Jaymie_Ezio]
Phase: Ai(2)-Jaymie_Ezio's Cleanup step
Turn: Turn 24 (Ai(3)-Gabe_Food)
Phase: Ai(3)-Gabe_Food's Untap step
Phase: Ai(3)-Gabe_Food's Upkeep step
Phase: Ai(3)-Gabe_Food's Draw step
Phase: Ai(3)-Gabe_Food's Main phase, precombat
Mana: Path of Ancestry (213) - {T}: Add one mana of any color in your commander's color identity. When that mana is spent to cast a creature spell that shares a creature type with your commander, scry 1. (Look at the top card of your library. You may put that card on the bottom.)
Mana: Scoured Barrens (243) - {T}: Add {W} or {B}.
Mana: Sol Ring (261) - {T}: Add {C}{C}.
Add To Stack: Ai(3)-Gabe_Food cast Sam, Loyal Attendant
Add To Stack: Ai(3)-Gabe_Food triggered Path of Ancestry
Resolve Stack: Ai(3)-Gabe_Food scried 1 card(s) to the bottom of the library
Resolve Stack: When mana produced by Path of Ancestry is spent to cast a creature spell that shares a creature type with your commander, scry 1. ([Sam, Loyal Attendant - Creature 2 / 4]) [Card: Sam, Loyal Attendant (303), Activator: Ai(3)-Gabe_Food, SpellAbility: Sam, Loyal Attendant - Creature 2 / 4]
Resolve Stack: Sam, Loyal Attendant - Creature 2 / 4
Add To Stack: Ai(3)-Gabe_Food triggered Essence Warden
Add To Stack: Ai(3)-Gabe_Food triggered Prosperous Innkeeper
Add To Stack: Ai(3)-Gabe_Food triggered Sam, Loyal Attendant targeting [Ai(3)-Gabe_Food]
Resolve Stack: Partner with Frodo, Adventurous Hobbit (When this creature enters, target player may put Frodo into their hand from their library, then shuffle.) (Targeting: [[Ai(3)-Gabe_Food]]) [Zone Changer: Sam, Loyal Attendant (303)]
Life: Life: Ai(3)-Gabe_Food 37 > 38
Resolve Stack: Whenever another creature you control enters, you gain 1 life. [Zone Changer: Sam, Loyal Attendant (303)]
Life: Life: Ai(3)-Gabe_Food 38 > 39
Resolve Stack: Whenever another creature enters, you gain 1 life. [Zone Changer: Sam, Loyal Attendant (303)]
Phase: Ai(3)-Gabe_Food's Beginning of Combat Step
Add To Stack: Ai(3)-Gabe_Food triggered Sam, Loyal Attendant
Resolve Stack: At the beginning of combat on your turn, create a Food token. (It's an artifact with "{2}, {T}, Sacrifice this token: You gain 3 life.") [Phase: Ai(3)-Gabe_Food]
Phase: Ai(3)-Gabe_Food's Declare Attackers Step
Combat: Ai(3)-Gabe_Food assigned Essence Warden (210), Frodo, Adventurous Hobbit (301) and Prosperous Innkeeper (271) to attack Ai(2)-Jaymie_Ezio.
Phase: Ai(3)-Gabe_Food's Declare Blockers Step
Combat: Ai(2)-Jaymie_Ezio assigned Lydia Frye (186) to block Essence Warden (210).
Ai(2)-Jaymie_Ezio didn't block Frodo, Adventurous Hobbit (301).
Ai(2)-Jaymie_Ezio didn't block Prosperous Innkeeper (271).
Phase: Ai(3)-Gabe_Food's First Strike Damage Step
Phase: Ai(3)-Gabe_Food's Combat Damage Step
Damage: Essence Warden (210) deals 1 damage to Lydia Frye (186).
Damage: Frodo, Adventurous Hobbit (301) deals 1 combat damage to Ai(2)-Jaymie_Ezio.
Damage: Prosperous Innkeeper (271) deals 1 combat damage to Ai(2)-Jaymie_Ezio.
Damage: Lydia Frye (186) deals 3 damage to Essence Warden (210).
Life: Life: Ai(2)-Jaymie_Ezio 40 > 38
Zone Change: Essence Warden (210) was put into Exile from Battlefield.
Replacement Effect: If a card would be put into an opponent's graveyard from anywhere, instead exile it with a void counter on it.
Phase: Ai(3)-Gabe_Food's End of Combat Step
Phase: Ai(3)-Gabe_Food's Main phase, postcombat
Phase: Ai(3)-Gabe_Food's End step
Phase: Ai(3)-Gabe_Food's Cleanup step
Turn: Turn 25 (Ai(4)-Destyn_Turtles)
Phase: Ai(4)-Destyn_Turtles' Untap step
Phase: Ai(4)-Destyn_Turtles' Upkeep step
Phase: Ai(4)-Destyn_Turtles' Draw step
Phase: Ai(4)-Destyn_Turtles' Main phase, precombat
Damage: Grand Coliseum (305) deals 1 non-combat damage to Ai(4)-Destyn_Turtles.
Life: Life: Ai(4)-Destyn_Turtles 36 > 35
Mana: Grand Coliseum (305) - {T}: Add one mana of any color. Grand Coliseum deals 1 damage to you. 
Add To Stack: Ai(4)-Destyn_Turtles cast Blasphemous Act
Damage: Blasphemous Act (320) deals 13 damage to Goro-Goro and Satoru (100).
Damage: Blasphemous Act (320) deals 13 damage to Dauthi Voidwalker (55).
Damage: Blasphemous Act (320) deals 13 damage to Bayek of Siwa (150).
Damage: Blasphemous Act (320) deals 13 damage to Lydia Frye (186).
Damage: Blasphemous Act (320) deals 13 damage to Frodo, Adventurous Hobbit (301).
Damage: Blasphemous Act (320) deals 13 damage to Prosperous Innkeeper (271).
Damage: Blasphemous Act (320) deals 13 damage to Sam, Loyal Attendant (303).
Damage: Blasphemous Act (320) deals 13 damage to Leonardo, the Balance (404).
Resolve Stack: Blasphemous Act (320) - Deals 13 damage to each creature.
Replacement Effect: If a card would be put into an opponent's graveyard from anywhere, instead exile it with a void counter on it.
Zone Change: Leonardo, the Balance (404) was put into Exile from Battlefield.
Replacement Effect: If a card would be put into an opponent's graveyard from anywhere, instead exile it with a void counter on it.
Zone Change: Goro-Goro and Satoru (100) was put into Graveyard from Battlefield.
Zone Change: Dauthi Voidwalker (55) was put into Graveyard from Battlefield.
Zone Change: Bayek of Siwa (150) was put into Exile from Battlefield.
Replacement Effect: If a card would be put into an opponent's graveyard from anywhere, instead exile it with a void counter on it.
Zone Change: Lydia Frye (186) was put into Exile from Battlefield.
Replacement Effect: If a card would be put into an opponent's graveyard from anywhere, instead exile it with a void counter on it.
Zone Change: Frodo, Adventurous Hobbit (301) was put into Exile from Battlefield.
Replacement Effect: If a card would be put into an opponent's graveyard from anywhere, instead exile it with a void counter on it.
Zone Change: Prosperous Innkeeper (271) was put into Exile from Battlefield.
Replacement Effect: If a card would be put into an opponent's graveyard from anywhere, instead exile it with a void counter on it.
Zone Change: Sam, Loyal Attendant (303) was put into Exile from Battlefield.
Replacement Effect: If a card would be put into an opponent's graveyard from anywhere, instead exile it with a void counter on it.
Phase: Ai(4)-Destyn_Turtles' Beginning of Combat Step
Phase: Ai(4)-Destyn_Turtles' Declare Attackers Step
Phase: Ai(4)-Destyn_Turtles' Declare Blockers Step
Phase: Ai(4)-Destyn_Turtles' First Strike Damage Step
Phase: Ai(4)-Destyn_Turtles' Combat Damage Step
Phase: Ai(4)-Destyn_Turtles' End of Combat Step
Phase: Ai(4)-Destyn_Turtles' Main phase, postcombat
Phase: Ai(4)-Destyn_Turtles' End step
Phase: Ai(4)-Destyn_Turtles' Cleanup step
Turn: Turn 26 (Ai(1)-GGS_Current)
Phase: Ai(1)-GGS_Current's Untap step
Phase: Ai(1)-GGS_Current's Upkeep step
Phase: Ai(1)-GGS_Current's Draw step
Phase: Ai(1)-GGS_Current's Main phase, precombat
Phase: Ai(1)-GGS_Current's Beginning of Combat Step
Phase: Ai(1)-GGS_Current's Declare Attackers Step
Phase: Ai(1)-GGS_Current's Declare Blockers Step
Phase: Ai(1)-GGS_Current's First Strike Damage Step
Phase: Ai(1)-GGS_Current's Combat Damage Step
Phase: Ai(1)-GGS_Current's End of Combat Step
Phase: Ai(1)-GGS_Current's Main phase, postcombat
Mana: Reflecting Pool (59) - {T}: Add one mana of any type that a land you control could produce.
Mana: Luxury Suite (76) - {T}: Add {B} or {R}.
Mana: Island (74) - {T}: Add {U}.
Mana: Gloomlake Verge (25) - {T}: Add {B}. Activate only if you control an Island or a Swamp.
Mana: Undercity Sewers (3) - {T}: Add {B}.
Add To Stack: Ai(1)-GGS_Current cast Port Razer
Resolve Stack: Port Razer - Creature 4 / 4
Phase: Ai(1)-GGS_Current's End step
Phase: Ai(1)-GGS_Current's Cleanup step
Turn: Turn 27 (Ai(2)-Jaymie_Ezio)
Phase: Ai(2)-Jaymie_Ezio's Untap step
Phase: Ai(2)-Jaymie_Ezio's Upkeep step
Phase: Ai(2)-Jaymie_Ezio's Draw step
Phase: Ai(2)-Jaymie_Ezio's Main phase, precombat
Phase: Ai(2)-Jaymie_Ezio's Beginning of Combat Step
Phase: Ai(2)-Jaymie_Ezio's Declare Attackers Step
Phase: Ai(2)-Jaymie_Ezio's Declare Blockers Step
Phase: Ai(2)-Jaymie_Ezio's First Strike Damage Step
Phase: Ai(2)-Jaymie_Ezio's Combat Damage Step
Phase: Ai(2)-Jaymie_Ezio's End of Combat Step
Phase: Ai(2)-Jaymie_Ezio's Main phase, postcombat
Mana: Fellwar Stone (177) - {T}: Add one mana of any color that a land an opponent controls could produce.
Mana: Sol Ring (157) - {T}: Add {C}{C}.
Mana: Island (134) - {T}: Add {U}.
Add To Stack: Ai(2)-Jaymie_Ezio cast Ezio Auditore da Firenze
Resolve Stack: Ezio Auditore da Firenze - Creature 3 / 2
Mana: Brotherhood Headquarters (126) - {T}: Add one mana of any color. Spend this mana only to cast an Assassin spell or a spell that has freerunning, or to activate an ability of an Assassin source.
Mana: Plains (191) - {T}: Add {W}.
Mana: Kessig Wolf Run (105) - {T}: Add {C}.
Add To Stack: Ai(2)-Jaymie_Ezio cast Jacob Frye
Resolve Stack: Jacob Frye - Creature 3 / 2
Add To Stack: Ai(2)-Jaymie_Ezio triggered Jacob Frye targeting [Ai(2)-Jaymie_Ezio]
Resolve Stack: Partner with Evie Frye (When this creature enters, target player may put Evie Frye into their hand from their library, then shuffle.) (Targeting: [[Ai(2)-Jaymie_Ezio]]) [Zone Changer: Jacob Frye (163)]
Phase: Ai(2)-Jaymie_Ezio's End step
Phase: Ai(2)-Jaymie_Ezio's Cleanup step
Turn: Turn 28 (Ai(3)-Gabe_Food)
Phase: Ai(3)-Gabe_Food's Untap step
Phase: Ai(3)-Gabe_Food's Upkeep step
Phase: Ai(3)-Gabe_Food's Draw step
Phase: Ai(3)-Gabe_Food's Main phase, precombat
Mana: Path of Ancestry (213) - {T}: Add one mana of any color in your commander's color identity. When that mana is spent to cast a creature spell that shares a creature type with your commander, scry 1. (Look at the top card of your library. You may put that card on the bottom.)
Mana: Sol Ring (261) - {T}: Add {C}{C}.
Add To Stack: Ai(3)-Gabe_Food cast Farseek
Replacement Effect: Scattered Groves enters tapped.
Resolve Stack: Farseek (229) - Ai(3)-Gabe_Food searches their library for a Plains, Island, Swamp or Mountain card, puts it onto the battlefield tapped, then shuffles.
Phase: Ai(3)-Gabe_Food's Beginning of Combat Step
Phase: Ai(3)-Gabe_Food's Declare Attackers Step
Phase: Ai(3)-Gabe_Food's Declare Blockers Step
Phase: Ai(3)-Gabe_Food's First Strike Damage Step
Phase: Ai(3)-Gabe_Food's Combat Damage Step
Phase: Ai(3)-Gabe_Food's End of Combat Step
Phase: Ai(3)-Gabe_Food's Main phase, postcombat
Mana: Arcane Signet (253) - {T}: Add one mana of any color in your commander's color identity.
Mana: Scoured Barrens (243) - {T}: Add {W} or {B}.
Mana: Brushland (298) - {T}: Add {C}.
Add To Stack: Ai(3)-Gabe_Food cast Merry, Warden of Isengard
Resolve Stack: Merry, Warden of Isengard - Creature 1 / 4
Add To Stack: Ai(3)-Gabe_Food triggered Merry, Warden of Isengard targeting [Ai(3)-Gabe_Food]
Resolve Stack: Partner with Pippin, Warden of Isengard (When this creature enters, target player may put Pippin into their hand from their library, then shuffle.) (Targeting: [[Ai(3)-Gabe_Food]]) [Zone Changer: Merry, Warden of Isengard (208)]
Phase: Ai(3)-Gabe_Food's End step
Phase: Ai(3)-Gabe_Food's Cleanup step
Turn: Turn 29 (Ai(4)-Destyn_Turtles)
Phase: Ai(4)-Destyn_Turtles' Untap step
Phase: Ai(4)-Destyn_Turtles' Upkeep step
Phase: Ai(4)-Destyn_Turtles' Draw step
Phase: Ai(4)-Destyn_Turtles' Main phase, precombat
Land: Ai(4)-Destyn_Turtles played Island (333)
Phase: Ai(4)-Destyn_Turtles' Beginning of Combat Step
Phase: Ai(4)-Destyn_Turtles' Declare Attackers Step
Phase: Ai(4)-Destyn_Turtles' Declare Blockers Step
Phase: Ai(4)-Destyn_Turtles' First Strike Damage Step
Phase: Ai(4)-Destyn_Turtles' Combat Damage Step
Phase: Ai(4)-Destyn_Turtles' End of Combat Step
Phase: Ai(4)-Destyn_Turtles' Main phase, postcombat
Mana: Plains (391) - {T}: Add {W}.
Mana: Ash Barrens (373) - {T}: Add {C}.
Mana: Sol Ring (356) - {T}: Add {C}{C}.
Mana: Island (333) - {T}: Add {U}.
Mana: Grand Coliseum (305) - {T}: Add {C}.
Add To Stack: Ai(4)-Destyn_Turtles cast Leonardo, the Balance
Resolve Stack: Leonardo, the Balance - Creature 3 / 3
Phase: Ai(4)-Destyn_Turtles' End step
Phase: Ai(4)-Destyn_Turtles' Cleanup step
Turn: Turn 30 (Ai(1)-GGS_Current)
Phase: Ai(1)-GGS_Current's Untap step
Phase: Ai(1)-GGS_Current's Upkeep step
Phase: Ai(1)-GGS_Current's Draw step
Phase: Ai(1)-GGS_Current's Main phase, precombat
Phase: Ai(1)-GGS_Current's Beginning of Combat Step
Phase: Ai(1)-GGS_Current's Declare Attackers Step
Combat: Ai(1)-GGS_Current assigned Port Razer (36) to attack Ai(2)-Jaymie_Ezio.
Phase: Ai(1)-GGS_Current's Declare Blockers Step
Combat: Ai(2)-Jaymie_Ezio didn't block Port Razer (36).
Phase: Ai(1)-GGS_Current's First Strike Damage Step
Phase: Ai(1)-GGS_Current's Combat Damage Step
Damage: Port Razer (36) deals 4 combat damage to Ai(2)-Jaymie_Ezio.
Life: Life: Ai(2)-Jaymie_Ezio 38 > 34
Add To Stack: Ai(1)-GGS_Current triggered Port Razer
Resolve Stack: Whenever Port Razer deals combat damage to a player, untap each creature you control. After this combat phase, there is an additional combat phase. [Damage Source: Port Razer (36), Damaged: Ai(2)-Jaymie_Ezio, Amount: 4]
Phase: Ai(1)-GGS_Current's End of Combat Step
Phase: AdditionalAi(1)-GGS_Current's Beginning of Combat Step
Phase: Ai(1)-GGS_Current's Declare Attackers Step
Combat: Ai(1)-GGS_Current assigned Port Razer (36) to attack Ai(4)-Destyn_Turtles.
Phase: Ai(1)-GGS_Current's Declare Blockers Step
Combat: Ai(4)-Destyn_Turtles didn't block Port Razer (36).
Phase: Ai(1)-GGS_Current's First Strike Damage Step
Phase: Ai(1)-GGS_Current's Combat Damage Step
Damage: Port Razer (36) deals 4 combat damage to Ai(4)-Destyn_Turtles.
Life: Life: Ai(4)-Destyn_Turtles 35 > 31
Add To Stack: Ai(1)-GGS_Current triggered Port Razer
Resolve Stack: Whenever Port Razer deals combat damage to a player, untap each creature you control. After this combat phase, there is an additional combat phase. [Damage Source: Port Razer (36), Damaged: Ai(4)-Destyn_Turtles, Amount: 4]
Phase: Ai(1)-GGS_Current's End of Combat Step
Phase: AdditionalAi(1)-GGS_Current's Beginning of Combat Step
Phase: Ai(1)-GGS_Current's Declare Attackers Step
Phase: Ai(1)-GGS_Current's Declare Blockers Step
Phase: Ai(1)-GGS_Current's First Strike Damage Step
Phase: Ai(1)-GGS_Current's Combat Damage Step
Phase: Ai(1)-GGS_Current's End of Combat Step
Phase: Ai(1)-GGS_Current's Main phase, postcombat
Land: Ai(1)-GGS_Current played Exotic Orchard (29)
Mana: Reflecting Pool (59) - {T}: Add one mana of any type that a land you control could produce.
Mana: Island (74) - {T}: Add {U}.
Mana: Exotic Orchard (29) - {T}: Add one mana of any color that a land an opponent controls could produce.
Mana: Luxury Suite (76) - {T}: Add {B} or {R}.
Mana: Gloomlake Verge (25) - {T}: Add {B}. Activate only if you control an Island or a Swamp.
Add To Stack: Ai(1)-GGS_Current cast Goro-Goro and Satoru
Resolve Stack: Goro-Goro and Satoru - Creature 3 / 4
Mana: Undercity Sewers (3) - {T}: Add {U}.
Mana: Command Tower (73) - {T}: Add one mana of any color in your commander's color identity.
Add To Stack: Ai(1)-GGS_Current cast Tetsuko Umezawa, Fugitive
Resolve Stack: Tetsuko Umezawa, Fugitive - Creature 1 / 3
Phase: Ai(1)-GGS_Current's End step
Phase: Ai(1)-GGS_Current's Cleanup step
Turn: Turn 31 (Ai(2)-Jaymie_Ezio)
Phase: Ai(2)-Jaymie_Ezio's Untap step
Phase: Ai(2)-Jaymie_Ezio's Upkeep step
Phase: Ai(2)-Jaymie_Ezio's Draw step
Mana: Fellwar Stone (177) - {T}: Add one mana of any color that a land an opponent controls could produce.
Add To Stack: Ai(2)-Jaymie_Ezio cast Path to Exile targeting [Port Razer (36)]
Zone Change: Port Razer (36) was put into Exile from Battlefield.
Resolve Stack: Path to Exile (107) - Exile Port Razer (36). Ai(1)-GGS_Current may search their library for a basic land card, put that card onto the battlefield tapped, then shuffle their library. 
Phase: Ai(2)-Jaymie_Ezio's Main phase, precombat
Mana: Sol Ring (157) - {T}: Add {C}{C}.
Mana: Island (134) - {T}: Add {U}.
Add To Stack: Ai(2)-Jaymie_Ezio activated Brotherhood Regalia targeting [Ezio Auditore da Firenze (201)]
Resolve Stack: Brotherhood Regalia (194) -  Attach to Ezio Auditore da Firenze (201)
Phase: Ai(2)-Jaymie_Ezio's Beginning of Combat Step
Phase: Ai(2)-Jaymie_Ezio's Declare Attackers Step
Combat: Ai(2)-Jaymie_Ezio assigned Ezio Auditore da Firenze (201) and Jacob Frye (163) to attack Ai(4)-Destyn_Turtles.
Phase: Ai(2)-Jaymie_Ezio's Declare Blockers Step
Combat: Ai(4)-Destyn_Turtles didn't block Ezio Auditore da Firenze (201).
Ai(4)-Destyn_Turtles didn't block Jacob Frye (163).
Phase: Ai(2)-Jaymie_Ezio's First Strike Damage Step
Phase: Ai(2)-Jaymie_Ezio's Combat Damage Step
Damage: Ezio Auditore da Firenze (201) deals 3 combat damage to Ai(4)-Destyn_Turtles.
Damage: Jacob Frye (163) deals 3 combat damage to Ai(4)-Destyn_Turtles.
Life: Life: Ai(4)-Destyn_Turtles 31 > 25
Add To Stack: Ai(2)-Jaymie_Ezio triggered Ezio Auditore da Firenze
Add To Stack: Ai(2)-Jaymie_Ezio triggered Jacob Frye targeting []
Resolve Stack: Whenever one or more Assassins you control deal combat damage to a player, exile up to one target Assassin card or card with freerunning from your graveyard. If you do, copy it. You may cast the copy. (Targeting: [[]]) [Damaged: Ai(4)-Destyn_Turtles, Amount: 6]
Resolve Stack: Whenever Ezio deals combat damage to a player, you may pay {W}{U}{B}{R}{G} if that player has 10 or less life. When you do, that player loses the game. [Damage Source: Ezio Auditore da Firenze (201), Damaged: Ai(4)-Destyn_Turtles, Amount: 3]
Phase: Ai(2)-Jaymie_Ezio's End of Combat Step
Phase: Ai(2)-Jaymie_Ezio's Main phase, postcombat
Mana: Brotherhood Headquarters (126) - {T}: Add one mana of any color. Spend this mana only to cast an Assassin spell or a spell that has freerunning, or to activate an ability of an Assassin source.
Mana: Plains (191) - {T}: Add {W}.
Add To Stack: Ai(2)-Jaymie_Ezio cast Arbaaz Mir
Resolve Stack: Arbaaz Mir - Creature 2 / 2
Add To Stack: Ai(2)-Jaymie_Ezio triggered Arbaaz Mir
Damage: Arbaaz Mir (165) deals 1 non-combat damage to Ai(1)-GGS_Current.
Damage: Arbaaz Mir (165) deals 1 non-combat damage to Ai(3)-Gabe_Food.
Damage: Arbaaz Mir (165) deals 1 non-combat damage to Ai(4)-Destyn_Turtles.
Life: Life: Ai(1)-GGS_Current 39 > 38
Life: Life: Ai(3)-Gabe_Food 39 > 38
Life: Life: Ai(4)-Destyn_Turtles 25 > 24
Life: Life: Ai(2)-Jaymie_Ezio 34 > 35
Resolve Stack: Whenever Arbaaz Mir or another nontoken historic permanent you control enters, Arbaaz Mir deals 1 damage to each opponent and you gain 1 life. (Artifacts, legendaries, and Sagas are historic.) [Zone Changer: Arbaaz Mir (165)]
Phase: Ai(2)-Jaymie_Ezio's End step
Phase: Ai(2)-Jaymie_Ezio's Cleanup step
Turn: Turn 32 (Ai(3)-Gabe_Food)
Phase: Ai(3)-Gabe_Food's Untap step
Phase: Ai(3)-Gabe_Food's Upkeep step
Phase: Ai(3)-Gabe_Food's Draw step
Phase: Ai(3)-Gabe_Food's Main phase, precombat
Replacement Effect: Canopy Vista enters tapped unless you control two or more basic lands.
Land: Ai(3)-Gabe_Food played Canopy Vista (272)
Mana: Scattered Groves (248) - {T}: Add {G}.
Mana: Scoured Barrens (243) - {T}: Add {W} or {B}.
Mana: Sol Ring (261) - {T}: Add {C}{C}.
Mana: Path of Ancestry (213) - {T}: Add one mana of any color in your commander's color identity. When that mana is spent to cast a creature spell that shares a creature type with your commander, scry 1. (Look at the top card of your library. You may put that card on the bottom.)
Add To Stack: Ai(3)-Gabe_Food cast Sam, Loyal Attendant
Add To Stack: Ai(3)-Gabe_Food triggered Path of Ancestry
Resolve Stack: Ai(3)-Gabe_Food scried 1 card(s) to the top of the library
Resolve Stack: When mana produced by Path of Ancestry is spent to cast a creature spell that shares a creature type with your commander, scry 1. ([Sam, Loyal Attendant - Creature 2 / 4]) [Card: Sam, Loyal Attendant (303), Activator: Ai(3)-Gabe_Food, SpellAbility: Sam, Loyal Attendant - Creature 2 / 4]
Resolve Stack: Sam, Loyal Attendant - Creature 2 / 4
Add To Stack: Ai(3)-Gabe_Food triggered Sam, Loyal Attendant targeting [Ai(3)-Gabe_Food]
Resolve Stack: Partner with Frodo, Adventurous Hobbit (When this creature enters, target player may put Frodo into their hand from their library, then shuffle.) (Targeting: [[Ai(3)-Gabe_Food]]) [Zone Changer: Sam, Loyal Attendant (303)]
Mana: Arcane Signet (253) - {T}: Add one mana of any color in your commander's color identity.
Damage: Brushland (298) deals 1 non-combat damage to Ai(3)-Gabe_Food.
Life: Life: Ai(3)-Gabe_Food 38 > 37
Mana: Brushland (298) - {T}: Add {G} or {W}. Brushland deals 1 damage to you. 
Add To Stack: Ai(3)-Gabe_Food cast Pippin, Warden of Isengard
Resolve Stack: Pippin, Warden of Isengard - Creature 2 / 2
Add To Stack: Ai(3)-Gabe_Food triggered Pippin, Warden of Isengard targeting [Ai(3)-Gabe_Food]
Resolve Stack: Partner with Merry, Warden of Isengard (When this creature enters, target player may put Merry into their hand from their library, then shuffle.) (Targeting: [[Ai(3)-Gabe_Food]]) [Zone Changer: Pippin, Warden of Isengard (242)]
Phase: Ai(3)-Gabe_Food's Beginning of Combat Step
Add To Stack: Ai(3)-Gabe_Food triggered Sam, Loyal Attendant
Resolve Stack: At the beginning of combat on your turn, create a Food token. (It's an artifact with "{2}, {T}, Sacrifice this token: You gain 3 life.") [Phase: Ai(3)-Gabe_Food]
Add To Stack: Ai(3)-Gabe_Food triggered Merry, Warden of Isengard
Resolve Stack: Whenever one or more artifacts you control enter, create a 1/1 white Soldier creature token with lifelink. This ability triggers only once each turn. [Amount: 1]
Phase: Ai(3)-Gabe_Food's Declare Attackers Step
Phase: Ai(3)-Gabe_Food's Declare Blockers Step
Phase: Ai(3)-Gabe_Food's First Strike Damage Step
Phase: Ai(3)-Gabe_Food's Combat Damage Step
Phase: Ai(3)-Gabe_Food's End of Combat Step
Phase: Ai(3)-Gabe_Food's Main phase, postcombat
Phase: Ai(3)-Gabe_Food's End step
Phase: Ai(3)-Gabe_Food's Cleanup step
Turn: Turn 33 (Ai(4)-Destyn_Turtles)
Phase: Ai(4)-Destyn_Turtles' Untap step
Phase: Ai(4)-Destyn_Turtles' Upkeep step
Phase: Ai(4)-Destyn_Turtles' Draw step
Phase: Ai(4)-Destyn_Turtles' Main phase, precombat
Mana: Island (333) - {T}: Add {U}.
Mana: Ash Barrens (373) - {T}: Add {C}.
Mana: Sol Ring (356) - {T}: Add {C}{C}.
Add To Stack: Ai(4)-Destyn_Turtles cast Baxter, Fly in the Ointment
Resolve Stack: Baxter, Fly in the Ointment - Creature 2 / 2
Add To Stack: Ai(4)-Destyn_Turtles triggered Baxter, Fly in the Ointment
Resolve Stack: Whenever Baxter enters or attacks, each creature you control with a counter on it gains flying until end of turn. [Zone Changer: Baxter, Fly in the Ointment (330)]
Damage: Grand Coliseum (305) deals 1 non-combat damage to Ai(4)-Destyn_Turtles.
Life: Life: Ai(4)-Destyn_Turtles 24 > 23
Mana: Grand Coliseum (305) - {T}: Add one mana of any color. Grand Coliseum deals 1 damage to you. 
Mana: Plains (391) - {T}: Add {W}.
Add To Stack: Ai(4)-Destyn_Turtles cast Level Up targeting [Leonardo, the Balance (404)]
Resolve Stack: Level Up (393) -  Attach to Leonardo, the Balance (404)
Add To Stack: Ai(4)-Destyn_Turtles triggered Level Up
Resolve Stack: When this Aura enters, put a +1/+1 counter on enchanted creature. [Zone Changer: Level Up (393)]
Phase: Ai(4)-Destyn_Turtles' Beginning of Combat Step
Phase: Ai(4)-Destyn_Turtles' Declare Attackers Step
Combat: Ai(4)-Destyn_Turtles assigned Leonardo, the Balance (404) to attack Ai(2)-Jaymie_Ezio.
Add To Stack: Ai(4)-Destyn_Turtles triggered Leonardo, the Balance
Resolve Stack: Whenever this creature attacks, double the number of +1/+1 counters on it. Then if it has power 10 or greater, draw a card. [Attacker: Leonardo, the Balance (404)]
Phase: Ai(4)-Destyn_Turtles' Declare Blockers Step
Combat: Ai(2)-Jaymie_Ezio didn't block Leonardo, the Balance (404).
Phase: Ai(4)-Destyn_Turtles' First Strike Damage Step
Phase: Ai(4)-Destyn_Turtles' Combat Damage Step
Damage: Leonardo, the Balance (404) deals 5 combat damage to Ai(2)-Jaymie_Ezio.
Life: Life: Ai(2)-Jaymie_Ezio 35 > 30
Phase: Ai(4)-Destyn_Turtles' End of Combat Step
Phase: Ai(4)-Destyn_Turtles' Main phase, postcombat
Phase: Ai(4)-Destyn_Turtles' End step
Phase: Ai(4)-Destyn_Turtles' Cleanup step
Turn: Turn 34 (Ai(1)-GGS_Current)
Phase: Ai(1)-GGS_Current's Untap step
Phase: Ai(1)-GGS_Current's Upkeep step
Phase: Ai(1)-GGS_Current's Draw step
Phase: Ai(1)-GGS_Current's Main phase, precombat
Phase: Ai(1)-GGS_Current's Beginning of Combat Step
Phase: Ai(1)-GGS_Current's Declare Attackers Step
Combat: Ai(1)-GGS_Current assigned Tetsuko Umezawa, Fugitive (75) to attack Ai(3)-Gabe_Food.
Phase: Ai(1)-GGS_Current's Declare Blockers Step
Combat: Ai(3)-Gabe_Food didn't block Tetsuko Umezawa, Fugitive (75).
Phase: Ai(1)-GGS_Current's First Strike Damage Step
Phase: Ai(1)-GGS_Current's Combat Damage Step
Damage: Tetsuko Umezawa, Fugitive (75) deals 1 combat damage to Ai(3)-Gabe_Food.
Life: Life: Ai(3)-Gabe_Food 37 > 36
Phase: Ai(1)-GGS_Current's End of Combat Step
Phase: Ai(1)-GGS_Current's Main phase, postcombat
Mana: Island (74) - {T}: Add {U}.
Mana: Mountain (94) - {T}: Add {R}.
Add To Stack: Ai(1)-GGS_Current cast Moon-Circuit Hacker
Resolve Stack: Moon-Circuit Hacker - Creature 2 / 1
Mana: Reflecting Pool (59) - {T}: Add one mana of any type that a land you control could produce.
Mana: Exotic Orchard (29) - {T}: Add one mana of any color that a land an opponent controls could produce.
Add To Stack: Ai(1)-GGS_Current cast Talisman of Creativity
Resolve Stack: Talisman of Creativity
Phase: Ai(1)-GGS_Current's End step
Phase: Ai(1)-GGS_Current's Cleanup step
Turn: Turn 35 (Ai(2)-Jaymie_Ezio)
Phase: Ai(2)-Jaymie_Ezio's Untap step
Phase: Ai(2)-Jaymie_Ezio's Upkeep step
Phase: Ai(2)-Jaymie_Ezio's Draw step
Phase: Ai(2)-Jaymie_Ezio's Main phase, precombat
Phase: Ai(2)-Jaymie_Ezio's Beginning of Combat Step
Phase: Ai(2)-Jaymie_Ezio's Declare Attackers Step
Combat: Ai(2)-Jaymie_Ezio assigned Ezio Auditore da Firenze (201) to attack Ai(3)-Gabe_Food.
Phase: Ai(2)-Jaymie_Ezio's Declare Blockers Step
Combat: Ai(3)-Gabe_Food didn't block Ezio Auditore da Firenze (201).
Phase: Ai(2)-Jaymie_Ezio's First Strike Damage Step
Phase: Ai(2)-Jaymie_Ezio's Combat Damage Step
Damage: Ezio Auditore da Firenze (201) deals 3 combat damage to Ai(3)-Gabe_Food.
Life: Life: Ai(3)-Gabe_Food 36 > 33
Add To Stack: Ai(2)-Jaymie_Ezio triggered Ezio Auditore da Firenze
Add To Stack: Ai(2)-Jaymie_Ezio triggered Jacob Frye targeting []
Resolve Stack: Whenever one or more Assassins you control deal combat damage to a player, exile up to one target Assassin card or card with freerunning from your graveyard. If you do, copy it. You may cast the copy. (Targeting: [[]]) [Damaged: Ai(3)-Gabe_Food, Amount: 3]
Resolve Stack: Whenever Ezio deals combat damage to a player, you may pay {W}{U}{B}{R}{G} if that player has 10 or less life. When you do, that player loses the game. [Damage Source: Ezio Auditore da Firenze (201), Damaged: Ai(3)-Gabe_Food, Amount: 3]
Phase: Ai(2)-Jaymie_Ezio's End of Combat Step
Phase: Ai(2)-Jaymie_Ezio's Main phase, postcombat
Mana: Island (134) - {T}: Add {U}.
Mana: Sol Ring (157) - {T}: Add {C}{C}.
Add To Stack: Ai(2)-Jaymie_Ezio cast Evie Frye
Resolve Stack: Evie Frye - Creature 2 / 1
Add To Stack: Ai(2)-Jaymie_Ezio triggered Arbaaz Mir
Add To Stack: Ai(2)-Jaymie_Ezio triggered Evie Frye targeting [Ai(2)-Jaymie_Ezio]
Resolve Stack: Partner with Jacob Frye (When this creature enters, target player may put Jacob Frye into their hand from their library, then shuffle.) (Targeting: [[Ai(2)-Jaymie_Ezio]]) [Zone Changer: Evie Frye (123)]
Damage: Arbaaz Mir (165) deals 1 non-combat damage to Ai(1)-GGS_Current.
Damage: Arbaaz Mir (165) deals 1 non-combat damage to Ai(3)-Gabe_Food.
Damage: Arbaaz Mir (165) deals 1 non-combat damage to Ai(4)-Destyn_Turtles.
Life: Life: Ai(1)-GGS_Current 38 > 37
Life: Life: Ai(3)-Gabe_Food 33 > 32
Life: Life: Ai(4)-Destyn_Turtles 23 > 22
Life: Life: Ai(2)-Jaymie_Ezio 30 > 31
Resolve Stack: Whenever Arbaaz Mir or another nontoken historic permanent you control enters, Arbaaz Mir deals 1 damage to each opponent and you gain 1 life. (Artifacts, legendaries, and Sagas are historic.) [Zone Changer: Evie Frye (123)]
Mana: Fellwar Stone (177) - {T}: Add one mana of any color that a land an opponent controls could produce.
Add To Stack: Ai(2)-Jaymie_Ezio cast Changeling Outcast
Resolve Stack: Changeling Outcast - Creature 1 / 1
Phase: Ai(2)-Jaymie_Ezio's End step
Phase: Ai(2)-Jaymie_Ezio's Cleanup step
Turn: Turn 36 (Ai(3)-Gabe_Food)
Phase: Ai(3)-Gabe_Food's Untap step
Phase: Ai(3)-Gabe_Food's Upkeep step
Phase: Ai(3)-Gabe_Food's Draw step
Phase: Ai(3)-Gabe_Food's Main phase, precombat
Phase: Ai(3)-Gabe_Food's Beginning of Combat Step
Add To Stack: Ai(3)-Gabe_Food triggered Sam, Loyal Attendant
Resolve Stack: At the beginning of combat on your turn, create a Food token. (It's an artifact with "{2}, {T}, Sacrifice this token: You gain 3 life.") [Phase: Ai(3)-Gabe_Food]
Add To Stack: Ai(3)-Gabe_Food triggered Merry, Warden of Isengard
Resolve Stack: Whenever one or more artifacts you control enter, create a 1/1 white Soldier creature token with lifelink. This ability triggers only once each turn. [Amount: 1]
Phase: Ai(3)-Gabe_Food's Declare Attackers Step
Combat: Ai(3)-Gabe_Food assigned Sam, Loyal Attendant (303) to attack Ai(2)-Jaymie_Ezio.
Phase: Ai(3)-Gabe_Food's Declare Blockers Step
Combat: Ai(2)-Jaymie_Ezio didn't block Sam, Loyal Attendant (303).
Phase: Ai(3)-Gabe_Food's First Strike Damage Step
Phase: Ai(3)-Gabe_Food's Combat Damage Step
Damage: Sam, Loyal Attendant (303) deals 2 combat damage to Ai(2)-Jaymie_Ezio.
Life: Life: Ai(2)-Jaymie_Ezio 31 > 29
Phase: Ai(3)-Gabe_Food's End of Combat Step
Phase: Ai(3)-Gabe_Food's Main phase, postcombat
Mana: Scoured Barrens (243) - {T}: Add {W} or {B}.
Mana: Scattered Groves (248) - {T}: Add {W}.
Mana: Sol Ring (261) - {T}: Add {C}{C}.
Mana: Canopy Vista (272) - {T}: Add {G}.
Add To Stack: Ai(3)-Gabe_Food cast Call for Unity
Resolve Stack: Call for Unity
Phase: Ai(3)-Gabe_Food's End step
Phase: Ai(3)-Gabe_Food's Cleanup step
Turn: Turn 37 (Ai(4)-Destyn_Turtles)
Phase: Ai(4)-Destyn_Turtles' Untap step
Phase: Ai(4)-Destyn_Turtles' Upkeep step
Phase: Ai(4)-Destyn_Turtles' Draw step
Add To Stack: Ai(4)-Destyn_Turtles triggered Baxter, Fly in the Ointment
Resolve Stack: Whenever you draw a card, put a +1/+1 counter on Baxter. [Player: Ai(4)-Destyn_Turtles]
Phase: Ai(4)-Destyn_Turtles' Main phase, precombat
Mana: Island (333) - {T}: Add {U}.
Mana: Ash Barrens (373) - {T}: Add {C}.
Mana: Sol Ring (356) - {T}: Add {C}{C}.
Add To Stack: Ai(4)-Destyn_Turtles cast Irma, Part-Time Mutant
Resolve Stack: Irma, Part-Time Mutant - Creature 1 / 1
Phase: Ai(4)-Destyn_Turtles' Beginning of Combat Step
Add To Stack: Ai(4)-Destyn_Turtles triggered Irma, Part-Time Mutant targeting [Leonardo, the Balance (404)]
Resolve Stack: At the beginning of combat on your turn, Irma becomes a copy of up to one other target creature you control, except her name is Irma, Part-Time Mutant and she has this ability. Then put a +1/+1 counter on her. (Targeting: [[Leonardo, the Balance (404)]]) [Phase: Ai(4)-Destyn_Turtles]
Phase: Ai(4)-Destyn_Turtles' Declare Attackers Step
Combat: Ai(4)-Destyn_Turtles assigned Leonardo, the Balance (404) and Baxter, Fly in the Ointment (330) to attack Ai(3)-Gabe_Food.
Add To Stack: Ai(4)-Destyn_Turtles triggered Leonardo, the Balance
Add To Stack: Ai(4)-Destyn_Turtles triggered Baxter, Fly in the Ointment
Resolve Stack: Whenever Baxter enters or attacks, each creature you control with a counter on it gains flying until end of turn. [Attacker: Baxter, Fly in the Ointment (330)]
Mana: Path of Ancestry (213) - {T}: Add one mana of any color in your commander's color identity. When that mana is spent to cast a creature spell that shares a creature type with your commander, scry 1. (Look at the top card of your library. You may put that card on the bottom.)
Add To Stack: Ai(3)-Gabe_Food activated Pippin, Warden of Isengard
Resolve Stack: Pippin, Warden of Isengard (242) - Ai(3)-Gabe_Food creates a Food Token.
Add To Stack: Ai(3)-Gabe_Food triggered Merry, Warden of Isengard
Resolve Stack: Whenever one or more artifacts you control enter, create a 1/1 white Soldier creature token with lifelink. This ability triggers only once each turn. [Amount: 1]
Resolve Stack: Whenever this creature attacks, double the number of +1/+1 counters on it. Then if it has power 10 or greater, draw a card. [Attacker: Leonardo, the Balance (404)]
Phase: Ai(4)-Destyn_Turtles' Declare Blockers Step
Combat: Ai(3)-Gabe_Food didn't block Leonardo, the Balance (404).
Ai(3)-Gabe_Food didn't block Baxter, Fly in the Ointment (330).
Phase: Ai(4)-Destyn_Turtles' First Strike Damage Step
Phase: Ai(4)-Destyn_Turtles' Combat Damage Step
Damage: Leonardo, the Balance (404) deals 7 combat damage to Ai(3)-Gabe_Food.
Damage: Baxter, Fly in the Ointment (330) deals 3 combat damage to Ai(3)-Gabe_Food.
Life: Life: Ai(3)-Gabe_Food 32 > 22
Phase: Ai(4)-Destyn_Turtles' End of Combat Step
Phase: Ai(4)-Destyn_Turtles' Main phase, postcombat
Damage: Grand Coliseum (305) deals 1 non-combat damage to Ai(4)-Destyn_Turtles.
Life: Life: Ai(4)-Destyn_Turtles 22 > 21
Mana: Grand Coliseum (305) - {T}: Add one mana of any color. Grand Coliseum deals 1 damage to you. 
Mana: Plains (391) - {T}: Add {W}.
Add To Stack: Ai(4)-Destyn_Turtles cast Michelangelo, the Heart
Resolve Stack: Michelangelo, the Heart - Creature 2 / 1
Phase: Ai(4)-Destyn_Turtles' End step
Phase: Ai(4)-Destyn_Turtles' Cleanup step
Turn: Turn 38 (Ai(1)-GGS_Current)
Phase: Ai(1)-GGS_Current's Untap step
Phase: Ai(1)-GGS_Current's Upkeep step
Phase: Ai(1)-GGS_Current's Draw step
Phase: Ai(1)-GGS_Current's Main phase, precombat
Phase: Ai(1)-GGS_Current's Beginning of Combat Step
Phase: Ai(1)-GGS_Current's Declare Attackers Step
Combat: Ai(1)-GGS_Current assigned Moon-Circuit Hacker (90) and Tetsuko Umezawa, Fugitive (75) to attack Ai(4)-Destyn_Turtles.
Phase: Ai(1)-GGS_Current's Declare Blockers Step
Combat: Ai(4)-Destyn_Turtles didn't block Moon-Circuit Hacker (90).
Ai(4)-Destyn_Turtles didn't block Tetsuko Umezawa, Fugitive (75).
Phase: Ai(1)-GGS_Current's First Strike Damage Step
Phase: Ai(1)-GGS_Current's Combat Damage Step
Damage: Moon-Circuit Hacker (90) deals 2 combat damage to Ai(4)-Destyn_Turtles.
Damage: Tetsuko Umezawa, Fugitive (75) deals 1 combat damage to Ai(4)-Destyn_Turtles.
Life: Life: Ai(4)-Destyn_Turtles 21 > 18
Add To Stack: Ai(1)-GGS_Current triggered Moon-Circuit Hacker
Discard: Ai(1)-GGS_Current discards Vampiric Tutor (18).
Resolve Stack: Whenever Moon-Circuit Hacker deals combat damage to a player, you may draw a card. If you do, discard a card unless Moon-Circuit Hacker entered this turn. [Damage Source: Moon-Circuit Hacker (90), Damaged: Ai(4)-Destyn_Turtles, Amount: 2]
Phase: Ai(1)-GGS_Current's End of Combat Step
Phase: Ai(1)-GGS_Current's Main phase, postcombat
Phase: Ai(1)-GGS_Current's End step
Phase: Ai(1)-GGS_Current's Cleanup step
Turn: Turn 39 (Ai(2)-Jaymie_Ezio)
Phase: Ai(2)-Jaymie_Ezio's Untap step
Phase: Ai(2)-Jaymie_Ezio's Upkeep step
Phase: Ai(2)-Jaymie_Ezio's Draw step
Phase: Ai(2)-Jaymie_Ezio's Main phase, precombat
Mana: Sol Ring (157) - {T}: Add {C}{C}.
Add To Stack: Ai(2)-Jaymie_Ezio cast Lightning Greaves
Resolve Stack: Lightning Greaves
Add To Stack: Ai(2)-Jaymie_Ezio triggered Arbaaz Mir
Damage: Arbaaz Mir (165) deals 1 non-combat damage to Ai(1)-GGS_Current.
Damage: Arbaaz Mir (165) deals 1 non-combat damage to Ai(3)-Gabe_Food.
Damage: Arbaaz Mir (165) deals 1 non-combat damage to Ai(4)-Destyn_Turtles.
Life: Life: Ai(1)-GGS_Current 37 > 36
Life: Life: Ai(3)-Gabe_Food 22 > 21
Life: Life: Ai(4)-Destyn_Turtles 18 > 17
Life: Life: Ai(2)-Jaymie_Ezio 29 > 30
Resolve Stack: Whenever Arbaaz Mir or another nontoken historic permanent you control enters, Arbaaz Mir deals 1 damage to each opponent and you gain 1 life. (Artifacts, legendaries, and Sagas are historic.) [Zone Changer: Lightning Greaves (192)]
Add To Stack: Ai(2)-Jaymie_Ezio activated Lightning Greaves targeting [Ezio Auditore da Firenze (201)]
Resolve Stack: Lightning Greaves (192) -  Attach to Ezio Auditore da Firenze (201)
Phase: Ai(2)-Jaymie_Ezio's Beginning of Combat Step
Phase: Ai(2)-Jaymie_Ezio's Declare Attackers Step
Combat: Ai(2)-Jaymie_Ezio assigned Changeling Outcast (115) and Ezio Auditore da Firenze (201) to attack Ai(4)-Destyn_Turtles.
Phase: Ai(2)-Jaymie_Ezio's Declare Blockers Step
Combat: Ai(4)-Destyn_Turtles didn't block Changeling Outcast (115).
Ai(4)-Destyn_Turtles didn't block Ezio Auditore da Firenze (201).
Phase: Ai(2)-Jaymie_Ezio's First Strike Damage Step
Phase: Ai(2)-Jaymie_Ezio's Combat Damage Step
Damage: Changeling Outcast (115) deals 1 combat damage to Ai(4)-Destyn_Turtles.
Damage: Ezio Auditore da Firenze (201) deals 3 combat damage to Ai(4)-Destyn_Turtles.
Life: Life: Ai(4)-Destyn_Turtles 17 > 13
Add To Stack: Ai(2)-Jaymie_Ezio triggered Ezio Auditore da Firenze
Add To Stack: Ai(2)-Jaymie_Ezio triggered Jacob Frye targeting []
Resolve Stack: Whenever one or more Assassins you control deal combat damage to a player, exile up to one target Assassin card or card with freerunning from your graveyard. If you do, copy it. You may cast the copy. (Targeting: [[]]) [Damaged: Ai(4)-Destyn_Turtles, Amount: 4]
Resolve Stack: Whenever Ezio deals combat damage to a player, you may pay {W}{U}{B}{R}{G} if that player has 10 or less life. When you do, that player loses the game. [Damage Source: Ezio Auditore da Firenze (201), Damaged: Ai(4)-Destyn_Turtles, Amount: 3]
Phase: Ai(2)-Jaymie_Ezio's End of Combat Step
Phase: Ai(2)-Jaymie_Ezio's Main phase, postcombat
Mana: Fellwar Stone (177) - {T}: Add one mana of any color that a land an opponent controls could produce.
Mana: Island (134) - {T}: Add {U}.
Mana: Plains (191) - {T}: Add {W}.
Add To Stack: Ai(2)-Jaymie_Ezio cast Rooftop Bypass
Resolve Stack: Rooftop Bypass
Phase: Ai(2)-Jaymie_Ezio's End step
Phase: Ai(2)-Jaymie_Ezio's Cleanup step
Turn: Turn 40 (Ai(3)-Gabe_Food)
Phase: Ai(3)-Gabe_Food's Untap step
Phase: Ai(3)-Gabe_Food's Upkeep step
Phase: Ai(3)-Gabe_Food's Draw step
Phase: Ai(3)-Gabe_Food's Main phase, precombat
Phase: Ai(3)-Gabe_Food's Beginning of Combat Step
Add To Stack: Ai(3)-Gabe_Food triggered Sam, Loyal Attendant
Resolve Stack: At the beginning of combat on your turn, create a Food token. (It's an artifact with "{2}, {T}, Sacrifice this token: You gain 3 life.") [Phase: Ai(3)-Gabe_Food]
Add To Stack: Ai(3)-Gabe_Food triggered Merry, Warden of Isengard
Resolve Stack: Whenever one or more artifacts you control enter, create a 1/1 white Soldier creature token with lifelink. This ability triggers only once each turn. [Amount: 1]
Phase: Ai(3)-Gabe_Food's Declare Attackers Step
Phase: Ai(3)-Gabe_Food's Declare Blockers Step
Phase: Ai(3)-Gabe_Food's First Strike Damage Step
Phase: Ai(3)-Gabe_Food's Combat Damage Step
Phase: Ai(3)-Gabe_Food's End of Combat Step
Phase: Ai(3)-Gabe_Food's Main phase, postcombat
Mana: Scoured Barrens (243) - {T}: Add {W} or {B}.
Mana: Path of Ancestry (213) - {T}: Add one mana of any color in your commander's color identity. When that mana is spent to cast a creature spell that shares a creature type with your commander, scry 1. (Look at the top card of your library. You may put that card on the bottom.)
Mana: Sol Ring (261) - {T}: Add {C}{C}.
Mana: Scattered Groves (248) - {T}: Add {G}.
Add To Stack: Ai(3)-Gabe_Food cast Sanguine Bond
Resolve Stack: Sanguine Bond
Phase: Ai(3)-Gabe_Food's End step
Phase: Ai(3)-Gabe_Food's Cleanup step
Turn: Turn 41 (Ai(4)-Destyn_Turtles)
Phase: Ai(4)-Destyn_Turtles' Untap step
Phase: Ai(4)-Destyn_Turtles' Upkeep step
Phase: Ai(4)-Destyn_Turtles' Draw step
Add To Stack: Ai(4)-Destyn_Turtles triggered Baxter, Fly in the Ointment
Resolve Stack: Whenever you draw a card, put a +1/+1 counter on Baxter. [Player: Ai(4)-Destyn_Turtles]
Phase: Ai(4)-Destyn_Turtles' Main phase, precombat
Phase: Ai(4)-Destyn_Turtles' Beginning of Combat Step
Add To Stack: Ai(4)-Destyn_Turtles triggered Irma, Part-Time Mutant targeting [Leonardo, the Balance (404)]
Resolve Stack: At the beginning of combat on your turn, Irma becomes a copy of up to one other target creature you control, except her name is Irma, Part-Time Mutant and she has this ability. Then put a +1/+1 counter on her. (Targeting: [[Leonardo, the Balance (404)]]) [Phase: Ai(4)-Destyn_Turtles]
Phase: Ai(4)-Destyn_Turtles' Declare Attackers Step
Combat: Ai(4)-Destyn_Turtles assigned Leonardo, the Balance (404), Baxter, Fly in the Ointment (330) and Irma, Part-Time Mutant (310) to attack Ai(3)-Gabe_Food.
Add To Stack: Ai(4)-Destyn_Turtles triggered Leonardo, the Balance
Add To Stack: Ai(4)-Destyn_Turtles triggered Baxter, Fly in the Ointment
Mana: Canopy Vista (272) - {T}: Add {G}.
Add To Stack: Ai(3)-Gabe_Food activated Pippin, Warden of Isengard
Resolve Stack: Pippin, Warden of Isengard (242) - Ai(3)-Gabe_Food creates a Food Token.
Add To Stack: Ai(3)-Gabe_Food triggered Merry, Warden of Isengard
Resolve Stack: Whenever one or more artifacts you control enter, create a 1/1 white Soldier creature token with lifelink. This ability triggers only once each turn. [Amount: 1]
Resolve Stack: Whenever Baxter enters or attacks, each creature you control with a counter on it gains flying until end of turn. [Attacker: Baxter, Fly in the Ointment (330)]
Resolve Stack: Whenever this creature attacks, double the number of +1/+1 counters on it. Then if it has power 10 or greater, draw a card. [Attacker: Leonardo, the Balance (404)]
Add To Stack: Ai(4)-Destyn_Turtles triggered Baxter, Fly in the Ointment
Mana: Arcane Signet (253) - {T}: Add one mana of any color in your commander's color identity.
Zone Change: Food Token (448) was put into Graveyard from Battlefield.
Add To Stack: Ai(3)-Gabe_Food activated Food Token
Life: Life: Ai(3)-Gabe_Food 21 > 24
Resolve Stack: Food Token (448) - Ai(3)-Gabe_Food gains 3 life.
Add To Stack: Ai(3)-Gabe_Food triggered Sanguine Bond targeting [Ai(4)-Destyn_Turtles]
Life: Life: Ai(4)-Destyn_Turtles 13 > 10
Resolve Stack: Whenever you gain life, target opponent loses that much life. (Targeting: [[Ai(4)-Destyn_Turtles]]) [Player: Ai(3)-Gabe_Food, Gained Amount: 3]
Mana: Brushland (298) - {T}: Add {C}.
Zone Change: Food Token (451) was put into Graveyard from Battlefield.
Add To Stack: Ai(3)-Gabe_Food activated Food Token
Life: Life: Ai(3)-Gabe_Food 24 > 27
Resolve Stack: Food Token (451) - Ai(3)-Gabe_Food gains 3 life.
Add To Stack: Ai(3)-Gabe_Food triggered Sanguine Bond targeting [Ai(4)-Destyn_Turtles]
Life: Life: Ai(4)-Destyn_Turtles 10 > 7
Resolve Stack: Whenever you gain life, target opponent loses that much life. (Targeting: [[Ai(4)-Destyn_Turtles]]) [Player: Ai(3)-Gabe_Food, Gained Amount: 3]
Resolve Stack: Whenever you draw a card, put a +1/+1 counter on Baxter. [Player: Ai(4)-Destyn_Turtles]
Phase: Ai(4)-Destyn_Turtles' Declare Blockers Step
Combat: Ai(3)-Gabe_Food didn't block Leonardo, the Balance (404).
Ai(3)-Gabe_Food didn't block Baxter, Fly in the Ointment (330).
Ai(3)-Gabe_Food didn't block Irma, Part-Time Mutant (310).
Phase: Ai(4)-Destyn_Turtles' First Strike Damage Step
Phase: Ai(4)-Destyn_Turtles' Combat Damage Step
Damage: Leonardo, the Balance (404) deals 11 combat damage to Ai(3)-Gabe_Food.
Damage: Baxter, Fly in the Ointment (330) deals 5 combat damage to Ai(3)-Gabe_Food.
Damage: Irma, Part-Time Mutant (310) deals 5 combat damage to Ai(3)-Gabe_Food.
Life: Life: Ai(3)-Gabe_Food 27 > 6
Phase: Ai(4)-Destyn_Turtles' End of Combat Step
Phase: Ai(4)-Destyn_Turtles' Main phase, postcombat
Add To Stack: Ai(4)-Destyn_Turtles triggered Michelangelo, the Heart targeting [Leonardo, the Balance (404)]
Resolve Stack: Raid (the Fridge) — At the beginning of your second main phase, if you attacked this turn, put a +1/+1 counter on target creature and create a Food token. (Targeting: [[Leonardo, the Balance (404)]]) [Phase: Ai(4)-Destyn_Turtles]
Add To Stack: Ai(4)-Destyn_Turtles triggered Leonardo, the Balance
Add To Stack: Ai(4)-Destyn_Turtles triggered Irma, Part-Time Mutant
Resolve Stack: Whenever a token you control enters, you may put a +1/+1 counter on each creature you control. Do this only once each turn. [Zone Changer: Food Token (518)]
Resolve Stack: Whenever a token you control enters, you may put a +1/+1 counter on each creature you control. Do this only once each turn. [Zone Changer: Food Token (518)]
Damage: Grand Coliseum (305) deals 1 non-combat damage to Ai(4)-Destyn_Turtles.
Life: Life: Ai(4)-Destyn_Turtles 7 > 6
Mana: Grand Coliseum (305) - {T}: Add one mana of any color. Grand Coliseum deals 1 damage to you. 
Mana: Ash Barrens (373) - {T}: Add {C}.
Mana: Sol Ring (356) - {T}: Add {C}{C}.
Mana: Plains (391) - {T}: Add {W}.
Add To Stack: Ai(4)-Destyn_Turtles cast Raphael, the Muscle
Resolve Stack: Raphael, the Muscle - Creature 4 / 4
Add To Stack: Ai(4)-Destyn_Turtles triggered Raphael, the Muscle
Resolve Stack: When Raphael enters, create a Mutagen token. [Zone Changer: Raphael, the Muscle (378)]
Phase: Ai(4)-Destyn_Turtles' End step
Phase: Ai(4)-Destyn_Turtles' Cleanup step
Turn: Turn 42 (Ai(1)-GGS_Current)
Phase: Ai(1)-GGS_Current's Untap step
Phase: Ai(1)-GGS_Current's Upkeep step
Phase: Ai(1)-GGS_Current's Draw step
Phase: Ai(1)-GGS_Current's Main phase, precombat
Phase: Ai(1)-GGS_Current's Beginning of Combat Step
Phase: Ai(1)-GGS_Current's Declare Attackers Step
Combat: Ai(1)-GGS_Current assigned Moon-Circuit Hacker (90) to attack Ai(4)-Destyn_Turtles.
Phase: Ai(1)-GGS_Current's Declare Blockers Step
Combat: Ai(4)-Destyn_Turtles didn't block Moon-Circuit Hacker (90).
Phase: Ai(1)-GGS_Current's First Strike Damage Step
Phase: Ai(1)-GGS_Current's Combat Damage Step
Damage: Moon-Circuit Hacker (90) deals 2 combat damage to Ai(4)-Destyn_Turtles.
Life: Life: Ai(4)-Destyn_Turtles 6 > 4
Add To Stack: Ai(1)-GGS_Current triggered Moon-Circuit Hacker
Discard: Ai(1)-GGS_Current discards Riverpyre Verge (95).
Resolve Stack: Whenever Moon-Circuit Hacker deals combat damage to a player, you may draw a card. If you do, discard a card unless Moon-Circuit Hacker entered this turn. [Damage Source: Moon-Circuit Hacker (90), Damaged: Ai(4)-Destyn_Turtles, Amount: 2]
Phase: Ai(1)-GGS_Current's End of Combat Step
Phase: Ai(1)-GGS_Current's Main phase, postcombat
Mana: Mountain (94) - {T}: Add {R}.
Add To Stack: Ai(1)-GGS_Current cast Sol Ring
Resolve Stack: Sol Ring
Phase: Ai(1)-GGS_Current's End step
Phase: Ai(1)-GGS_Current's Cleanup step
Turn: Turn 43 (Ai(2)-Jaymie_Ezio)
Phase: Ai(2)-Jaymie_Ezio's Untap step
Phase: Ai(2)-Jaymie_Ezio's Upkeep step
Phase: Ai(2)-Jaymie_Ezio's Draw step
Phase: Ai(2)-Jaymie_Ezio's Main phase, precombat
Phase: Ai(2)-Jaymie_Ezio's Beginning of Combat Step
Phase: Ai(2)-Jaymie_Ezio's Declare Attackers Step
Combat: Ai(2)-Jaymie_Ezio assigned Ezio Auditore da Firenze (201), Jacob Frye (163), Arbaaz Mir (165), Evie Frye (123) and Changeling Outcast (115) to attack Ai(4)-Destyn_Turtles.
Phase: Ai(2)-Jaymie_Ezio's Declare Blockers Step
Combat: Ai(4)-Destyn_Turtles didn't block Ezio Auditore da Firenze (201).
Ai(4)-Destyn_Turtles assigned Michelangelo, the Heart (402) to block Jacob Frye (163).
Ai(4)-Destyn_Turtles assigned Raphael, the Muscle (378) to block Arbaaz Mir (165).
Ai(4)-Destyn_Turtles didn't block Evie Frye (123).
Ai(4)-Destyn_Turtles didn't block Changeling Outcast (115).
Phase: Ai(2)-Jaymie_Ezio's First Strike Damage Step
Phase: Ai(2)-Jaymie_Ezio's Combat Damage Step
Replacement Effect: Double all damage that creatures you control with counters on them would deal.
Damage: Ezio Auditore da Firenze (201) deals 3 combat damage to Ai(4)-Destyn_Turtles.
Damage: Jacob Frye (163) deals 3 damage to Michelangelo, the Heart (402).
Damage: Arbaaz Mir (165) deals 2 damage to Raphael, the Muscle (378).
Damage: Evie Frye (123) deals 2 combat damage to Ai(4)-Destyn_Turtles.
Damage: Changeling Outcast (115) deals 1 combat damage to Ai(4)-Destyn_Turtles.
Damage: Michelangelo, the Heart (402) deals 8 damage to Jacob Frye (163).
Damage: Raphael, the Muscle (378) deals 4 damage to Arbaaz Mir (165).
Life: Life: Ai(4)-Destyn_Turtles 4 > -2
Zone Change: Jacob Frye (163) was put into Graveyard from Battlefield.
Zone Change: Arbaaz Mir (165) was put into Graveyard from Battlefield.
Add To Stack: Ai(2)-Jaymie_Ezio triggered Ezio Auditore da Firenze
Add To Stack: Ai(2)-Jaymie_Ezio triggered Jacob Frye targeting []
Add To Stack: Ai(2)-Jaymie_Ezio triggered Rooftop Bypass
Resolve Stack: Whenever one or more nontoken creatures you control deal combat damage to a player, create a 1/1 black Assassin creature token with menace. (It can't be blocked except by two or more creatures.) [Damaged: Ai(4)-Destyn_Turtles, Amount: 6]
Resolve Stack: Whenever one or more Assassins you control deal combat damage to a player, exile up to one target Assassin card or card with freerunning from your graveyard. If you do, copy it. You may cast the copy. (Targeting: [[]]) [Damaged: Ai(4)-Destyn_Turtles, Amount: 6]
Resolve Stack: Whenever Ezio deals combat damage to a player, you may pay {W}{U}{B}{R}{G} if that player has 10 or less life. When you do, that player loses the game. [Damage Source: Ezio Auditore da Firenze (201), Damaged: Ai(4)-Destyn_Turtles, Amount: 3]
Phase: Ai(2)-Jaymie_Ezio's End of Combat Step
Phase: Ai(2)-Jaymie_Ezio's Main phase, postcombat
Mana: Island (134) - {T}: Add {U}.
Mana: Sol Ring (157) - {T}: Add {C}{C}.
Mana: Plains (191) - {T}: Add {W}.
Mana: Fellwar Stone (177) - {T}: Add one mana of any color that a land an opponent controls could produce.
Add To Stack: Ai(2)-Jaymie_Ezio cast Eagle Vision
Resolve Stack: Eagle Vision (158) - Ai(2)-Jaymie_Ezio draws three cards.
Phase: Ai(2)-Jaymie_Ezio's End step
Phase: Ai(2)-Jaymie_Ezio's Cleanup step
Turn: Turn 44 (Ai(1)-GGS_Current)
Phase: Ai(1)-GGS_Current's Untap step
Phase: Ai(1)-GGS_Current's Upkeep step
Phase: Ai(1)-GGS_Current's Draw step
Phase: Ai(1)-GGS_Current's Main phase, precombat
Phase: Ai(1)-GGS_Current's Beginning of Combat Step
Phase: Ai(1)-GGS_Current's Declare Attackers Step
Combat: Ai(1)-GGS_Current assigned Goro-Goro and Satoru (100), Moon-Circuit Hacker (90) and Tetsuko Umezawa, Fugitive (75) to attack Ai(2)-Jaymie_Ezio.
Phase: Ai(1)-GGS_Current's Declare Blockers Step
Combat: Ai(2)-Jaymie_Ezio didn't block Goro-Goro and Satoru (100).
Ai(2)-Jaymie_Ezio didn't block Moon-Circuit Hacker (90).
Ai(2)-Jaymie_Ezio didn't block Tetsuko Umezawa, Fugitive (75).
Phase: Ai(1)-GGS_Current's First Strike Damage Step
Phase: Ai(1)-GGS_Current's Combat Damage Step
Damage: Goro-Goro and Satoru (100) deals 3 combat damage to Ai(2)-Jaymie_Ezio.
Damage: Moon-Circuit Hacker (90) deals 2 combat damage to Ai(2)-Jaymie_Ezio.
Damage: Tetsuko Umezawa, Fugitive (75) deals 1 combat damage to Ai(2)-Jaymie_Ezio.
Life: Life: Ai(2)-Jaymie_Ezio 30 > 24
Add To Stack: Ai(1)-GGS_Current triggered Moon-Circuit Hacker
Discard: Ai(1)-GGS_Current discards Mana Confluence (46).
Resolve Stack: Whenever Moon-Circuit Hacker deals combat damage to a player, you may draw a card. If you do, discard a card unless Moon-Circuit Hacker entered this turn. [Damage Source: Moon-Circuit Hacker (90), Damaged: Ai(2)-Jaymie_Ezio, Amount: 2]
Phase: Ai(1)-GGS_Current's End of Combat Step
Phase: Ai(1)-GGS_Current's Main phase, postcombat
Phase: Ai(1)-GGS_Current's End step
Phase: Ai(1)-GGS_Current's Cleanup step
Turn: Turn 45 (Ai(2)-Jaymie_Ezio)
Phase: Ai(2)-Jaymie_Ezio's Untap step
Phase: Ai(2)-Jaymie_Ezio's Upkeep step
Phase: Ai(2)-Jaymie_Ezio's Draw step
Phase: Ai(2)-Jaymie_Ezio's Main phase, precombat
Mana: Fellwar Stone (177) - {T}: Add one mana of any color that a land an opponent controls could produce.
Mana: Brotherhood Headquarters (126) - {T}: Add one mana of any color. Spend this mana only to cast an Assassin spell or a spell that has freerunning, or to activate an ability of an Assassin source.
Mana: Plains (191) - {T}: Add {W}.
Mana: Sol Ring (157) - {T}: Add {C}{C}.
Add To Stack: Ai(2)-Jaymie_Ezio cast Queen Marchesa
Resolve Stack: Queen Marchesa - Creature 3 / 3
Add To Stack: Ai(2)-Jaymie_Ezio triggered Queen Marchesa
Resolve Stack: When Queen Marchesa enters, you become the monarch. [Zone Changer: Queen Marchesa (132)]
Phase: Ai(2)-Jaymie_Ezio's Beginning of Combat Step
Phase: Ai(2)-Jaymie_Ezio's Declare Attackers Step
Combat: Ai(2)-Jaymie_Ezio assigned Changeling Outcast (115), Ezio Auditore da Firenze (201), Queen Marchesa (132), Evie Frye (123) and Assassin Token (525) to attack Ai(1)-GGS_Current.
Phase: Ai(2)-Jaymie_Ezio's Declare Blockers Step
Combat: Ai(1)-GGS_Current didn't block Changeling Outcast (115).
Ai(1)-GGS_Current didn't block Ezio Auditore da Firenze (201).
Ai(1)-GGS_Current didn't block Queen Marchesa (132).
Ai(1)-GGS_Current didn't block Evie Frye (123).
Ai(1)-GGS_Current didn't block Assassin Token (525).
Phase: Ai(2)-Jaymie_Ezio's First Strike Damage Step
Phase: Ai(2)-Jaymie_Ezio's Combat Damage Step
Damage: Changeling Outcast (115) deals 1 combat damage to Ai(1)-GGS_Current.
Damage: Ezio Auditore da Firenze (201) deals 3 combat damage to Ai(1)-GGS_Current.
Damage: Queen Marchesa (132) deals 3 combat damage to Ai(1)-GGS_Current.
Damage: Evie Frye (123) deals 2 combat damage to Ai(1)-GGS_Current.
Damage: Assassin Token (525) deals 1 combat damage to Ai(1)-GGS_Current.
Life: Life: Ai(1)-GGS_Current 36 > 26
Add To Stack: Ai(2)-Jaymie_Ezio triggered Ezio Auditore da Firenze
Add To Stack: Ai(2)-Jaymie_Ezio triggered Rooftop Bypass
Resolve Stack: Whenever one or more nontoken creatures you control deal combat damage to a player, create a 1/1 black Assassin creature token with menace. (It can't be blocked except by two or more creatures.) [Damaged: Ai(1)-GGS_Current, Amount: 9]
Resolve Stack: Whenever Ezio deals combat damage to a player, you may pay {W}{U}{B}{R}{G} if that player has 10 or less life. When you do, that player loses the game. [Damage Source: Ezio Auditore da Firenze (201), Damaged: Ai(1)-GGS_Current, Amount: 3]
Phase: Ai(2)-Jaymie_Ezio's End of Combat Step
Phase: Ai(2)-Jaymie_Ezio's Main phase, postcombat
Replacement Effect: Thriving Moor enters tapped.
Replacement Effect: As Thriving Moor enters, choose a color other than black.
Land: Ai(2)-Jaymie_Ezio played Thriving Moor (200)
Phase: Ai(2)-Jaymie_Ezio's End step
Add To Stack: Ai(2)-Jaymie_Ezio triggered The Monarch
Resolve Stack: At the beginning of your end step, draw a card. [Phase: Ai(2)-Jaymie_Ezio]
Phase: Ai(2)-Jaymie_Ezio's Cleanup step
Turn: Turn 46 (Ai(1)-GGS_Current)
Phase: Ai(1)-GGS_Current's Untap step
Phase: Ai(1)-GGS_Current's Upkeep step
Phase: Ai(1)-GGS_Current's Draw step
Phase: Ai(1)-GGS_Current's Main phase, precombat
Phase: Ai(1)-GGS_Current's Beginning of Combat Step
Phase: Ai(1)-GGS_Current's Declare Attackers Step
Combat: Ai(1)-GGS_Current assigned Goro-Goro and Satoru (100), Moon-Circuit Hacker (90) and Tetsuko Umezawa, Fugitive (75) to attack Ai(2)-Jaymie_Ezio.
Phase: Ai(1)-GGS_Current's Declare Blockers Step
Combat: Ai(2)-Jaymie_Ezio didn't block Goro-Goro and Satoru (100).
Ai(2)-Jaymie_Ezio didn't block Moon-Circuit Hacker (90).
Ai(2)-Jaymie_Ezio didn't block Tetsuko Umezawa, Fugitive (75).
Mana: Reflecting Pool (59) - {T}: Add one mana of any type that a land you control could produce.
Mana: Island (74) - {T}: Add {U}.
Add To Stack: Ai(1)-GGS_Current activated Ingenious Infiltrator
Resolve Stack: Ingenious Infiltrator (26) - Ai(1)-GGS_Current puts Ingenious Infiltrator (26) from their hand onto the battlefield tapped and attacking.
Phase: Ai(1)-GGS_Current's First Strike Damage Step
Phase: Ai(1)-GGS_Current's Combat Damage Step
Damage: Goro-Goro and Satoru (100) deals 3 combat damage to Ai(2)-Jaymie_Ezio.
Damage: Moon-Circuit Hacker (90) deals 2 combat damage to Ai(2)-Jaymie_Ezio.
Damage: Ingenious Infiltrator (26) deals 2 combat damage to Ai(2)-Jaymie_Ezio.
Life: Life: Ai(2)-Jaymie_Ezio 24 > 17
Add To Stack: Ai(1)-GGS_Current triggered Moon-Circuit Hacker
Add To Stack: Ai(1)-GGS_Current triggered Ingenious Infiltrator
Add To Stack: Ai(1)-GGS_Current triggered Ingenious Infiltrator
Add To Stack: Ai(1)-GGS_Current triggered Goro-Goro and Satoru
Add To Stack: Ai(2)-Jaymie_Ezio triggered The Monarch
Add To Stack: Ai(2)-Jaymie_Ezio triggered The Monarch
Add To Stack: Ai(2)-Jaymie_Ezio triggered The Monarch
Resolve Stack: Whenever a creature deals combat damage to you, its controller becomes the monarch. [Damage Source: Ingenious Infiltrator (26), Damaged: Ai(2)-Jaymie_Ezio, Amount: 2]
Resolve Stack: Whenever a creature deals combat damage to you, its controller becomes the monarch. [Damage Source: Moon-Circuit Hacker (90), Damaged: Ai(2)-Jaymie_Ezio, Amount: 2]
Resolve Stack: Whenever a creature deals combat damage to you, its controller becomes the monarch. [Damage Source: Goro-Goro and Satoru (100), Damaged: Ai(2)-Jaymie_Ezio, Amount: 3]
Resolve Stack: Whenever one or more creatures you control that entered this turn deal combat damage to a player, create a 5/5 red Dragon Spirit creature token with flying. [Damaged: Ai(2)-Jaymie_Ezio, Amount: 2]
Resolve Stack: Whenever a Ninja you control deals combat damage to a player, draw a card. [Damage Source: Ingenious Infiltrator (26), Damaged: Ai(2)-Jaymie_Ezio, Amount: 2]
Resolve Stack: Whenever a Ninja you control deals combat damage to a player, draw a card. [Damage Source: Moon-Circuit Hacker (90), Damaged: Ai(2)-Jaymie_Ezio, Amount: 2]
Discard: Ai(1)-GGS_Current discards Swamp (82).
Resolve Stack: Whenever Moon-Circuit Hacker deals combat damage to a player, you may draw a card. If you do, discard a card unless Moon-Circuit Hacker entered this turn. [Damage Source: Moon-Circuit Hacker (90), Damaged: Ai(2)-Jaymie_Ezio, Amount: 2]
Phase: Ai(1)-GGS_Current's End of Combat Step
Phase: Ai(1)-GGS_Current's Main phase, postcombat
Mana: Exotic Orchard (29) - {T}: Add one mana of any color that a land an opponent controls could produce.
Mana: Luxury Suite (76) - {T}: Add {B} or {R}.
Mana: Sol Ring (41) - {T}: Add {C}{C}.
Mana: Mountain (94) - {T}: Add {R}.
Add To Stack: Ai(1)-GGS_Current cast Crux of Fate
Zone Change: Goro-Goro and Satoru (100) was put into Graveyard from Battlefield.
Zone Change: Moon-Circuit Hacker (90) was put into Graveyard from Battlefield.
Zone Change: Ingenious Infiltrator (26) was put into Graveyard from Battlefield.
Zone Change: Ezio Auditore da Firenze (201) was put into Graveyard from Battlefield.
Zone Change: Evie Frye (123) was put into Graveyard from Battlefield.
Zone Change: Assassin Token (525) was put into Graveyard from Battlefield.
Zone Change: Queen Marchesa (132) was put into Graveyard from Battlefield.
Zone Change: Assassin Token (529) was put into Graveyard from Battlefield.
Resolve Stack: Crux of Fate (17) -  Destroy all non-Dragon creatures.
Mana: Gloomlake Verge (25) - {T}: Add {U}.
Mana: Undercity Sewers (3) - {T}: Add {B}.
Add To Stack: Ai(1)-GGS_Current cast Tetsuko Umezawa, Fugitive
Resolve Stack: Tetsuko Umezawa, Fugitive - Creature 1 / 3
Phase: Ai(1)-GGS_Current's End step
Add To Stack: Ai(1)-GGS_Current triggered The Monarch
Resolve Stack: At the beginning of your end step, draw a card. [Phase: Ai(1)-GGS_Current]
Phase: Ai(1)-GGS_Current's Cleanup step
Turn: Turn 47 (Ai(2)-Jaymie_Ezio)
Phase: Ai(2)-Jaymie_Ezio's Untap step
Phase: Ai(2)-Jaymie_Ezio's Upkeep step
Phase: Ai(2)-Jaymie_Ezio's Draw step
Phase: Ai(2)-Jaymie_Ezio's Main phase, precombat
Land: Ai(2)-Jaymie_Ezio played Mountain (189)
Add To Stack: Ai(2)-Jaymie_Ezio activated Lightning Greaves targeting [Changeling Outcast (115)]
Resolve Stack: Lightning Greaves (192) -  Attach to Changeling Outcast (115)
Phase: Ai(2)-Jaymie_Ezio's Beginning of Combat Step
Phase: Ai(2)-Jaymie_Ezio's Declare Attackers Step
Combat: Ai(2)-Jaymie_Ezio assigned Changeling Outcast (115) to attack Ai(1)-GGS_Current.
Phase: Ai(2)-Jaymie_Ezio's Declare Blockers Step
Combat: Ai(1)-GGS_Current didn't block Changeling Outcast (115).
Phase: Ai(2)-Jaymie_Ezio's First Strike Damage Step
Phase: Ai(2)-Jaymie_Ezio's Combat Damage Step
Damage: Changeling Outcast (115) deals 1 combat damage to Ai(1)-GGS_Current.
Life: Life: Ai(1)-GGS_Current 26 > 25
Add To Stack: Ai(2)-Jaymie_Ezio triggered Rooftop Bypass
Add To Stack: Ai(1)-GGS_Current triggered The Monarch
Resolve Stack: Whenever a creature deals combat damage to you, its controller becomes the monarch. [Damage Source: Changeling Outcast (115), Damaged: Ai(1)-GGS_Current, Amount: 1]
Resolve Stack: Whenever one or more nontoken creatures you control deal combat damage to a player, create a 1/1 black Assassin creature token with menace. (It can't be blocked except by two or more creatures.) [Damaged: Ai(1)-GGS_Current, Amount: 1]
Phase: Ai(2)-Jaymie_Ezio's End of Combat Step
Phase: Ai(2)-Jaymie_Ezio's Main phase, postcombat
Mana: Fellwar Stone (177) - {T}: Add one mana of any color that a land an opponent controls could produce.
Mana: Mountain (189) - {T}: Add {R}.
Mana: Sol Ring (157) - {T}: Add {C}{C}.
Mana: Island (134) - {T}: Add {U}.
Add To Stack: Ai(2)-Jaymie_Ezio cast The Lord of Pain
Resolve Stack: The Lord of Pain - Creature 5 / 5
Mana: Brotherhood Headquarters (126) - {T}: Add one mana of any color. Spend this mana only to cast an Assassin spell or a spell that has freerunning, or to activate an ability of an Assassin source.
Mana: Thriving Moor (200) - {T}: Add {B} or one mana of the chosen color.
Mana: Plains (191) - {T}: Add {W}.
Mana: Kessig Wolf Run (105) - {T}: Add {C}.
Add To Stack: Ai(2)-Jaymie_Ezio cast Ramses, Assassin Lord
Resolve Stack: Ramses, Assassin Lord - Creature 4 / 4
Phase: Ai(2)-Jaymie_Ezio's End step
Add To Stack: Ai(2)-Jaymie_Ezio triggered The Monarch
Resolve Stack: At the beginning of your end step, draw a card. [Phase: Ai(2)-Jaymie_Ezio]
Phase: Ai(2)-Jaymie_Ezio's Cleanup step
Turn: Turn 48 (Ai(1)-GGS_Current)
Phase: Ai(1)-GGS_Current's Untap step
Phase: Ai(1)-GGS_Current's Upkeep step
Phase: Ai(1)-GGS_Current's Draw step
Phase: Ai(1)-GGS_Current's Main phase, precombat
Phase: Ai(1)-GGS_Current's Beginning of Combat Step
Phase: Ai(1)-GGS_Current's Declare Attackers Step
Combat: Ai(1)-GGS_Current assigned Dragon Spirit Token (533) and Tetsuko Umezawa, Fugitive (75) to attack Ai(2)-Jaymie_Ezio.
Phase: Ai(1)-GGS_Current's Declare Blockers Step
Combat: Ai(2)-Jaymie_Ezio didn't block Dragon Spirit Token (533).
Ai(2)-Jaymie_Ezio didn't block Tetsuko Umezawa, Fugitive (75).
Phase: Ai(1)-GGS_Current's First Strike Damage Step
Phase: Ai(1)-GGS_Current's Combat Damage Step
Damage: Dragon Spirit Token (533) deals 5 combat damage to Ai(2)-Jaymie_Ezio.
Damage: Tetsuko Umezawa, Fugitive (75) deals 1 combat damage to Ai(2)-Jaymie_Ezio.
Life: Life: Ai(2)-Jaymie_Ezio 17 > 11
Add To Stack: Ai(2)-Jaymie_Ezio triggered The Monarch
Add To Stack: Ai(2)-Jaymie_Ezio triggered The Monarch
Resolve Stack: Whenever a creature deals combat damage to you, its controller becomes the monarch. [Damage Source: Tetsuko Umezawa, Fugitive (75), Damaged: Ai(2)-Jaymie_Ezio, Amount: 1]
Resolve Stack: Whenever a creature deals combat damage to you, its controller becomes the monarch. [Damage Source: Dragon Spirit Token (533), Damaged: Ai(2)-Jaymie_Ezio, Amount: 5]
Phase: Ai(1)-GGS_Current's End of Combat Step
Phase: Ai(1)-GGS_Current's Main phase, postcombat
Replacement Effect: As Steam Vents enters, you may pay 2 life. If you don't, it enters tapped.
Land: Ai(1)-GGS_Current played Steam Vents (44)
Mana: Reflecting Pool (59) - {T}: Add one mana of any type that a land you control could produce.
Mana: Exotic Orchard (29) - {T}: Add one mana of any color that a land an opponent controls could produce.
Mana: Island (74) - {T}: Add {U}.
Mana: Sol Ring (41) - {T}: Add {C}{C}.
Mana: Mountain (94) - {T}: Add {R}.
Mana: Luxury Suite (76) - {T}: Add {B} or {R}.
Add To Stack: Ai(1)-GGS_Current cast Goro-Goro and Satoru
Add To Stack: Ai(2)-Jaymie_Ezio triggered The Lord of Pain targeting [Ai(2)-Jaymie_Ezio]
Damage: The Lord of Pain (142) deals 3 non-combat damage to Ai(2)-Jaymie_Ezio.
Life: Life: Ai(2)-Jaymie_Ezio 11 > 8
Resolve Stack: Whenever a player casts their first spell each turn, choose another target player. The Lord of Pain deals damage equal to that spell's mana value to the chosen player. (Targeting: [[Ai(2)-Jaymie_Ezio]]) [Card: Goro-Goro and Satoru (100), Activator: Ai(1)-GGS_Current, SpellAbility: Goro-Goro and Satoru - Creature 3 / 4]
Resolve Stack: Goro-Goro and Satoru - Creature 3 / 4
Mana: Command Tower (73) - {T}: Add one mana of any color in your commander's color identity.
Mana: Gloomlake Verge (25) - {T}: Add {B}. Activate only if you control an Island or a Swamp.
Mana: Undercity Sewers (3) - {T}: Add {B}.
Add To Stack: Ai(1)-GGS_Current cast Krenko, Tin Street Kingpin
Resolve Stack: Krenko, Tin Street Kingpin - Creature 1 / 2
Phase: Ai(1)-GGS_Current's End step
Add To Stack: Ai(1)-GGS_Current triggered The Monarch
Resolve Stack: At the beginning of your end step, draw a card. [Phase: Ai(1)-GGS_Current]
Phase: Ai(1)-GGS_Current's Cleanup step
Turn: Turn 49 (Ai(2)-Jaymie_Ezio)
Phase: Ai(2)-Jaymie_Ezio's Untap step
Phase: Ai(2)-Jaymie_Ezio's Upkeep step
Mana: Sol Ring (157) - {T}: Add {C}{C}.
Mana: Island (134) - {T}: Add {U}.
Add To Stack: Ai(2)-Jaymie_Ezio cast Smoke Bomb
Add To Stack: Ai(2)-Jaymie_Ezio triggered The Lord of Pain targeting [Ai(1)-GGS_Current]
Damage: The Lord of Pain (142) deals 3 non-combat damage to Ai(1)-GGS_Current.
Life: Life: Ai(1)-GGS_Current 25 > 22
Resolve Stack: Whenever a player casts their first spell each turn, choose another target player. The Lord of Pain deals damage equal to that spell's mana value to the chosen player. (Targeting: [[Ai(1)-GGS_Current]]) [Card: Smoke Bomb (153), Activator: Ai(2)-Jaymie_Ezio, SpellAbility: Smoke Bomb]
Damage: Talisman of Creativity (49) deals 1 non-combat damage to Ai(1)-GGS_Current.
Life: Life: Ai(1)-GGS_Current 22 > 21
Mana: Talisman of Creativity (49) - {T}: Add {U} or {R}. Talisman of Creativity deals 1 damage to you. 
Add To Stack: Ai(1)-GGS_Current cast An Offer You Can't Refuse targeting [Smoke Bomb]
Add To Stack: Ai(2)-Jaymie_Ezio triggered The Lord of Pain targeting [Ai(2)-Jaymie_Ezio]
Damage: The Lord of Pain (142) deals 1 non-combat damage to Ai(2)-Jaymie_Ezio.
Life: Life: Ai(2)-Jaymie_Ezio 8 > 7
Resolve Stack: Whenever a player casts their first spell each turn, choose another target player. The Lord of Pain deals damage equal to that spell's mana value to the chosen player. (Targeting: [[Ai(2)-Jaymie_Ezio]]) [Card: An Offer You Can't Refuse (64), Activator: Ai(1)-GGS_Current, SpellAbility: Counter target noncreature spell. Its controller creates two Treasure tokens. (They're artifacts with "{T}, Sacrifice this token: Add one mana of any color.")]
Zone Change: Send countered spell to Graveyard
Resolve Stack: An Offer You Can't Refuse (64) - Counter Smoke Bomb (153). Its controller creates two Treasure tokens.
Phase: Ai(2)-Jaymie_Ezio's Draw step
Phase: Ai(2)-Jaymie_Ezio's Main phase, precombat
Replacement Effect: Cinder Glade enters tapped unless you control two or more basic lands.
Land: Ai(2)-Jaymie_Ezio played Cinder Glade (119)
Mana: Mountain (189) - {T}: Add {R}.
Mana: Plains (191) - {T}: Add {W}.
Mana: Fellwar Stone (177) - {T}: Add one mana of any color that a land an opponent controls could produce.
Add To Stack: Ai(2)-Jaymie_Ezio activated Brotherhood Regalia targeting [The Lord of Pain (142)]
Resolve Stack: Brotherhood Regalia (194) -  Attach to The Lord of Pain (142)
Phase: Ai(2)-Jaymie_Ezio's Beginning of Combat Step
Phase: Ai(2)-Jaymie_Ezio's Declare Attackers Step
Combat: Ai(2)-Jaymie_Ezio assigned Changeling Outcast (115) to attack Ai(1)-GGS_Current.
Phase: Ai(2)-Jaymie_Ezio's Declare Blockers Step
Combat: Ai(1)-GGS_Current didn't block Changeling Outcast (115).
Phase: Ai(2)-Jaymie_Ezio's First Strike Damage Step
Phase: Ai(2)-Jaymie_Ezio's Combat Damage Step
Damage: Changeling Outcast (115) deals 2 combat damage to Ai(1)-GGS_Current.
Life: Life: Ai(1)-GGS_Current 21 > 19
Add To Stack: Ai(2)-Jaymie_Ezio triggered Rooftop Bypass
Add To Stack: Ai(1)-GGS_Current triggered The Monarch
Resolve Stack: Whenever a creature deals combat damage to you, its controller becomes the monarch. [Damage Source: Changeling Outcast (115), Damaged: Ai(1)-GGS_Current, Amount: 2]
Resolve Stack: Whenever one or more nontoken creatures you control deal combat damage to a player, create a 1/1 black Assassin creature token with menace. (It can't be blocked except by two or more creatures.) [Damaged: Ai(1)-GGS_Current, Amount: 2]
Phase: Ai(2)-Jaymie_Ezio's End of Combat Step
Phase: Ai(2)-Jaymie_Ezio's Main phase, postcombat
Mana: Thriving Moor (200) - {T}: Add {B} or one mana of the chosen color.
Mana: Cinder Glade (119) - {T}: Add {G}.
Mana: Brotherhood Headquarters (126) - {T}: Add {C}.
Mana: Kessig Wolf Run (105) - {T}: Add {C}.
Zone Change: Treasure Token (539) was put into Graveyard from Battlefield.
Mana: Treasure Token (539) - {T}, Sacrifice this token: Add one mana of any color.
Zone Change: Treasure Token (538) was put into Graveyard from Battlefield.
Mana: Treasure Token (538) - {T}, Sacrifice this token: Add one mana of any color.
Add To Stack: Ai(2)-Jaymie_Ezio cast Ezio Auditore da Firenze
Resolve Stack: Ezio Auditore da Firenze - Creature 3 / 2
Phase: Ai(2)-Jaymie_Ezio's End step
Add To Stack: Ai(2)-Jaymie_Ezio triggered The Monarch
Resolve Stack: At the beginning of your end step, draw a card. [Phase: Ai(2)-Jaymie_Ezio]
Phase: Ai(2)-Jaymie_Ezio's Cleanup step
Turn: Turn 50 (Ai(1)-GGS_Current)
Phase: Ai(1)-GGS_Current's Untap step
Phase: Ai(1)-GGS_Current's Upkeep step
Phase: Ai(1)-GGS_Current's Draw step
Phase: Ai(1)-GGS_Current's Main phase, precombat
Mana: Reflecting Pool (59) - {T}: Add one mana of any type that a land you control could produce.
Mana: Sol Ring (41) - {T}: Add {C}{C}.
Mana: Mountain (94) - {T}: Add {R}.
Add To Stack: Ai(1)-GGS_Current cast Purphoros, God of the Forge
Add To Stack: Ai(2)-Jaymie_Ezio triggered The Lord of Pain targeting [Ai(2)-Jaymie_Ezio]
Damage: The Lord of Pain (142) deals 4 non-combat damage to Ai(2)-Jaymie_Ezio.
Life: Life: Ai(2)-Jaymie_Ezio 7 > 3
Resolve Stack: Whenever a player casts their first spell each turn, choose another target player. The Lord of Pain deals damage equal to that spell's mana value to the chosen player. (Targeting: [[Ai(2)-Jaymie_Ezio]]) [Card: Purphoros, God of the Forge (63), Activator: Ai(1)-GGS_Current, SpellAbility: Purphoros, God of the Forge - Creature 6 / 5]
Resolve Stack: Purphoros, God of the Forge - Creature 6 / 5
Phase: Ai(1)-GGS_Current's Beginning of Combat Step
Phase: Ai(1)-GGS_Current's Declare Attackers Step
Combat: Ai(1)-GGS_Current assigned Dragon Spirit Token (533), Goro-Goro and Satoru (100), Tetsuko Umezawa, Fugitive (75) and Krenko, Tin Street Kingpin (34) to attack Ai(2)-Jaymie_Ezio.
Add To Stack: Ai(1)-GGS_Current triggered Krenko, Tin Street Kingpin
Resolve Stack: Whenever Krenko, Tin Street Kingpin attacks, put a +1/+1 counter on it, then create a number of 1/1 red Goblin creature tokens equal to Krenko's power. [Attacker: Krenko, Tin Street Kingpin (34)]
Add To Stack: Ai(1)-GGS_Current triggered Purphoros, God of the Forge
Add To Stack: Ai(1)-GGS_Current triggered Purphoros, God of the Forge
Damage: Purphoros, God of the Forge (63) deals 2 non-combat damage to Ai(2)-Jaymie_Ezio.
Life: Life: Ai(2)-Jaymie_Ezio 3 > 1
Resolve Stack: Whenever another creature you control enters, Purphoros, God of the Forge deals 2 damage to each opponent. [Zone Changer: Goblin Token (545)]
Damage: Purphoros, God of the Forge (63) deals 2 non-combat damage to Ai(2)-Jaymie_Ezio.
Life: Life: Ai(2)-Jaymie_Ezio 1 > -1
Resolve Stack: Whenever another creature you control enters, Purphoros, God of the Forge deals 2 damage to each opponent. [Zone Changer: Goblin Token (544)]
Player Control: Ai(1)-GGS_Current has restored control over themself
Player Control: Ai(2)-Jaymie_Ezio has restored control over themself
Player Control: Ai(3)-Gabe_Food has restored control over themself
Player Control: Ai(4)-Destyn_Turtles has restored control over themself
Game Outcome: Match Duration 2m : 16s
Game Outcome: Turn 25
Game Outcome: Ai(1)-GGS_Current has won because all opponents have lost
Game Outcome: Ai(2)-Jaymie_Ezio has lost because life total reached 0
Game Outcome: Ai(3)-Gabe_Food has lost due to accumulation of 21 damage from generals
Game Outcome: Ai(4)-Destyn_Turtles has lost because life total reached 0
Match Result: Ai(1)-GGS_Current: 1 Ai(2)-Jaymie_Ezio: 0 Ai(3)-Gabe_Food: 0 Ai(4)-Destyn_Turtles: 0 

Game Result: Game 1 ended in 138726 ms. Ai(1)-GGS_Current has won!

