Error handling registered!
20:55:31 [INFO ] GuiBase: ##########################################
20:55:31 [INFO ] GuiBase: APP: Forge v.2.0.15-SNAPSHOT-09.28
20:55:31 [INFO ] GuiBase: Java: 17.0.20 (Ubuntu)
20:55:31 [INFO ] GuiBase: OS: Linux 6.18.44 amd64
20:55:31 [INFO ] GuiBase: RAM: 1536 MB max, 8 CPUs
20:55:31 [INFO ] GuiBase: ##########################################
Language 'en-US' loaded successfully.
(ThreadUtil first call): Running with priority 5
Read cards: 34010 archived files in 1 ms (25 parts) using thread pool
Upcoming set Star Trek (TRK) dated in the future. All `upcoming` cards will be added to this set with unknown rarity.
The card A-Alrund's Epiphany was not assigned to any set. Adding it to UNKNOWN set... to fix see res/editions/ folder. 
The card A-Baba Lysaga, Night Witch was not assigned to any set. Adding it to UNKNOWN set... to fix see res/editions/ folder. 
The card A-Divide by Zero was not assigned to any set. Adding it to UNKNOWN set... to fix see res/editions/ folder. 
The card A-Esika's Chariot was not assigned to any set. Adding it to UNKNOWN set... to fix see res/editions/ folder. 
The card A-Faceless Haven was not assigned to any set. Adding it to UNKNOWN set... to fix see res/editions/ folder. 
The card A-Fires of Invention was not assigned to any set. Adding it to UNKNOWN set... to fix see res/editions/ folder. 
The card A-Goldspan Dragon was not assigned to any set. Adding it to UNKNOWN set... to fix see res/editions/ folder. 
The card A-Hullbreaker Horror was not assigned to any set. Adding it to UNKNOWN set... to fix see res/editions/ folder. 
The card A-Kumano Faces Kakkazan was not assigned to any set. Adding it to UNKNOWN set... to fix see res/editions/ folder. 
The card A-Luminarch Aspirant was not assigned to any set. Adding it to UNKNOWN set... to fix see res/editions/ folder. 
The card A-Monster Manual was not assigned to any set. Adding it to UNKNOWN set... to fix see res/editions/ folder. 
The card A-Omnath, Locus of Creation was not assigned to any set. Adding it to UNKNOWN set... to fix see res/editions/ folder. 
The card A-The Meathook Massacre was not assigned to any set. Adding it to UNKNOWN set... to fix see res/editions/ folder. 
The card A-Unholy Heat was not assigned to any set. Adding it to UNKNOWN set... to fix see res/editions/ folder. 
The card Blinding Radiance was not assigned to any set. Adding it to UNKNOWN set... to fix see res/editions/ folder. 
The card Goblin Bruiser was not assigned to any set. Adding it to UNKNOWN set... to fix see res/editions/ folder. 
The card Ogre Painbringer was not assigned to any set. Adding it to UNKNOWN set... to fix see res/editions/ folder. 
The card Titanic Pelagosaur was not assigned to any set. Adding it to UNKNOWN set... to fix see res/editions/ folder. 
The card Treetop Recluse was not assigned to any set. Adding it to UNKNOWN set... to fix see res/editions/ folder. 
Upcoming set Star Trek (TRK) dated in the future. All `upcoming` cards will be added to this set with unknown rarity.
Read cards: 854 files in 0 ms (8 parts) using thread pool
Simulation mode
Ai(1)-Jaymie_Ezio vs Ai(2)-Gabe_Food vs Ai(3)-Destyn_Turtles vs Ai(4)-GGS_Throne_only - one game of Commander seed 20261030
Warning: default (ie. inherited from base class) implementation of confirmAction is used by Ezio Auditore da Firenze for forge.ai.ability.PermanentCreatureAi. Consider declaring an overloaded method
Warning: default (ie. inherited from base class) implementation of confirmAction is used by Michelangelo, the Heart for forge.ai.ability.PermanentCreatureAi. Consider declaring an overloaded method
Warning: default (ie. inherited from base class) implementation of confirmAction is used by Michelangelo, the Heart for forge.ai.ability.PermanentCreatureAi. Consider declaring an overloaded method
Warning: default (ie. inherited from base class) implementation of confirmAction is used by Michelangelo, the Heart for forge.ai.ability.PermanentCreatureAi. Consider declaring an overloaded method
Warning: default (ie. inherited from base class) implementation of confirmAction is used by Frodo, Adventurous Hobbit for forge.ai.ability.PermanentCreatureAi. Consider declaring an overloaded method
Warning: default (ie. inherited from base class) implementation of confirmAction is used by Sam, Loyal Attendant for forge.ai.ability.PermanentCreatureAi. Consider declaring an overloaded method
Warning: default (ie. inherited from base class) implementation of confirmAction is used by Ezio Auditore da Firenze for forge.ai.ability.PermanentCreatureAi. Consider declaring an overloaded method
Warning: default (ie. inherited from base class) implementation of confirmAction is used by Sam, Loyal Attendant for forge.ai.ability.PermanentCreatureAi. Consider declaring an overloaded method
Warning: default (ie. inherited from base class) implementation of confirmAction is used by Leonardo, the Balance for forge.ai.ability.PermanentCreatureAi. Consider declaring an overloaded method
Warning: default (ie. inherited from base class) implementation of confirmAction is used by Leonardo, the Balance for forge.ai.ability.PermanentCreatureAi. Consider declaring an overloaded method
Mulligan: Ai(4)-GGS_Throne_only has mulliganed down to 7 cards.
Mulligan: Ai(4)-GGS_Throne_only has kept a hand of 7 cards
Mulligan: Ai(1)-Jaymie_Ezio has kept a hand of 7 cards
Mulligan: Ai(2)-Gabe_Food has kept a hand of 7 cards
Mulligan: Ai(3)-Destyn_Turtles has kept a hand of 7 cards
Turn: Turn 1 (Ai(4)-GGS_Throne_only)
Phase: Ai(4)-GGS_Throne_only's Untap step
Phase: Ai(4)-GGS_Throne_only's Upkeep step
Phase: Ai(4)-GGS_Throne_only's Draw step
Phase: Ai(4)-GGS_Throne_only's Main phase, precombat
Land: Ai(4)-GGS_Throne_only played City of Brass (338)
Phase: Ai(4)-GGS_Throne_only's Beginning of Combat Step
Phase: Ai(4)-GGS_Throne_only's Declare Attackers Step
Phase: Ai(4)-GGS_Throne_only's Declare Blockers Step
Phase: Ai(4)-GGS_Throne_only's First Strike Damage Step
Phase: Ai(4)-GGS_Throne_only's Combat Damage Step
Phase: Ai(4)-GGS_Throne_only's End of Combat Step
Phase: Ai(4)-GGS_Throne_only's Main phase, postcombat
Phase: Ai(4)-GGS_Throne_only's End step
Phase: Ai(4)-GGS_Throne_only's Cleanup step
Turn: Turn 2 (Ai(1)-Jaymie_Ezio)
Phase: Ai(1)-Jaymie_Ezio's Untap step
Phase: Ai(1)-Jaymie_Ezio's Upkeep step
Phase: Ai(1)-Jaymie_Ezio's Draw step
Phase: Ai(1)-Jaymie_Ezio's Main phase, precombat
Land: Ai(1)-Jaymie_Ezio played Twilight Mire (69)
Phase: Ai(1)-Jaymie_Ezio's Beginning of Combat Step
Phase: Ai(1)-Jaymie_Ezio's Declare Attackers Step
Phase: Ai(1)-Jaymie_Ezio's Declare Blockers Step
Phase: Ai(1)-Jaymie_Ezio's First Strike Damage Step
Phase: Ai(1)-Jaymie_Ezio's Combat Damage Step
Phase: Ai(1)-Jaymie_Ezio's End of Combat Step
Phase: Ai(1)-Jaymie_Ezio's Main phase, postcombat
Phase: Ai(1)-Jaymie_Ezio's End step
Phase: Ai(1)-Jaymie_Ezio's Cleanup step
Turn: Turn 3 (Ai(2)-Gabe_Food)
Phase: Ai(2)-Gabe_Food's Untap step
Phase: Ai(2)-Gabe_Food's Upkeep step
Phase: Ai(2)-Gabe_Food's Draw step
Phase: Ai(2)-Gabe_Food's Main phase, precombat
Replacement Effect: Canopy Vista enters tapped unless you control two or more basic lands.
Land: Ai(2)-Gabe_Food played Canopy Vista (171)
Phase: Ai(2)-Gabe_Food's Beginning of Combat Step
Phase: Ai(2)-Gabe_Food's Declare Attackers Step
Phase: Ai(2)-Gabe_Food's Declare Blockers Step
Phase: Ai(2)-Gabe_Food's First Strike Damage Step
Phase: Ai(2)-Gabe_Food's Combat Damage Step
Phase: Ai(2)-Gabe_Food's End of Combat Step
Phase: Ai(2)-Gabe_Food's Main phase, postcombat
Phase: Ai(2)-Gabe_Food's End step
Phase: Ai(2)-Gabe_Food's Cleanup step
Turn: Turn 4 (Ai(3)-Destyn_Turtles)
Phase: Ai(3)-Destyn_Turtles' Untap step
Phase: Ai(3)-Destyn_Turtles' Upkeep step
Phase: Ai(3)-Destyn_Turtles' Draw step
Phase: Ai(3)-Destyn_Turtles' Main phase, precombat
Replacement Effect: Path of Ancestry enters tapped.
Land: Ai(3)-Destyn_Turtles played Path of Ancestry (214)
Phase: Ai(3)-Destyn_Turtles' Beginning of Combat Step
Phase: Ai(3)-Destyn_Turtles' Declare Attackers Step
Phase: Ai(3)-Destyn_Turtles' Declare Blockers Step
Phase: Ai(3)-Destyn_Turtles' First Strike Damage Step
Phase: Ai(3)-Destyn_Turtles' Combat Damage Step
Phase: Ai(3)-Destyn_Turtles' End of Combat Step
Phase: Ai(3)-Destyn_Turtles' Main phase, postcombat
Phase: Ai(3)-Destyn_Turtles' End step
Phase: Ai(3)-Destyn_Turtles' Cleanup step
Turn: Turn 5 (Ai(4)-GGS_Throne_only)
Phase: Ai(4)-GGS_Throne_only's Untap step
Phase: Ai(4)-GGS_Throne_only's Upkeep step
Phase: Ai(4)-GGS_Throne_only's Draw step
Phase: Ai(4)-GGS_Throne_only's Main phase, precombat
Replacement Effect: Undercity Sewers enters tapped.
Land: Ai(4)-GGS_Throne_only played Undercity Sewers (306)
Add To Stack: Ai(4)-GGS_Throne_only triggered Undercity Sewers
Resolve Stack: Ai(4)-GGS_Throne_only surveiled 1 card(s) to the graveyard
Resolve Stack: When Undercity Sewers enters, surveil 1. (Look at the top card of your library. You may put it into your graveyard.) [Zone Changer: Undercity Sewers (306)]
Mana: City of Brass (338) - {T}: Add one mana of any color.
Add To Stack: Ai(4)-GGS_Throne_only cast Phoenix Chick
Add To Stack: Ai(4)-GGS_Throne_only triggered City of Brass
Damage: City of Brass (338) deals 1 non-combat damage to Ai(4)-GGS_Throne_only.
Life: Life: Ai(4)-GGS_Throne_only 40 > 39
Resolve Stack: Whenever City of Brass becomes tapped, it deals 1 damage to you. [Tapped: City of Brass (338)]
Resolve Stack: Phoenix Chick - Creature 1 / 1
Phase: Ai(4)-GGS_Throne_only's Beginning of Combat Step
Phase: Ai(4)-GGS_Throne_only's Declare Attackers Step
Combat: Ai(4)-GGS_Throne_only assigned Phoenix Chick (373) to attack Ai(3)-Destyn_Turtles.
Phase: Ai(4)-GGS_Throne_only's Declare Blockers Step
Combat: Ai(3)-Destyn_Turtles didn't block Phoenix Chick (373).
Phase: Ai(4)-GGS_Throne_only's First Strike Damage Step
Phase: Ai(4)-GGS_Throne_only's Combat Damage Step
Damage: Phoenix Chick (373) deals 1 combat damage to Ai(3)-Destyn_Turtles.
Life: Life: Ai(3)-Destyn_Turtles 40 > 39
Phase: Ai(4)-GGS_Throne_only's End of Combat Step
Phase: Ai(4)-GGS_Throne_only's Main phase, postcombat
Phase: Ai(4)-GGS_Throne_only's End step
Phase: Ai(4)-GGS_Throne_only's Cleanup step
Turn: Turn 6 (Ai(1)-Jaymie_Ezio)
Phase: Ai(1)-Jaymie_Ezio's Untap step
Phase: Ai(1)-Jaymie_Ezio's Upkeep step
Phase: Ai(1)-Jaymie_Ezio's Draw step
Phase: Ai(1)-Jaymie_Ezio's Main phase, precombat
Land: Ai(1)-Jaymie_Ezio played Swamp (59)
Phase: Ai(1)-Jaymie_Ezio's Beginning of Combat Step
Phase: Ai(1)-Jaymie_Ezio's Declare Attackers Step
Phase: Ai(1)-Jaymie_Ezio's Declare Blockers Step
Phase: Ai(1)-Jaymie_Ezio's First Strike Damage Step
Phase: Ai(1)-Jaymie_Ezio's Combat Damage Step
Phase: Ai(1)-Jaymie_Ezio's End of Combat Step
Phase: Ai(1)-Jaymie_Ezio's Main phase, postcombat
Mana: Swamp (59) - {T}: Add {B}.
Mana: Twilight Mire (69) - {T}: Add {C}.
Add To Stack: Ai(1)-Jaymie_Ezio cast Ezio Auditore da Firenze
Resolve Stack: Ezio Auditore da Firenze - Creature 3 / 2
Phase: Ai(1)-Jaymie_Ezio's End step
Phase: Ai(1)-Jaymie_Ezio's Cleanup step
Turn: Turn 7 (Ai(2)-Gabe_Food)
Phase: Ai(2)-Gabe_Food's Untap step
Phase: Ai(2)-Gabe_Food's Upkeep step
Phase: Ai(2)-Gabe_Food's Draw step
Phase: Ai(2)-Gabe_Food's Main phase, precombat
Land: Ai(2)-Gabe_Food played Forest (137)
Mana: Forest (137) - {T}: Add {G}.
Mana: Canopy Vista (171) - {T}: Add {G}.
Add To Stack: Ai(2)-Gabe_Food cast Farseek
Resolve Stack: Farseek (128) - Ai(2)-Gabe_Food searches their library for a Plains, Island, Swamp or Mountain card, puts it onto the battlefield tapped, then shuffles.
Phase: Ai(2)-Gabe_Food's Beginning of Combat Step
Phase: Ai(2)-Gabe_Food's Declare Attackers Step
Phase: Ai(2)-Gabe_Food's Declare Blockers Step
Phase: Ai(2)-Gabe_Food's First Strike Damage Step
Phase: Ai(2)-Gabe_Food's Combat Damage Step
Phase: Ai(2)-Gabe_Food's End of Combat Step
Phase: Ai(2)-Gabe_Food's Main phase, postcombat
Phase: Ai(2)-Gabe_Food's End step
Phase: Ai(2)-Gabe_Food's Cleanup step
Turn: Turn 8 (Ai(3)-Destyn_Turtles)
Phase: Ai(3)-Destyn_Turtles' Untap step
Phase: Ai(3)-Destyn_Turtles' Upkeep step
Phase: Ai(3)-Destyn_Turtles' Draw step
Phase: Ai(3)-Destyn_Turtles' Main phase, precombat
Land: Ai(3)-Destyn_Turtles played Island (231)
Phase: Ai(3)-Destyn_Turtles' Beginning of Combat Step
Phase: Ai(3)-Destyn_Turtles' Declare Attackers Step
Phase: Ai(3)-Destyn_Turtles' Declare Blockers Step
Phase: Ai(3)-Destyn_Turtles' First Strike Damage Step
Phase: Ai(3)-Destyn_Turtles' Combat Damage Step
Phase: Ai(3)-Destyn_Turtles' End of Combat Step
Phase: Ai(3)-Destyn_Turtles' Main phase, postcombat
Mana: Path of Ancestry (214) - {T}: Add one mana of any color in your commander's color identity. When that mana is spent to cast a creature spell that shares a creature type with your commander, scry 1. (Look at the top card of your library. You may put that card on the bottom.)
Mana: Island (231) - {T}: Add {U}.
Add To Stack: Ai(3)-Destyn_Turtles cast Michelangelo, the Heart
Add To Stack: Ai(3)-Destyn_Turtles triggered Path of Ancestry
Resolve Stack: Ai(3)-Destyn_Turtles scried 1 card(s) to the bottom of the library
Resolve Stack: When mana produced by Path of Ancestry is spent to cast a creature spell that shares a creature type with your commander, scry 1. ([Michelangelo, the Heart - Creature 2 / 1]) [Card: Michelangelo, the Heart (301), Activator: Ai(3)-Destyn_Turtles, SpellAbility: Michelangelo, the Heart - Creature 2 / 1]
Resolve Stack: Michelangelo, the Heart - Creature 2 / 1
Phase: Ai(3)-Destyn_Turtles' End step
Phase: Ai(3)-Destyn_Turtles' Cleanup step
Turn: Turn 9 (Ai(4)-GGS_Throne_only)
Phase: Ai(4)-GGS_Throne_only's Untap step
Phase: Ai(4)-GGS_Throne_only's Upkeep step
Phase: Ai(4)-GGS_Throne_only's Draw step
Phase: Ai(4)-GGS_Throne_only's Main phase, precombat
Land: Ai(4)-GGS_Throne_only played Flooded Strand (311)
Life: Life: Ai(4)-GGS_Throne_only 39 > 38
Zone Change: Flooded Strand (311) was put into Graveyard from Battlefield.
Add To Stack: Ai(4)-GGS_Throne_only activated Flooded Strand
Replacement Effect: Xander's Lounge enters tapped.
Resolve Stack: Flooded Strand (311) - Ai(4)-GGS_Throne_only searches their library for a Plains or Island card, puts it onto the battlefield, then shuffles.
Phase: Ai(4)-GGS_Throne_only's Beginning of Combat Step
Phase: Ai(4)-GGS_Throne_only's Declare Attackers Step
Combat: Ai(4)-GGS_Throne_only assigned Phoenix Chick (373) to attack Ai(1)-Jaymie_Ezio.
Phase: Ai(4)-GGS_Throne_only's Declare Blockers Step
Combat: Ai(1)-Jaymie_Ezio didn't block Phoenix Chick (373).
Phase: Ai(4)-GGS_Throne_only's First Strike Damage Step
Phase: Ai(4)-GGS_Throne_only's Combat Damage Step
Damage: Phoenix Chick (373) deals 1 combat damage to Ai(1)-Jaymie_Ezio.
Life: Life: Ai(1)-Jaymie_Ezio 40 > 39
Phase: Ai(4)-GGS_Throne_only's End of Combat Step
Phase: Ai(4)-GGS_Throne_only's Main phase, postcombat
Mana: City of Brass (338) - {T}: Add one mana of any color.
Mana: Undercity Sewers (306) - {T}: Add {B}.
Add To Stack: Ai(4)-GGS_Throne_only cast Dragon Tempest
Add To Stack: Ai(4)-GGS_Throne_only triggered City of Brass
Damage: City of Brass (338) deals 1 non-combat damage to Ai(4)-GGS_Throne_only.
Life: Life: Ai(4)-GGS_Throne_only 38 > 37
Resolve Stack: Whenever City of Brass becomes tapped, it deals 1 damage to you. [Tapped: City of Brass (338)]
Resolve Stack: Dragon Tempest
Phase: Ai(4)-GGS_Throne_only's End step
Phase: Ai(4)-GGS_Throne_only's Cleanup step
Turn: Turn 10 (Ai(1)-Jaymie_Ezio)
Phase: Ai(1)-Jaymie_Ezio's Untap step
Phase: Ai(1)-Jaymie_Ezio's Upkeep step
Phase: Ai(1)-Jaymie_Ezio's Draw step
Phase: Ai(1)-Jaymie_Ezio's Main phase, precombat
Phase: Ai(1)-Jaymie_Ezio's Beginning of Combat Step
Phase: Ai(1)-Jaymie_Ezio's Declare Attackers Step
Combat: Ai(1)-Jaymie_Ezio assigned Ezio Auditore da Firenze (100) to attack Ai(4)-GGS_Throne_only.
Phase: Ai(1)-Jaymie_Ezio's Declare Blockers Step
Combat: Ai(4)-GGS_Throne_only didn't block Ezio Auditore da Firenze (100).
Phase: Ai(1)-Jaymie_Ezio's First Strike Damage Step
Phase: Ai(1)-Jaymie_Ezio's Combat Damage Step
Damage: Ezio Auditore da Firenze (100) deals 3 combat damage to Ai(4)-GGS_Throne_only.
Life: Life: Ai(4)-GGS_Throne_only 37 > 34
Add To Stack: Ai(1)-Jaymie_Ezio triggered Ezio Auditore da Firenze
Resolve Stack: Whenever Ezio deals combat damage to a player, you may pay {W}{U}{B}{R}{G} if that player has 10 or less life. When you do, that player loses the game. [Damage Source: Ezio Auditore da Firenze (100), Damaged: Ai(4)-GGS_Throne_only, Amount: 3]
Phase: Ai(1)-Jaymie_Ezio's End of Combat Step
Phase: Ai(1)-Jaymie_Ezio's Main phase, postcombat
Replacement Effect: Boros Garrison enters tapped.
Land: Ai(1)-Jaymie_Ezio played Boros Garrison (80)
Add To Stack: Ai(1)-Jaymie_Ezio triggered Boros Garrison
Resolve Stack: When Boros Garrison enters, return a land you control to its owner's hand. [Zone Changer: Boros Garrison (80)]
Phase: Ai(1)-Jaymie_Ezio's End step
Phase: Ai(1)-Jaymie_Ezio's Cleanup step
Discard: Ai(1)-Jaymie_Ezio discards Deceptive Landscape (15).
Turn: Turn 11 (Ai(2)-Gabe_Food)
Phase: Ai(2)-Gabe_Food's Untap step
Phase: Ai(2)-Gabe_Food's Upkeep step
Phase: Ai(2)-Gabe_Food's Draw step
Phase: Ai(2)-Gabe_Food's Main phase, precombat
Land: Ai(2)-Gabe_Food played Exotic Orchard (148)
Mana: Swamp (162) - {T}: Add {B}.
Mana: Forest (137) - {T}: Add {G}.
Add To Stack: Ai(2)-Gabe_Food cast Go for the Throat targeting [Ezio Auditore da Firenze (100)]
Zone Change: Ezio Auditore da Firenze (100) was put into Graveyard from Battlefield.
Resolve Stack: Go for the Throat (103) - Destroy Ezio Auditore da Firenze (100).
Phase: Ai(2)-Gabe_Food's Beginning of Combat Step
Phase: Ai(2)-Gabe_Food's Declare Attackers Step
Phase: Ai(2)-Gabe_Food's Declare Blockers Step
Phase: Ai(2)-Gabe_Food's First Strike Damage Step
Phase: Ai(2)-Gabe_Food's Combat Damage Step
Phase: Ai(2)-Gabe_Food's End of Combat Step
Phase: Ai(2)-Gabe_Food's Main phase, postcombat
Mana: Exotic Orchard (148) - {T}: Add one mana of any color that a land an opponent controls could produce.
Mana: Canopy Vista (171) - {T}: Add {W}.
Add To Stack: Ai(2)-Gabe_Food cast Frodo, Adventurous Hobbit
Resolve Stack: Frodo, Adventurous Hobbit - Creature 1 / 3
Add To Stack: Ai(2)-Gabe_Food triggered Frodo, Adventurous Hobbit targeting [Ai(2)-Gabe_Food]
Resolve Stack: Partner with Sam, Loyal Attendant (When this creature enters, target player may put Sam into their hand from their library, then shuffle.) (Targeting: [[Ai(2)-Gabe_Food]]) [Zone Changer: Frodo, Adventurous Hobbit (200)]
Phase: Ai(2)-Gabe_Food's End step
Phase: Ai(2)-Gabe_Food's Cleanup step
Turn: Turn 12 (Ai(3)-Destyn_Turtles)
Phase: Ai(3)-Destyn_Turtles' Untap step
Phase: Ai(3)-Destyn_Turtles' Upkeep step
Mana: Island (231) - {T}: Add {U}.
Mana: Path of Ancestry (214) - {T}: Add one mana of any color in your commander's color identity. When that mana is spent to cast a creature spell that shares a creature type with your commander, scry 1. (Look at the top card of your library. You may put that card on the bottom.)
Add To Stack: Ai(3)-Destyn_Turtles cast Double Jump targeting [Michelangelo, the Heart (301)]
Resolve Stack: Double Jump (228) - Put a flying counter on target creature you control. Until end of turn, it has base power and toughness 5/5. (Targeting: Michelangelo, the Heart (301)) 
Phase: Ai(3)-Destyn_Turtles' Draw step
Phase: Ai(3)-Destyn_Turtles' Main phase, precombat
Phase: Ai(3)-Destyn_Turtles' Beginning of Combat Step
Phase: Ai(3)-Destyn_Turtles' Declare Attackers Step
Combat: Ai(3)-Destyn_Turtles assigned Michelangelo, the Heart (301) to attack Ai(4)-GGS_Throne_only.
Phase: Ai(3)-Destyn_Turtles' Declare Blockers Step
Combat: Ai(4)-GGS_Throne_only didn't block Michelangelo, the Heart (301).
Phase: Ai(3)-Destyn_Turtles' First Strike Damage Step
Phase: Ai(3)-Destyn_Turtles' Combat Damage Step
Damage: Michelangelo, the Heart (301) deals 5 combat damage to Ai(4)-GGS_Throne_only.
Life: Life: Ai(4)-GGS_Throne_only 34 > 29
Phase: Ai(3)-Destyn_Turtles' End of Combat Step
Phase: Ai(3)-Destyn_Turtles' Main phase, postcombat
Add To Stack: Ai(3)-Destyn_Turtles triggered Michelangelo, the Heart targeting [Michelangelo, the Heart (301)]
Resolve Stack: Raid (the Fridge) — At the beginning of your second main phase, if you attacked this turn, put a +1/+1 counter on target creature and create a Food token. (Targeting: [[Michelangelo, the Heart (301)]]) [Phase: Ai(3)-Destyn_Turtles]
Replacement Effect: Sunken Hollow enters tapped unless you control two or more basic lands.
Land: Ai(3)-Destyn_Turtles played Sunken Hollow (226)
Phase: Ai(3)-Destyn_Turtles' End step
Phase: Ai(3)-Destyn_Turtles' Cleanup step
Turn: Turn 13 (Ai(4)-GGS_Throne_only)
Phase: Ai(4)-GGS_Throne_only's Untap step
Phase: Ai(4)-GGS_Throne_only's Upkeep step
Phase: Ai(4)-GGS_Throne_only's Draw step
Phase: Ai(4)-GGS_Throne_only's Main phase, precombat
Mana: City of Brass (338) - {T}: Add one mana of any color.
Mana: Undercity Sewers (306) - {T}: Add {U}.
Mana: Xander's Lounge (389) - {T}: Add {B}.
Add To Stack: Ai(4)-GGS_Throne_only cast Goro-Goro and Satoru
Add To Stack: Ai(4)-GGS_Throne_only triggered City of Brass
Damage: City of Brass (338) deals 1 non-combat damage to Ai(4)-GGS_Throne_only.
Life: Life: Ai(4)-GGS_Throne_only 29 > 28
Resolve Stack: Whenever City of Brass becomes tapped, it deals 1 damage to you. [Tapped: City of Brass (338)]
Resolve Stack: Goro-Goro and Satoru - Creature 3 / 4
Phase: Ai(4)-GGS_Throne_only's Beginning of Combat Step
Phase: Ai(4)-GGS_Throne_only's Declare Attackers Step
Combat: Ai(4)-GGS_Throne_only assigned Phoenix Chick (373) to attack Ai(3)-Destyn_Turtles.
Phase: Ai(4)-GGS_Throne_only's Declare Blockers Step
Combat: Ai(3)-Destyn_Turtles didn't block Phoenix Chick (373).
Phase: Ai(4)-GGS_Throne_only's First Strike Damage Step
Phase: Ai(4)-GGS_Throne_only's Combat Damage Step
Damage: Phoenix Chick (373) deals 1 combat damage to Ai(3)-Destyn_Turtles.
Life: Life: Ai(3)-Destyn_Turtles 39 > 38
Phase: Ai(4)-GGS_Throne_only's End of Combat Step
Phase: Ai(4)-GGS_Throne_only's Main phase, postcombat
Phase: Ai(4)-GGS_Throne_only's End step
Phase: Ai(4)-GGS_Throne_only's Cleanup step
Turn: Turn 14 (Ai(1)-Jaymie_Ezio)
Phase: Ai(1)-Jaymie_Ezio's Untap step
Phase: Ai(1)-Jaymie_Ezio's Upkeep step
Phase: Ai(1)-Jaymie_Ezio's Draw step
Phase: Ai(1)-Jaymie_Ezio's Main phase, precombat
Land: Ai(1)-Jaymie_Ezio played Twisted Landscape (9)
Zone Change: Twisted Landscape (9) was put into Graveyard from Battlefield.
Add To Stack: Ai(1)-Jaymie_Ezio activated Twisted Landscape
Resolve Stack: Twisted Landscape (9) - Ai(1)-Jaymie_Ezio searches their library for a basic Swamp, Mountain, or Forest card, puts it onto the battlefield tapped, then shuffles.
Mana: Boros Garrison (80) - {T}: Add {R}{W}.
Mana: Twilight Mire (69) - {T}: Add {C}.
Add To Stack: Ai(1)-Jaymie_Ezio cast 
Resolve Stack: Disguise - Creature 2/2
Phase: Ai(1)-Jaymie_Ezio's Beginning of Combat Step
Phase: Ai(1)-Jaymie_Ezio's Declare Attackers Step
Phase: Ai(1)-Jaymie_Ezio's Declare Blockers Step
Phase: Ai(1)-Jaymie_Ezio's First Strike Damage Step
Phase: Ai(1)-Jaymie_Ezio's Combat Damage Step
Phase: Ai(1)-Jaymie_Ezio's End of Combat Step
Phase: Ai(1)-Jaymie_Ezio's Main phase, postcombat
Phase: Ai(1)-Jaymie_Ezio's End step
Phase: Ai(1)-Jaymie_Ezio's Cleanup step
Turn: Turn 15 (Ai(2)-Gabe_Food)
Phase: Ai(2)-Gabe_Food's Untap step
Phase: Ai(2)-Gabe_Food's Upkeep step
Phase: Ai(2)-Gabe_Food's Draw step
Phase: Ai(2)-Gabe_Food's Main phase, precombat
Replacement Effect: As Shineshadow Snarl enters, you may reveal a Plains or Swamp card from your hand. If you don't, Shineshadow Snarl enters tapped.
Land: Ai(2)-Gabe_Food played Shineshadow Snarl (121)
Mana: Exotic Orchard (148) - {T}: Add one mana of any color that a land an opponent controls could produce.
Mana: Canopy Vista (171) - {T}: Add {W}.
Mana: Swamp (162) - {T}: Add {B}.
Mana: Forest (137) - {T}: Add {G}.
Add To Stack: Ai(2)-Gabe_Food cast Dusk
Add To Stack: Ai(4)-GGS_Throne_only cast Fierce Guardianship targeting [Destroy all creatures with power 3 or greater.]
Zone Change: Send countered spell to Graveyard
Resolve Stack: Fierce Guardianship (327) - Counter Dusk (113).
Phase: Ai(2)-Gabe_Food's Beginning of Combat Step
Phase: Ai(2)-Gabe_Food's Declare Attackers Step
Phase: Ai(2)-Gabe_Food's Declare Blockers Step
Phase: Ai(2)-Gabe_Food's First Strike Damage Step
Phase: Ai(2)-Gabe_Food's Combat Damage Step
Phase: Ai(2)-Gabe_Food's End of Combat Step
Phase: Ai(2)-Gabe_Food's Main phase, postcombat
Phase: Ai(2)-Gabe_Food's End step
Phase: Ai(2)-Gabe_Food's Cleanup step
Turn: Turn 16 (Ai(3)-Destyn_Turtles)
Phase: Ai(3)-Destyn_Turtles' Untap step
Phase: Ai(3)-Destyn_Turtles' Upkeep step
Phase: Ai(3)-Destyn_Turtles' Draw step
Phase: Ai(3)-Destyn_Turtles' Main phase, precombat
Land: Ai(3)-Destyn_Turtles played Plains (289)
Mana: Plains (289) - {T}: Add {W}.
Mana: Island (231) - {T}: Add {U}.
Mana: Sunken Hollow (226) - {T}: Add {B}.
Add To Stack: Ai(3)-Destyn_Turtles cast Endless Foot Assault
Resolve Stack: Endless Foot Assault
Phase: Ai(3)-Destyn_Turtles' Beginning of Combat Step
Phase: Ai(3)-Destyn_Turtles' Declare Attackers Step
Combat: Ai(3)-Destyn_Turtles assigned Michelangelo, the Heart (301) to attack Ai(4)-GGS_Throne_only.
Add To Stack: Ai(3)-Destyn_Turtles triggered Endless Foot Assault
Add To Stack: Ai(4)-GGS_Throne_only cast Deadly Rollick targeting [Michelangelo, the Heart (301)]
Zone Change: Michelangelo, the Heart (301) was put into Exile from Battlefield.
Resolve Stack: Deadly Rollick (363) - Exile Michelangelo, the Heart (301).
Resolve Stack: Whenever you attack, for each opponent, create a 1/1 black Ninja creature token that's tapped and attacking that player. [Number Attackers: [Michelangelo, the Heart (301)]]
Phase: Ai(3)-Destyn_Turtles' Declare Blockers Step
Combat: Ai(4)-GGS_Throne_only assigned Goro-Goro and Satoru (403) to block Ninja Token (410).
Combat: Ai(1)-Jaymie_Ezio assigned Face-down card (H4) to block Ninja Token (412).
Combat: Ai(2)-Gabe_Food assigned Frodo, Adventurous Hobbit (200) to block Ninja Token (414).
Phase: Ai(3)-Destyn_Turtles' First Strike Damage Step
Phase: Ai(3)-Destyn_Turtles' Combat Damage Step
Damage: Ninja Token (410) deals 1 damage to Goro-Goro and Satoru (403).
Damage: Ninja Token (412) deals 1 damage to Face-down card (H4).
Damage: Ninja Token (414) deals 1 damage to Frodo, Adventurous Hobbit (200).
Damage: Goro-Goro and Satoru (403) deals 3 damage to Ninja Token (410).
Damage: Face-down card (H4) deals 2 damage to Ninja Token (412).
Damage: Frodo, Adventurous Hobbit (200) deals 1 damage to Ninja Token (414).
Zone Change: Ninja Token (410) was put into Graveyard from Battlefield.
Zone Change: Ninja Token (412) was put into Graveyard from Battlefield.
Zone Change: Ninja Token (414) was put into Graveyard from Battlefield.
Phase: Ai(3)-Destyn_Turtles' End of Combat Step
Phase: Ai(3)-Destyn_Turtles' Main phase, postcombat
Phase: Ai(3)-Destyn_Turtles' End step
Phase: Ai(3)-Destyn_Turtles' Cleanup step
Turn: Turn 17 (Ai(4)-GGS_Throne_only)
Phase: Ai(4)-GGS_Throne_only's Untap step
Phase: Ai(4)-GGS_Throne_only's Upkeep step
Phase: Ai(4)-GGS_Throne_only's Draw step
Mana: Undercity Sewers (306) - {T}: Add {B}.
Mana: City of Brass (338) - {T}: Add one mana of any color.
Mana: Xander's Lounge (389) - {T}: Add {R}.
Add To Stack: Ai(4)-GGS_Throne_only cast Mithril Coat
Add To Stack: Ai(4)-GGS_Throne_only triggered City of Brass
Damage: City of Brass (338) deals 1 non-combat damage to Ai(4)-GGS_Throne_only.
Life: Life: Ai(4)-GGS_Throne_only 28 > 27
Resolve Stack: Whenever City of Brass becomes tapped, it deals 1 damage to you. [Tapped: City of Brass (338)]
Resolve Stack: Mithril Coat
Add To Stack: Ai(4)-GGS_Throne_only triggered Mithril Coat targeting [Goro-Goro and Satoru (403)]
Resolve Stack: When Mithril Coat enters, attach it to target legendary creature you control. (Targeting: [[Goro-Goro and Satoru (403)]]) [Zone Changer: Mithril Coat (394)]
Phase: Ai(4)-GGS_Throne_only's Main phase, precombat
Phase: Ai(4)-GGS_Throne_only's Beginning of Combat Step
Phase: Ai(4)-GGS_Throne_only's Declare Attackers Step
Combat: Ai(4)-GGS_Throne_only assigned Phoenix Chick (373) and Goro-Goro and Satoru (403) to attack Ai(1)-Jaymie_Ezio.
Phase: Ai(4)-GGS_Throne_only's Declare Blockers Step
Combat: Ai(1)-Jaymie_Ezio didn't block Phoenix Chick (373).
Ai(1)-Jaymie_Ezio didn't block Goro-Goro and Satoru (403).
Phase: Ai(4)-GGS_Throne_only's First Strike Damage Step
Phase: Ai(4)-GGS_Throne_only's Combat Damage Step
Damage: Phoenix Chick (373) deals 1 combat damage to Ai(1)-Jaymie_Ezio.
Damage: Goro-Goro and Satoru (403) deals 3 combat damage to Ai(1)-Jaymie_Ezio.
Life: Life: Ai(1)-Jaymie_Ezio 39 > 35
Phase: Ai(4)-GGS_Throne_only's End of Combat Step
Phase: Ai(4)-GGS_Throne_only's Main phase, postcombat
Phase: Ai(4)-GGS_Throne_only's End step
Phase: Ai(4)-GGS_Throne_only's Cleanup step
Turn: Turn 18 (Ai(1)-Jaymie_Ezio)
Phase: Ai(1)-Jaymie_Ezio's Untap step
Phase: Ai(1)-Jaymie_Ezio's Upkeep step
Phase: Ai(1)-Jaymie_Ezio's Draw step
Phase: Ai(1)-Jaymie_Ezio's Main phase, precombat
Land: Ai(1)-Jaymie_Ezio played Swamp (59)
Mana: Swamp (59) - {T}: Add {B}.
Mana: Mountain (87) - {T}: Add {R}.
Resolve Stack: Ai(1)-Jaymie_Ezio has undisguised Arno Dorian
Phase: Ai(1)-Jaymie_Ezio's Beginning of Combat Step
Phase: Ai(1)-Jaymie_Ezio's Declare Attackers Step
Combat: Ai(1)-Jaymie_Ezio assigned Arno Dorian (24) to attack Ai(4)-GGS_Throne_only.
Phase: Ai(1)-Jaymie_Ezio's Declare Blockers Step
Combat: Ai(4)-GGS_Throne_only didn't block Arno Dorian (24).
Phase: Ai(1)-Jaymie_Ezio's First Strike Damage Step
Phase: Ai(1)-Jaymie_Ezio's Combat Damage Step
Damage: Arno Dorian (24) deals 3 combat damage to Ai(4)-GGS_Throne_only.
Life: Life: Ai(4)-GGS_Throne_only 27 > 24
Phase: Ai(1)-Jaymie_Ezio's End of Combat Step
Phase: Ai(1)-Jaymie_Ezio's Main phase, postcombat
Mana: Boros Garrison (80) - {T}: Add {R}{W}.
Add To Stack: Ai(1)-Jaymie_Ezio cast Fellwar Stone
Resolve Stack: Fellwar Stone
Phase: Ai(1)-Jaymie_Ezio's End step
Phase: Ai(1)-Jaymie_Ezio's Cleanup step
Turn: Turn 19 (Ai(2)-Gabe_Food)
Phase: Ai(2)-Gabe_Food's Untap step
Phase: Ai(2)-Gabe_Food's Upkeep step
Phase: Ai(2)-Gabe_Food's Draw step
Phase: Ai(2)-Gabe_Food's Main phase, precombat
Mana: Exotic Orchard (148) - {T}: Add one mana of any color that a land an opponent controls could produce.
Mana: Swamp (162) - {T}: Add {B}.
Mana: Forest (137) - {T}: Add {G}.
Mana: Shineshadow Snarl (121) - {T}: Add {W} or {B}.
Mana: Canopy Vista (171) - {T}: Add {G}.
Add To Stack: Ai(2)-Gabe_Food cast Fell the Mighty targeting [Frodo, Adventurous Hobbit (200)]
Zone Change: Arno Dorian (24) was put into Graveyard from Battlefield.
Resolve Stack: Fell the Mighty (123) - Destroy all creatures with power greater than target creature's power.
Phase: Ai(2)-Gabe_Food's Beginning of Combat Step
Phase: Ai(2)-Gabe_Food's Declare Attackers Step
Combat: Ai(2)-Gabe_Food assigned Frodo, Adventurous Hobbit (200) to attack Ai(4)-GGS_Throne_only.
Phase: Ai(2)-Gabe_Food's Declare Blockers Step
Combat: Ai(4)-GGS_Throne_only didn't block Frodo, Adventurous Hobbit (200).
Phase: Ai(2)-Gabe_Food's First Strike Damage Step
Phase: Ai(2)-Gabe_Food's Combat Damage Step
Damage: Frodo, Adventurous Hobbit (200) deals 1 combat damage to Ai(4)-GGS_Throne_only.
Life: Life: Ai(4)-GGS_Throne_only 24 > 23
Phase: Ai(2)-Gabe_Food's End of Combat Step
Phase: Ai(2)-Gabe_Food's Main phase, postcombat
Phase: Ai(2)-Gabe_Food's End step
Phase: Ai(2)-Gabe_Food's Cleanup step
Turn: Turn 20 (Ai(3)-Destyn_Turtles)
Phase: Ai(3)-Destyn_Turtles' Untap step
Phase: Ai(3)-Destyn_Turtles' Upkeep step
Phase: Ai(3)-Destyn_Turtles' Draw step
Phase: Ai(3)-Destyn_Turtles' Main phase, precombat
Land: Ai(3)-Destyn_Turtles played Forest (240)
Phase: Ai(3)-Destyn_Turtles' Beginning of Combat Step
Phase: Ai(3)-Destyn_Turtles' Declare Attackers Step
Phase: Ai(3)-Destyn_Turtles' Declare Blockers Step
Phase: Ai(3)-Destyn_Turtles' First Strike Damage Step
Phase: Ai(3)-Destyn_Turtles' Combat Damage Step
Phase: Ai(3)-Destyn_Turtles' End of Combat Step
Phase: Ai(3)-Destyn_Turtles' Main phase, postcombat
Mana: Plains (289) - {T}: Add {W}.
Mana: Forest (240) - {T}: Add {G}.
Mana: Island (231) - {T}: Add {U}.
Mana: Sunken Hollow (226) - {T}: Add {B}.
Add To Stack: Ai(3)-Destyn_Turtles cast Leonardo, the Balance
Resolve Stack: Leonardo, the Balance - Creature 3 / 3
Phase: Ai(3)-Destyn_Turtles' End step
Phase: Ai(3)-Destyn_Turtles' Cleanup step
Turn: Turn 21 (Ai(4)-GGS_Throne_only)
Phase: Ai(4)-GGS_Throne_only's Untap step
Phase: Ai(4)-GGS_Throne_only's Upkeep step
Phase: Ai(4)-GGS_Throne_only's Draw step
Phase: Ai(4)-GGS_Throne_only's Main phase, precombat
Mana: Undercity Sewers (306) - {T}: Add {U}.
Mana: City of Brass (338) - {T}: Add one mana of any color.
Mana: Xander's Lounge (389) - {T}: Add {R}.
Add To Stack: Ai(4)-GGS_Throne_only cast Satoru Umezawa
Add To Stack: Ai(4)-GGS_Throne_only triggered City of Brass
Damage: City of Brass (338) deals 1 non-combat damage to Ai(4)-GGS_Throne_only.
Life: Life: Ai(4)-GGS_Throne_only 23 > 22
Resolve Stack: Whenever City of Brass becomes tapped, it deals 1 damage to you. [Tapped: City of Brass (338)]
Resolve Stack: Satoru Umezawa - Creature 2 / 4
Phase: Ai(4)-GGS_Throne_only's Beginning of Combat Step
Phase: Ai(4)-GGS_Throne_only's Declare Attackers Step
Combat: Ai(4)-GGS_Throne_only assigned Phoenix Chick (373) and Goro-Goro and Satoru (403) to attack Ai(3)-Destyn_Turtles.
Phase: Ai(4)-GGS_Throne_only's Declare Blockers Step
Combat: Ai(3)-Destyn_Turtles didn't block Phoenix Chick (373).
Ai(3)-Destyn_Turtles didn't block Goro-Goro and Satoru (403).
Phase: Ai(4)-GGS_Throne_only's First Strike Damage Step
Phase: Ai(4)-GGS_Throne_only's Combat Damage Step
Damage: Phoenix Chick (373) deals 1 combat damage to Ai(3)-Destyn_Turtles.
Damage: Goro-Goro and Satoru (403) deals 3 combat damage to Ai(3)-Destyn_Turtles.
Life: Life: Ai(3)-Destyn_Turtles 38 > 34
Phase: Ai(4)-GGS_Throne_only's End of Combat Step
Phase: Ai(4)-GGS_Throne_only's Main phase, postcombat
Phase: Ai(4)-GGS_Throne_only's End step
Phase: Ai(4)-GGS_Throne_only's Cleanup step
Turn: Turn 22 (Ai(1)-Jaymie_Ezio)
Phase: Ai(1)-Jaymie_Ezio's Untap step
Phase: Ai(1)-Jaymie_Ezio's Upkeep step
Phase: Ai(1)-Jaymie_Ezio's Draw step
Phase: Ai(1)-Jaymie_Ezio's Main phase, precombat
Land: Ai(1)-Jaymie_Ezio played Brotherhood Headquarters (25)
Mana: Swamp (59) - {T}: Add {B}.
Mana: Mountain (87) - {T}: Add {R}.
Mana: Fellwar Stone (76) - {T}: Add one mana of any color that a land an opponent controls could produce.
Mana: Boros Garrison (80) - {T}: Add {R}{W}.
Add To Stack: Ai(1)-Jaymie_Ezio cast Restart Sequence targeting [Arno Dorian (24)]
Resolve Stack: Restart Sequence (73) - Return Arno Dorian (24) from the graveyard to the battlefield.
Phase: Ai(1)-Jaymie_Ezio's Beginning of Combat Step
Phase: Ai(1)-Jaymie_Ezio's Declare Attackers Step
Phase: Ai(1)-Jaymie_Ezio's Declare Blockers Step
Phase: Ai(1)-Jaymie_Ezio's First Strike Damage Step
Phase: Ai(1)-Jaymie_Ezio's Combat Damage Step
Phase: Ai(1)-Jaymie_Ezio's End of Combat Step
Phase: Ai(1)-Jaymie_Ezio's Main phase, postcombat
Phase: Ai(1)-Jaymie_Ezio's End step
Phase: Ai(1)-Jaymie_Ezio's Cleanup step
Turn: Turn 23 (Ai(2)-Gabe_Food)
Phase: Ai(2)-Gabe_Food's Untap step
Phase: Ai(2)-Gabe_Food's Upkeep step
Phase: Ai(2)-Gabe_Food's Draw step
Phase: Ai(2)-Gabe_Food's Main phase, precombat
Mana: Exotic Orchard (148) - {T}: Add one mana of any color that a land an opponent controls could produce.
Mana: Forest (137) - {T}: Add {G}.
Mana: Swamp (162) - {T}: Add {B}.
Add To Stack: Ai(2)-Gabe_Food cast Sam, Loyal Attendant
Resolve Stack: Sam, Loyal Attendant - Creature 2 / 4
Add To Stack: Ai(2)-Gabe_Food triggered Sam, Loyal Attendant targeting [Ai(2)-Gabe_Food]
Resolve Stack: Partner with Frodo, Adventurous Hobbit (When this creature enters, target player may put Frodo into their hand from their library, then shuffle.) (Targeting: [[Ai(2)-Gabe_Food]]) [Zone Changer: Sam, Loyal Attendant (202)]
Phase: Ai(2)-Gabe_Food's Beginning of Combat Step
Add To Stack: Ai(2)-Gabe_Food triggered Sam, Loyal Attendant
Resolve Stack: At the beginning of combat on your turn, create a Food token. (It's an artifact with "{2}, {T}, Sacrifice this token: You gain 3 life.") [Phase: Ai(2)-Gabe_Food]
Phase: Ai(2)-Gabe_Food's Declare Attackers Step
Phase: Ai(2)-Gabe_Food's Declare Blockers Step
Phase: Ai(2)-Gabe_Food's First Strike Damage Step
Phase: Ai(2)-Gabe_Food's Combat Damage Step
Phase: Ai(2)-Gabe_Food's End of Combat Step
Phase: Ai(2)-Gabe_Food's Main phase, postcombat
Mana: Canopy Vista (171) - {T}: Add {G}.
Mana: Shineshadow Snarl (121) - {T}: Add {W} or {B}.
Add To Stack: Ai(2)-Gabe_Food cast Prize Pig
Resolve Stack: Prize Pig - Creature 0 / 3
Phase: Ai(2)-Gabe_Food's End step
Phase: Ai(2)-Gabe_Food's Cleanup step
Turn: Turn 24 (Ai(3)-Destyn_Turtles)
Phase: Ai(3)-Destyn_Turtles' Untap step
Phase: Ai(3)-Destyn_Turtles' Upkeep step
Phase: Ai(3)-Destyn_Turtles' Draw step
Phase: Ai(3)-Destyn_Turtles' Main phase, precombat
Replacement Effect: This land enters tapped.
Land: Ai(3)-Destyn_Turtles played Hidden Hideout (256)
Phase: Ai(3)-Destyn_Turtles' Beginning of Combat Step
Phase: Ai(3)-Destyn_Turtles' Declare Attackers Step
Phase: Ai(3)-Destyn_Turtles' Declare Blockers Step
Phase: Ai(3)-Destyn_Turtles' First Strike Damage Step
Phase: Ai(3)-Destyn_Turtles' Combat Damage Step
Phase: Ai(3)-Destyn_Turtles' End of Combat Step
Phase: Ai(3)-Destyn_Turtles' Main phase, postcombat
Mana: Forest (240) - {T}: Add {G}.
Mana: Island (231) - {T}: Add {U}.
Mana: Plains (289) - {T}: Add {W}.
Mana: Sunken Hollow (226) - {T}: Add {B}.
Add To Stack: Ai(3)-Destyn_Turtles cast Michelangelo, the Heart
Resolve Stack: Michelangelo, the Heart - Creature 2 / 1
Phase: Ai(3)-Destyn_Turtles' End step
Phase: Ai(3)-Destyn_Turtles' Cleanup step
Turn: Turn 25 (Ai(4)-GGS_Throne_only)
Phase: Ai(4)-GGS_Throne_only's Untap step
Phase: Ai(4)-GGS_Throne_only's Upkeep step
Phase: Ai(4)-GGS_Throne_only's Draw step
Phase: Ai(4)-GGS_Throne_only's Main phase, precombat
Land: Ai(4)-GGS_Throne_only played Takenuma, Abandoned Mire (387)
Phase: Ai(4)-GGS_Throne_only's Beginning of Combat Step
Phase: Ai(4)-GGS_Throne_only's Declare Attackers Step
Combat: Ai(4)-GGS_Throne_only assigned Phoenix Chick (373) and Goro-Goro and Satoru (403) to attack Ai(3)-Destyn_Turtles.
Phase: Ai(4)-GGS_Throne_only's Declare Blockers Step
Combat: Ai(3)-Destyn_Turtles didn't block Phoenix Chick (373).
Ai(3)-Destyn_Turtles didn't block Goro-Goro and Satoru (403).
Mana: Undercity Sewers (306) - {T}: Add {U}.
Mana: Takenuma, Abandoned Mire (387) - {T}: Add {B}.
Mana: City of Brass (338) - {T}: Add one mana of any color.
Mana: Xander's Lounge (389) - {T}: Add {R}.
Add To Stack: Ai(4)-GGS_Throne_only activated Karlach, Fury of Avernus
Add To Stack: Ai(4)-GGS_Throne_only triggered City of Brass
Add To Stack: Ai(4)-GGS_Throne_only triggered Satoru Umezawa
Resolve Stack: Whenever you activate a ninjutsu ability, look at the top three cards of your library. Put one of them into your hand and the rest on the bottom of your library in any order. This ability triggers only once each turn. [Card: Karlach, Fury of Avernus (314), Activator: Ai(4)-GGS_Throne_only, SpellAbility: Ninjutsu {2}{U}{B} ({2}{U}{B}, Return an unblocked attacker you control to hand: Put this card onto the battlefield from your hand tapped and attacking.)]
Damage: City of Brass (338) deals 1 non-combat damage to Ai(4)-GGS_Throne_only.
Life: Life: Ai(4)-GGS_Throne_only 22 > 21
Resolve Stack: Whenever City of Brass becomes tapped, it deals 1 damage to you. [Tapped: City of Brass (338)]
Resolve Stack: Karlach, Fury of Avernus (314) - Ai(4)-GGS_Throne_only puts Karlach, Fury of Avernus (314) from their hand onto the battlefield tapped and attacking.
Phase: Ai(4)-GGS_Throne_only's First Strike Damage Step
Phase: Ai(4)-GGS_Throne_only's Combat Damage Step
Damage: Goro-Goro and Satoru (403) deals 3 combat damage to Ai(3)-Destyn_Turtles.
Damage: Karlach, Fury of Avernus (314) deals 5 combat damage to Ai(3)-Destyn_Turtles.
Life: Life: Ai(3)-Destyn_Turtles 34 > 26
Add To Stack: Ai(4)-GGS_Throne_only triggered Goro-Goro and Satoru
Resolve Stack: Whenever one or more creatures you control that entered this turn deal combat damage to a player, create a 5/5 red Dragon Spirit creature token with flying. [Damaged: Ai(3)-Destyn_Turtles, Amount: 5]
Add To Stack: Ai(4)-GGS_Throne_only triggered Dragon Tempest targeting [Michelangelo, the Heart (301)]
Add To Stack: Ai(4)-GGS_Throne_only triggered Dragon Tempest
Resolve Stack: Whenever a creature you control with flying enters, it gains haste until end of turn. [Zone Changer: Dragon Spirit Token (420)]
Damage: Dragon Spirit Token (420) deals 1 damage to Michelangelo, the Heart (301).
Resolve Stack: Whenever a Dragon you control enters, it deals X damage to any target, where X is the number of Dragons you control. (Targeting: [[Michelangelo, the Heart (301)]]) [Zone Changer: Dragon Spirit Token (420)]
Zone Change: Michelangelo, the Heart (301) was put into Graveyard from Battlefield.
Phase: Ai(4)-GGS_Throne_only's End of Combat Step
Phase: Ai(4)-GGS_Throne_only's Main phase, postcombat
Phase: Ai(4)-GGS_Throne_only's End step
Phase: Ai(4)-GGS_Throne_only's Cleanup step
Turn: Turn 26 (Ai(1)-Jaymie_Ezio)
Phase: Ai(1)-Jaymie_Ezio's Untap step
Phase: Ai(1)-Jaymie_Ezio's Upkeep step
Phase: Ai(1)-Jaymie_Ezio's Draw step
Phase: Ai(1)-Jaymie_Ezio's Main phase, precombat
Phase: Ai(1)-Jaymie_Ezio's Beginning of Combat Step
Phase: Ai(1)-Jaymie_Ezio's Declare Attackers Step
Phase: Ai(1)-Jaymie_Ezio's Declare Blockers Step
Phase: Ai(1)-Jaymie_Ezio's First Strike Damage Step
Phase: Ai(1)-Jaymie_Ezio's Combat Damage Step
Phase: Ai(1)-Jaymie_Ezio's End of Combat Step
Phase: Ai(1)-Jaymie_Ezio's Main phase, postcombat
Mana: Fellwar Stone (76) - {T}: Add one mana of any color that a land an opponent controls could produce.
Mana: Mountain (87) - {T}: Add {R}.
Mana: Swamp (59) - {T}: Add {B}.
Mana: Boros Garrison (80) - {T}: Add {R}{W}.
Add To Stack: Ai(1)-Jaymie_Ezio cast Viewpoint Synchronization
Resolve Stack: Viewpoint Synchronization (74) - Search your library for up to three basic land cards and reveal them. Put two of them onto the battlefield tapped and the other into your hand, then shuffle.   
Land: Ai(1)-Jaymie_Ezio played Plains (90)
Mana: Brotherhood Headquarters (25) - {T}: Add one mana of any color. Spend this mana only to cast an Assassin spell or a spell that has freerunning, or to activate an ability of an Assassin source.
Mana: Plains (90) - {T}: Add {W}.
Mana: Twilight Mire (69) - {T}: Add {C}.
Add To Stack: Ai(1)-Jaymie_Ezio cast Unstoppable Slasher
Resolve Stack: Unstoppable Slasher - Creature 2 / 3
Phase: Ai(1)-Jaymie_Ezio's End step
Phase: Ai(1)-Jaymie_Ezio's Cleanup step
Turn: Turn 27 (Ai(2)-Gabe_Food)
Phase: Ai(2)-Gabe_Food's Untap step
Phase: Ai(2)-Gabe_Food's Upkeep step
Phase: Ai(2)-Gabe_Food's Draw step
Phase: Ai(2)-Gabe_Food's Main phase, precombat
Mana: Exotic Orchard (148) - {T}: Add one mana of any color that a land an opponent controls could produce.
Mana: Swamp (162) - {T}: Add {B}.
Mana: Forest (137) - {T}: Add {G}.
Add To Stack: Ai(2)-Gabe_Food cast Mentor of the Meek
Resolve Stack: Mentor of the Meek - Creature 2 / 2
Phase: Ai(2)-Gabe_Food's Beginning of Combat Step
Add To Stack: Ai(2)-Gabe_Food triggered Sam, Loyal Attendant
Resolve Stack: At the beginning of combat on your turn, create a Food token. (It's an artifact with "{2}, {T}, Sacrifice this token: You gain 3 life.") [Phase: Ai(2)-Gabe_Food]
Phase: Ai(2)-Gabe_Food's Declare Attackers Step
Phase: Ai(2)-Gabe_Food's Declare Blockers Step
Phase: Ai(2)-Gabe_Food's First Strike Damage Step
Phase: Ai(2)-Gabe_Food's Combat Damage Step
Phase: Ai(2)-Gabe_Food's End of Combat Step
Phase: Ai(2)-Gabe_Food's Main phase, postcombat
Mana: Shineshadow Snarl (121) - {T}: Add {W} or {B}.
Mana: Canopy Vista (171) - {T}: Add {G}.
Mana: Prize Pig (130) - {T}: Add one mana of any color.
Add To Stack: Ai(2)-Gabe_Food cast Rapacious Guest
Resolve Stack: Rapacious Guest - Creature 2 / 2
Add To Stack: Ai(2)-Gabe_Food triggered Mentor of the Meek
Resolve Stack: Whenever another creature you control with power 2 or less enters, you may pay {1}. If you do, draw a card. [Zone Changer: Rapacious Guest (110)]
Phase: Ai(2)-Gabe_Food's End step
Phase: Ai(2)-Gabe_Food's Cleanup step
Turn: Turn 28 (Ai(3)-Destyn_Turtles)
Phase: Ai(3)-Destyn_Turtles' Untap step
Phase: Ai(3)-Destyn_Turtles' Upkeep step
Phase: Ai(3)-Destyn_Turtles' Draw step
Phase: Ai(3)-Destyn_Turtles' Main phase, precombat
Phase: Ai(3)-Destyn_Turtles' Beginning of Combat Step
Phase: Ai(3)-Destyn_Turtles' Declare Attackers Step
Phase: Ai(3)-Destyn_Turtles' Declare Blockers Step
Phase: Ai(3)-Destyn_Turtles' First Strike Damage Step
Phase: Ai(3)-Destyn_Turtles' Combat Damage Step
Phase: Ai(3)-Destyn_Turtles' End of Combat Step
Phase: Ai(3)-Destyn_Turtles' Main phase, postcombat
Replacement Effect: Thriving Moor enters tapped.
Replacement Effect: As Thriving Moor enters, choose a color other than black.
Land: Ai(3)-Destyn_Turtles played Thriving Moor (298)
Mana: Forest (240) - {T}: Add {G}.
Mana: Island (231) - {T}: Add {U}.
Mana: Plains (289) - {T}: Add {W}.
Mana: Sunken Hollow (226) - {T}: Add {B}.
Mana: Path of Ancestry (214) - {T}: Add one mana of any color in your commander's color identity. When that mana is spent to cast a creature spell that shares a creature type with your commander, scry 1. (Look at the top card of your library. You may put that card on the bottom.)
Mana: Hidden Hideout (256) - {T}: Add one mana of any color in your commander's color identity.
Add To Stack: Ai(3)-Destyn_Turtles cast Michelangelo, the Heart
Add To Stack: Ai(3)-Destyn_Turtles triggered Path of Ancestry
Resolve Stack: Ai(3)-Destyn_Turtles scried 1 card(s) to the top of the library
Resolve Stack: When mana produced by Path of Ancestry is spent to cast a creature spell that shares a creature type with your commander, scry 1. ([Michelangelo, the Heart - Creature 2 / 1]) [Card: Michelangelo, the Heart (301), Activator: Ai(3)-Destyn_Turtles, SpellAbility: Michelangelo, the Heart - Creature 2 / 1]
Resolve Stack: Michelangelo, the Heart - Creature 2 / 1
Phase: Ai(3)-Destyn_Turtles' End step
Phase: Ai(3)-Destyn_Turtles' Cleanup step
Turn: Turn 29 (Ai(4)-GGS_Throne_only)
Phase: Ai(4)-GGS_Throne_only's Untap step
Phase: Ai(4)-GGS_Throne_only's Upkeep step
Phase: Ai(4)-GGS_Throne_only's Draw step
Phase: Ai(4)-GGS_Throne_only's Main phase, precombat
Mana: City of Brass (338) - {T}: Add one mana of any color.
Add To Stack: Ai(4)-GGS_Throne_only cast Phoenix Chick
Add To Stack: Ai(4)-GGS_Throne_only triggered City of Brass
Damage: City of Brass (338) deals 1 non-combat damage to Ai(4)-GGS_Throne_only.
Life: Life: Ai(4)-GGS_Throne_only 21 > 20
Resolve Stack: Whenever City of Brass becomes tapped, it deals 1 damage to you. [Tapped: City of Brass (338)]
Resolve Stack: Phoenix Chick - Creature 1 / 1
Add To Stack: Ai(4)-GGS_Throne_only triggered Dragon Tempest
Resolve Stack: Whenever a creature you control with flying enters, it gains haste until end of turn. [Zone Changer: Phoenix Chick (373)]
Phase: Ai(4)-GGS_Throne_only's Beginning of Combat Step
Phase: Ai(4)-GGS_Throne_only's Declare Attackers Step
Combat: Ai(4)-GGS_Throne_only assigned Phoenix Chick (373), Karlach, Fury of Avernus (314) and Dragon Spirit Token (420) to attack Ai(2)-Gabe_Food.
Add To Stack: Ai(4)-GGS_Throne_only triggered Karlach, Fury of Avernus
Resolve Stack: Whenever you attack, if it's the first combat phase of the turn, untap all attacking creatures. They gain first strike until end of turn. After this phase, there is an additional combat phase. [Number Attackers: [Phoenix Chick (373), Karlach, Fury of Avernus (314), Dragon Spirit Token (420)]]
Phase: Ai(4)-GGS_Throne_only's Declare Blockers Step
Combat: Ai(2)-Gabe_Food didn't block Phoenix Chick (373).
Ai(2)-Gabe_Food didn't block Karlach, Fury of Avernus (314).
Ai(2)-Gabe_Food didn't block Dragon Spirit Token (420).
Phase: Ai(4)-GGS_Throne_only's First Strike Damage Step
Damage: Phoenix Chick (373) deals 1 combat damage to Ai(2)-Gabe_Food.
Damage: Karlach, Fury of Avernus (314) deals 5 combat damage to Ai(2)-Gabe_Food.
Damage: Dragon Spirit Token (420) deals 5 combat damage to Ai(2)-Gabe_Food.
Life: Life: Ai(2)-Gabe_Food 40 > 29
Add To Stack: Ai(4)-GGS_Throne_only triggered Goro-Goro and Satoru
Resolve Stack: Whenever one or more creatures you control that entered this turn deal combat damage to a player, create a 5/5 red Dragon Spirit creature token with flying. [Damaged: Ai(2)-Gabe_Food, Amount: 1]
Add To Stack: Ai(4)-GGS_Throne_only triggered Dragon Tempest targeting [Michelangelo, the Heart (301)]
Add To Stack: Ai(4)-GGS_Throne_only triggered Dragon Tempest
Resolve Stack: Whenever a creature you control with flying enters, it gains haste until end of turn. [Zone Changer: Dragon Spirit Token (426)]
Damage: Dragon Spirit Token (426) deals 2 damage to Michelangelo, the Heart (301).
Resolve Stack: Whenever a Dragon you control enters, it deals X damage to any target, where X is the number of Dragons you control. (Targeting: [[Michelangelo, the Heart (301)]]) [Zone Changer: Dragon Spirit Token (426)]
Zone Change: Michelangelo, the Heart (301) was put into Graveyard from Battlefield.
Phase: Ai(4)-GGS_Throne_only's Combat Damage Step
Phase: Ai(4)-GGS_Throne_only's End of Combat Step
Phase: AdditionalAi(4)-GGS_Throne_only's Beginning of Combat Step
Phase: Ai(4)-GGS_Throne_only's Declare Attackers Step
Combat: Ai(4)-GGS_Throne_only assigned Phoenix Chick (373), Karlach, Fury of Avernus (314), Dragon Spirit Token (420) and Dragon Spirit Token (426) to attack Ai(2)-Gabe_Food.
Phase: Ai(4)-GGS_Throne_only's Declare Blockers Step
Combat: Ai(2)-Gabe_Food didn't block Phoenix Chick (373).
Ai(2)-Gabe_Food didn't block Karlach, Fury of Avernus (314).
Ai(2)-Gabe_Food didn't block Dragon Spirit Token (420).
Ai(2)-Gabe_Food didn't block Dragon Spirit Token (426).
Phase: Ai(4)-GGS_Throne_only's First Strike Damage Step
Damage: Phoenix Chick (373) deals 1 combat damage to Ai(2)-Gabe_Food.
Damage: Karlach, Fury of Avernus (314) deals 5 combat damage to Ai(2)-Gabe_Food.
Damage: Dragon Spirit Token (420) deals 5 combat damage to Ai(2)-Gabe_Food.
Life: Life: Ai(2)-Gabe_Food 29 > 18
Add To Stack: Ai(4)-GGS_Throne_only triggered Goro-Goro and Satoru
Resolve Stack: Whenever one or more creatures you control that entered this turn deal combat damage to a player, create a 5/5 red Dragon Spirit creature token with flying. [Damaged: Ai(2)-Gabe_Food, Amount: 1]
Add To Stack: Ai(4)-GGS_Throne_only triggered Dragon Tempest targeting [Frodo, Adventurous Hobbit (200)]
Add To Stack: Ai(4)-GGS_Throne_only triggered Dragon Tempest
Resolve Stack: Whenever a creature you control with flying enters, it gains haste until end of turn. [Zone Changer: Dragon Spirit Token (429)]
Damage: Dragon Spirit Token (429) deals 3 damage to Frodo, Adventurous Hobbit (200).
Resolve Stack: Whenever a Dragon you control enters, it deals X damage to any target, where X is the number of Dragons you control. (Targeting: [[Frodo, Adventurous Hobbit (200)]]) [Zone Changer: Dragon Spirit Token (429)]
Zone Change: Frodo, Adventurous Hobbit (200) was put into Graveyard from Battlefield.
Phase: Ai(4)-GGS_Throne_only's Combat Damage Step
Damage: Dragon Spirit Token (426) deals 5 combat damage to Ai(2)-Gabe_Food.
Life: Life: Ai(2)-Gabe_Food 18 > 13
Add To Stack: Ai(4)-GGS_Throne_only triggered Goro-Goro and Satoru
Resolve Stack: Whenever one or more creatures you control that entered this turn deal combat damage to a player, create a 5/5 red Dragon Spirit creature token with flying. [Damaged: Ai(2)-Gabe_Food, Amount: 5]
Add To Stack: Ai(4)-GGS_Throne_only triggered Dragon Tempest targeting [Sam, Loyal Attendant (202)]
Add To Stack: Ai(4)-GGS_Throne_only triggered Dragon Tempest
Resolve Stack: Whenever a creature you control with flying enters, it gains haste until end of turn. [Zone Changer: Dragon Spirit Token (432)]
Damage: Dragon Spirit Token (432) deals 4 damage to Sam, Loyal Attendant (202).
Resolve Stack: Whenever a Dragon you control enters, it deals X damage to any target, where X is the number of Dragons you control. (Targeting: [[Sam, Loyal Attendant (202)]]) [Zone Changer: Dragon Spirit Token (432)]
Zone Change: Sam, Loyal Attendant (202) was put into Graveyard from Battlefield.
Phase: Ai(4)-GGS_Throne_only's End of Combat Step
Phase: Ai(4)-GGS_Throne_only's Main phase, postcombat
Mana: Takenuma, Abandoned Mire (387) - {T}: Add {B}.
Mana: Undercity Sewers (306) - {T}: Add {B}.
Add To Stack: Ai(4)-GGS_Throne_only cast Talisman of Dominance
Resolve Stack: Talisman of Dominance
Phase: Ai(4)-GGS_Throne_only's End step
Phase: Ai(4)-GGS_Throne_only's Cleanup step
Turn: Turn 30 (Ai(1)-Jaymie_Ezio)
Phase: Ai(1)-Jaymie_Ezio's Untap step
Phase: Ai(1)-Jaymie_Ezio's Upkeep step
Phase: Ai(1)-Jaymie_Ezio's Draw step
Phase: Ai(1)-Jaymie_Ezio's Main phase, precombat
Phase: Ai(1)-Jaymie_Ezio's Beginning of Combat Step
Phase: Ai(1)-Jaymie_Ezio's Declare Attackers Step
Phase: Ai(1)-Jaymie_Ezio's Declare Blockers Step
Phase: Ai(1)-Jaymie_Ezio's First Strike Damage Step
Phase: Ai(1)-Jaymie_Ezio's Combat Damage Step
Phase: Ai(1)-Jaymie_Ezio's End of Combat Step
Phase: Ai(1)-Jaymie_Ezio's Main phase, postcombat
Mana: Fellwar Stone (76) - {T}: Add one mana of any color that a land an opponent controls could produce.
Mana: Swamp (59) - {T}: Add {B}.
Mana: Mountain (87) - {T}: Add {R}.
Mana: Island (34) - {T}: Add {U}.
Add To Stack: Ai(1)-Jaymie_Ezio cast Ramses, Assassin Lord
Resolve Stack: Ramses, Assassin Lord - Creature 4 / 4
Mana: Brotherhood Headquarters (25) - {T}: Add one mana of any color. Spend this mana only to cast an Assassin spell or a spell that has freerunning, or to activate an ability of an Assassin source.
Mana: Plains (89) - {T}: Add {W}.
Mana: Plains (90) - {T}: Add {W}.
Mana: Boros Garrison (80) - {T}: Add {R}{W}.
Add To Stack: Ai(1)-Jaymie_Ezio cast Ezio Auditore da Firenze
Resolve Stack: Ezio Auditore da Firenze - Creature 3 / 2
Phase: Ai(1)-Jaymie_Ezio's End step
Phase: Ai(1)-Jaymie_Ezio's Cleanup step
Turn: Turn 31 (Ai(2)-Gabe_Food)
Phase: Ai(2)-Gabe_Food's Untap step
Phase: Ai(2)-Gabe_Food's Upkeep step
Phase: Ai(2)-Gabe_Food's Draw step
Phase: Ai(2)-Gabe_Food's Main phase, precombat
Mana: Exotic Orchard (148) - {T}: Add one mana of any color that a land an opponent controls could produce.
Mana: Forest (137) - {T}: Add {G}.
Mana: Swamp (162) - {T}: Add {B}.
Mana: Shineshadow Snarl (121) - {T}: Add {W} or {B}.
Mana: Canopy Vista (171) - {T}: Add {G}.
Add To Stack: Ai(2)-Gabe_Food cast Sam, Loyal Attendant
Resolve Stack: Sam, Loyal Attendant - Creature 2 / 4
Add To Stack: Ai(2)-Gabe_Food triggered Sam, Loyal Attendant targeting [Ai(2)-Gabe_Food]
Add To Stack: Ai(2)-Gabe_Food triggered Mentor of the Meek
Mana: Prize Pig (130) - {T}: Add one mana of any color.
Resolve Stack: Whenever another creature you control with power 2 or less enters, you may pay {1}. If you do, draw a card. [Zone Changer: Sam, Loyal Attendant (202)]
Resolve Stack: Partner with Frodo, Adventurous Hobbit (When this creature enters, target player may put Frodo into their hand from their library, then shuffle.) (Targeting: [[Ai(2)-Gabe_Food]]) [Zone Changer: Sam, Loyal Attendant (202)]
Phase: Ai(2)-Gabe_Food's Beginning of Combat Step
Add To Stack: Ai(2)-Gabe_Food triggered Sam, Loyal Attendant
Resolve Stack: At the beginning of combat on your turn, create a Food token. (It's an artifact with "{2}, {T}, Sacrifice this token: You gain 3 life.") [Phase: Ai(2)-Gabe_Food]
Phase: Ai(2)-Gabe_Food's Declare Attackers Step
Phase: Ai(2)-Gabe_Food's Declare Blockers Step
Phase: Ai(2)-Gabe_Food's First Strike Damage Step
Phase: Ai(2)-Gabe_Food's Combat Damage Step
Phase: Ai(2)-Gabe_Food's End of Combat Step
Phase: Ai(2)-Gabe_Food's Main phase, postcombat
Phase: Ai(2)-Gabe_Food's End step
Phase: Ai(2)-Gabe_Food's Cleanup step
Turn: Turn 32 (Ai(3)-Destyn_Turtles)
Phase: Ai(3)-Destyn_Turtles' Untap step
Phase: Ai(3)-Destyn_Turtles' Upkeep step
Phase: Ai(3)-Destyn_Turtles' Draw step
Phase: Ai(3)-Destyn_Turtles' Main phase, precombat
Land: Ai(3)-Destyn_Turtles played Exotic Orchard (243)
Mana: Forest (240) - {T}: Add {G}.
Mana: Island (231) - {T}: Add {U}.
Mana: Plains (289) - {T}: Add {W}.
Mana: Exotic Orchard (243) - {T}: Add one mana of any color that a land an opponent controls could produce.
Mana: Thriving Moor (298) - {T}: Add {B} or one mana of the chosen color.
Mana: Sunken Hollow (226) - {T}: Add {B}.
Mana: Path of Ancestry (214) - {T}: Add one mana of any color in your commander's color identity. When that mana is spent to cast a creature spell that shares a creature type with your commander, scry 1. (Look at the top card of your library. You may put that card on the bottom.)
Mana: Hidden Hideout (256) - {T}: Add one mana of any color in your commander's color identity.
Add To Stack: Ai(3)-Destyn_Turtles cast Super Combo targeting [Leonardo, the Balance (303)] [Ezio Auditore da Firenze (100)]
Add To Stack: Ai(3)-Destyn_Turtles triggered Super Combo
Resolve Stack: Copy Super Combo for each time you paid its replicate cost. [Card: Super Combo (246), Activator: Ai(3)-Destyn_Turtles, SpellAbility: Target creature you control deals damage equal to its power to target creature an opponent controls. ]
Add To Stack: Ai(3)-Destyn_Turtles cast Super Combo targeting [Leonardo, the Balance (303)] [Rapacious Guest (110)]
Add To Stack: Ai(3)-Destyn_Turtles cast Super Combo targeting [Leonardo, the Balance (303)] [Rapacious Guest (110)]
Add To Stack: Ai(3)-Destyn_Turtles cast Super Combo targeting [Leonardo, the Balance (303)] [Rapacious Guest (110)]
Mana: Xander's Lounge (389) - {T}: Add {U}.
Add To Stack: Ai(4)-GGS_Throne_only cast An Offer You Can't Refuse targeting [Target creature you control deals damage equal to its power to target creature an opponent controls. ]
Zone Change: Send countered spell to Graveyard
Resolve Stack: An Offer You Can't Refuse (367) - Counter Super Combo (436). Its controller creates two Treasure tokens.
Add To Stack: Ai(3)-Destyn_Turtles triggered Leonardo, the Balance
Add To Stack: Ai(3)-Destyn_Turtles triggered Leonardo, the Balance
Resolve Stack: Whenever a token you control enters, you may put a +1/+1 counter on each creature you control. Do this only once each turn. [Zone Changer: Treasure Token (441)]
Resolve Stack: Whenever a token you control enters, you may put a +1/+1 counter on each creature you control. Do this only once each turn. [Zone Changer: Treasure Token (440)]
Damage: Leonardo, the Balance (303) deals 4 damage to Rapacious Guest (110).
Resolve Stack: Super Combo (437) -  Leonardo, the Balance (303) deals 4 damage to Rapacious Guest (110).
Zone Change: Rapacious Guest (110) was put into Graveyard from Battlefield.
Add To Stack: Ai(2)-Gabe_Food triggered Rapacious Guest targeting [Ai(3)-Destyn_Turtles]
Life: Life: Ai(3)-Destyn_Turtles 26 > 24
Resolve Stack: When Rapacious Guest leaves the battlefield, target opponent loses life equal to its power. (Targeting: [[Ai(3)-Destyn_Turtles]]) [Zone Changer: Rapacious Guest (110)]
Resolve Stack: Super Combo (438) -  
Damage: Leonardo, the Balance (303) deals 4 damage to Ezio Auditore da Firenze (100).
Resolve Stack: Super Combo (246) -  Leonardo, the Balance (303) deals 4 damage to Ezio Auditore da Firenze (100).
Zone Change: Ezio Auditore da Firenze (100) was put into Graveyard from Battlefield.
Phase: Ai(3)-Destyn_Turtles' Beginning of Combat Step
Phase: Ai(3)-Destyn_Turtles' Declare Attackers Step
Phase: Ai(3)-Destyn_Turtles' Declare Blockers Step
Phase: Ai(3)-Destyn_Turtles' First Strike Damage Step
Phase: Ai(3)-Destyn_Turtles' Combat Damage Step
Phase: Ai(3)-Destyn_Turtles' End of Combat Step
Phase: Ai(3)-Destyn_Turtles' Main phase, postcombat
Phase: Ai(3)-Destyn_Turtles' End step
Phase: Ai(3)-Destyn_Turtles' Cleanup step
Turn: Turn 33 (Ai(4)-GGS_Throne_only)
Phase: Ai(4)-GGS_Throne_only's Untap step
Phase: Ai(4)-GGS_Throne_only's Upkeep step
Phase: Ai(4)-GGS_Throne_only's Draw step
Phase: Ai(4)-GGS_Throne_only's Main phase, precombat
Land: Ai(4)-GGS_Throne_only played Command Tower (376)
Mana: Takenuma, Abandoned Mire (387) - {T}: Add {B}.
Mana: Undercity Sewers (306) - {T}: Add {B}.
Mana: Command Tower (376) - {T}: Add one mana of any color in your commander's color identity.
Mana: City of Brass (338) - {T}: Add one mana of any color.
Mana: Xander's Lounge (389) - {T}: Add {R}.
Add To Stack: Ai(4)-GGS_Throne_only cast Crux of Fate
Add To Stack: Ai(4)-GGS_Throne_only triggered City of Brass
Damage: City of Brass (338) deals 1 non-combat damage to Ai(4)-GGS_Throne_only.
Life: Life: Ai(4)-GGS_Throne_only 20 > 19
Resolve Stack: Whenever City of Brass becomes tapped, it deals 1 damage to you. [Tapped: City of Brass (338)]
Zone Change: Satoru Umezawa (325) was put into Graveyard from Battlefield.
Zone Change: Karlach, Fury of Avernus (314) was put into Graveyard from Battlefield.
Zone Change: Phoenix Chick (373) was put into Graveyard from Battlefield.
Zone Change: Arno Dorian (24) was put into Graveyard from Battlefield.
Zone Change: Unstoppable Slasher (75) was put into Graveyard from Battlefield.
Zone Change: Ramses, Assassin Lord (13) was put into Graveyard from Battlefield.
Zone Change: Prize Pig (130) was put into Graveyard from Battlefield.
Zone Change: Mentor of the Meek (178) was put into Graveyard from Battlefield.
Zone Change: Sam, Loyal Attendant (202) was put into Graveyard from Battlefield.
Zone Change: Leonardo, the Balance (303) was put into Graveyard from Battlefield.
Resolve Stack: Crux of Fate (321) -  Destroy all non-Dragon creatures.
Add To Stack: Ai(1)-Jaymie_Ezio triggered Unstoppable Slasher
Resolve Stack: When Unstoppable Slasher dies, if it had no counters on it, return it to the battlefield tapped under its owner's control with two stun counters on it. [Zone Changer: Unstoppable Slasher (75)]
Phase: Ai(4)-GGS_Throne_only's Beginning of Combat Step
Phase: Ai(4)-GGS_Throne_only's Declare Attackers Step
Combat: Ai(4)-GGS_Throne_only assigned Dragon Spirit Token (420), Dragon Spirit Token (426), Dragon Spirit Token (429), Dragon Spirit Token (432) and Goro-Goro and Satoru (403) to attack Ai(2)-Gabe_Food.
Add To Stack: Ai(4)-GGS_Throne_only triggered Phoenix Chick
Resolve Stack: Whenever you attack with three or more creatures, you may pay {R}{R}. If you do, return Phoenix Chick from your graveyard to the battlefield tapped and attacking with a +1/+1 counter on it. [Number Attackers: [Dragon Spirit Token (420), Dragon Spirit Token (426), Dragon Spirit Token (429), Dragon Spirit Token (432), Goro-Goro and Satoru (403)]]
Phase: Ai(4)-GGS_Throne_only's Declare Blockers Step
Combat: Ai(2)-Gabe_Food didn't block Dragon Spirit Token (420).
Ai(2)-Gabe_Food didn't block Dragon Spirit Token (426).
Ai(2)-Gabe_Food didn't block Dragon Spirit Token (429).
Ai(2)-Gabe_Food didn't block Dragon Spirit Token (432).
Ai(2)-Gabe_Food didn't block Goro-Goro and Satoru (403).
Phase: Ai(4)-GGS_Throne_only's First Strike Damage Step
Phase: Ai(4)-GGS_Throne_only's Combat Damage Step
Damage: Dragon Spirit Token (420) deals 5 combat damage to Ai(2)-Gabe_Food.
Damage: Dragon Spirit Token (426) deals 5 combat damage to Ai(2)-Gabe_Food.
Damage: Dragon Spirit Token (429) deals 5 combat damage to Ai(2)-Gabe_Food.
Damage: Dragon Spirit Token (432) deals 5 combat damage to Ai(2)-Gabe_Food.
Damage: Goro-Goro and Satoru (403) deals 3 combat damage to Ai(2)-Gabe_Food.
Life: Life: Ai(2)-Gabe_Food 13 > -10
Phase: Ai(4)-GGS_Throne_only's End of Combat Step
Phase: Ai(4)-GGS_Throne_only's Main phase, postcombat
Phase: Ai(4)-GGS_Throne_only's End step
Phase: Ai(4)-GGS_Throne_only's Cleanup step
Turn: Turn 34 (Ai(1)-Jaymie_Ezio)
Phase: Ai(1)-Jaymie_Ezio's Untap step
Replacement Effect: If this permanent would become untapped, instead remove a stun counter from it.
Phase: Ai(1)-Jaymie_Ezio's Upkeep step
Phase: Ai(1)-Jaymie_Ezio's Draw step
Phase: Ai(1)-Jaymie_Ezio's Main phase, precombat
Phase: Ai(1)-Jaymie_Ezio's Beginning of Combat Step
Phase: Ai(1)-Jaymie_Ezio's Declare Attackers Step
Phase: Ai(1)-Jaymie_Ezio's Declare Blockers Step
Phase: Ai(1)-Jaymie_Ezio's First Strike Damage Step
Phase: Ai(1)-Jaymie_Ezio's Combat Damage Step
Phase: Ai(1)-Jaymie_Ezio's End of Combat Step
Phase: Ai(1)-Jaymie_Ezio's Main phase, postcombat
Mana: Fellwar Stone (76) - {T}: Add one mana of any color that a land an opponent controls could produce.
Mana: Swamp (59) - {T}: Add {B}.
Mana: Mountain (87) - {T}: Add {R}.
Mana: Island (34) - {T}: Add {U}.
Mana: Plains (89) - {T}: Add {W}.
Add To Stack: Ai(1)-Jaymie_Ezio cast Edward Kenway
Resolve Stack: Edward Kenway - Creature 5 / 5
Mana: Brotherhood Headquarters (25) - {T}: Add one mana of any color. Spend this mana only to cast an Assassin spell or a spell that has freerunning, or to activate an ability of an Assassin source.
Mana: Plains (90) - {T}: Add {W}.
Mana: Boros Garrison (80) - {T}: Add {R}{W}.
Add To Stack: Ai(1)-Jaymie_Ezio cast Lydia Frye
Resolve Stack: Lydia Frye - Creature 3 / 2
Phase: Ai(1)-Jaymie_Ezio's End step
Add To Stack: Ai(1)-Jaymie_Ezio triggered Lydia Frye
Add To Stack: Ai(1)-Jaymie_Ezio triggered Edward Kenway
Resolve Stack: At the beginning of your end step, create a Treasure token for each tapped Assassin, Pirate, and/or Vehicle you control. [Phase: Ai(1)-Jaymie_Ezio]
Resolve Stack: Ai(1)-Jaymie_Ezio surveiled 1 card(s) to the top of the library
Resolve Stack: At the beginning of your end step, surveil X, where X is the number of tapped Assassins you control. (Look at the top X cards of your library, then put any number of them into your graveyard and the rest on top of your library in any order.) [Phase: Ai(1)-Jaymie_Ezio]
Phase: Ai(1)-Jaymie_Ezio's Cleanup step
Turn: Turn 35 (Ai(3)-Destyn_Turtles)
Phase: Ai(3)-Destyn_Turtles' Untap step
Phase: Ai(3)-Destyn_Turtles' Upkeep step
Phase: Ai(3)-Destyn_Turtles' Draw step
Phase: Ai(3)-Destyn_Turtles' Main phase, precombat
Mana: Plains (289) - {T}: Add {W}.
Mana: Exotic Orchard (243) - {T}: Add one mana of any color that a land an opponent controls could produce.
Add To Stack: Ai(3)-Destyn_Turtles cast Vanquish the Horde
Zone Change: Dragon Spirit Token (420) was put into Graveyard from Battlefield.
Zone Change: Dragon Spirit Token (426) was put into Graveyard from Battlefield.
Zone Change: Dragon Spirit Token (429) was put into Graveyard from Battlefield.
Zone Change: Dragon Spirit Token (432) was put into Graveyard from Battlefield.
Zone Change: Unstoppable Slasher (75) was put into Graveyard from Battlefield.
Zone Change: Edward Kenway (5) was put into Graveyard from Battlefield.
Zone Change: Lydia Frye (85) was put into Graveyard from Battlefield.
Resolve Stack: Vanquish the Horde (220) - Destroy all creatures.
Phase: Ai(3)-Destyn_Turtles' Beginning of Combat Step
Phase: Ai(3)-Destyn_Turtles' Declare Attackers Step
Phase: Ai(3)-Destyn_Turtles' Declare Blockers Step
Phase: Ai(3)-Destyn_Turtles' First Strike Damage Step
Phase: Ai(3)-Destyn_Turtles' Combat Damage Step
Phase: Ai(3)-Destyn_Turtles' End of Combat Step
Phase: Ai(3)-Destyn_Turtles' Main phase, postcombat
Mana: Path of Ancestry (214) - {T}: Add one mana of any color in your commander's color identity. When that mana is spent to cast a creature spell that shares a creature type with your commander, scry 1. (Look at the top card of your library. You may put that card on the bottom.)
Mana: Forest (240) - {T}: Add {G}.
Mana: Island (231) - {T}: Add {U}.
Mana: Thriving Moor (298) - {T}: Add {B} or one mana of the chosen color.
Mana: Sunken Hollow (226) - {T}: Add {B}.
Mana: Hidden Hideout (256) - {T}: Add one mana of any color in your commander's color identity.
Add To Stack: Ai(3)-Destyn_Turtles cast Leonardo, the Balance
Add To Stack: Ai(3)-Destyn_Turtles triggered Path of Ancestry
Resolve Stack: Ai(3)-Destyn_Turtles scried 1 card(s) to the bottom of the library
Resolve Stack: When mana produced by Path of Ancestry is spent to cast a creature spell that shares a creature type with your commander, scry 1. ([Leonardo, the Balance - Creature 3 / 3]) [Card: Leonardo, the Balance (303), Activator: Ai(3)-Destyn_Turtles, SpellAbility: Leonardo, the Balance - Creature 3 / 3]
Resolve Stack: Leonardo, the Balance - Creature 3 / 3
Phase: Ai(3)-Destyn_Turtles' End step
Phase: Ai(3)-Destyn_Turtles' Cleanup step
Turn: Turn 36 (Ai(4)-GGS_Throne_only)
Phase: Ai(4)-GGS_Throne_only's Untap step
Phase: Ai(4)-GGS_Throne_only's Upkeep step
Phase: Ai(4)-GGS_Throne_only's Draw step
Phase: Ai(4)-GGS_Throne_only's Main phase, precombat
Mana: Command Tower (376) - {T}: Add one mana of any color in your commander's color identity.
Mana: Takenuma, Abandoned Mire (387) - {T}: Add {B}.
Mana: Undercity Sewers (306) - {T}: Add {B}.
Mana: City of Brass (338) - {T}: Add one mana of any color.
Mana: Xander's Lounge (389) - {T}: Add {R}.
Add To Stack: Ai(4)-GGS_Throne_only cast Vandalblast
Add To Stack: Ai(4)-GGS_Throne_only triggered City of Brass
Damage: City of Brass (338) deals 1 non-combat damage to Ai(4)-GGS_Throne_only.
Life: Life: Ai(4)-GGS_Throne_only 19 > 18
Resolve Stack: Whenever City of Brass becomes tapped, it deals 1 damage to you. [Tapped: City of Brass (338)]
Zone Change: Fellwar Stone (76) was put into Graveyard from Battlefield.
Zone Change: Treasure Token (444) was put into Graveyard from Battlefield.
Zone Change: Food Token (406) was put into Graveyard from Battlefield.
Zone Change: Treasure Token (440) was put into Graveyard from Battlefield.
Zone Change: Treasure Token (441) was put into Graveyard from Battlefield.
Resolve Stack: Vandalblast (346) - Destroy each artifact you don't control.
Phase: Ai(4)-GGS_Throne_only's Beginning of Combat Step
Phase: Ai(4)-GGS_Throne_only's Declare Attackers Step
Combat: Ai(4)-GGS_Throne_only assigned Goro-Goro and Satoru (403) to attack Ai(3)-Destyn_Turtles.
Phase: Ai(4)-GGS_Throne_only's Declare Blockers Step
Combat: Ai(3)-Destyn_Turtles didn't block Goro-Goro and Satoru (403).
Phase: Ai(4)-GGS_Throne_only's First Strike Damage Step
Phase: Ai(4)-GGS_Throne_only's Combat Damage Step
Damage: Goro-Goro and Satoru (403) deals 3 combat damage to Ai(3)-Destyn_Turtles.
Life: Life: Ai(3)-Destyn_Turtles 24 > 21
Phase: Ai(4)-GGS_Throne_only's End of Combat Step
Phase: Ai(4)-GGS_Throne_only's Main phase, postcombat
Phase: Ai(4)-GGS_Throne_only's End step
Phase: Ai(4)-GGS_Throne_only's Cleanup step
Turn: Turn 37 (Ai(1)-Jaymie_Ezio)
Phase: Ai(1)-Jaymie_Ezio's Untap step
Phase: Ai(1)-Jaymie_Ezio's Upkeep step
Phase: Ai(1)-Jaymie_Ezio's Draw step
Phase: Ai(1)-Jaymie_Ezio's Main phase, precombat
Phase: Ai(1)-Jaymie_Ezio's Beginning of Combat Step
Phase: Ai(1)-Jaymie_Ezio's Declare Attackers Step
Phase: Ai(1)-Jaymie_Ezio's Declare Blockers Step
Phase: Ai(1)-Jaymie_Ezio's First Strike Damage Step
Phase: Ai(1)-Jaymie_Ezio's Combat Damage Step
Phase: Ai(1)-Jaymie_Ezio's End of Combat Step
Phase: Ai(1)-Jaymie_Ezio's Main phase, postcombat
Mana: Swamp (59) - {T}: Add {B}.
Mana: Mountain (87) - {T}: Add {R}.
Mana: Island (34) - {T}: Add {U}.
Mana: Plains (89) - {T}: Add {W}.
Mana: Plains (90) - {T}: Add {W}.
Mana: Boros Garrison (80) - {T}: Add {R}{W}.
Add To Stack: Ai(1)-Jaymie_Ezio cast Ezio Auditore da Firenze
Resolve Stack: Ezio Auditore da Firenze - Creature 3 / 2
Phase: Ai(1)-Jaymie_Ezio's End step
Phase: Ai(1)-Jaymie_Ezio's Cleanup step
Turn: Turn 38 (Ai(3)-Destyn_Turtles)
Phase: Ai(3)-Destyn_Turtles' Untap step
Phase: Ai(3)-Destyn_Turtles' Upkeep step
Phase: Ai(3)-Destyn_Turtles' Draw step
Phase: Ai(3)-Destyn_Turtles' Main phase, precombat
Phase: Ai(3)-Destyn_Turtles' Beginning of Combat Step
Phase: Ai(3)-Destyn_Turtles' Declare Attackers Step
Combat: Ai(3)-Destyn_Turtles assigned Leonardo, the Balance (303) to attack Ai(4)-GGS_Throne_only.
Add To Stack: Ai(3)-Destyn_Turtles triggered Endless Foot Assault
Resolve Stack: Whenever you attack, for each opponent, create a 1/1 black Ninja creature token that's tapped and attacking that player. [Number Attackers: [Leonardo, the Balance (303)]]
Add To Stack: Ai(3)-Destyn_Turtles triggered Leonardo, the Balance
Add To Stack: Ai(3)-Destyn_Turtles triggered Leonardo, the Balance
Resolve Stack: Whenever a token you control enters, you may put a +1/+1 counter on each creature you control. Do this only once each turn. [Zone Changer: Ninja Token (448)]
Resolve Stack: Whenever a token you control enters, you may put a +1/+1 counter on each creature you control. Do this only once each turn. [Zone Changer: Ninja Token (446)]
Phase: Ai(3)-Destyn_Turtles' Declare Blockers Step
Combat: Ai(4)-GGS_Throne_only didn't block Leonardo, the Balance (303).
Ai(4)-GGS_Throne_only didn't block Ninja Token (446).
Combat: Ai(1)-Jaymie_Ezio didn't block Ninja Token (448).
Mana: Exotic Orchard (243) - {T}: Add one mana of any color that a land an opponent controls could produce.
Mana: Plains (289) - {T}: Add {W}.
Mana: Island (231) - {T}: Add {U}.
Mana: Thriving Moor (298) - {T}: Add {B} or one mana of the chosen color.
Mana: Forest (240) - {T}: Add {G}.
Add To Stack: Ai(3)-Destyn_Turtles activated Leonardo, the Balance
Resolve Stack: Leonardo, the Balance (303) - Creatures you control gain menace, trample, and lifelink until end of turn.
Phase: Ai(3)-Destyn_Turtles' First Strike Damage Step
Phase: Ai(3)-Destyn_Turtles' Combat Damage Step
Damage: Leonardo, the Balance (303) deals 4 combat damage to Ai(4)-GGS_Throne_only.
Life: Life: Ai(3)-Destyn_Turtles 21 > 25
Damage: Ninja Token (446) deals 2 combat damage to Ai(4)-GGS_Throne_only.
Life: Life: Ai(3)-Destyn_Turtles 25 > 27
Damage: Ninja Token (448) deals 2 combat damage to Ai(1)-Jaymie_Ezio.
Life: Life: Ai(3)-Destyn_Turtles 27 > 29
Life: Life: Ai(1)-Jaymie_Ezio 35 > 33
Life: Life: Ai(4)-GGS_Throne_only 18 > 12
Phase: Ai(3)-Destyn_Turtles' End of Combat Step
Phase: Ai(3)-Destyn_Turtles' Main phase, postcombat
Mana: Path of Ancestry (214) - {T}: Add one mana of any color in your commander's color identity. When that mana is spent to cast a creature spell that shares a creature type with your commander, scry 1. (Look at the top card of your library. You may put that card on the bottom.)
Mana: Sunken Hollow (226) - {T}: Add {B}.
Mana: Hidden Hideout (256) - {T}: Add one mana of any color in your commander's color identity.
Add To Stack: Ai(3)-Destyn_Turtles cast High Score
Resolve Stack: High Score
Phase: Ai(3)-Destyn_Turtles' End step
Add To Stack: Ai(3)-Destyn_Turtles triggered High Score
Resolve Stack: At the beginning of your end step, draw a card if you control a creature with the greatest power among creatures on the battlefield. [Phase: Ai(3)-Destyn_Turtles]
Phase: Ai(3)-Destyn_Turtles' Cleanup step
Turn: Turn 39 (Ai(4)-GGS_Throne_only)
Phase: Ai(4)-GGS_Throne_only's Untap step
Phase: Ai(4)-GGS_Throne_only's Upkeep step
Phase: Ai(4)-GGS_Throne_only's Draw step
Phase: Ai(4)-GGS_Throne_only's Main phase, precombat
Land: Ai(4)-GGS_Throne_only played Island (377)
Mana: Takenuma, Abandoned Mire (387) - {T}: Add {B}.
Mana: Island (377) - {T}: Add {U}.
Mana: Undercity Sewers (306) - {T}: Add {B}.
Mana: Command Tower (376) - {T}: Add one mana of any color in your commander's color identity.
Add To Stack: Ai(4)-GGS_Throne_only cast Grim Hireling
Resolve Stack: Grim Hireling - Creature 3 / 2
Mana: City of Brass (338) - {T}: Add one mana of any color.
Mana: Xander's Lounge (389) - {T}: Add {R}.
Add To Stack: Ai(4)-GGS_Throne_only activated Goro-Goro and Satoru
Add To Stack: Ai(4)-GGS_Throne_only triggered City of Brass
Damage: City of Brass (338) deals 1 non-combat damage to Ai(4)-GGS_Throne_only.
Life: Life: Ai(4)-GGS_Throne_only 12 > 11
Resolve Stack: Whenever City of Brass becomes tapped, it deals 1 damage to you. [Tapped: City of Brass (338)]
Resolve Stack: Goro-Goro and Satoru (403) - Creatures you control gain haste until end of turn.
Phase: Ai(4)-GGS_Throne_only's Beginning of Combat Step
Phase: Ai(4)-GGS_Throne_only's Declare Attackers Step
Combat: Ai(4)-GGS_Throne_only assigned Goro-Goro and Satoru (403) and Grim Hireling (399) to attack Ai(3)-Destyn_Turtles.
Phase: Ai(4)-GGS_Throne_only's Declare Blockers Step
Combat: Ai(3)-Destyn_Turtles didn't block Goro-Goro and Satoru (403).
Ai(3)-Destyn_Turtles didn't block Grim Hireling (399).
Phase: Ai(4)-GGS_Throne_only's First Strike Damage Step
Phase: Ai(4)-GGS_Throne_only's Combat Damage Step
Damage: Goro-Goro and Satoru (403) deals 3 combat damage to Ai(3)-Destyn_Turtles.
Damage: Grim Hireling (399) deals 3 combat damage to Ai(3)-Destyn_Turtles.
Life: Life: Ai(3)-Destyn_Turtles 29 > 23
Add To Stack: Ai(4)-GGS_Throne_only triggered Goro-Goro and Satoru
Add To Stack: Ai(4)-GGS_Throne_only triggered Grim Hireling
Resolve Stack: Whenever one or more creatures you control deal combat damage to a player, create two Treasure tokens. [Damaged: Ai(3)-Destyn_Turtles, Amount: 6]
Resolve Stack: Whenever one or more creatures you control that entered this turn deal combat damage to a player, create a 5/5 red Dragon Spirit creature token with flying. [Damaged: Ai(3)-Destyn_Turtles, Amount: 3]
Add To Stack: Ai(4)-GGS_Throne_only triggered Dragon Tempest targeting [Ai(3)-Destyn_Turtles]
Add To Stack: Ai(4)-GGS_Throne_only triggered Dragon Tempest
Resolve Stack: Whenever a creature you control with flying enters, it gains haste until end of turn. [Zone Changer: Dragon Spirit Token (455)]
Damage: Dragon Spirit Token (455) deals 1 non-combat damage to Ai(3)-Destyn_Turtles.
Life: Life: Ai(3)-Destyn_Turtles 23 > 22
Resolve Stack: Whenever a Dragon you control enters, it deals X damage to any target, where X is the number of Dragons you control. (Targeting: [[Ai(3)-Destyn_Turtles]]) [Zone Changer: Dragon Spirit Token (455)]
Phase: Ai(4)-GGS_Throne_only's End of Combat Step
Phase: Ai(4)-GGS_Throne_only's Main phase, postcombat
Phase: Ai(4)-GGS_Throne_only's End step
Phase: Ai(4)-GGS_Throne_only's Cleanup step
Turn: Turn 40 (Ai(1)-Jaymie_Ezio)
Phase: Ai(1)-Jaymie_Ezio's Untap step
Phase: Ai(1)-Jaymie_Ezio's Upkeep step
Phase: Ai(1)-Jaymie_Ezio's Draw step
Phase: Ai(1)-Jaymie_Ezio's Main phase, precombat
Phase: Ai(1)-Jaymie_Ezio's Beginning of Combat Step
Phase: Ai(1)-Jaymie_Ezio's Declare Attackers Step
Combat: Ai(1)-Jaymie_Ezio assigned Ezio Auditore da Firenze (100) to attack Ai(4)-GGS_Throne_only.
Phase: Ai(1)-Jaymie_Ezio's Declare Blockers Step
Combat: Ai(4)-GGS_Throne_only didn't block Ezio Auditore da Firenze (100).
Phase: Ai(1)-Jaymie_Ezio's First Strike Damage Step
Phase: Ai(1)-Jaymie_Ezio's Combat Damage Step
Damage: Ezio Auditore da Firenze (100) deals 3 combat damage to Ai(4)-GGS_Throne_only.
Life: Life: Ai(4)-GGS_Throne_only 11 > 8
Add To Stack: Ai(1)-Jaymie_Ezio triggered Ezio Auditore da Firenze
Resolve Stack: Whenever Ezio deals combat damage to a player, you may pay {W}{U}{B}{R}{G} if that player has 10 or less life. When you do, that player loses the game. [Damage Source: Ezio Auditore da Firenze (100), Damaged: Ai(4)-GGS_Throne_only, Amount: 3]
Phase: Ai(1)-Jaymie_Ezio's End of Combat Step
Phase: Ai(1)-Jaymie_Ezio's Main phase, postcombat
Mana: Swamp (59) - {T}: Add {B}.
Mana: Brotherhood Headquarters (25) - {T}: Add one mana of any color. Spend this mana only to cast an Assassin spell or a spell that has freerunning, or to activate an ability of an Assassin source.
Add To Stack: Ai(1)-Jaymie_Ezio cast Aya of Alexandria
Resolve Stack: Aya of Alexandria - Creature 4 / 3
Phase: Ai(1)-Jaymie_Ezio's End step
Phase: Ai(1)-Jaymie_Ezio's Cleanup step
Turn: Turn 41 (Ai(3)-Destyn_Turtles)
Phase: Ai(3)-Destyn_Turtles' Untap step
Phase: Ai(3)-Destyn_Turtles' Upkeep step
Phase: Ai(3)-Destyn_Turtles' Draw step
Mana: Exotic Orchard (243) - {T}: Add one mana of any color that a land an opponent controls could produce.
Mana: Plains (289) - {T}: Add {W}.
Mana: Island (231) - {T}: Add {U}.
Mana: Thriving Moor (298) - {T}: Add {B} or one mana of the chosen color.
Mana: Forest (240) - {T}: Add {G}.
Add To Stack: Ai(3)-Destyn_Turtles activated Leonardo, the Balance
Resolve Stack: Leonardo, the Balance (303) - Creatures you control gain menace, trample, and lifelink until end of turn.
Phase: Ai(3)-Destyn_Turtles' Main phase, precombat
Land: Ai(3)-Destyn_Turtles played Forest (238)
Phase: Ai(3)-Destyn_Turtles' Beginning of Combat Step
Phase: Ai(3)-Destyn_Turtles' Declare Attackers Step
Combat: Ai(3)-Destyn_Turtles assigned Leonardo, the Balance (303), Ninja Token (446) and Ninja Token (448) to attack Ai(4)-GGS_Throne_only.
Add To Stack: Ai(3)-Destyn_Turtles triggered Endless Foot Assault
Resolve Stack: Whenever you attack, for each opponent, create a 1/1 black Ninja creature token that's tapped and attacking that player. [Number Attackers: [Leonardo, the Balance (303), Ninja Token (446), Ninja Token (448)]]
Add To Stack: Ai(3)-Destyn_Turtles triggered Leonardo, the Balance
Add To Stack: Ai(3)-Destyn_Turtles triggered Leonardo, the Balance
Replacement Effect: If one or more +1/+1 counters would be put on a creature you control, that many plus one +1/+1 counters are put on it instead.
Replacement Effect: If one or more +1/+1 counters would be put on a creature you control, that many plus one +1/+1 counters are put on it instead.
Replacement Effect: If one or more +1/+1 counters would be put on a creature you control, that many plus one +1/+1 counters are put on it instead.
Replacement Effect: If one or more +1/+1 counters would be put on a creature you control, that many plus one +1/+1 counters are put on it instead.
Replacement Effect: If one or more +1/+1 counters would be put on a creature you control, that many plus one +1/+1 counters are put on it instead.
Resolve Stack: Whenever a token you control enters, you may put a +1/+1 counter on each creature you control. Do this only once each turn. [Zone Changer: Ninja Token (459)]
Resolve Stack: Whenever a token you control enters, you may put a +1/+1 counter on each creature you control. Do this only once each turn. [Zone Changer: Ninja Token (457)]
Phase: Ai(3)-Destyn_Turtles' Declare Blockers Step
Combat: Ai(4)-GGS_Throne_only didn't block Leonardo, the Balance (303).
Ai(4)-GGS_Throne_only didn't block Ninja Token (446).
Ai(4)-GGS_Throne_only didn't block Ninja Token (448).
Ai(4)-GGS_Throne_only assigned Dragon Spirit Token (455) to block Ninja Token (457).
Combat: Ai(1)-Jaymie_Ezio didn't block Ninja Token (459).
Phase: Ai(3)-Destyn_Turtles' First Strike Damage Step
Phase: Ai(3)-Destyn_Turtles' Combat Damage Step
Damage: Leonardo, the Balance (303) deals 6 combat damage to Ai(4)-GGS_Throne_only.
Life: Life: Ai(3)-Destyn_Turtles 22 > 28
Damage: Ninja Token (446) deals 4 combat damage to Ai(4)-GGS_Throne_only.
Life: Life: Ai(3)-Destyn_Turtles 28 > 32
Damage: Ninja Token (448) deals 4 combat damage to Ai(4)-GGS_Throne_only.
Life: Life: Ai(3)-Destyn_Turtles 32 > 36
Damage: Ninja Token (457) deals 3 damage to Dragon Spirit Token (455).
Damage: Ninja Token (459) deals 3 combat damage to Ai(1)-Jaymie_Ezio.
Damage: Dragon Spirit Token (455) deals 5 damage to Ninja Token (457).
Life: Life: Ai(1)-Jaymie_Ezio 33 > 30
Life: Life: Ai(4)-GGS_Throne_only 8 > -6
Zone Change: Ninja Token (457) was put into Graveyard from Battlefield.
Phase: Ai(3)-Destyn_Turtles' End of Combat Step
Phase: Ai(3)-Destyn_Turtles' Main phase, postcombat
Mana: Sunken Hollow (226) - {T}: Add {U}.
Mana: Forest (238) - {T}: Add {G}.
Mana: Path of Ancestry (214) - {T}: Add one mana of any color in your commander's color identity. When that mana is spent to cast a creature spell that shares a creature type with your commander, scry 1. (Look at the top card of your library. You may put that card on the bottom.)
Mana: Hidden Hideout (256) - {T}: Add one mana of any color in your commander's color identity.
Add To Stack: Ai(3)-Destyn_Turtles cast Lessons from Life
Replacement Effect: This land enters tapped unless you control two or more basic lands.
Resolve Stack: Lessons from Life (275) - Ai(3)-Destyn_Turtles draws three cards. Ai(3)-Destyn_Turtles puts a Land.YouOwn card from their hand onto the battlefield tapped.
Phase: Ai(3)-Destyn_Turtles' End step
Add To Stack: Ai(3)-Destyn_Turtles triggered High Score
Resolve Stack: At the beginning of your end step, draw a card if you control a creature with the greatest power among creatures on the battlefield. [Phase: Ai(3)-Destyn_Turtles]
Phase: Ai(3)-Destyn_Turtles' Cleanup step
Turn: Turn 42 (Ai(1)-Jaymie_Ezio)
Phase: Ai(1)-Jaymie_Ezio's Untap step
Phase: Ai(1)-Jaymie_Ezio's Upkeep step
Phase: Ai(1)-Jaymie_Ezio's Draw step
Phase: Ai(1)-Jaymie_Ezio's Main phase, precombat
Phase: Ai(1)-Jaymie_Ezio's Beginning of Combat Step
Phase: Ai(1)-Jaymie_Ezio's Declare Attackers Step
Combat: Ai(1)-Jaymie_Ezio assigned Aya of Alexandria (12) and Ezio Auditore da Firenze (100) to attack Ai(3)-Destyn_Turtles.
Phase: Ai(1)-Jaymie_Ezio's Declare Blockers Step
Combat: Ai(3)-Destyn_Turtles didn't block Aya of Alexandria (12).
Ai(3)-Destyn_Turtles didn't block Ezio Auditore da Firenze (100).
Phase: Ai(1)-Jaymie_Ezio's First Strike Damage Step
Phase: Ai(1)-Jaymie_Ezio's Combat Damage Step
Damage: Aya of Alexandria (12) deals 4 combat damage to Ai(3)-Destyn_Turtles.
Life: Life: Ai(1)-Jaymie_Ezio 30 > 34
Damage: Ezio Auditore da Firenze (100) deals 3 combat damage to Ai(3)-Destyn_Turtles.
Life: Life: Ai(3)-Destyn_Turtles 36 > 29
Add To Stack: Ai(1)-Jaymie_Ezio triggered Ezio Auditore da Firenze
Add To Stack: Ai(1)-Jaymie_Ezio triggered Aya of Alexandria
Add To Stack: Ai(1)-Jaymie_Ezio triggered Aya of Alexandria
Resolve Stack: Whenever a historic creature you control deals combat damage to a player, create a 1/1 black Assassin creature token with menace. (Artifacts, legendaries, and Sagas are historic.) [Damage Source: Ezio Auditore da Firenze (100), Damaged: Ai(3)-Destyn_Turtles, Amount: 3]
Resolve Stack: Whenever a historic creature you control deals combat damage to a player, create a 1/1 black Assassin creature token with menace. (Artifacts, legendaries, and Sagas are historic.) [Damage Source: Aya of Alexandria (12), Damaged: Ai(3)-Destyn_Turtles, Amount: 4]
Resolve Stack: Whenever Ezio deals combat damage to a player, you may pay {W}{U}{B}{R}{G} if that player has 10 or less life. When you do, that player loses the game. [Damage Source: Ezio Auditore da Firenze (100), Damaged: Ai(3)-Destyn_Turtles, Amount: 3]
Phase: Ai(1)-Jaymie_Ezio's End of Combat Step
Phase: Ai(1)-Jaymie_Ezio's Main phase, postcombat
Mana: Swamp (59) - {T}: Add {B}.
Mana: Brotherhood Headquarters (25) - {T}: Add one mana of any color. Spend this mana only to cast an Assassin spell or a spell that has freerunning, or to activate an ability of an Assassin source.
Add To Stack: Ai(1)-Jaymie_Ezio cast Mari, the Killing Quill
Resolve Stack: Mari, the Killing Quill - Creature 3 / 2
Mana: Mountain (87) - {T}: Add {R}.
Mana: Island (34) - {T}: Add {U}.
Mana: Plains (89) - {T}: Add {W}.
Add To Stack: Ai(1)-Jaymie_Ezio cast Chromatic Lantern
Resolve Stack: Chromatic Lantern
Mana: Chromatic Lantern (97) - {T}: Add one mana of any color.
Mana: Plains (90) - {T}: Add one mana of any color.
Add To Stack: Ai(1)-Jaymie_Ezio cast Royal Assassin
Resolve Stack: Royal Assassin - Creature 1 / 1
Phase: Ai(1)-Jaymie_Ezio's End step
Phase: Ai(1)-Jaymie_Ezio's Cleanup step
Turn: Turn 43 (Ai(3)-Destyn_Turtles)
Phase: Ai(3)-Destyn_Turtles' Untap step
Phase: Ai(3)-Destyn_Turtles' Upkeep step
Mana: Exotic Orchard (243) - {T}: Add one mana of any color that a land an opponent controls could produce.
Mana: Plains (289) - {T}: Add {W}.
Mana: Island (231) - {T}: Add {U}.
Mana: Thriving Moor (298) - {T}: Add {B} or one mana of the chosen color.
Mana: Forest (240) - {T}: Add {G}.
Add To Stack: Ai(3)-Destyn_Turtles activated Leonardo, the Balance
Resolve Stack: Leonardo, the Balance (303) - Creatures you control gain menace, trample, and lifelink until end of turn.
Phase: Ai(3)-Destyn_Turtles' Draw step
Phase: Ai(3)-Destyn_Turtles' Main phase, precombat
Land: Ai(3)-Destyn_Turtles played Plains (290)
Mana: Sunken Hollow (226) - {T}: Add {B}.
Mana: Forest (238) - {T}: Add {G}.
Add To Stack: Ai(3)-Destyn_Turtles cast Foot Chopper
Resolve Stack: Foot Chopper
Add To Stack: Ai(3)-Destyn_Turtles triggered Foot Chopper
Resolve Stack: When this Equipment enters, create a 1/1 black Ninja creature token, then attach this Equipment to it. [Zone Changer: Foot Chopper (294)]
Add To Stack: Ai(3)-Destyn_Turtles triggered Leonardo, the Balance
Replacement Effect: If one or more +1/+1 counters would be put on a creature you control, that many plus one +1/+1 counters are put on it instead.
Replacement Effect: If one or more +1/+1 counters would be put on a creature you control, that many plus one +1/+1 counters are put on it instead.
Replacement Effect: If one or more +1/+1 counters would be put on a creature you control, that many plus one +1/+1 counters are put on it instead.
Replacement Effect: If one or more +1/+1 counters would be put on a creature you control, that many plus one +1/+1 counters are put on it instead.
Replacement Effect: If one or more +1/+1 counters would be put on a creature you control, that many plus one +1/+1 counters are put on it instead.
Resolve Stack: Whenever a token you control enters, you may put a +1/+1 counter on each creature you control. Do this only once each turn. [Zone Changer: Ninja Token (470)]
Phase: Ai(3)-Destyn_Turtles' Beginning of Combat Step
Phase: Ai(3)-Destyn_Turtles' Declare Attackers Step
Combat: Ai(3)-Destyn_Turtles assigned Leonardo, the Balance (303), Ninja Token (446), Ninja Token (448) and Ninja Token (459) to attack Ai(1)-Jaymie_Ezio.
Add To Stack: Ai(3)-Destyn_Turtles triggered Endless Foot Assault
Resolve Stack: Whenever you attack, for each opponent, create a 1/1 black Ninja creature token that's tapped and attacking that player. [Number Attackers: [Leonardo, the Balance (303), Ninja Token (446), Ninja Token (448), Ninja Token (459)]]
Phase: Ai(3)-Destyn_Turtles' Declare Blockers Step
Combat: Ai(1)-Jaymie_Ezio didn't block Leonardo, the Balance (303).
Ai(1)-Jaymie_Ezio didn't block Ninja Token (446).
Ai(1)-Jaymie_Ezio didn't block Ninja Token (448).
Ai(1)-Jaymie_Ezio didn't block Ninja Token (459).
Ai(1)-Jaymie_Ezio assigned Mari, the Killing Quill (70) to block Ninja Token (472).
Phase: Ai(3)-Destyn_Turtles' First Strike Damage Step
Phase: Ai(3)-Destyn_Turtles' Combat Damage Step
Damage: Leonardo, the Balance (303) deals 8 combat damage to Ai(1)-Jaymie_Ezio.
Life: Life: Ai(3)-Destyn_Turtles 29 > 37
Damage: Ninja Token (446) deals 6 combat damage to Ai(1)-Jaymie_Ezio.
Life: Life: Ai(3)-Destyn_Turtles 37 > 43
Damage: Ninja Token (448) deals 6 combat damage to Ai(1)-Jaymie_Ezio.
Life: Life: Ai(3)-Destyn_Turtles 43 > 49
Damage: Ninja Token (459) deals 5 combat damage to Ai(1)-Jaymie_Ezio.
Life: Life: Ai(3)-Destyn_Turtles 49 > 54
Damage: Ninja Token (472) deals 1 damage to Mari, the Killing Quill (70).
Damage: Mari, the Killing Quill (70) deals 3 damage (Deathtouch) to Ninja Token (472).
Life: Life: Ai(1)-Jaymie_Ezio 34 > 9
Zone Change: Ninja Token (472) was put into Graveyard from Battlefield.
Add To Stack: Ai(1)-Jaymie_Ezio triggered Mari, the Killing Quill
Resolve Stack: Whenever a creature an opponent controls dies, exile it with a hit counter on it. [Zone Changer: Ninja Token (472)]
Phase: Ai(3)-Destyn_Turtles' End of Combat Step
Phase: Ai(3)-Destyn_Turtles' Main phase, postcombat
Mana: Plains (290) - {T}: Add {W}.
Mana: Vernal Fen (260) - {T}: Add {G}.
Mana: Path of Ancestry (214) - {T}: Add one mana of any color in your commander's color identity. When that mana is spent to cast a creature spell that shares a creature type with your commander, scry 1. (Look at the top card of your library. You may put that card on the bottom.)
Mana: Hidden Hideout (256) - {T}: Add one mana of any color in your commander's color identity.
Add To Stack: Ai(3)-Destyn_Turtles cast Big Mother Mouser
Replacement Effect: Big Mother Mouser enters with two +1/+1 counters on it.
Replacement Effect: If one or more +1/+1 counters would be put on a creature you control, that many plus one +1/+1 counters are put on it instead.
Resolve Stack: Big Mother Mouser - Creature 0 / 0
Phase: Ai(3)-Destyn_Turtles' End step
Add To Stack: Ai(3)-Destyn_Turtles triggered High Score
Resolve Stack: At the beginning of your end step, draw a card if you control a creature with the greatest power among creatures on the battlefield. [Phase: Ai(3)-Destyn_Turtles]
Phase: Ai(3)-Destyn_Turtles' Cleanup step
Turn: Turn 44 (Ai(1)-Jaymie_Ezio)
Phase: Ai(1)-Jaymie_Ezio's Untap step
Phase: Ai(1)-Jaymie_Ezio's Upkeep step
Add To Stack: Ai(1)-Jaymie_Ezio activated Royal Assassin targeting [Leonardo, the Balance (303)]
Zone Change: Leonardo, the Balance (303) was put into Graveyard from Battlefield.
Resolve Stack: Royal Assassin (47) - Destroy Leonardo, the Balance (303).
Add To Stack: Ai(1)-Jaymie_Ezio triggered Mari, the Killing Quill
Resolve Stack: Whenever a creature an opponent controls dies, exile it with a hit counter on it. [Zone Changer: Leonardo, the Balance (303)]
Phase: Ai(1)-Jaymie_Ezio's Draw step
Phase: Ai(1)-Jaymie_Ezio's Main phase, precombat
Phase: Ai(1)-Jaymie_Ezio's Beginning of Combat Step
Phase: Ai(1)-Jaymie_Ezio's Declare Attackers Step
Phase: Ai(1)-Jaymie_Ezio's Declare Blockers Step
Phase: Ai(1)-Jaymie_Ezio's First Strike Damage Step
Phase: Ai(1)-Jaymie_Ezio's Combat Damage Step
Phase: Ai(1)-Jaymie_Ezio's End of Combat Step
Phase: Ai(1)-Jaymie_Ezio's Main phase, postcombat
Mana: Chromatic Lantern (97) - {T}: Add one mana of any color.
Mana: Mountain (87) - {T}: Add {R}.
Mana: Swamp (59) - {T}: Add one mana of any color.
Mana: Island (34) - {T}: Add {U}.
Add To Stack: Ai(1)-Jaymie_Ezio cast Annie Joins Up
Resolve Stack: Annie Joins Up
Add To Stack: Ai(1)-Jaymie_Ezio triggered Annie Joins Up targeting [Ninja Token (459)]
Damage: Annie Joins Up (23) deals 5 damage to Ninja Token (459).
Resolve Stack: When Annie Joins Up enters, it deals 5 damage to target creature or planeswalker an opponent controls. (Targeting: [[Ninja Token (459)]]) [Zone Changer: Annie Joins Up (23)]
Zone Change: Ninja Token (459) was put into Graveyard from Battlefield.
Add To Stack: Ai(1)-Jaymie_Ezio triggered Mari, the Killing Quill
Add To Stack: Ai(1)-Jaymie_Ezio triggered Mari, the Killing Quill
Resolve Stack: Whenever a creature an opponent controls dies, exile it with a hit counter on it. [Zone Changer: Ninja Token (459)]
Resolve Stack: Whenever a creature an opponent controls dies, exile it with a hit counter on it. [Zone Changer: Ninja Token (459)]
Phase: Ai(1)-Jaymie_Ezio's End step
Phase: Ai(1)-Jaymie_Ezio's Cleanup step
Turn: Turn 45 (Ai(3)-Destyn_Turtles)
Phase: Ai(3)-Destyn_Turtles' Untap step
Phase: Ai(3)-Destyn_Turtles' Upkeep step
Phase: Ai(3)-Destyn_Turtles' Draw step
Phase: Ai(3)-Destyn_Turtles' Main phase, precombat
Land: Ai(3)-Destyn_Turtles played Swamp (257)
Phase: Ai(3)-Destyn_Turtles' Beginning of Combat Step
Phase: Ai(3)-Destyn_Turtles' Declare Attackers Step
Combat: Ai(3)-Destyn_Turtles assigned Big Mother Mouser (242), Ninja Token (446), Ninja Token (448) and Ninja Token (470) to attack Ai(1)-Jaymie_Ezio.
Add To Stack: Ai(3)-Destyn_Turtles triggered Endless Foot Assault
Add To Stack: Ai(3)-Destyn_Turtles triggered Big Mother Mouser
Replacement Effect: If one or more +1/+1 counters would be put on a creature you control, that many plus one +1/+1 counters are put on it instead.
Resolve Stack: Whenever this creature attacks, double the number of +1/+1 counters on it. [Attacker: Big Mother Mouser (242)]
Resolve Stack: Whenever you attack, for each opponent, create a 1/1 black Ninja creature token that's tapped and attacking that player. [Number Attackers: [Big Mother Mouser (242), Ninja Token (446), Ninja Token (448), Ninja Token (470)]]
Phase: Ai(3)-Destyn_Turtles' Declare Blockers Step
Combat: Ai(1)-Jaymie_Ezio assigned Assassin Token (464) to block Big Mother Mouser (242).
Ai(1)-Jaymie_Ezio assigned Assassin Token (466) to block Ninja Token (446).
Ai(1)-Jaymie_Ezio assigned Mari, the Killing Quill (70) to block Ninja Token (448).
Ai(1)-Jaymie_Ezio didn't block Ninja Token (470).
Ai(1)-Jaymie_Ezio assigned Ezio Auditore da Firenze (100) to block Ninja Token (474).
Phase: Ai(3)-Destyn_Turtles' First Strike Damage Step
Phase: Ai(3)-Destyn_Turtles' Combat Damage Step
Damage: Big Mother Mouser (242) deals 7 damage to Assassin Token (464).
Damage: Ninja Token (446) deals 6 damage to Assassin Token (466).
Damage: Ninja Token (448) deals 6 damage to Mari, the Killing Quill (70).
Damage: Ninja Token (470) deals 3 combat damage to Ai(1)-Jaymie_Ezio.
Damage: Ninja Token (474) deals 1 damage to Ezio Auditore da Firenze (100).
Damage: Assassin Token (464) deals 1 damage (Deathtouch) to Big Mother Mouser (242).
Damage: Assassin Token (466) deals 1 damage (Deathtouch) to Ninja Token (446).
Damage: Mari, the Killing Quill (70) deals 3 damage (Deathtouch) to Ninja Token (448).
Damage: Ezio Auditore da Firenze (100) deals 3 damage (Deathtouch) to Ninja Token (474).
Life: Life: Ai(1)-Jaymie_Ezio 9 > 6
Zone Change: Ninja Token (446) was put into Graveyard from Battlefield.
Zone Change: Ninja Token (448) was put into Graveyard from Battlefield.
Zone Change: Big Mother Mouser (242) was put into Graveyard from Battlefield.
Zone Change: Ninja Token (474) was put into Graveyard from Battlefield.
Zone Change: Assassin Token (464) was put into Graveyard from Battlefield.
Zone Change: Assassin Token (466) was put into Graveyard from Battlefield.
Zone Change: Mari, the Killing Quill (70) was put into Graveyard from Battlefield.
Add To Stack: Ai(3)-Destyn_Turtles triggered Foot Chopper
Add To Stack: Ai(3)-Destyn_Turtles triggered Big Mother Mouser
Add To Stack: Ai(1)-Jaymie_Ezio triggered Mari, the Killing Quill
Add To Stack: Ai(1)-Jaymie_Ezio triggered Mari, the Killing Quill
Add To Stack: Ai(1)-Jaymie_Ezio triggered Mari, the Killing Quill
Add To Stack: Ai(1)-Jaymie_Ezio triggered Mari, the Killing Quill
Add To Stack: Ai(1)-Jaymie_Ezio triggered Mari, the Killing Quill
Add To Stack: Ai(1)-Jaymie_Ezio triggered Mari, the Killing Quill
Add To Stack: Ai(1)-Jaymie_Ezio triggered Mari, the Killing Quill
Add To Stack: Ai(1)-Jaymie_Ezio triggered Mari, the Killing Quill
Resolve Stack: Whenever a creature an opponent controls dies, exile it with a hit counter on it. [Zone Changer: Ninja Token (474)]
Resolve Stack: Whenever a creature an opponent controls dies, exile it with a hit counter on it. [Zone Changer: Ninja Token (474)]
Resolve Stack: Whenever a creature an opponent controls dies, exile it with a hit counter on it. [Zone Changer: Big Mother Mouser (242)]
Resolve Stack: Whenever a creature an opponent controls dies, exile it with a hit counter on it. [Zone Changer: Big Mother Mouser (242)]
Resolve Stack: Whenever a creature an opponent controls dies, exile it with a hit counter on it. [Zone Changer: Ninja Token (448)]
Resolve Stack: Whenever a creature an opponent controls dies, exile it with a hit counter on it. [Zone Changer: Ninja Token (448)]
Resolve Stack: Whenever a creature an opponent controls dies, exile it with a hit counter on it. [Zone Changer: Ninja Token (446)]
Resolve Stack: Whenever a creature an opponent controls dies, exile it with a hit counter on it. [Zone Changer: Ninja Token (446)]
Resolve Stack: When this creature dies, create a number of 1/1 colorless Robot artifact creature tokens equal to the number of +1/+1 counters on this creature. [Zone Changer: Big Mother Mouser (242)]
Resolve Stack: Whenever equipped creature deals combat damage to a player, you may sacrifice it. If you do, draw cards equal to its power. [Damage Source: Ninja Token (470), Damaged: Ai(1)-Jaymie_Ezio, Amount: 3]
Phase: Ai(3)-Destyn_Turtles' End of Combat Step
Phase: Ai(3)-Destyn_Turtles' Main phase, postcombat
Mana: Plains (289) - {T}: Add {W}.
Mana: Island (231) - {T}: Add {U}.
Mana: Swamp (257) - {T}: Add {B}.
Mana: Forest (240) - {T}: Add {G}.
Mana: Forest (238) - {T}: Add {G}.
Mana: Plains (290) - {T}: Add {W}.
Mana: Exotic Orchard (243) - {T}: Add one mana of any color that a land an opponent controls could produce.
Mana: Thriving Moor (298) - {T}: Add {B} or one mana of the chosen color.
Add To Stack: Ai(3)-Destyn_Turtles cast Leonardo, the Balance
Resolve Stack: Leonardo, the Balance - Creature 3 / 3
Mana: Vernal Fen (260) - {T}: Add {G}.
Mana: Sunken Hollow (226) - {T}: Add {B}.
Mana: Path of Ancestry (214) - {T}: Add one mana of any color in your commander's color identity. When that mana is spent to cast a creature spell that shares a creature type with your commander, scry 1. (Look at the top card of your library. You may put that card on the bottom.)
Add To Stack: Ai(3)-Destyn_Turtles cast Cultivate
Resolve Stack: Cultivate (207) - Search your library for up to two basic land cards, reveal those cards, put one onto the battlefield tapped and the other into your hand, then shuffle.   
Phase: Ai(3)-Destyn_Turtles' End step
Add To Stack: Ai(3)-Destyn_Turtles triggered High Score
Resolve Stack: At the beginning of your end step, draw a card if you control a creature with the greatest power among creatures on the battlefield. [Phase: Ai(3)-Destyn_Turtles]
Phase: Ai(3)-Destyn_Turtles' Cleanup step
Turn: Turn 46 (Ai(1)-Jaymie_Ezio)
Phase: Ai(1)-Jaymie_Ezio's Untap step
Phase: Ai(1)-Jaymie_Ezio's Upkeep step
Add To Stack: Ai(1)-Jaymie_Ezio activated Royal Assassin targeting [Ninja Token (470)]
Zone Change: Ninja Token (470) was put into Graveyard from Battlefield.
Resolve Stack: Royal Assassin (47) - Destroy Ninja Token (470).
Phase: Ai(1)-Jaymie_Ezio's Draw step
Phase: Ai(1)-Jaymie_Ezio's Main phase, precombat
Phase: Ai(1)-Jaymie_Ezio's Beginning of Combat Step
Phase: Ai(1)-Jaymie_Ezio's Declare Attackers Step
Phase: Ai(1)-Jaymie_Ezio's Declare Blockers Step
Phase: Ai(1)-Jaymie_Ezio's First Strike Damage Step
Phase: Ai(1)-Jaymie_Ezio's Combat Damage Step
Phase: Ai(1)-Jaymie_Ezio's End of Combat Step
Phase: Ai(1)-Jaymie_Ezio's Main phase, postcombat
Phase: Ai(1)-Jaymie_Ezio's End step
Phase: Ai(1)-Jaymie_Ezio's Cleanup step
Turn: Turn 47 (Ai(3)-Destyn_Turtles)
Phase: Ai(3)-Destyn_Turtles' Untap step
Phase: Ai(3)-Destyn_Turtles' Upkeep step
Phase: Ai(3)-Destyn_Turtles' Draw step
Phase: Ai(3)-Destyn_Turtles' Main phase, precombat
Land: Ai(3)-Destyn_Turtles played Mountain (287)
Mana: Island (231) - {T}: Add {U}.
Mana: Forest (240) - {T}: Add {G}.
Add To Stack: Ai(3)-Destyn_Turtles activated Foot Chopper targeting [Leonardo, the Balance (303)]
Resolve Stack: Foot Chopper (294) -  Attach to Leonardo, the Balance (303)
Phase: Ai(3)-Destyn_Turtles' Beginning of Combat Step
Phase: Ai(3)-Destyn_Turtles' Declare Attackers Step
Combat: Ai(3)-Destyn_Turtles assigned Leonardo, the Balance (303), Robot Token (477), Robot Token (478), Robot Token (479), Robot Token (480), Robot Token (481), Robot Token (482) and Robot Token (483) to attack Ai(1)-Jaymie_Ezio.
Add To Stack: Ai(3)-Destyn_Turtles triggered Endless Foot Assault
Resolve Stack: Whenever you attack, for each opponent, create a 1/1 black Ninja creature token that's tapped and attacking that player. [Number Attackers: [Leonardo, the Balance (303), Robot Token (477), Robot Token (478), Robot Token (479), Robot Token (480), Robot Token (481), Robot Token (482), Robot Token (483)]]
Add To Stack: Ai(3)-Destyn_Turtles triggered Leonardo, the Balance
Replacement Effect: If one or more +1/+1 counters would be put on a creature you control, that many plus one +1/+1 counters are put on it instead.
Replacement Effect: If one or more +1/+1 counters would be put on a creature you control, that many plus one +1/+1 counters are put on it instead.
Replacement Effect: If one or more +1/+1 counters would be put on a creature you control, that many plus one +1/+1 counters are put on it instead.
Replacement Effect: If one or more +1/+1 counters would be put on a creature you control, that many plus one +1/+1 counters are put on it instead.
Replacement Effect: If one or more +1/+1 counters would be put on a creature you control, that many plus one +1/+1 counters are put on it instead.
Replacement Effect: If one or more +1/+1 counters would be put on a creature you control, that many plus one +1/+1 counters are put on it instead.
Replacement Effect: If one or more +1/+1 counters would be put on a creature you control, that many plus one +1/+1 counters are put on it instead.
Replacement Effect: If one or more +1/+1 counters would be put on a creature you control, that many plus one +1/+1 counters are put on it instead.
Replacement Effect: If one or more +1/+1 counters would be put on a creature you control, that many plus one +1/+1 counters are put on it instead.
Resolve Stack: Whenever a token you control enters, you may put a +1/+1 counter on each creature you control. Do this only once each turn. [Zone Changer: Ninja Token (485)]
Phase: Ai(3)-Destyn_Turtles' Declare Blockers Step
Combat: Ai(1)-Jaymie_Ezio didn't block Leonardo, the Balance (303).
Ai(1)-Jaymie_Ezio assigned Ezio Auditore da Firenze (100) to block Robot Token (477).
Ai(1)-Jaymie_Ezio assigned Aya of Alexandria (12) to block Robot Token (478).
Ai(1)-Jaymie_Ezio didn't block Robot Token (479).
Ai(1)-Jaymie_Ezio didn't block Robot Token (480).
Ai(1)-Jaymie_Ezio didn't block Robot Token (481).
Ai(1)-Jaymie_Ezio didn't block Robot Token (482).
Ai(1)-Jaymie_Ezio didn't block Robot Token (483).
Ai(1)-Jaymie_Ezio didn't block Ninja Token (485).
Mana: Exotic Orchard (243) - {T}: Add one mana of any color that a land an opponent controls could produce.
Mana: Plains (289) - {T}: Add {W}.
Mana: Mountain (288) - {T}: Add {R}.
Mana: Forest (238) - {T}: Add {G}.
Mana: Swamp (257) - {T}: Add {B}.
Add To Stack: Ai(3)-Destyn_Turtles activated Leonardo, the Balance
Resolve Stack: Leonardo, the Balance (303) - Creatures you control gain menace, trample, and lifelink until end of turn.
Phase: Ai(3)-Destyn_Turtles' First Strike Damage Step
Phase: Ai(3)-Destyn_Turtles' Combat Damage Step
Damage: Leonardo, the Balance (303) deals 5 combat damage to Ai(1)-Jaymie_Ezio.
Life: Life: Ai(3)-Destyn_Turtles 54 > 59
Damage: Robot Token (477) deals 1 combat damage to Ai(1)-Jaymie_Ezio.
Damage: Robot Token (477) deals 2 damage to Ezio Auditore da Firenze (100).
Life: Life: Ai(3)-Destyn_Turtles 59 > 62
Damage: Robot Token (478) deals 3 damage to Aya of Alexandria (12).
Life: Life: Ai(3)-Destyn_Turtles 62 > 65
Damage: Robot Token (479) deals 3 combat damage to Ai(1)-Jaymie_Ezio.
Life: Life: Ai(3)-Destyn_Turtles 65 > 68
Damage: Robot Token (480) deals 3 combat damage to Ai(1)-Jaymie_Ezio.
Life: Life: Ai(3)-Destyn_Turtles 68 > 71
Damage: Robot Token (481) deals 3 combat damage to Ai(1)-Jaymie_Ezio.
Life: Life: Ai(3)-Destyn_Turtles 71 > 74
Damage: Robot Token (482) deals 3 combat damage to Ai(1)-Jaymie_Ezio.
Life: Life: Ai(3)-Destyn_Turtles 74 > 77
Damage: Robot Token (483) deals 3 combat damage to Ai(1)-Jaymie_Ezio.
Life: Life: Ai(3)-Destyn_Turtles 77 > 80
Damage: Ninja Token (485) deals 3 combat damage to Ai(1)-Jaymie_Ezio.
Life: Life: Ai(3)-Destyn_Turtles 80 > 83
Damage: Ezio Auditore da Firenze (100) deals 3 damage to Robot Token (477).
Damage: Aya of Alexandria (12) deals 4 damage to Robot Token (478).
Life: Life: Ai(1)-Jaymie_Ezio 6 > 10
Life: Life: Ai(1)-Jaymie_Ezio 10 > -14
Player Control: Ai(1)-Jaymie_Ezio has restored control over themself
Player Control: Ai(2)-Gabe_Food has restored control over themself
Player Control: Ai(3)-Destyn_Turtles has restored control over themself
Player Control: Ai(4)-GGS_Throne_only has restored control over themself
Game Outcome: Match Duration 1m : 30s
Game Outcome: Turn 24
Game Outcome: Ai(1)-Jaymie_Ezio has lost because life total reached 0
Game Outcome: Ai(2)-Gabe_Food has lost because life total reached 0
Game Outcome: Ai(3)-Destyn_Turtles has won because all opponents have lost
Game Outcome: Ai(4)-GGS_Throne_only has lost because life total reached 0
Match Result: Ai(1)-Jaymie_Ezio: 0 Ai(2)-Gabe_Food: 0 Ai(3)-Destyn_Turtles: 1 Ai(4)-GGS_Throne_only: 0 

Game Result: Game 1 ended in 92517 ms. Ai(3)-Destyn_Turtles has won!

