Error handling registered!
20:50:35 [INFO ] GuiBase: ##########################################
20:50:35 [INFO ] GuiBase: APP: Forge v.2.0.15-SNAPSHOT-09.28
20:50:35 [INFO ] GuiBase: Java: 17.0.20 (Ubuntu)
20:50:35 [INFO ] GuiBase: OS: Linux 6.18.44 amd64
20:50:35 [INFO ] GuiBase: RAM: 1536 MB max, 8 CPUs
20:50:35 [INFO ] GuiBase: ##########################################
Language 'en-US' loaded successfully.
(ThreadUtil first call): Running with priority 5
Read cards: 34010 archived files in 1 ms (25 parts) using thread pool
Upcoming set Star Trek (TRK) dated in the future. All `upcoming` cards will be added to this set with unknown rarity.
The card A-Alrund's Epiphany was not assigned to any set. Adding it to UNKNOWN set... to fix see res/editions/ folder. 
The card A-Baba Lysaga, Night Witch was not assigned to any set. Adding it to UNKNOWN set... to fix see res/editions/ folder. 
The card A-Divide by Zero was not assigned to any set. Adding it to UNKNOWN set... to fix see res/editions/ folder. 
The card A-Esika's Chariot was not assigned to any set. Adding it to UNKNOWN set... to fix see res/editions/ folder. 
The card A-Faceless Haven was not assigned to any set. Adding it to UNKNOWN set... to fix see res/editions/ folder. 
The card A-Fires of Invention was not assigned to any set. Adding it to UNKNOWN set... to fix see res/editions/ folder. 
The card A-Goldspan Dragon was not assigned to any set. Adding it to UNKNOWN set... to fix see res/editions/ folder. 
The card A-Hullbreaker Horror was not assigned to any set. Adding it to UNKNOWN set... to fix see res/editions/ folder. 
The card A-Kumano Faces Kakkazan was not assigned to any set. Adding it to UNKNOWN set... to fix see res/editions/ folder. 
The card A-Luminarch Aspirant was not assigned to any set. Adding it to UNKNOWN set... to fix see res/editions/ folder. 
The card A-Monster Manual was not assigned to any set. Adding it to UNKNOWN set... to fix see res/editions/ folder. 
The card A-Omnath, Locus of Creation was not assigned to any set. Adding it to UNKNOWN set... to fix see res/editions/ folder. 
The card A-The Meathook Massacre was not assigned to any set. Adding it to UNKNOWN set... to fix see res/editions/ folder. 
The card A-Unholy Heat was not assigned to any set. Adding it to UNKNOWN set... to fix see res/editions/ folder. 
The card Blinding Radiance was not assigned to any set. Adding it to UNKNOWN set... to fix see res/editions/ folder. 
The card Goblin Bruiser was not assigned to any set. Adding it to UNKNOWN set... to fix see res/editions/ folder. 
The card Ogre Painbringer was not assigned to any set. Adding it to UNKNOWN set... to fix see res/editions/ folder. 
The card Titanic Pelagosaur was not assigned to any set. Adding it to UNKNOWN set... to fix see res/editions/ folder. 
The card Treetop Recluse was not assigned to any set. Adding it to UNKNOWN set... to fix see res/editions/ folder. 
Upcoming set Star Trek (TRK) dated in the future. All `upcoming` cards will be added to this set with unknown rarity.
Read cards: 854 files in 0 ms (8 parts) using thread pool
Simulation mode
Ai(1)-Jaymie_Ezio vs Ai(2)-Gabe_Food vs Ai(3)-Destyn_Turtles vs Ai(4)-GGS_Orochi_only - one game of Commander seed 20261030
Warning: default (ie. inherited from base class) implementation of confirmAction is used by Ezio Auditore da Firenze for forge.ai.ability.PermanentCreatureAi. Consider declaring an overloaded method
Warning: default (ie. inherited from base class) implementation of confirmAction is used by Michelangelo, the Heart for forge.ai.ability.PermanentCreatureAi. Consider declaring an overloaded method
Warning: default (ie. inherited from base class) implementation of confirmAction is used by Sam, Loyal Attendant for forge.ai.ability.PermanentCreatureAi. Consider declaring an overloaded method
Warning: default (ie. inherited from base class) implementation of confirmAction is used by Leonardo, the Balance for forge.ai.ability.PermanentCreatureAi. Consider declaring an overloaded method
Warning: default (ie. inherited from base class) implementation of confirmAction is used by Goro-Goro and Satoru for forge.ai.ability.PermanentCreatureAi. Consider declaring an overloaded method
Warning: default (ie. inherited from base class) implementation of confirmAction is used by Leonardo, the Balance for forge.ai.ability.PermanentCreatureAi. Consider declaring an overloaded method
Warning: default (ie. inherited from base class) implementation of confirmAction is used by Frodo, Adventurous Hobbit for forge.ai.ability.PermanentCreatureAi. Consider declaring an overloaded method
Warning: default (ie. inherited from base class) implementation of confirmAction is used by Goro-Goro and Satoru for forge.ai.ability.PermanentCreatureAi. Consider declaring an overloaded method
Warning: default (ie. inherited from base class) implementation of confirmAction is used by Ezio Auditore da Firenze for forge.ai.ability.PermanentCreatureAi. Consider declaring an overloaded method
Warning: default (ie. inherited from base class) implementation of confirmAction is used by Sam, Loyal Attendant for forge.ai.ability.PermanentCreatureAi. Consider declaring an overloaded method
Mulligan: Ai(4)-GGS_Orochi_only has kept a hand of 7 cards
Mulligan: Ai(1)-Jaymie_Ezio has kept a hand of 7 cards
Mulligan: Ai(2)-Gabe_Food has kept a hand of 7 cards
Mulligan: Ai(3)-Destyn_Turtles has kept a hand of 7 cards
Turn: Turn 1 (Ai(4)-GGS_Orochi_only)
Phase: Ai(4)-GGS_Orochi_only's Untap step
Phase: Ai(4)-GGS_Orochi_only's Upkeep step
Phase: Ai(4)-GGS_Orochi_only's Draw step
Phase: Ai(4)-GGS_Orochi_only's Main phase, precombat
Land: Ai(4)-GGS_Orochi_only played City of Brass (337)
Mana: City of Brass (337) - {T}: Add one mana of any color.
Add To Stack: Ai(4)-GGS_Orochi_only cast Phoenix Chick
Add To Stack: Ai(4)-GGS_Orochi_only triggered City of Brass
Damage: City of Brass (337) deals 1 non-combat damage to Ai(4)-GGS_Orochi_only.
Life: Life: Ai(4)-GGS_Orochi_only 40 > 39
Resolve Stack: Whenever City of Brass becomes tapped, it deals 1 damage to you. [Tapped: City of Brass (337)]
Resolve Stack: Phoenix Chick - Creature 1 / 1
Phase: Ai(4)-GGS_Orochi_only's Beginning of Combat Step
Phase: Ai(4)-GGS_Orochi_only's Declare Attackers Step
Combat: Ai(4)-GGS_Orochi_only assigned Phoenix Chick (373) to attack Ai(2)-Gabe_Food.
Phase: Ai(4)-GGS_Orochi_only's Declare Blockers Step
Combat: Ai(2)-Gabe_Food didn't block Phoenix Chick (373).
Phase: Ai(4)-GGS_Orochi_only's First Strike Damage Step
Phase: Ai(4)-GGS_Orochi_only's Combat Damage Step
Damage: Phoenix Chick (373) deals 1 combat damage to Ai(2)-Gabe_Food.
Life: Life: Ai(2)-Gabe_Food 40 > 39
Phase: Ai(4)-GGS_Orochi_only's End of Combat Step
Phase: Ai(4)-GGS_Orochi_only's Main phase, postcombat
Phase: Ai(4)-GGS_Orochi_only's End step
Phase: Ai(4)-GGS_Orochi_only's Cleanup step
Turn: Turn 2 (Ai(1)-Jaymie_Ezio)
Phase: Ai(1)-Jaymie_Ezio's Untap step
Phase: Ai(1)-Jaymie_Ezio's Upkeep step
Phase: Ai(1)-Jaymie_Ezio's Draw step
Phase: Ai(1)-Jaymie_Ezio's Main phase, precombat
Land: Ai(1)-Jaymie_Ezio played Twilight Mire (69)
Phase: Ai(1)-Jaymie_Ezio's Beginning of Combat Step
Phase: Ai(1)-Jaymie_Ezio's Declare Attackers Step
Phase: Ai(1)-Jaymie_Ezio's Declare Blockers Step
Phase: Ai(1)-Jaymie_Ezio's First Strike Damage Step
Phase: Ai(1)-Jaymie_Ezio's Combat Damage Step
Phase: Ai(1)-Jaymie_Ezio's End of Combat Step
Phase: Ai(1)-Jaymie_Ezio's Main phase, postcombat
Phase: Ai(1)-Jaymie_Ezio's End step
Phase: Ai(1)-Jaymie_Ezio's Cleanup step
Turn: Turn 3 (Ai(2)-Gabe_Food)
Phase: Ai(2)-Gabe_Food's Untap step
Phase: Ai(2)-Gabe_Food's Upkeep step
Phase: Ai(2)-Gabe_Food's Draw step
Phase: Ai(2)-Gabe_Food's Main phase, precombat
Replacement Effect: Canopy Vista enters tapped unless you control two or more basic lands.
Land: Ai(2)-Gabe_Food played Canopy Vista (171)
Phase: Ai(2)-Gabe_Food's Beginning of Combat Step
Phase: Ai(2)-Gabe_Food's Declare Attackers Step
Phase: Ai(2)-Gabe_Food's Declare Blockers Step
Phase: Ai(2)-Gabe_Food's First Strike Damage Step
Phase: Ai(2)-Gabe_Food's Combat Damage Step
Phase: Ai(2)-Gabe_Food's End of Combat Step
Phase: Ai(2)-Gabe_Food's Main phase, postcombat
Phase: Ai(2)-Gabe_Food's End step
Phase: Ai(2)-Gabe_Food's Cleanup step
Turn: Turn 4 (Ai(3)-Destyn_Turtles)
Phase: Ai(3)-Destyn_Turtles' Untap step
Phase: Ai(3)-Destyn_Turtles' Upkeep step
Phase: Ai(3)-Destyn_Turtles' Draw step
Phase: Ai(3)-Destyn_Turtles' Main phase, precombat
Replacement Effect: Path of Ancestry enters tapped.
Land: Ai(3)-Destyn_Turtles played Path of Ancestry (214)
Phase: Ai(3)-Destyn_Turtles' Beginning of Combat Step
Phase: Ai(3)-Destyn_Turtles' Declare Attackers Step
Phase: Ai(3)-Destyn_Turtles' Declare Blockers Step
Phase: Ai(3)-Destyn_Turtles' First Strike Damage Step
Phase: Ai(3)-Destyn_Turtles' Combat Damage Step
Phase: Ai(3)-Destyn_Turtles' End of Combat Step
Phase: Ai(3)-Destyn_Turtles' Main phase, postcombat
Phase: Ai(3)-Destyn_Turtles' End step
Phase: Ai(3)-Destyn_Turtles' Cleanup step
Turn: Turn 5 (Ai(4)-GGS_Orochi_only)
Phase: Ai(4)-GGS_Orochi_only's Untap step
Phase: Ai(4)-GGS_Orochi_only's Upkeep step
Phase: Ai(4)-GGS_Orochi_only's Draw step
Phase: Ai(4)-GGS_Orochi_only's Main phase, precombat
Phase: Ai(4)-GGS_Orochi_only's Beginning of Combat Step
Phase: Ai(4)-GGS_Orochi_only's Declare Attackers Step
Combat: Ai(4)-GGS_Orochi_only assigned Phoenix Chick (373) to attack Ai(1)-Jaymie_Ezio.
Phase: Ai(4)-GGS_Orochi_only's Declare Blockers Step
Combat: Ai(1)-Jaymie_Ezio didn't block Phoenix Chick (373).
Mana: City of Brass (337) - {T}: Add one mana of any color.
Add To Stack: Ai(4)-GGS_Orochi_only activated Moon-Circuit Hacker
Add To Stack: Ai(4)-GGS_Orochi_only triggered City of Brass
Damage: City of Brass (337) deals 1 non-combat damage to Ai(4)-GGS_Orochi_only.
Life: Life: Ai(4)-GGS_Orochi_only 39 > 38
Resolve Stack: Whenever City of Brass becomes tapped, it deals 1 damage to you. [Tapped: City of Brass (337)]
Resolve Stack: Moon-Circuit Hacker (393) - Ai(4)-GGS_Orochi_only puts Moon-Circuit Hacker (393) from their hand onto the battlefield tapped and attacking.
Phase: Ai(4)-GGS_Orochi_only's First Strike Damage Step
Phase: Ai(4)-GGS_Orochi_only's Combat Damage Step
Damage: Moon-Circuit Hacker (393) deals 2 combat damage to Ai(1)-Jaymie_Ezio.
Life: Life: Ai(1)-Jaymie_Ezio 40 > 38
Add To Stack: Ai(4)-GGS_Orochi_only triggered Moon-Circuit Hacker
Resolve Stack: Whenever Moon-Circuit Hacker deals combat damage to a player, you may draw a card. If you do, discard a card unless Moon-Circuit Hacker entered this turn. [Damage Source: Moon-Circuit Hacker (393), Damaged: Ai(1)-Jaymie_Ezio, Amount: 2]
Phase: Ai(4)-GGS_Orochi_only's End of Combat Step
Phase: Ai(4)-GGS_Orochi_only's Main phase, postcombat
Replacement Effect: Undercity Sewers enters tapped.
Land: Ai(4)-GGS_Orochi_only played Undercity Sewers (305)
Add To Stack: Ai(4)-GGS_Orochi_only triggered Undercity Sewers
Resolve Stack: Ai(4)-GGS_Orochi_only surveiled 1 card(s) to the top of the library
Resolve Stack: When Undercity Sewers enters, surveil 1. (Look at the top card of your library. You may put it into your graveyard.) [Zone Changer: Undercity Sewers (305)]
Phase: Ai(4)-GGS_Orochi_only's End step
Phase: Ai(4)-GGS_Orochi_only's Cleanup step
Turn: Turn 6 (Ai(1)-Jaymie_Ezio)
Phase: Ai(1)-Jaymie_Ezio's Untap step
Phase: Ai(1)-Jaymie_Ezio's Upkeep step
Phase: Ai(1)-Jaymie_Ezio's Draw step
Phase: Ai(1)-Jaymie_Ezio's Main phase, precombat
Land: Ai(1)-Jaymie_Ezio played Swamp (59)
Phase: Ai(1)-Jaymie_Ezio's Beginning of Combat Step
Phase: Ai(1)-Jaymie_Ezio's Declare Attackers Step
Phase: Ai(1)-Jaymie_Ezio's Declare Blockers Step
Phase: Ai(1)-Jaymie_Ezio's First Strike Damage Step
Phase: Ai(1)-Jaymie_Ezio's Combat Damage Step
Phase: Ai(1)-Jaymie_Ezio's End of Combat Step
Phase: Ai(1)-Jaymie_Ezio's Main phase, postcombat
Mana: Swamp (59) - {T}: Add {B}.
Mana: Twilight Mire (69) - {T}: Add {C}.
Add To Stack: Ai(1)-Jaymie_Ezio cast Ezio Auditore da Firenze
Resolve Stack: Ezio Auditore da Firenze - Creature 3 / 2
Phase: Ai(1)-Jaymie_Ezio's End step
Phase: Ai(1)-Jaymie_Ezio's Cleanup step
Turn: Turn 7 (Ai(2)-Gabe_Food)
Phase: Ai(2)-Gabe_Food's Untap step
Phase: Ai(2)-Gabe_Food's Upkeep step
Phase: Ai(2)-Gabe_Food's Draw step
Phase: Ai(2)-Gabe_Food's Main phase, precombat
Land: Ai(2)-Gabe_Food played Forest (137)
Mana: Forest (137) - {T}: Add {G}.
Mana: Canopy Vista (171) - {T}: Add {G}.
Add To Stack: Ai(2)-Gabe_Food cast Farseek
Resolve Stack: Farseek (128) - Ai(2)-Gabe_Food searches their library for a Plains, Island, Swamp or Mountain card, puts it onto the battlefield tapped, then shuffles.
Phase: Ai(2)-Gabe_Food's Beginning of Combat Step
Phase: Ai(2)-Gabe_Food's Declare Attackers Step
Phase: Ai(2)-Gabe_Food's Declare Blockers Step
Phase: Ai(2)-Gabe_Food's First Strike Damage Step
Phase: Ai(2)-Gabe_Food's Combat Damage Step
Phase: Ai(2)-Gabe_Food's End of Combat Step
Phase: Ai(2)-Gabe_Food's Main phase, postcombat
Phase: Ai(2)-Gabe_Food's End step
Phase: Ai(2)-Gabe_Food's Cleanup step
Turn: Turn 8 (Ai(3)-Destyn_Turtles)
Phase: Ai(3)-Destyn_Turtles' Untap step
Phase: Ai(3)-Destyn_Turtles' Upkeep step
Phase: Ai(3)-Destyn_Turtles' Draw step
Phase: Ai(3)-Destyn_Turtles' Main phase, precombat
Land: Ai(3)-Destyn_Turtles played Island (231)
Phase: Ai(3)-Destyn_Turtles' Beginning of Combat Step
Phase: Ai(3)-Destyn_Turtles' Declare Attackers Step
Phase: Ai(3)-Destyn_Turtles' Declare Blockers Step
Phase: Ai(3)-Destyn_Turtles' First Strike Damage Step
Phase: Ai(3)-Destyn_Turtles' Combat Damage Step
Phase: Ai(3)-Destyn_Turtles' End of Combat Step
Phase: Ai(3)-Destyn_Turtles' Main phase, postcombat
Mana: Path of Ancestry (214) - {T}: Add one mana of any color in your commander's color identity. When that mana is spent to cast a creature spell that shares a creature type with your commander, scry 1. (Look at the top card of your library. You may put that card on the bottom.)
Mana: Island (231) - {T}: Add {U}.
Add To Stack: Ai(3)-Destyn_Turtles cast Michelangelo, the Heart
Add To Stack: Ai(3)-Destyn_Turtles triggered Path of Ancestry
Resolve Stack: Ai(3)-Destyn_Turtles scried 1 card(s) to the bottom of the library
Resolve Stack: When mana produced by Path of Ancestry is spent to cast a creature spell that shares a creature type with your commander, scry 1. ([Michelangelo, the Heart - Creature 2 / 1]) [Card: Michelangelo, the Heart (301), Activator: Ai(3)-Destyn_Turtles, SpellAbility: Michelangelo, the Heart - Creature 2 / 1]
Resolve Stack: Michelangelo, the Heart - Creature 2 / 1
Phase: Ai(3)-Destyn_Turtles' End step
Phase: Ai(3)-Destyn_Turtles' Cleanup step
Turn: Turn 9 (Ai(4)-GGS_Orochi_only)
Phase: Ai(4)-GGS_Orochi_only's Untap step
Phase: Ai(4)-GGS_Orochi_only's Upkeep step
Phase: Ai(4)-GGS_Orochi_only's Draw step
Phase: Ai(4)-GGS_Orochi_only's Main phase, precombat
Land: Ai(4)-GGS_Orochi_only played Sokenzan, Crucible of Defiance (334)
Mana: Sokenzan, Crucible of Defiance (334) - {T}: Add {R}.
Add To Stack: Ai(4)-GGS_Orochi_only cast Phoenix Chick
Resolve Stack: Phoenix Chick - Creature 1 / 1
Phase: Ai(4)-GGS_Orochi_only's Beginning of Combat Step
Phase: Ai(4)-GGS_Orochi_only's Declare Attackers Step
Combat: Ai(4)-GGS_Orochi_only assigned Phoenix Chick (373) and Moon-Circuit Hacker (393) to attack Ai(1)-Jaymie_Ezio.
Phase: Ai(4)-GGS_Orochi_only's Declare Blockers Step
Combat: Ai(1)-Jaymie_Ezio didn't block Phoenix Chick (373).
Ai(1)-Jaymie_Ezio didn't block Moon-Circuit Hacker (393).
Phase: Ai(4)-GGS_Orochi_only's First Strike Damage Step
Phase: Ai(4)-GGS_Orochi_only's Combat Damage Step
Damage: Phoenix Chick (373) deals 1 combat damage to Ai(1)-Jaymie_Ezio.
Damage: Moon-Circuit Hacker (393) deals 2 combat damage to Ai(1)-Jaymie_Ezio.
Life: Life: Ai(1)-Jaymie_Ezio 38 > 35
Add To Stack: Ai(4)-GGS_Orochi_only triggered Moon-Circuit Hacker
Discard: Ai(4)-GGS_Orochi_only discards Scalding Tarn (356).
Resolve Stack: Whenever Moon-Circuit Hacker deals combat damage to a player, you may draw a card. If you do, discard a card unless Moon-Circuit Hacker entered this turn. [Damage Source: Moon-Circuit Hacker (393), Damaged: Ai(1)-Jaymie_Ezio, Amount: 2]
Phase: Ai(4)-GGS_Orochi_only's End of Combat Step
Phase: Ai(4)-GGS_Orochi_only's Main phase, postcombat
Phase: Ai(4)-GGS_Orochi_only's End step
Phase: Ai(4)-GGS_Orochi_only's Cleanup step
Turn: Turn 10 (Ai(1)-Jaymie_Ezio)
Phase: Ai(1)-Jaymie_Ezio's Untap step
Phase: Ai(1)-Jaymie_Ezio's Upkeep step
Phase: Ai(1)-Jaymie_Ezio's Draw step
Phase: Ai(1)-Jaymie_Ezio's Main phase, precombat
Phase: Ai(1)-Jaymie_Ezio's Beginning of Combat Step
Phase: Ai(1)-Jaymie_Ezio's Declare Attackers Step
Combat: Ai(1)-Jaymie_Ezio assigned Ezio Auditore da Firenze (100) to attack Ai(4)-GGS_Orochi_only.
Phase: Ai(1)-Jaymie_Ezio's Declare Blockers Step
Combat: Ai(4)-GGS_Orochi_only didn't block Ezio Auditore da Firenze (100).
Phase: Ai(1)-Jaymie_Ezio's First Strike Damage Step
Phase: Ai(1)-Jaymie_Ezio's Combat Damage Step
Damage: Ezio Auditore da Firenze (100) deals 3 combat damage to Ai(4)-GGS_Orochi_only.
Life: Life: Ai(4)-GGS_Orochi_only 38 > 35
Add To Stack: Ai(1)-Jaymie_Ezio triggered Ezio Auditore da Firenze
Resolve Stack: Whenever Ezio deals combat damage to a player, you may pay {W}{U}{B}{R}{G} if that player has 10 or less life. When you do, that player loses the game. [Damage Source: Ezio Auditore da Firenze (100), Damaged: Ai(4)-GGS_Orochi_only, Amount: 3]
Phase: Ai(1)-Jaymie_Ezio's End of Combat Step
Phase: Ai(1)-Jaymie_Ezio's Main phase, postcombat
Replacement Effect: Boros Garrison enters tapped.
Land: Ai(1)-Jaymie_Ezio played Boros Garrison (80)
Add To Stack: Ai(1)-Jaymie_Ezio triggered Boros Garrison
Resolve Stack: When Boros Garrison enters, return a land you control to its owner's hand. [Zone Changer: Boros Garrison (80)]
Phase: Ai(1)-Jaymie_Ezio's End step
Phase: Ai(1)-Jaymie_Ezio's Cleanup step
Discard: Ai(1)-Jaymie_Ezio discards Deceptive Landscape (15).
Turn: Turn 11 (Ai(2)-Gabe_Food)
Phase: Ai(2)-Gabe_Food's Untap step
Phase: Ai(2)-Gabe_Food's Upkeep step
Mana: Swamp (163) - {T}: Add {B}.
Mana: Forest (137) - {T}: Add {G}.
Add To Stack: Ai(2)-Gabe_Food cast Go for the Throat targeting [Ezio Auditore da Firenze (100)]
Zone Change: Ezio Auditore da Firenze (100) was put into Graveyard from Battlefield.
Resolve Stack: Go for the Throat (103) - Destroy Ezio Auditore da Firenze (100).
Phase: Ai(2)-Gabe_Food's Draw step
Phase: Ai(2)-Gabe_Food's Main phase, precombat
Land: Ai(2)-Gabe_Food played Exotic Orchard (148)
Phase: Ai(2)-Gabe_Food's Beginning of Combat Step
Phase: Ai(2)-Gabe_Food's Declare Attackers Step
Phase: Ai(2)-Gabe_Food's Declare Blockers Step
Phase: Ai(2)-Gabe_Food's First Strike Damage Step
Phase: Ai(2)-Gabe_Food's Combat Damage Step
Phase: Ai(2)-Gabe_Food's End of Combat Step
Phase: Ai(2)-Gabe_Food's Main phase, postcombat
Mana: Exotic Orchard (148) - {T}: Add one mana of any color that a land an opponent controls could produce.
Mana: Canopy Vista (171) - {T}: Add {W}.
Add To Stack: Ai(2)-Gabe_Food cast Frodo, Adventurous Hobbit
Resolve Stack: Frodo, Adventurous Hobbit - Creature 1 / 3
Add To Stack: Ai(2)-Gabe_Food triggered Frodo, Adventurous Hobbit targeting [Ai(2)-Gabe_Food]
Resolve Stack: Partner with Sam, Loyal Attendant (When this creature enters, target player may put Sam into their hand from their library, then shuffle.) (Targeting: [[Ai(2)-Gabe_Food]]) [Zone Changer: Frodo, Adventurous Hobbit (200)]
Phase: Ai(2)-Gabe_Food's End step
Phase: Ai(2)-Gabe_Food's Cleanup step
Turn: Turn 12 (Ai(3)-Destyn_Turtles)
Phase: Ai(3)-Destyn_Turtles' Untap step
Phase: Ai(3)-Destyn_Turtles' Upkeep step
Mana: Island (231) - {T}: Add {U}.
Mana: Path of Ancestry (214) - {T}: Add one mana of any color in your commander's color identity. When that mana is spent to cast a creature spell that shares a creature type with your commander, scry 1. (Look at the top card of your library. You may put that card on the bottom.)
Add To Stack: Ai(3)-Destyn_Turtles cast Double Jump targeting [Michelangelo, the Heart (301)]
Resolve Stack: Double Jump (228) - Put a flying counter on target creature you control. Until end of turn, it has base power and toughness 5/5. (Targeting: Michelangelo, the Heart (301)) 
Phase: Ai(3)-Destyn_Turtles' Draw step
Phase: Ai(3)-Destyn_Turtles' Main phase, precombat
Phase: Ai(3)-Destyn_Turtles' Beginning of Combat Step
Phase: Ai(3)-Destyn_Turtles' Declare Attackers Step
Combat: Ai(3)-Destyn_Turtles assigned Michelangelo, the Heart (301) to attack Ai(4)-GGS_Orochi_only.
Phase: Ai(3)-Destyn_Turtles' Declare Blockers Step
Combat: Ai(4)-GGS_Orochi_only didn't block Michelangelo, the Heart (301).
Phase: Ai(3)-Destyn_Turtles' First Strike Damage Step
Phase: Ai(3)-Destyn_Turtles' Combat Damage Step
Damage: Michelangelo, the Heart (301) deals 5 combat damage to Ai(4)-GGS_Orochi_only.
Life: Life: Ai(4)-GGS_Orochi_only 35 > 30
Phase: Ai(3)-Destyn_Turtles' End of Combat Step
Phase: Ai(3)-Destyn_Turtles' Main phase, postcombat
Add To Stack: Ai(3)-Destyn_Turtles triggered Michelangelo, the Heart targeting [Michelangelo, the Heart (301)]
Resolve Stack: Raid (the Fridge) — At the beginning of your second main phase, if you attacked this turn, put a +1/+1 counter on target creature and create a Food token. (Targeting: [[Michelangelo, the Heart (301)]]) [Phase: Ai(3)-Destyn_Turtles]
Replacement Effect: Sunken Hollow enters tapped unless you control two or more basic lands.
Land: Ai(3)-Destyn_Turtles played Sunken Hollow (226)
Phase: Ai(3)-Destyn_Turtles' End step
Phase: Ai(3)-Destyn_Turtles' Cleanup step
Turn: Turn 13 (Ai(4)-GGS_Orochi_only)
Phase: Ai(4)-GGS_Orochi_only's Untap step
Phase: Ai(4)-GGS_Orochi_only's Upkeep step
Phase: Ai(4)-GGS_Orochi_only's Draw step
Phase: Ai(4)-GGS_Orochi_only's Main phase, precombat
Replacement Effect: Luxury Suite enters tapped unless you have two or more opponents.
Land: Ai(4)-GGS_Orochi_only played Luxury Suite (379)
Phase: Ai(4)-GGS_Orochi_only's Beginning of Combat Step
Phase: Ai(4)-GGS_Orochi_only's Declare Attackers Step
Combat: Ai(4)-GGS_Orochi_only assigned Phoenix Chick (373) and Moon-Circuit Hacker (393) to attack Ai(3)-Destyn_Turtles.
Phase: Ai(4)-GGS_Orochi_only's Declare Blockers Step
Combat: Ai(3)-Destyn_Turtles didn't block Phoenix Chick (373).
Ai(3)-Destyn_Turtles didn't block Moon-Circuit Hacker (393).
Phase: Ai(4)-GGS_Orochi_only's First Strike Damage Step
Phase: Ai(4)-GGS_Orochi_only's Combat Damage Step
Damage: Phoenix Chick (373) deals 1 combat damage to Ai(3)-Destyn_Turtles.
Damage: Moon-Circuit Hacker (393) deals 2 combat damage to Ai(3)-Destyn_Turtles.
Life: Life: Ai(3)-Destyn_Turtles 40 > 37
Add To Stack: Ai(4)-GGS_Orochi_only triggered Moon-Circuit Hacker
Discard: Ai(4)-GGS_Orochi_only discards War Cadence (374).
Resolve Stack: Whenever Moon-Circuit Hacker deals combat damage to a player, you may draw a card. If you do, discard a card unless Moon-Circuit Hacker entered this turn. [Damage Source: Moon-Circuit Hacker (393), Damaged: Ai(3)-Destyn_Turtles, Amount: 2]
Phase: Ai(4)-GGS_Orochi_only's End of Combat Step
Phase: Ai(4)-GGS_Orochi_only's Main phase, postcombat
Mana: Undercity Sewers (305) - {T}: Add {U}.
Mana: Luxury Suite (379) - {T}: Add {B} or {R}.
Mana: Sokenzan, Crucible of Defiance (334) - {T}: Add {R}.
Add To Stack: Ai(4)-GGS_Orochi_only cast Goro-Goro and Satoru
Resolve Stack: Goro-Goro and Satoru - Creature 3 / 4
Phase: Ai(4)-GGS_Orochi_only's End step
Phase: Ai(4)-GGS_Orochi_only's Cleanup step
Turn: Turn 14 (Ai(1)-Jaymie_Ezio)
Phase: Ai(1)-Jaymie_Ezio's Untap step
Phase: Ai(1)-Jaymie_Ezio's Upkeep step
Phase: Ai(1)-Jaymie_Ezio's Draw step
Phase: Ai(1)-Jaymie_Ezio's Main phase, precombat
Land: Ai(1)-Jaymie_Ezio played Twisted Landscape (9)
Zone Change: Twisted Landscape (9) was put into Graveyard from Battlefield.
Add To Stack: Ai(1)-Jaymie_Ezio activated Twisted Landscape
Resolve Stack: Twisted Landscape (9) - Ai(1)-Jaymie_Ezio searches their library for a basic Swamp, Mountain, or Forest card, puts it onto the battlefield tapped, then shuffles.
Mana: Boros Garrison (80) - {T}: Add {R}{W}.
Mana: Twilight Mire (69) - {T}: Add {C}.
Add To Stack: Ai(1)-Jaymie_Ezio cast 
Resolve Stack: Disguise - Creature 2/2
Phase: Ai(1)-Jaymie_Ezio's Beginning of Combat Step
Phase: Ai(1)-Jaymie_Ezio's Declare Attackers Step
Phase: Ai(1)-Jaymie_Ezio's Declare Blockers Step
Phase: Ai(1)-Jaymie_Ezio's First Strike Damage Step
Phase: Ai(1)-Jaymie_Ezio's Combat Damage Step
Phase: Ai(1)-Jaymie_Ezio's End of Combat Step
Phase: Ai(1)-Jaymie_Ezio's Main phase, postcombat
Phase: Ai(1)-Jaymie_Ezio's End step
Phase: Ai(1)-Jaymie_Ezio's Cleanup step
Turn: Turn 15 (Ai(2)-Gabe_Food)
Phase: Ai(2)-Gabe_Food's Untap step
Phase: Ai(2)-Gabe_Food's Upkeep step
Phase: Ai(2)-Gabe_Food's Draw step
Phase: Ai(2)-Gabe_Food's Main phase, precombat
Mana: Exotic Orchard (148) - {T}: Add one mana of any color that a land an opponent controls could produce.
Mana: Canopy Vista (171) - {T}: Add {W}.
Mana: Forest (137) - {T}: Add {G}.
Mana: Swamp (163) - {T}: Add {B}.
Add To Stack: Ai(2)-Gabe_Food cast Dusk
Mana: City of Brass (337) - {T}: Add one mana of any color.
Add To Stack: Ai(4)-GGS_Orochi_only cast Swan Song targeting [Destroy all creatures with power 3 or greater.]
Add To Stack: Ai(4)-GGS_Orochi_only triggered City of Brass
Damage: City of Brass (337) deals 1 non-combat damage to Ai(4)-GGS_Orochi_only.
Life: Life: Ai(4)-GGS_Orochi_only 30 > 29
Resolve Stack: Whenever City of Brass becomes tapped, it deals 1 damage to you. [Tapped: City of Brass (337)]
Zone Change: Send countered spell to Graveyard
Resolve Stack: Swan Song (342) - Counter Dusk (113). 
Phase: Ai(2)-Gabe_Food's Beginning of Combat Step
Phase: Ai(2)-Gabe_Food's Declare Attackers Step
Phase: Ai(2)-Gabe_Food's Declare Blockers Step
Phase: Ai(2)-Gabe_Food's First Strike Damage Step
Phase: Ai(2)-Gabe_Food's Combat Damage Step
Phase: Ai(2)-Gabe_Food's End of Combat Step
Phase: Ai(2)-Gabe_Food's Main phase, postcombat
Phase: Ai(2)-Gabe_Food's End step
Phase: Ai(2)-Gabe_Food's Cleanup step
Turn: Turn 16 (Ai(3)-Destyn_Turtles)
Phase: Ai(3)-Destyn_Turtles' Untap step
Phase: Ai(3)-Destyn_Turtles' Upkeep step
Phase: Ai(3)-Destyn_Turtles' Draw step
Phase: Ai(3)-Destyn_Turtles' Main phase, precombat
Land: Ai(3)-Destyn_Turtles played Plains (289)
Mana: Plains (289) - {T}: Add {W}.
Mana: Island (231) - {T}: Add {U}.
Mana: Sunken Hollow (226) - {T}: Add {B}.
Add To Stack: Ai(3)-Destyn_Turtles cast Endless Foot Assault
Resolve Stack: Endless Foot Assault
Phase: Ai(3)-Destyn_Turtles' Beginning of Combat Step
Phase: Ai(3)-Destyn_Turtles' Declare Attackers Step
Combat: Ai(3)-Destyn_Turtles assigned Michelangelo, the Heart (301) to attack Ai(4)-GGS_Orochi_only.
Add To Stack: Ai(3)-Destyn_Turtles triggered Endless Foot Assault
Resolve Stack: Whenever you attack, for each opponent, create a 1/1 black Ninja creature token that's tapped and attacking that player. [Number Attackers: [Michelangelo, the Heart (301)]]
Phase: Ai(3)-Destyn_Turtles' Declare Blockers Step
Combat: Ai(4)-GGS_Orochi_only didn't block Michelangelo, the Heart (301).
Ai(4)-GGS_Orochi_only assigned Goro-Goro and Satoru (403) to block Ninja Token (415).
Combat: Ai(1)-Jaymie_Ezio assigned Face-down card (H4) to block Ninja Token (417).
Combat: Ai(2)-Gabe_Food assigned Bird Token (413) to block Ninja Token (419).
Phase: Ai(3)-Destyn_Turtles' First Strike Damage Step
Phase: Ai(3)-Destyn_Turtles' Combat Damage Step
Damage: Michelangelo, the Heart (301) deals 3 combat damage to Ai(4)-GGS_Orochi_only.
Damage: Ninja Token (415) deals 1 damage to Goro-Goro and Satoru (403).
Damage: Ninja Token (417) deals 1 damage to Face-down card (H4).
Damage: Ninja Token (419) deals 1 damage to Bird Token (413).
Damage: Goro-Goro and Satoru (403) deals 3 damage to Ninja Token (415).
Damage: Face-down card (H4) deals 2 damage to Ninja Token (417).
Damage: Bird Token (413) deals 2 damage to Ninja Token (419).
Life: Life: Ai(4)-GGS_Orochi_only 29 > 26
Zone Change: Ninja Token (415) was put into Graveyard from Battlefield.
Zone Change: Ninja Token (417) was put into Graveyard from Battlefield.
Zone Change: Ninja Token (419) was put into Graveyard from Battlefield.
Phase: Ai(3)-Destyn_Turtles' End of Combat Step
Phase: Ai(3)-Destyn_Turtles' Main phase, postcombat
Add To Stack: Ai(3)-Destyn_Turtles triggered Michelangelo, the Heart targeting [Michelangelo, the Heart (301)]
Resolve Stack: Raid (the Fridge) — At the beginning of your second main phase, if you attacked this turn, put a +1/+1 counter on target creature and create a Food token. (Targeting: [[Michelangelo, the Heart (301)]]) [Phase: Ai(3)-Destyn_Turtles]
Phase: Ai(3)-Destyn_Turtles' End step
Phase: Ai(3)-Destyn_Turtles' Cleanup step
Turn: Turn 17 (Ai(4)-GGS_Orochi_only)
Phase: Ai(4)-GGS_Orochi_only's Untap step
Phase: Ai(4)-GGS_Orochi_only's Upkeep step
Phase: Ai(4)-GGS_Orochi_only's Draw step
Mana: Luxury Suite (379) - {T}: Add {B} or {R}.
Mana: Undercity Sewers (305) - {T}: Add {B}.
Mana: Sokenzan, Crucible of Defiance (334) - {T}: Add {R}.
Mana: City of Brass (337) - {T}: Add one mana of any color.
Add To Stack: Ai(4)-GGS_Orochi_only cast Fell the Profane targeting [Michelangelo, the Heart (301)]
Add To Stack: Ai(4)-GGS_Orochi_only triggered City of Brass
Damage: City of Brass (337) deals 1 non-combat damage to Ai(4)-GGS_Orochi_only.
Life: Life: Ai(4)-GGS_Orochi_only 26 > 25
Resolve Stack: Whenever City of Brass becomes tapped, it deals 1 damage to you. [Tapped: City of Brass (337)]
Zone Change: Michelangelo, the Heart (301) was put into Graveyard from Battlefield.
Resolve Stack: Fell the Profane (371) - Destroy Michelangelo, the Heart (301).
Phase: Ai(4)-GGS_Orochi_only's Main phase, precombat
Land: Ai(4)-GGS_Orochi_only played Flooded Strand (310)
Life: Life: Ai(4)-GGS_Orochi_only 25 > 24
Zone Change: Flooded Strand (310) was put into Graveyard from Battlefield.
Add To Stack: Ai(4)-GGS_Orochi_only activated Flooded Strand
Replacement Effect: As Steam Vents enters, you may pay 2 life. If you don't, it enters tapped.
Resolve Stack: Flooded Strand (310) - Ai(4)-GGS_Orochi_only searches their library for a Plains or Island card, puts it onto the battlefield, then shuffles.
Phase: Ai(4)-GGS_Orochi_only's Beginning of Combat Step
Phase: Ai(4)-GGS_Orochi_only's Declare Attackers Step
Combat: Ai(4)-GGS_Orochi_only assigned Goro-Goro and Satoru (403) to attack Ai(2)-Gabe_Food.
Phase: Ai(4)-GGS_Orochi_only's Declare Blockers Step
Combat: Ai(2)-Gabe_Food didn't block Goro-Goro and Satoru (403).
Phase: Ai(4)-GGS_Orochi_only's First Strike Damage Step
Phase: Ai(4)-GGS_Orochi_only's Combat Damage Step
Damage: Goro-Goro and Satoru (403) deals 3 combat damage to Ai(2)-Gabe_Food.
Life: Life: Ai(2)-Gabe_Food 39 > 36
Phase: Ai(4)-GGS_Orochi_only's End of Combat Step
Phase: Ai(4)-GGS_Orochi_only's Main phase, postcombat
Phase: Ai(4)-GGS_Orochi_only's End step
Phase: Ai(4)-GGS_Orochi_only's Cleanup step
Turn: Turn 18 (Ai(1)-Jaymie_Ezio)
Phase: Ai(1)-Jaymie_Ezio's Untap step
Phase: Ai(1)-Jaymie_Ezio's Upkeep step
Phase: Ai(1)-Jaymie_Ezio's Draw step
Phase: Ai(1)-Jaymie_Ezio's Main phase, precombat
Land: Ai(1)-Jaymie_Ezio played Swamp (59)
Mana: Swamp (59) - {T}: Add {B}.
Mana: Mountain (88) - {T}: Add {R}.
Resolve Stack: Ai(1)-Jaymie_Ezio has undisguised Arno Dorian
Phase: Ai(1)-Jaymie_Ezio's Beginning of Combat Step
Phase: Ai(1)-Jaymie_Ezio's Declare Attackers Step
Combat: Ai(1)-Jaymie_Ezio assigned Arno Dorian (24) to attack Ai(4)-GGS_Orochi_only.
Phase: Ai(1)-Jaymie_Ezio's Declare Blockers Step
Combat: Ai(4)-GGS_Orochi_only didn't block Arno Dorian (24).
Phase: Ai(1)-Jaymie_Ezio's First Strike Damage Step
Phase: Ai(1)-Jaymie_Ezio's Combat Damage Step
Damage: Arno Dorian (24) deals 3 combat damage to Ai(4)-GGS_Orochi_only.
Life: Life: Ai(4)-GGS_Orochi_only 24 > 21
Phase: Ai(1)-Jaymie_Ezio's End of Combat Step
Phase: Ai(1)-Jaymie_Ezio's Main phase, postcombat
Mana: Boros Garrison (80) - {T}: Add {R}{W}.
Add To Stack: Ai(1)-Jaymie_Ezio cast Fellwar Stone
Resolve Stack: Fellwar Stone
Phase: Ai(1)-Jaymie_Ezio's End step
Phase: Ai(1)-Jaymie_Ezio's Cleanup step
Turn: Turn 19 (Ai(2)-Gabe_Food)
Phase: Ai(2)-Gabe_Food's Untap step
Phase: Ai(2)-Gabe_Food's Upkeep step
Phase: Ai(2)-Gabe_Food's Draw step
Phase: Ai(2)-Gabe_Food's Main phase, precombat
Mana: Exotic Orchard (148) - {T}: Add one mana of any color that a land an opponent controls could produce.
Mana: Forest (137) - {T}: Add {G}.
Mana: Swamp (163) - {T}: Add {B}.
Add To Stack: Ai(2)-Gabe_Food cast Sam, Loyal Attendant
Resolve Stack: Sam, Loyal Attendant - Creature 2 / 4
Add To Stack: Ai(2)-Gabe_Food triggered Sam, Loyal Attendant targeting [Ai(2)-Gabe_Food]
Resolve Stack: Partner with Frodo, Adventurous Hobbit (When this creature enters, target player may put Frodo into their hand from their library, then shuffle.) (Targeting: [[Ai(2)-Gabe_Food]]) [Zone Changer: Sam, Loyal Attendant (202)]
Phase: Ai(2)-Gabe_Food's Beginning of Combat Step
Add To Stack: Ai(2)-Gabe_Food triggered Sam, Loyal Attendant
Resolve Stack: At the beginning of combat on your turn, create a Food token. (It's an artifact with "{2}, {T}, Sacrifice this token: You gain 3 life.") [Phase: Ai(2)-Gabe_Food]
Phase: Ai(2)-Gabe_Food's Declare Attackers Step
Combat: Ai(2)-Gabe_Food assigned Frodo, Adventurous Hobbit (200) and Bird Token (413) to attack Ai(4)-GGS_Orochi_only.
Phase: Ai(2)-Gabe_Food's Declare Blockers Step
Combat: Ai(4)-GGS_Orochi_only didn't block Frodo, Adventurous Hobbit (200).
Ai(4)-GGS_Orochi_only didn't block Bird Token (413).
Phase: Ai(2)-Gabe_Food's First Strike Damage Step
Phase: Ai(2)-Gabe_Food's Combat Damage Step
Damage: Frodo, Adventurous Hobbit (200) deals 1 combat damage to Ai(4)-GGS_Orochi_only.
Damage: Bird Token (413) deals 2 combat damage to Ai(4)-GGS_Orochi_only.
Life: Life: Ai(4)-GGS_Orochi_only 21 > 18
Phase: Ai(2)-Gabe_Food's End of Combat Step
Phase: Ai(2)-Gabe_Food's Main phase, postcombat
Phase: Ai(2)-Gabe_Food's End step
Phase: Ai(2)-Gabe_Food's Cleanup step
Turn: Turn 20 (Ai(3)-Destyn_Turtles)
Phase: Ai(3)-Destyn_Turtles' Untap step
Phase: Ai(3)-Destyn_Turtles' Upkeep step
Phase: Ai(3)-Destyn_Turtles' Draw step
Phase: Ai(3)-Destyn_Turtles' Main phase, precombat
Land: Ai(3)-Destyn_Turtles played Forest (240)
Phase: Ai(3)-Destyn_Turtles' Beginning of Combat Step
Phase: Ai(3)-Destyn_Turtles' Declare Attackers Step
Phase: Ai(3)-Destyn_Turtles' Declare Blockers Step
Phase: Ai(3)-Destyn_Turtles' First Strike Damage Step
Phase: Ai(3)-Destyn_Turtles' Combat Damage Step
Phase: Ai(3)-Destyn_Turtles' End of Combat Step
Phase: Ai(3)-Destyn_Turtles' Main phase, postcombat
Mana: Plains (289) - {T}: Add {W}.
Mana: Forest (240) - {T}: Add {G}.
Mana: Island (231) - {T}: Add {U}.
Mana: Sunken Hollow (226) - {T}: Add {B}.
Add To Stack: Ai(3)-Destyn_Turtles cast Leonardo, the Balance
Resolve Stack: Leonardo, the Balance - Creature 3 / 3
Phase: Ai(3)-Destyn_Turtles' End step
Phase: Ai(3)-Destyn_Turtles' Cleanup step
Turn: Turn 21 (Ai(4)-GGS_Orochi_only)
Phase: Ai(4)-GGS_Orochi_only's Untap step
Phase: Ai(4)-GGS_Orochi_only's Upkeep step
Phase: Ai(4)-GGS_Orochi_only's Draw step
Phase: Ai(4)-GGS_Orochi_only's Main phase, precombat
Phase: Ai(4)-GGS_Orochi_only's Beginning of Combat Step
Phase: Ai(4)-GGS_Orochi_only's Declare Attackers Step
Combat: Ai(4)-GGS_Orochi_only assigned Phoenix Chick (373) to attack Ai(2)-Gabe_Food.
Phase: Ai(4)-GGS_Orochi_only's Declare Blockers Step
Combat: Ai(2)-Gabe_Food didn't block Phoenix Chick (373).
Phase: Ai(4)-GGS_Orochi_only's First Strike Damage Step
Phase: Ai(4)-GGS_Orochi_only's Combat Damage Step
Damage: Phoenix Chick (373) deals 1 combat damage to Ai(2)-Gabe_Food.
Life: Life: Ai(2)-Gabe_Food 36 > 35
Phase: Ai(4)-GGS_Orochi_only's End of Combat Step
Phase: Ai(4)-GGS_Orochi_only's Main phase, postcombat
Mana: Undercity Sewers (305) - {T}: Add {U}.
Mana: Steam Vents (346) - {T}: Add {U}.
Mana: Sokenzan, Crucible of Defiance (334) - {T}: Add {R}.
Add To Stack: Ai(4)-GGS_Orochi_only cast Grazilaxx, Illithid Scholar
Resolve Stack: Grazilaxx, Illithid Scholar - Creature 3 / 2
Phase: Ai(4)-GGS_Orochi_only's End step
Phase: Ai(4)-GGS_Orochi_only's Cleanup step
Turn: Turn 22 (Ai(1)-Jaymie_Ezio)
Phase: Ai(1)-Jaymie_Ezio's Untap step
Phase: Ai(1)-Jaymie_Ezio's Upkeep step
Phase: Ai(1)-Jaymie_Ezio's Draw step
Phase: Ai(1)-Jaymie_Ezio's Main phase, precombat
Land: Ai(1)-Jaymie_Ezio played Brotherhood Headquarters (25)
Phase: Ai(1)-Jaymie_Ezio's Beginning of Combat Step
Phase: Ai(1)-Jaymie_Ezio's Declare Attackers Step
Phase: Ai(1)-Jaymie_Ezio's Declare Blockers Step
Phase: Ai(1)-Jaymie_Ezio's First Strike Damage Step
Phase: Ai(1)-Jaymie_Ezio's Combat Damage Step
Phase: Ai(1)-Jaymie_Ezio's End of Combat Step
Phase: Ai(1)-Jaymie_Ezio's Main phase, postcombat
Mana: Fellwar Stone (76) - {T}: Add one mana of any color that a land an opponent controls could produce.
Mana: Swamp (59) - {T}: Add {B}.
Mana: Mountain (88) - {T}: Add {R}.
Mana: Boros Garrison (80) - {T}: Add {R}{W}.
Add To Stack: Ai(1)-Jaymie_Ezio cast Edward Kenway
Resolve Stack: Edward Kenway - Creature 5 / 5
Phase: Ai(1)-Jaymie_Ezio's End step
Add To Stack: Ai(1)-Jaymie_Ezio triggered Edward Kenway
Resolve Stack: At the beginning of your end step, create a Treasure token for each tapped Assassin, Pirate, and/or Vehicle you control. [Phase: Ai(1)-Jaymie_Ezio]
Phase: Ai(1)-Jaymie_Ezio's Cleanup step
Turn: Turn 23 (Ai(2)-Gabe_Food)
Phase: Ai(2)-Gabe_Food's Untap step
Phase: Ai(2)-Gabe_Food's Upkeep step
Phase: Ai(2)-Gabe_Food's Draw step
Phase: Ai(2)-Gabe_Food's Main phase, precombat
Land: Ai(2)-Gabe_Food played Plains (189)
Mana: Exotic Orchard (148) - {T}: Add one mana of any color that a land an opponent controls could produce.
Mana: Forest (137) - {T}: Add {G}.
Mana: Swamp (163) - {T}: Add {B}.
Mana: Plains (189) - {T}: Add {W}.
Mana: Canopy Vista (171) - {T}: Add {G}.
Add To Stack: Ai(2)-Gabe_Food cast Fell the Mighty targeting [Frodo, Adventurous Hobbit (200)]
Zone Change: Bird Token (413) was put into Graveyard from Battlefield.
Zone Change: Sam, Loyal Attendant (202) was put into Graveyard from Battlefield.
Zone Change: Leonardo, the Balance (303) was put into Graveyard from Battlefield.
Zone Change: Moon-Circuit Hacker (393) was put into Graveyard from Battlefield.
Zone Change: Goro-Goro and Satoru (403) was put into Graveyard from Battlefield.
Zone Change: Grazilaxx, Illithid Scholar (306) was put into Graveyard from Battlefield.
Zone Change: Arno Dorian (24) was put into Graveyard from Battlefield.
Zone Change: Edward Kenway (5) was put into Graveyard from Battlefield.
Resolve Stack: Fell the Mighty (123) - Destroy all creatures with power greater than target creature's power.
Phase: Ai(2)-Gabe_Food's Beginning of Combat Step
Phase: Ai(2)-Gabe_Food's Declare Attackers Step
Combat: Ai(2)-Gabe_Food assigned Frodo, Adventurous Hobbit (200) to attack Ai(3)-Destyn_Turtles.
Phase: Ai(2)-Gabe_Food's Declare Blockers Step
Combat: Ai(3)-Destyn_Turtles didn't block Frodo, Adventurous Hobbit (200).
Phase: Ai(2)-Gabe_Food's First Strike Damage Step
Phase: Ai(2)-Gabe_Food's Combat Damage Step
Damage: Frodo, Adventurous Hobbit (200) deals 1 combat damage to Ai(3)-Destyn_Turtles.
Life: Life: Ai(3)-Destyn_Turtles 37 > 36
Phase: Ai(2)-Gabe_Food's End of Combat Step
Phase: Ai(2)-Gabe_Food's Main phase, postcombat
Phase: Ai(2)-Gabe_Food's End step
Phase: Ai(2)-Gabe_Food's Cleanup step
Turn: Turn 24 (Ai(3)-Destyn_Turtles)
Phase: Ai(3)-Destyn_Turtles' Untap step
Phase: Ai(3)-Destyn_Turtles' Upkeep step
Phase: Ai(3)-Destyn_Turtles' Draw step
Phase: Ai(3)-Destyn_Turtles' Main phase, precombat
Replacement Effect: This land enters tapped.
Land: Ai(3)-Destyn_Turtles played Hidden Hideout (256)
Phase: Ai(3)-Destyn_Turtles' Beginning of Combat Step
Phase: Ai(3)-Destyn_Turtles' Declare Attackers Step
Phase: Ai(3)-Destyn_Turtles' Declare Blockers Step
Phase: Ai(3)-Destyn_Turtles' First Strike Damage Step
Phase: Ai(3)-Destyn_Turtles' Combat Damage Step
Phase: Ai(3)-Destyn_Turtles' End of Combat Step
Phase: Ai(3)-Destyn_Turtles' Main phase, postcombat
Mana: Forest (240) - {T}: Add {G}.
Mana: Island (231) - {T}: Add {U}.
Mana: Plains (289) - {T}: Add {W}.
Mana: Sunken Hollow (226) - {T}: Add {B}.
Add To Stack: Ai(3)-Destyn_Turtles cast Michelangelo, the Heart
Resolve Stack: Michelangelo, the Heart - Creature 2 / 1
Phase: Ai(3)-Destyn_Turtles' End step
Phase: Ai(3)-Destyn_Turtles' Cleanup step
Turn: Turn 25 (Ai(4)-GGS_Orochi_only)
Phase: Ai(4)-GGS_Orochi_only's Untap step
Phase: Ai(4)-GGS_Orochi_only's Upkeep step
Phase: Ai(4)-GGS_Orochi_only's Draw step
Phase: Ai(4)-GGS_Orochi_only's Main phase, precombat
Land: Ai(4)-GGS_Orochi_only played Riverpyre Verge (398)
Phase: Ai(4)-GGS_Orochi_only's Beginning of Combat Step
Phase: Ai(4)-GGS_Orochi_only's Declare Attackers Step
Combat: Ai(4)-GGS_Orochi_only assigned Phoenix Chick (373) to attack Ai(3)-Destyn_Turtles.
Phase: Ai(4)-GGS_Orochi_only's Declare Blockers Step
Combat: Ai(3)-Destyn_Turtles didn't block Phoenix Chick (373).
Phase: Ai(4)-GGS_Orochi_only's First Strike Damage Step
Phase: Ai(4)-GGS_Orochi_only's Combat Damage Step
Damage: Phoenix Chick (373) deals 1 combat damage to Ai(3)-Destyn_Turtles.
Life: Life: Ai(3)-Destyn_Turtles 36 > 35
Phase: Ai(4)-GGS_Orochi_only's End of Combat Step
Phase: Ai(4)-GGS_Orochi_only's Main phase, postcombat
Mana: Luxury Suite (379) - {T}: Add {B} or {R}.
Mana: Undercity Sewers (305) - {T}: Add {U}.
Mana: Sokenzan, Crucible of Defiance (334) - {T}: Add {R}.
Mana: Steam Vents (346) - {T}: Add {R}.
Mana: Riverpyre Verge (398) - {T}: Add {U}. Activate only if you control an Island or a Mountain.
Add To Stack: Ai(4)-GGS_Orochi_only cast Goro-Goro and Satoru
Resolve Stack: Goro-Goro and Satoru - Creature 3 / 4
Phase: Ai(4)-GGS_Orochi_only's End step
Phase: Ai(4)-GGS_Orochi_only's Cleanup step
Turn: Turn 26 (Ai(1)-Jaymie_Ezio)
Phase: Ai(1)-Jaymie_Ezio's Untap step
Phase: Ai(1)-Jaymie_Ezio's Upkeep step
Phase: Ai(1)-Jaymie_Ezio's Draw step
Phase: Ai(1)-Jaymie_Ezio's Main phase, precombat
Phase: Ai(1)-Jaymie_Ezio's Beginning of Combat Step
Phase: Ai(1)-Jaymie_Ezio's Declare Attackers Step
Phase: Ai(1)-Jaymie_Ezio's Declare Blockers Step
Phase: Ai(1)-Jaymie_Ezio's First Strike Damage Step
Phase: Ai(1)-Jaymie_Ezio's Combat Damage Step
Phase: Ai(1)-Jaymie_Ezio's End of Combat Step
Phase: Ai(1)-Jaymie_Ezio's Main phase, postcombat
Replacement Effect: Thriving Moor enters tapped.
Replacement Effect: As Thriving Moor enters, choose a color other than black.
Land: Ai(1)-Jaymie_Ezio played Thriving Moor (99)
Mana: Fellwar Stone (76) - {T}: Add one mana of any color that a land an opponent controls could produce.
Mana: Mountain (88) - {T}: Add {R}.
Mana: Swamp (59) - {T}: Add {B}.
Mana: Boros Garrison (80) - {T}: Add {R}{W}.
Add To Stack: Ai(1)-Jaymie_Ezio cast Viewpoint Synchronization
Resolve Stack: Viewpoint Synchronization (74) - Search your library for up to three basic land cards and reveal them. Put two of them onto the battlefield tapped and the other into your hand, then shuffle.   
Phase: Ai(1)-Jaymie_Ezio's End step
Phase: Ai(1)-Jaymie_Ezio's Cleanup step
Turn: Turn 27 (Ai(2)-Gabe_Food)
Phase: Ai(2)-Gabe_Food's Untap step
Phase: Ai(2)-Gabe_Food's Upkeep step
Phase: Ai(2)-Gabe_Food's Draw step
Phase: Ai(2)-Gabe_Food's Main phase, precombat
Mana: Exotic Orchard (148) - {T}: Add one mana of any color that a land an opponent controls could produce.
Mana: Forest (137) - {T}: Add {G}.
Mana: Swamp (163) - {T}: Add {B}.
Mana: Plains (189) - {T}: Add {W}.
Mana: Canopy Vista (171) - {T}: Add {G}.
Add To Stack: Ai(2)-Gabe_Food cast Sam, Loyal Attendant
Resolve Stack: Sam, Loyal Attendant - Creature 2 / 4
Add To Stack: Ai(2)-Gabe_Food triggered Sam, Loyal Attendant targeting [Ai(2)-Gabe_Food]
Resolve Stack: Partner with Frodo, Adventurous Hobbit (When this creature enters, target player may put Frodo into their hand from their library, then shuffle.) (Targeting: [[Ai(2)-Gabe_Food]]) [Zone Changer: Sam, Loyal Attendant (202)]
Phase: Ai(2)-Gabe_Food's Beginning of Combat Step
Add To Stack: Ai(2)-Gabe_Food triggered Sam, Loyal Attendant
Resolve Stack: At the beginning of combat on your turn, create a Food token. (It's an artifact with "{2}, {T}, Sacrifice this token: You gain 3 life.") [Phase: Ai(2)-Gabe_Food]
Phase: Ai(2)-Gabe_Food's Declare Attackers Step
Phase: Ai(2)-Gabe_Food's Declare Blockers Step
Phase: Ai(2)-Gabe_Food's First Strike Damage Step
Phase: Ai(2)-Gabe_Food's Combat Damage Step
Phase: Ai(2)-Gabe_Food's End of Combat Step
Phase: Ai(2)-Gabe_Food's Main phase, postcombat
Phase: Ai(2)-Gabe_Food's End step
Phase: Ai(2)-Gabe_Food's Cleanup step
Turn: Turn 28 (Ai(3)-Destyn_Turtles)
Phase: Ai(3)-Destyn_Turtles' Untap step
Phase: Ai(3)-Destyn_Turtles' Upkeep step
Phase: Ai(3)-Destyn_Turtles' Draw step
Phase: Ai(3)-Destyn_Turtles' Main phase, precombat
Phase: Ai(3)-Destyn_Turtles' Beginning of Combat Step
Phase: Ai(3)-Destyn_Turtles' Declare Attackers Step
Phase: Ai(3)-Destyn_Turtles' Declare Blockers Step
Phase: Ai(3)-Destyn_Turtles' First Strike Damage Step
Phase: Ai(3)-Destyn_Turtles' Combat Damage Step
Phase: Ai(3)-Destyn_Turtles' End of Combat Step
Phase: Ai(3)-Destyn_Turtles' Main phase, postcombat
Replacement Effect: Thriving Moor enters tapped.
Replacement Effect: As Thriving Moor enters, choose a color other than black.
Land: Ai(3)-Destyn_Turtles played Thriving Moor (298)
Mana: Plains (289) - {T}: Add {W}.
Mana: Forest (240) - {T}: Add {G}.
Mana: Island (231) - {T}: Add {U}.
Mana: Sunken Hollow (226) - {T}: Add {B}.
Mana: Path of Ancestry (214) - {T}: Add one mana of any color in your commander's color identity. When that mana is spent to cast a creature spell that shares a creature type with your commander, scry 1. (Look at the top card of your library. You may put that card on the bottom.)
Mana: Hidden Hideout (256) - {T}: Add one mana of any color in your commander's color identity.
Add To Stack: Ai(3)-Destyn_Turtles cast Leonardo, the Balance
Add To Stack: Ai(3)-Destyn_Turtles triggered Path of Ancestry
Resolve Stack: Ai(3)-Destyn_Turtles scried 1 card(s) to the top of the library
Resolve Stack: When mana produced by Path of Ancestry is spent to cast a creature spell that shares a creature type with your commander, scry 1. ([Leonardo, the Balance - Creature 3 / 3]) [Card: Leonardo, the Balance (303), Activator: Ai(3)-Destyn_Turtles, SpellAbility: Leonardo, the Balance - Creature 3 / 3]
Resolve Stack: Leonardo, the Balance - Creature 3 / 3
Phase: Ai(3)-Destyn_Turtles' End step
Phase: Ai(3)-Destyn_Turtles' Cleanup step
Turn: Turn 29 (Ai(4)-GGS_Orochi_only)
Phase: Ai(4)-GGS_Orochi_only's Untap step
Phase: Ai(4)-GGS_Orochi_only's Upkeep step
Phase: Ai(4)-GGS_Orochi_only's Draw step
Phase: Ai(4)-GGS_Orochi_only's Main phase, precombat
Mana: Luxury Suite (379) - {T}: Add {B} or {R}.
Mana: Sokenzan, Crucible of Defiance (334) - {T}: Add {R}.
Add To Stack: Ai(4)-GGS_Orochi_only cast Feed the Swarm targeting [Leonardo, the Balance (303)]
Zone Change: Leonardo, the Balance (303) was put into Graveyard from Battlefield.
Life: Life: Ai(4)-GGS_Orochi_only 18 > 14
Resolve Stack: Feed the Swarm (347) - Destroy Leonardo, the Balance (303). Ai(4)-GGS_Orochi_only loses 4 life.
Phase: Ai(4)-GGS_Orochi_only's Beginning of Combat Step
Phase: Ai(4)-GGS_Orochi_only's Declare Attackers Step
Combat: Ai(4)-GGS_Orochi_only assigned Phoenix Chick (373) to attack Ai(2)-Gabe_Food.
Phase: Ai(4)-GGS_Orochi_only's Declare Blockers Step
Combat: Ai(2)-Gabe_Food didn't block Phoenix Chick (373).
Phase: Ai(4)-GGS_Orochi_only's First Strike Damage Step
Phase: Ai(4)-GGS_Orochi_only's Combat Damage Step
Damage: Phoenix Chick (373) deals 1 combat damage to Ai(2)-Gabe_Food.
Life: Life: Ai(2)-Gabe_Food 35 > 34
Phase: Ai(4)-GGS_Orochi_only's End of Combat Step
Phase: Ai(4)-GGS_Orochi_only's Main phase, postcombat
Mana: Steam Vents (346) - {T}: Add {R}.
Mana: Riverpyre Verge (398) - {T}: Add {U}. Activate only if you control an Island or a Mountain.
Mana: Undercity Sewers (305) - {T}: Add {B}.
Add To Stack: Ai(4)-GGS_Orochi_only cast Krenko, Tin Street Kingpin
Resolve Stack: Krenko, Tin Street Kingpin - Creature 1 / 2
Phase: Ai(4)-GGS_Orochi_only's End step
Phase: Ai(4)-GGS_Orochi_only's Cleanup step
Turn: Turn 30 (Ai(1)-Jaymie_Ezio)
Phase: Ai(1)-Jaymie_Ezio's Untap step
Phase: Ai(1)-Jaymie_Ezio's Upkeep step
Phase: Ai(1)-Jaymie_Ezio's Draw step
Phase: Ai(1)-Jaymie_Ezio's Main phase, precombat
Land: Ai(1)-Jaymie_Ezio played Plains (90)
Mana: Swamp (59) - {T}: Add {B}.
Mana: Island (34) - {T}: Add {U}.
Mana: Plains (89) - {T}: Add {W}.
Mana: Plains (90) - {T}: Add {W}.
Add To Stack: Ai(1)-Jaymie_Ezio cast Restart Sequence targeting [Edward Kenway (5)]
Resolve Stack: Restart Sequence (73) - Return Edward Kenway (5) from the graveyard to the battlefield.
Phase: Ai(1)-Jaymie_Ezio's Beginning of Combat Step
Phase: Ai(1)-Jaymie_Ezio's Declare Attackers Step
Phase: Ai(1)-Jaymie_Ezio's Declare Blockers Step
Phase: Ai(1)-Jaymie_Ezio's First Strike Damage Step
Phase: Ai(1)-Jaymie_Ezio's Combat Damage Step
Phase: Ai(1)-Jaymie_Ezio's End of Combat Step
Phase: Ai(1)-Jaymie_Ezio's Main phase, postcombat
Mana: Mountain (88) - {T}: Add {R}.
Mana: Fellwar Stone (76) - {T}: Add one mana of any color that a land an opponent controls could produce.
Mana: Boros Garrison (80) - {T}: Add {R}{W}.
Mana: Thriving Moor (99) - {T}: Add {B} or one mana of the chosen color.
Add To Stack: Ai(1)-Jaymie_Ezio cast Combustion Man
Resolve Stack: Combustion Man - Creature 4 / 6
Phase: Ai(1)-Jaymie_Ezio's End step
Add To Stack: Ai(1)-Jaymie_Ezio triggered Edward Kenway
Resolve Stack: At the beginning of your end step, create a Treasure token for each tapped Assassin, Pirate, and/or Vehicle you control. [Phase: Ai(1)-Jaymie_Ezio]
Phase: Ai(1)-Jaymie_Ezio's Cleanup step
Turn: Turn 31 (Ai(2)-Gabe_Food)
Phase: Ai(2)-Gabe_Food's Untap step
Phase: Ai(2)-Gabe_Food's Upkeep step
Phase: Ai(2)-Gabe_Food's Draw step
Phase: Ai(2)-Gabe_Food's Main phase, precombat
Phase: Ai(2)-Gabe_Food's Beginning of Combat Step
Add To Stack: Ai(2)-Gabe_Food triggered Sam, Loyal Attendant
Resolve Stack: At the beginning of combat on your turn, create a Food token. (It's an artifact with "{2}, {T}, Sacrifice this token: You gain 3 life.") [Phase: Ai(2)-Gabe_Food]
Phase: Ai(2)-Gabe_Food's Declare Attackers Step
Phase: Ai(2)-Gabe_Food's Declare Blockers Step
Phase: Ai(2)-Gabe_Food's First Strike Damage Step
Phase: Ai(2)-Gabe_Food's Combat Damage Step
Phase: Ai(2)-Gabe_Food's End of Combat Step
Phase: Ai(2)-Gabe_Food's Main phase, postcombat
Mana: Exotic Orchard (148) - {T}: Add one mana of any color that a land an opponent controls could produce.
Mana: Plains (189) - {T}: Add {W}.
Mana: Forest (137) - {T}: Add {G}.
Mana: Swamp (163) - {T}: Add {B}.
Mana: Canopy Vista (171) - {T}: Add {G}.
Add To Stack: Ai(2)-Gabe_Food cast Gwaihir, Greatest of the Eagles
Resolve Stack: Gwaihir, Greatest of the Eagles - Creature 5 / 5
Phase: Ai(2)-Gabe_Food's End step
Phase: Ai(2)-Gabe_Food's Cleanup step
Turn: Turn 32 (Ai(3)-Destyn_Turtles)
Phase: Ai(3)-Destyn_Turtles' Untap step
Phase: Ai(3)-Destyn_Turtles' Upkeep step
Phase: Ai(3)-Destyn_Turtles' Draw step
Phase: Ai(3)-Destyn_Turtles' Main phase, precombat
Land: Ai(3)-Destyn_Turtles played Exotic Orchard (243)
Mana: Forest (240) - {T}: Add {G}.
Mana: Island (231) - {T}: Add {U}.
Mana: Plains (289) - {T}: Add {W}.
Mana: Exotic Orchard (243) - {T}: Add one mana of any color that a land an opponent controls could produce.
Mana: Thriving Moor (298) - {T}: Add {B} or one mana of the chosen color.
Mana: Sunken Hollow (226) - {T}: Add {B}.
Mana: Path of Ancestry (214) - {T}: Add one mana of any color in your commander's color identity. When that mana is spent to cast a creature spell that shares a creature type with your commander, scry 1. (Look at the top card of your library. You may put that card on the bottom.)
Mana: Hidden Hideout (256) - {T}: Add one mana of any color in your commander's color identity.
Add To Stack: Ai(3)-Destyn_Turtles cast Super Combo targeting [Michelangelo, the Heart (301)] [Krenko, Tin Street Kingpin (336)]
Add To Stack: Ai(3)-Destyn_Turtles triggered Super Combo
Resolve Stack: Copy Super Combo for each time you paid its replicate cost. [Card: Super Combo (246), Activator: Ai(3)-Destyn_Turtles, SpellAbility: Target creature you control deals damage equal to its power to target creature an opponent controls. ]
Add To Stack: Ai(3)-Destyn_Turtles cast Super Combo targeting [Michelangelo, the Heart (301)] [Phoenix Chick (373)]
Add To Stack: Ai(3)-Destyn_Turtles cast Super Combo targeting [Michelangelo, the Heart (301)] [Phoenix Chick (373)]
Add To Stack: Ai(3)-Destyn_Turtles cast Super Combo targeting [Michelangelo, the Heart (301)] [Phoenix Chick (373)]
Damage: Michelangelo, the Heart (301) deals 2 damage to Phoenix Chick (373).
Resolve Stack: Super Combo (435) -  Michelangelo, the Heart (301) deals 2 damage to Phoenix Chick (373).
Zone Change: Phoenix Chick (373) was put into Graveyard from Battlefield.
Resolve Stack: Super Combo (436) -  
Resolve Stack: Super Combo (437) -  
Damage: Michelangelo, the Heart (301) deals 2 damage to Krenko, Tin Street Kingpin (336).
Resolve Stack: Super Combo (246) -  Michelangelo, the Heart (301) deals 2 damage to Krenko, Tin Street Kingpin (336).
Zone Change: Krenko, Tin Street Kingpin (336) was put into Graveyard from Battlefield.
Phase: Ai(3)-Destyn_Turtles' Beginning of Combat Step
Phase: Ai(3)-Destyn_Turtles' Declare Attackers Step
Phase: Ai(3)-Destyn_Turtles' Declare Blockers Step
Phase: Ai(3)-Destyn_Turtles' First Strike Damage Step
Phase: Ai(3)-Destyn_Turtles' Combat Damage Step
Phase: Ai(3)-Destyn_Turtles' End of Combat Step
Phase: Ai(3)-Destyn_Turtles' Main phase, postcombat
Phase: Ai(3)-Destyn_Turtles' End step
Phase: Ai(3)-Destyn_Turtles' Cleanup step
Turn: Turn 33 (Ai(4)-GGS_Orochi_only)
Phase: Ai(4)-GGS_Orochi_only's Untap step
Phase: Ai(4)-GGS_Orochi_only's Upkeep step
Phase: Ai(4)-GGS_Orochi_only's Draw step
Phase: Ai(4)-GGS_Orochi_only's Main phase, precombat
Phase: Ai(4)-GGS_Orochi_only's Beginning of Combat Step
Phase: Ai(4)-GGS_Orochi_only's Declare Attackers Step
Phase: Ai(4)-GGS_Orochi_only's Declare Blockers Step
Phase: Ai(4)-GGS_Orochi_only's First Strike Damage Step
Phase: Ai(4)-GGS_Orochi_only's Combat Damage Step
Phase: Ai(4)-GGS_Orochi_only's End of Combat Step
Phase: Ai(4)-GGS_Orochi_only's Main phase, postcombat
Mana: Luxury Suite (379) - {T}: Add {B} or {R}.
Mana: Sokenzan, Crucible of Defiance (334) - {T}: Add {R}.
Mana: Steam Vents (346) - {T}: Add {R}.
Add To Stack: Ai(4)-GGS_Orochi_only cast Fire Navy Trebuchet
Resolve Stack: Fire Navy Trebuchet - Creature 0 / 4
Phase: Ai(4)-GGS_Orochi_only's End step
Phase: Ai(4)-GGS_Orochi_only's Cleanup step
Turn: Turn 34 (Ai(1)-Jaymie_Ezio)
Phase: Ai(1)-Jaymie_Ezio's Untap step
Phase: Ai(1)-Jaymie_Ezio's Upkeep step
Phase: Ai(1)-Jaymie_Ezio's Draw step
Phase: Ai(1)-Jaymie_Ezio's Main phase, precombat
Phase: Ai(1)-Jaymie_Ezio's Beginning of Combat Step
Phase: Ai(1)-Jaymie_Ezio's Declare Attackers Step
Combat: Ai(1)-Jaymie_Ezio assigned Combustion Man (84) and Edward Kenway (5) to attack Ai(2)-Gabe_Food.
Add To Stack: Ai(1)-Jaymie_Ezio triggered Combustion Man targeting [Gwaihir, Greatest of the Eagles (191)]
Damage: Combustion Man (84) deals 4 non-combat damage to Ai(2)-Gabe_Food.
Life: Life: Ai(2)-Gabe_Food 34 > 30
Resolve Stack: Whenever Combustion Man attacks, destroy target permanent unless its controller has Combustion Man deal damage to them equal to his power. (Targeting: [[Gwaihir, Greatest of the Eagles (191)]]) [Attacker: Combustion Man (84)]
Phase: Ai(1)-Jaymie_Ezio's Declare Blockers Step
Combat: Ai(2)-Gabe_Food assigned Gwaihir, Greatest of the Eagles (191) and Frodo, Adventurous Hobbit (200) to block Combustion Man (84).
Ai(2)-Gabe_Food didn't block Edward Kenway (5).
Phase: Ai(1)-Jaymie_Ezio's First Strike Damage Step
Phase: Ai(1)-Jaymie_Ezio's Combat Damage Step
Damage: Combustion Man (84) deals 3 damage to Frodo, Adventurous Hobbit (200).
Damage: Combustion Man (84) deals 1 damage to Gwaihir, Greatest of the Eagles (191).
Damage: Edward Kenway (5) deals 5 combat damage to Ai(2)-Gabe_Food.
Damage: Gwaihir, Greatest of the Eagles (191) deals 5 damage to Combustion Man (84).
Damage: Frodo, Adventurous Hobbit (200) deals 1 damage to Combustion Man (84).
Life: Life: Ai(2)-Gabe_Food 30 > 25
Zone Change: Combustion Man (84) was put into Graveyard from Battlefield.
Zone Change: Frodo, Adventurous Hobbit (200) was put into Graveyard from Battlefield.
Phase: Ai(1)-Jaymie_Ezio's End of Combat Step
Phase: Ai(1)-Jaymie_Ezio's Main phase, postcombat
Mana: Swamp (59) - {T}: Add {B}.
Mana: Mountain (88) - {T}: Add {R}.
Mana: Island (34) - {T}: Add {U}.
Add To Stack: Ai(1)-Jaymie_Ezio cast Unstoppable Slasher
Resolve Stack: Unstoppable Slasher - Creature 2 / 3
Mana: Fellwar Stone (76) - {T}: Add one mana of any color that a land an opponent controls could produce.
Mana: Plains (89) - {T}: Add {W}.
Mana: Plains (90) - {T}: Add {W}.
Mana: Thriving Moor (99) - {T}: Add {B} or one mana of the chosen color.
Add To Stack: Ai(1)-Jaymie_Ezio cast Ezio Auditore da Firenze
Resolve Stack: Ezio Auditore da Firenze - Creature 3 / 2
Phase: Ai(1)-Jaymie_Ezio's End step
Add To Stack: Ai(1)-Jaymie_Ezio triggered Edward Kenway
Resolve Stack: At the beginning of your end step, create a Treasure token for each tapped Assassin, Pirate, and/or Vehicle you control. [Phase: Ai(1)-Jaymie_Ezio]
Phase: Ai(1)-Jaymie_Ezio's Cleanup step
Turn: Turn 35 (Ai(2)-Gabe_Food)
Phase: Ai(2)-Gabe_Food's Untap step
Phase: Ai(2)-Gabe_Food's Upkeep step
Phase: Ai(2)-Gabe_Food's Draw step
Phase: Ai(2)-Gabe_Food's Main phase, precombat
Land: Ai(2)-Gabe_Food played Swamp (161)
Phase: Ai(2)-Gabe_Food's Beginning of Combat Step
Add To Stack: Ai(2)-Gabe_Food triggered Sam, Loyal Attendant
Resolve Stack: At the beginning of combat on your turn, create a Food token. (It's an artifact with "{2}, {T}, Sacrifice this token: You gain 3 life.") [Phase: Ai(2)-Gabe_Food]
Phase: Ai(2)-Gabe_Food's Declare Attackers Step
Combat: Ai(2)-Gabe_Food assigned Gwaihir, Greatest of the Eagles (191) to attack Ai(1)-Jaymie_Ezio.
Add To Stack: Ai(2)-Gabe_Food triggered Gwaihir, Greatest of the Eagles targeting [Gwaihir, Greatest of the Eagles (191)]
Resolve Stack: Whenever Gwaihir attacks, target attacking creature gains flying until end of turn. (Targeting: [[Gwaihir, Greatest of the Eagles (191)]]) [Attacker: Gwaihir, Greatest of the Eagles (191)]
Phase: Ai(2)-Gabe_Food's Declare Blockers Step
Combat: Ai(1)-Jaymie_Ezio didn't block Gwaihir, Greatest of the Eagles (191).
Phase: Ai(2)-Gabe_Food's First Strike Damage Step
Phase: Ai(2)-Gabe_Food's Combat Damage Step
Damage: Gwaihir, Greatest of the Eagles (191) deals 5 combat damage to Ai(1)-Jaymie_Ezio.
Life: Life: Ai(1)-Jaymie_Ezio 35 > 30
Phase: Ai(2)-Gabe_Food's End of Combat Step
Phase: Ai(2)-Gabe_Food's Main phase, postcombat
Mana: Swamp (163) - {T}: Add {B}.
Mana: Plains (189) - {T}: Add {W}.
Mana: Forest (137) - {T}: Add {G}.
Add To Stack: Ai(2)-Gabe_Food cast Rapacious Guest
Resolve Stack: Rapacious Guest - Creature 2 / 2
Mana: Exotic Orchard (148) - {T}: Add one mana of any color that a land an opponent controls could produce.
Mana: Swamp (161) - {T}: Add {B}.
Mana: Canopy Vista (171) - {T}: Add {G}.
Add To Stack: Ai(2)-Gabe_Food cast Lobelia, Defender of Bag End
Resolve Stack: Lobelia, Defender of Bag End - Creature 2 / 2
Add To Stack: Ai(2)-Gabe_Food triggered Lobelia, Defender of Bag End
Resolve Stack: When Lobelia enters, look at the top card of each opponent's library and exile those cards face down. [Zone Changer: Lobelia, Defender of Bag End (105)]
Phase: Ai(2)-Gabe_Food's End step
Phase: Ai(2)-Gabe_Food's Cleanup step
Turn: Turn 36 (Ai(3)-Destyn_Turtles)
Phase: Ai(3)-Destyn_Turtles' Untap step
Phase: Ai(3)-Destyn_Turtles' Upkeep step
Phase: Ai(3)-Destyn_Turtles' Draw step
Phase: Ai(3)-Destyn_Turtles' Main phase, precombat
Replacement Effect: Dragonskull Summit enters tapped unless you control a Swamp or a Mountain.
Land: Ai(3)-Destyn_Turtles played Dragonskull Summit (249)
Phase: Ai(3)-Destyn_Turtles' Beginning of Combat Step
Phase: Ai(3)-Destyn_Turtles' Declare Attackers Step
Phase: Ai(3)-Destyn_Turtles' Declare Blockers Step
Phase: Ai(3)-Destyn_Turtles' First Strike Damage Step
Phase: Ai(3)-Destyn_Turtles' Combat Damage Step
Phase: Ai(3)-Destyn_Turtles' End of Combat Step
Phase: Ai(3)-Destyn_Turtles' Main phase, postcombat
Mana: Plains (289) - {T}: Add {W}.
Mana: Forest (240) - {T}: Add {G}.
Mana: Island (231) - {T}: Add {U}.
Mana: Exotic Orchard (243) - {T}: Add one mana of any color that a land an opponent controls could produce.
Mana: Thriving Moor (298) - {T}: Add {B} or one mana of the chosen color.
Mana: Dragonskull Summit (249) - {T}: Add {B} or {R}.
Mana: Sunken Hollow (226) - {T}: Add {B}.
Mana: Path of Ancestry (214) - {T}: Add one mana of any color in your commander's color identity. When that mana is spent to cast a creature spell that shares a creature type with your commander, scry 1. (Look at the top card of your library. You may put that card on the bottom.)
Add To Stack: Ai(3)-Destyn_Turtles cast Leonardo, the Balance
Add To Stack: Ai(3)-Destyn_Turtles triggered Path of Ancestry
Resolve Stack: Ai(3)-Destyn_Turtles scried 1 card(s) to the top of the library
Resolve Stack: When mana produced by Path of Ancestry is spent to cast a creature spell that shares a creature type with your commander, scry 1. ([Leonardo, the Balance - Creature 3 / 3]) [Card: Leonardo, the Balance (303), Activator: Ai(3)-Destyn_Turtles, SpellAbility: Leonardo, the Balance - Creature 3 / 3]
Resolve Stack: Leonardo, the Balance - Creature 3 / 3
Phase: Ai(3)-Destyn_Turtles' End step
Phase: Ai(3)-Destyn_Turtles' Cleanup step
Turn: Turn 37 (Ai(4)-GGS_Orochi_only)
Phase: Ai(4)-GGS_Orochi_only's Untap step
Phase: Ai(4)-GGS_Orochi_only's Upkeep step
Phase: Ai(4)-GGS_Orochi_only's Draw step
Phase: Ai(4)-GGS_Orochi_only's Main phase, precombat
Phase: Ai(4)-GGS_Orochi_only's Beginning of Combat Step
Phase: Ai(4)-GGS_Orochi_only's Declare Attackers Step
Phase: Ai(4)-GGS_Orochi_only's Declare Blockers Step
Phase: Ai(4)-GGS_Orochi_only's First Strike Damage Step
Phase: Ai(4)-GGS_Orochi_only's Combat Damage Step
Phase: Ai(4)-GGS_Orochi_only's End of Combat Step
Phase: Ai(4)-GGS_Orochi_only's Main phase, postcombat
Mana: Luxury Suite (379) - {T}: Add {B} or {R}.
Mana: Undercity Sewers (305) - {T}: Add {U}.
Mana: Sokenzan, Crucible of Defiance (334) - {T}: Add {R}.
Mana: Steam Vents (346) - {T}: Add {R}.
Add To Stack: Ai(4)-GGS_Orochi_only cast Kaito, Bane of Nightmares
Replacement Effect: Kaito, Bane of Nightmares enters with four loyalty counters on it.
Resolve Stack: Kaito, Bane of Nightmares
Add To Stack: Ai(4)-GGS_Orochi_only activated Kaito, Bane of Nightmares
Resolve Stack: Ai(4)-GGS_Orochi_only surveiled 2 card(s) to the top of the library
Resolve Stack: Kaito, Bane of Nightmares (358) - Ai(4)-GGS_Orochi_only surveils (2). Ai(4)-GGS_Orochi_only draws zero cards.
Phase: Ai(4)-GGS_Orochi_only's End step
Phase: Ai(4)-GGS_Orochi_only's Cleanup step
Turn: Turn 38 (Ai(1)-Jaymie_Ezio)
Phase: Ai(1)-Jaymie_Ezio's Untap step
Phase: Ai(1)-Jaymie_Ezio's Upkeep step
Phase: Ai(1)-Jaymie_Ezio's Draw step
Mana: Swamp (59) - {T}: Add {B}.
Mana: Fellwar Stone (76) - {T}: Add one mana of any color that a land an opponent controls could produce.
Add To Stack: Ai(1)-Jaymie_Ezio cast Terminate targeting [Gwaihir, Greatest of the Eagles (191)]
Zone Change: Gwaihir, Greatest of the Eagles (191) was put into Graveyard from Battlefield.
Resolve Stack: Terminate (67) - Destroy Gwaihir, Greatest of the Eagles (191). It can't be regenerated.
Phase: Ai(1)-Jaymie_Ezio's Main phase, precombat
Phase: Ai(1)-Jaymie_Ezio's Beginning of Combat Step
Phase: Ai(1)-Jaymie_Ezio's Declare Attackers Step
Combat: Ai(1)-Jaymie_Ezio assigned Edward Kenway (5) and Unstoppable Slasher (75) to attack Kaito, Bane of Nightmares (358).
Phase: Ai(1)-Jaymie_Ezio's Declare Blockers Step
Combat: Ai(4)-GGS_Orochi_only didn't block Edward Kenway (5).
Ai(4)-GGS_Orochi_only didn't block Unstoppable Slasher (75).
Phase: Ai(1)-Jaymie_Ezio's First Strike Damage Step
Phase: Ai(1)-Jaymie_Ezio's Combat Damage Step
Zone Change: Kaito, Bane of Nightmares (358) was put into Graveyard from Battlefield.
Phase: Ai(1)-Jaymie_Ezio's End of Combat Step
Phase: Ai(1)-Jaymie_Ezio's Main phase, postcombat
Zone Change: Treasure Token (440) was put into Graveyard from Battlefield.
Mana: Treasure Token (440) - {T}, Sacrifice this token: Add one mana of any color.
Mana: Mountain (88) - {T}: Add {R}.
Add To Stack: Ai(1)-Jaymie_Ezio cast Sphere Grid
Resolve Stack: Sphere Grid
Phase: Ai(1)-Jaymie_Ezio's End step
Add To Stack: Ai(1)-Jaymie_Ezio triggered Edward Kenway
Resolve Stack: At the beginning of your end step, create a Treasure token for each tapped Assassin, Pirate, and/or Vehicle you control. [Phase: Ai(1)-Jaymie_Ezio]
Phase: Ai(1)-Jaymie_Ezio's Cleanup step
Turn: Turn 39 (Ai(2)-Gabe_Food)
Phase: Ai(2)-Gabe_Food's Untap step
Phase: Ai(2)-Gabe_Food's Upkeep step
Phase: Ai(2)-Gabe_Food's Draw step
Phase: Ai(2)-Gabe_Food's Main phase, precombat
Phase: Ai(2)-Gabe_Food's Beginning of Combat Step
Add To Stack: Ai(2)-Gabe_Food triggered Sam, Loyal Attendant
Resolve Stack: At the beginning of combat on your turn, create a Food token. (It's an artifact with "{2}, {T}, Sacrifice this token: You gain 3 life.") [Phase: Ai(2)-Gabe_Food]
Phase: Ai(2)-Gabe_Food's Declare Attackers Step
Combat: Ai(2)-Gabe_Food assigned Sam, Loyal Attendant (202) and Rapacious Guest (110) to attack Ai(1)-Jaymie_Ezio.
Phase: Ai(2)-Gabe_Food's Declare Blockers Step
Combat: Ai(1)-Jaymie_Ezio didn't block Sam, Loyal Attendant (202).
Ai(1)-Jaymie_Ezio didn't block Rapacious Guest (110).
Phase: Ai(2)-Gabe_Food's First Strike Damage Step
Phase: Ai(2)-Gabe_Food's Combat Damage Step
Damage: Sam, Loyal Attendant (202) deals 2 combat damage to Ai(1)-Jaymie_Ezio.
Damage: Rapacious Guest (110) deals 2 combat damage to Ai(1)-Jaymie_Ezio.
Life: Life: Ai(1)-Jaymie_Ezio 30 > 26
Add To Stack: Ai(2)-Gabe_Food triggered Rapacious Guest
Resolve Stack: Whenever one or more creatures you control deal combat damage to a player, create a Food token. [Damaged: Ai(1)-Jaymie_Ezio, Amount: 4]
Phase: Ai(2)-Gabe_Food's End of Combat Step
Phase: Ai(2)-Gabe_Food's Main phase, postcombat
Mana: Exotic Orchard (148) - {T}: Add one mana of any color that a land an opponent controls could produce.
Mana: Swamp (163) - {T}: Add {B}.
Mana: Plains (189) - {T}: Add {W}.
Mana: Swamp (161) - {T}: Add {B}.
Add To Stack: Ai(2)-Gabe_Food cast Frodo, Adventurous Hobbit
Resolve Stack: Frodo, Adventurous Hobbit - Creature 1 / 3
Add To Stack: Ai(2)-Gabe_Food triggered Frodo, Adventurous Hobbit targeting [Ai(2)-Gabe_Food]
Resolve Stack: Partner with Sam, Loyal Attendant (When this creature enters, target player may put Sam into their hand from their library, then shuffle.) (Targeting: [[Ai(2)-Gabe_Food]]) [Zone Changer: Frodo, Adventurous Hobbit (200)]
Mana: Forest (137) - {T}: Add {G}.
Mana: Canopy Vista (171) - {T}: Add {G}.
Add To Stack: Ai(2)-Gabe_Food cast Prize Pig
Resolve Stack: Prize Pig - Creature 0 / 3
Phase: Ai(2)-Gabe_Food's End step
Phase: Ai(2)-Gabe_Food's Cleanup step
Turn: Turn 40 (Ai(3)-Destyn_Turtles)
Phase: Ai(3)-Destyn_Turtles' Untap step
Phase: Ai(3)-Destyn_Turtles' Upkeep step
Phase: Ai(3)-Destyn_Turtles' Draw step
Phase: Ai(3)-Destyn_Turtles' Main phase, precombat
Phase: Ai(3)-Destyn_Turtles' Beginning of Combat Step
Phase: Ai(3)-Destyn_Turtles' Declare Attackers Step
Combat: Ai(3)-Destyn_Turtles assigned Leonardo, the Balance (303) to attack Ai(2)-Gabe_Food.
Add To Stack: Ai(3)-Destyn_Turtles triggered Endless Foot Assault
Resolve Stack: Whenever you attack, for each opponent, create a 1/1 black Ninja creature token that's tapped and attacking that player. [Number Attackers: [Leonardo, the Balance (303)]]
Add To Stack: Ai(3)-Destyn_Turtles triggered Leonardo, the Balance
Add To Stack: Ai(3)-Destyn_Turtles triggered Leonardo, the Balance
Add To Stack: Ai(3)-Destyn_Turtles triggered Leonardo, the Balance
Resolve Stack: Whenever a token you control enters, you may put a +1/+1 counter on each creature you control. Do this only once each turn. [Zone Changer: Ninja Token (460)]
Resolve Stack: Whenever a token you control enters, you may put a +1/+1 counter on each creature you control. Do this only once each turn. [Zone Changer: Ninja Token (458)]
Resolve Stack: Whenever a token you control enters, you may put a +1/+1 counter on each creature you control. Do this only once each turn. [Zone Changer: Ninja Token (456)]
Phase: Ai(3)-Destyn_Turtles' Declare Blockers Step
Combat: Ai(4)-GGS_Orochi_only assigned Goro-Goro and Satoru (403) to block Ninja Token (456).
Combat: Ai(1)-Jaymie_Ezio didn't block Ninja Token (458).
Combat: Ai(2)-Gabe_Food didn't block Leonardo, the Balance (303).
Ai(2)-Gabe_Food assigned Prize Pig (130) and Frodo, Adventurous Hobbit (200) to block Ninja Token (460).
Mana: Forest (240) - {T}: Add {G}.
Mana: Island (231) - {T}: Add {U}.
Add To Stack: Ai(3)-Destyn_Turtles activated Hidden Hideout targeting [Leonardo, the Balance (303)]
Resolve Stack: Hidden Hideout (256) - Leonardo, the Balance (303) gains lifelink until end of turn.
Phase: Ai(3)-Destyn_Turtles' First Strike Damage Step
Phase: Ai(3)-Destyn_Turtles' Combat Damage Step
Damage: Leonardo, the Balance (303) deals 4 combat damage to Ai(2)-Gabe_Food.
Life: Life: Ai(3)-Destyn_Turtles 35 > 39
Damage: Ninja Token (460) deals 2 damage to Frodo, Adventurous Hobbit (200).
Damage: Ninja Token (456) deals 2 damage to Goro-Goro and Satoru (403).
Damage: Ninja Token (458) deals 2 combat damage to Ai(1)-Jaymie_Ezio.
Damage: Goro-Goro and Satoru (403) deals 3 damage to Ninja Token (456).
Damage: Frodo, Adventurous Hobbit (200) deals 1 damage to Ninja Token (460).
Life: Life: Ai(1)-Jaymie_Ezio 26 > 24
Life: Life: Ai(2)-Gabe_Food 25 > 21
Zone Change: Ninja Token (456) was put into Graveyard from Battlefield.
Phase: Ai(3)-Destyn_Turtles' End of Combat Step
Phase: Ai(3)-Destyn_Turtles' Main phase, postcombat
Add To Stack: Ai(3)-Destyn_Turtles triggered Michelangelo, the Heart targeting [Leonardo, the Balance (303)]
Resolve Stack: Raid (the Fridge) — At the beginning of your second main phase, if you attacked this turn, put a +1/+1 counter on target creature and create a Food token. (Targeting: [[Leonardo, the Balance (303)]]) [Phase: Ai(3)-Destyn_Turtles]
Mana: Exotic Orchard (243) - {T}: Add one mana of any color that a land an opponent controls could produce.
Mana: Thriving Moor (298) - {T}: Add {B} or one mana of the chosen color.
Mana: Plains (289) - {T}: Add {W}.
Mana: Dragonskull Summit (249) - {T}: Add {B} or {R}.
Add To Stack: Ai(3)-Destyn_Turtles cast Lessons from Life
Resolve Stack: Lessons from Life (275) - Ai(3)-Destyn_Turtles draws three cards. Ai(3)-Destyn_Turtles puts a Land.YouOwn card from their hand onto the battlefield tapped.
Land: Ai(3)-Destyn_Turtles played Forest (239)
Mana: Forest (239) - {T}: Add {G}.
Mana: Sunken Hollow (226) - {T}: Add {B}.
Mana: Path of Ancestry (214) - {T}: Add one mana of any color in your commander's color identity. When that mana is spent to cast a creature spell that shares a creature type with your commander, scry 1. (Look at the top card of your library. You may put that card on the bottom.)
Add To Stack: Ai(3)-Destyn_Turtles cast High Score
Resolve Stack: High Score
Phase: Ai(3)-Destyn_Turtles' End step
Add To Stack: Ai(3)-Destyn_Turtles triggered High Score
Resolve Stack: At the beginning of your end step, draw a card if you control a creature with the greatest power among creatures on the battlefield. [Phase: Ai(3)-Destyn_Turtles]
Phase: Ai(3)-Destyn_Turtles' Cleanup step
Turn: Turn 41 (Ai(4)-GGS_Orochi_only)
Phase: Ai(4)-GGS_Orochi_only's Untap step
Phase: Ai(4)-GGS_Orochi_only's Upkeep step
Phase: Ai(4)-GGS_Orochi_only's Draw step
Phase: Ai(4)-GGS_Orochi_only's Main phase, precombat
Mana: Sokenzan, Crucible of Defiance (334) - {T}: Add {R}.
Add To Stack: Ai(4)-GGS_Orochi_only cast Skullclamp
Resolve Stack: Skullclamp
Mana: Luxury Suite (379) - {T}: Add {B} or {R}.
Add To Stack: Ai(4)-GGS_Orochi_only activated Skullclamp targeting [Goro-Goro and Satoru (403)]
Resolve Stack: Skullclamp (341) -  Attach to Goro-Goro and Satoru (403)
Phase: Ai(4)-GGS_Orochi_only's Beginning of Combat Step
Phase: Ai(4)-GGS_Orochi_only's Declare Attackers Step
Phase: Ai(4)-GGS_Orochi_only's Declare Blockers Step
Phase: Ai(4)-GGS_Orochi_only's First Strike Damage Step
Phase: Ai(4)-GGS_Orochi_only's Combat Damage Step
Phase: Ai(4)-GGS_Orochi_only's End of Combat Step
Phase: Ai(4)-GGS_Orochi_only's Main phase, postcombat
Mana: Undercity Sewers (305) - {T}: Add {B}.
Mana: Steam Vents (346) - {T}: Add {U}.
Mana: Riverpyre Verge (398) - {T}: Add {U}. Activate only if you control an Island or a Mountain.
Add To Stack: Ai(4)-GGS_Orochi_only cast Satoru Umezawa
Resolve Stack: Satoru Umezawa - Creature 2 / 4
Phase: Ai(4)-GGS_Orochi_only's End step
Phase: Ai(4)-GGS_Orochi_only's Cleanup step
Turn: Turn 42 (Ai(1)-Jaymie_Ezio)
Phase: Ai(1)-Jaymie_Ezio's Untap step
Phase: Ai(1)-Jaymie_Ezio's Upkeep step
Phase: Ai(1)-Jaymie_Ezio's Draw step
Phase: Ai(1)-Jaymie_Ezio's Main phase, precombat
Mana: Fellwar Stone (76) - {T}: Add one mana of any color that a land an opponent controls could produce.
Mana: Mountain (88) - {T}: Add {R}.
Mana: Swamp (59) - {T}: Add {B}.
Add To Stack: Ai(1)-Jaymie_Ezio cast Caduceus, Staff of Hermes
Resolve Stack: Caduceus, Staff of Hermes
Mana: Plains (89) - {T}: Add {W}.
Mana: Plains (90) - {T}: Add {W}.
Add To Stack: Ai(1)-Jaymie_Ezio activated Caduceus, Staff of Hermes targeting [Edward Kenway (5)]
Resolve Stack: Caduceus, Staff of Hermes (17) -  Attach to Edward Kenway (5)
Phase: Ai(1)-Jaymie_Ezio's Beginning of Combat Step
Phase: Ai(1)-Jaymie_Ezio's Declare Attackers Step
Combat: Ai(1)-Jaymie_Ezio assigned Edward Kenway (5) and Ezio Auditore da Firenze (100) to attack Ai(3)-Destyn_Turtles.
Phase: Ai(1)-Jaymie_Ezio's Declare Blockers Step
Combat: Ai(3)-Destyn_Turtles didn't block Edward Kenway (5).
Ai(3)-Destyn_Turtles didn't block Ezio Auditore da Firenze (100).
Phase: Ai(1)-Jaymie_Ezio's First Strike Damage Step
Phase: Ai(1)-Jaymie_Ezio's Combat Damage Step
Damage: Edward Kenway (5) deals 5 combat damage to Ai(3)-Destyn_Turtles.
Life: Life: Ai(1)-Jaymie_Ezio 24 > 29
Damage: Ezio Auditore da Firenze (100) deals 3 combat damage to Ai(3)-Destyn_Turtles.
Life: Life: Ai(3)-Destyn_Turtles 39 > 31
Add To Stack: Ai(1)-Jaymie_Ezio triggered Ezio Auditore da Firenze
Add To Stack: Ai(1)-Jaymie_Ezio triggered Sphere Grid
Add To Stack: Ai(1)-Jaymie_Ezio triggered Sphere Grid
Resolve Stack: Whenever a creature you control deals combat damage to a player, put a +1/+1 counter on that creature. [Damage Source: Ezio Auditore da Firenze (100), Damaged: Ai(3)-Destyn_Turtles, Amount: 3]
Resolve Stack: Whenever a creature you control deals combat damage to a player, put a +1/+1 counter on that creature. [Damage Source: Edward Kenway (5), Damaged: Ai(3)-Destyn_Turtles, Amount: 5]
Resolve Stack: Whenever Ezio deals combat damage to a player, you may pay {W}{U}{B}{R}{G} if that player has 10 or less life. When you do, that player loses the game. [Damage Source: Ezio Auditore da Firenze (100), Damaged: Ai(3)-Destyn_Turtles, Amount: 3]
Phase: Ai(1)-Jaymie_Ezio's End of Combat Step
Phase: Ai(1)-Jaymie_Ezio's Main phase, postcombat
Phase: Ai(1)-Jaymie_Ezio's End step
Add To Stack: Ai(1)-Jaymie_Ezio triggered Edward Kenway
Resolve Stack: At the beginning of your end step, create a Treasure token for each tapped Assassin, Pirate, and/or Vehicle you control. [Phase: Ai(1)-Jaymie_Ezio]
Phase: Ai(1)-Jaymie_Ezio's Cleanup step
Turn: Turn 43 (Ai(2)-Gabe_Food)
Phase: Ai(2)-Gabe_Food's Untap step
Phase: Ai(2)-Gabe_Food's Upkeep step
Phase: Ai(2)-Gabe_Food's Draw step
Phase: Ai(2)-Gabe_Food's Main phase, precombat
Phase: Ai(2)-Gabe_Food's Beginning of Combat Step
Add To Stack: Ai(2)-Gabe_Food triggered Sam, Loyal Attendant
Resolve Stack: At the beginning of combat on your turn, create a Food token. (It's an artifact with "{2}, {T}, Sacrifice this token: You gain 3 life.") [Phase: Ai(2)-Gabe_Food]
Phase: Ai(2)-Gabe_Food's Declare Attackers Step
Combat: Ai(2)-Gabe_Food assigned Rapacious Guest (110) to attack Ai(1)-Jaymie_Ezio.
Phase: Ai(2)-Gabe_Food's Declare Blockers Step
Combat: Ai(1)-Jaymie_Ezio didn't block Rapacious Guest (110).
Phase: Ai(2)-Gabe_Food's First Strike Damage Step
Phase: Ai(2)-Gabe_Food's Combat Damage Step
Damage: Rapacious Guest (110) deals 2 combat damage to Ai(1)-Jaymie_Ezio.
Life: Life: Ai(1)-Jaymie_Ezio 29 > 27
Add To Stack: Ai(2)-Gabe_Food triggered Rapacious Guest
Resolve Stack: Whenever one or more creatures you control deal combat damage to a player, create a Food token. [Damaged: Ai(1)-Jaymie_Ezio, Amount: 2]
Phase: Ai(2)-Gabe_Food's End of Combat Step
Phase: Ai(2)-Gabe_Food's Main phase, postcombat
Mana: Forest (137) - {T}: Add {G}.
Mana: Swamp (163) - {T}: Add {B}.
Add To Stack: Ai(2)-Gabe_Food cast Feasting Hobbit
Zone Change: Food Token (473) was put into Graveyard from Battlefield.
Zone Change: Food Token (470) was put into Graveyard from Battlefield.
Zone Change: Food Token (453) was put into Graveyard from Battlefield.
Zone Change: Food Token (450) was put into Graveyard from Battlefield.
Zone Change: Food Token (443) was put into Graveyard from Battlefield.
Zone Change: Food Token (434) was put into Graveyard from Battlefield.
Zone Change: Food Token (430) was put into Graveyard from Battlefield.
Zone Change: Food Token (426) was put into Graveyard from Battlefield.
Replacement Effect: Devour Food 3 (As this object enters, you may sacrifice any number of Foods. This permanent enters with three +1/+1 counters on it for each permanent sacrificed this way.)
Resolve Stack: Feasting Hobbit - Creature 2 / 2
Add To Stack: Ai(2)-Gabe_Food triggered Rapacious Guest
Add To Stack: Ai(2)-Gabe_Food triggered Rapacious Guest
Add To Stack: Ai(2)-Gabe_Food triggered Rapacious Guest
Add To Stack: Ai(2)-Gabe_Food triggered Rapacious Guest
Add To Stack: Ai(2)-Gabe_Food triggered Rapacious Guest
Add To Stack: Ai(2)-Gabe_Food triggered Rapacious Guest
Add To Stack: Ai(2)-Gabe_Food triggered Rapacious Guest
Add To Stack: Ai(2)-Gabe_Food triggered Rapacious Guest
Resolve Stack: Whenever you sacrifice a Food, put a +1/+1 counter on Rapacious Guest. [Sacrificed: Food Token (426)]
Resolve Stack: Whenever you sacrifice a Food, put a +1/+1 counter on Rapacious Guest. [Sacrificed: Food Token (430)]
Resolve Stack: Whenever you sacrifice a Food, put a +1/+1 counter on Rapacious Guest. [Sacrificed: Food Token (434)]
Resolve Stack: Whenever you sacrifice a Food, put a +1/+1 counter on Rapacious Guest. [Sacrificed: Food Token (443)]
Resolve Stack: Whenever you sacrifice a Food, put a +1/+1 counter on Rapacious Guest. [Sacrificed: Food Token (450)]
Resolve Stack: Whenever you sacrifice a Food, put a +1/+1 counter on Rapacious Guest. [Sacrificed: Food Token (453)]
Resolve Stack: Whenever you sacrifice a Food, put a +1/+1 counter on Rapacious Guest. [Sacrificed: Food Token (470)]
Resolve Stack: Whenever you sacrifice a Food, put a +1/+1 counter on Rapacious Guest. [Sacrificed: Food Token (473)]
Mana: Exotic Orchard (148) - {T}: Add one mana of any color that a land an opponent controls could produce.
Mana: Swamp (161) - {T}: Add {B}.
Add To Stack: Ai(2)-Gabe_Food cast Prosperous Innkeeper
Resolve Stack: Prosperous Innkeeper - Creature 1 / 1
Add To Stack: Ai(2)-Gabe_Food triggered Prosperous Innkeeper
Resolve Stack: When Prosperous Innkeeper enters, create a Treasure token. (It's an artifact with "{T}, Sacrifice this token: Add one mana of any color.") [Zone Changer: Prosperous Innkeeper (170)]
Mana: Plains (189) - {T}: Add {W}.
Mana: Canopy Vista (171) - {T}: Add {G}.
Mana: Prize Pig (130) - {T}: Add one mana of any color.
Add To Stack: Ai(2)-Gabe_Food cast Of Herbs and Stewed Rabbit
Replacement Effect: Of Herbs and Stewed Rabbit enters with a lore counter on it.
Resolve Stack: Of Herbs and Stewed Rabbit
Add To Stack: Ai(2)-Gabe_Food triggered Of Herbs and Stewed Rabbit targeting [Feasting Hobbit (194)]
Resolve Stack: I — Put a +1/+1 counter on up to one target creature. Create a Food token. (Targeting: [[Feasting Hobbit (194)]]) [Added once: Of Herbs and Stewed Rabbit (127)]
Phase: Ai(2)-Gabe_Food's End step
Phase: Ai(2)-Gabe_Food's Cleanup step
Turn: Turn 44 (Ai(3)-Destyn_Turtles)
Phase: Ai(3)-Destyn_Turtles' Untap step
Phase: Ai(3)-Destyn_Turtles' Upkeep step
Phase: Ai(3)-Destyn_Turtles' Draw step
Phase: Ai(3)-Destyn_Turtles' Main phase, precombat
Replacement Effect: This land enters tapped unless you control two or more basic lands.
Land: Ai(3)-Destyn_Turtles played Vernal Fen (260)
Mana: Exotic Orchard (243) - {T}: Add one mana of any color that a land an opponent controls could produce.
Mana: Island (231) - {T}: Add {U}.
Add To Stack: Ai(3)-Destyn_Turtles cast Foot Chopper
Resolve Stack: Foot Chopper
Add To Stack: Ai(3)-Destyn_Turtles triggered Foot Chopper
Resolve Stack: When this Equipment enters, create a 1/1 black Ninja creature token, then attach this Equipment to it. [Zone Changer: Foot Chopper (294)]
Add To Stack: Ai(3)-Destyn_Turtles triggered Leonardo, the Balance
Replacement Effect: If one or more +1/+1 counters would be put on a creature you control, that many plus one +1/+1 counters are put on it instead.
Replacement Effect: If one or more +1/+1 counters would be put on a creature you control, that many plus one +1/+1 counters are put on it instead.
Replacement Effect: If one or more +1/+1 counters would be put on a creature you control, that many plus one +1/+1 counters are put on it instead.
Replacement Effect: If one or more +1/+1 counters would be put on a creature you control, that many plus one +1/+1 counters are put on it instead.
Replacement Effect: If one or more +1/+1 counters would be put on a creature you control, that many plus one +1/+1 counters are put on it instead.
Resolve Stack: Whenever a token you control enters, you may put a +1/+1 counter on each creature you control. Do this only once each turn. [Zone Changer: Ninja Token (483)]
Phase: Ai(3)-Destyn_Turtles' Beginning of Combat Step
Phase: Ai(3)-Destyn_Turtles' Declare Attackers Step
Phase: Ai(3)-Destyn_Turtles' Declare Blockers Step
Phase: Ai(3)-Destyn_Turtles' First Strike Damage Step
Phase: Ai(3)-Destyn_Turtles' Combat Damage Step
Phase: Ai(3)-Destyn_Turtles' End of Combat Step
Phase: Ai(3)-Destyn_Turtles' Main phase, postcombat
Mana: Forest (240) - {T}: Add {G}.
Mana: Forest (238) - {T}: Add {G}.
Add To Stack: Ai(3)-Destyn_Turtles cast Everything Pizza
Resolve Stack: Everything Pizza
Add To Stack: Ai(3)-Destyn_Turtles triggered Everything Pizza
Resolve Stack: When this artifact enters, search your library for a basic land card, reveal it, put it into your hand, then shuffle. [Zone Changer: Everything Pizza (268)]
Phase: Ai(3)-Destyn_Turtles' End step
Add To Stack: Ai(3)-Destyn_Turtles triggered High Score
Resolve Stack: At the beginning of your end step, draw a card if you control a creature with the greatest power among creatures on the battlefield. [Phase: Ai(3)-Destyn_Turtles]
Phase: Ai(3)-Destyn_Turtles' Cleanup step
Turn: Turn 45 (Ai(4)-GGS_Orochi_only)
Phase: Ai(4)-GGS_Orochi_only's Untap step
Phase: Ai(4)-GGS_Orochi_only's Upkeep step
Phase: Ai(4)-GGS_Orochi_only's Draw step
Phase: Ai(4)-GGS_Orochi_only's Main phase, precombat
Phase: Ai(4)-GGS_Orochi_only's Beginning of Combat Step
Phase: Ai(4)-GGS_Orochi_only's Declare Attackers Step
Phase: Ai(4)-GGS_Orochi_only's Declare Blockers Step
Phase: Ai(4)-GGS_Orochi_only's First Strike Damage Step
Phase: Ai(4)-GGS_Orochi_only's Combat Damage Step
Phase: Ai(4)-GGS_Orochi_only's End of Combat Step
Phase: Ai(4)-GGS_Orochi_only's Main phase, postcombat
Mana: Undercity Sewers (305) - {T}: Add {U}.
Mana: Sokenzan, Crucible of Defiance (334) - {T}: Add {R}.
Mana: Luxury Suite (379) - {T}: Add {B} or {R}.
Add To Stack: Ai(4)-GGS_Orochi_only cast Prosperous Thief
Resolve Stack: Prosperous Thief - Creature 3 / 2
Phase: Ai(4)-GGS_Orochi_only's End step
Phase: Ai(4)-GGS_Orochi_only's Cleanup step
Turn: Turn 46 (Ai(1)-Jaymie_Ezio)
Phase: Ai(1)-Jaymie_Ezio's Untap step
Phase: Ai(1)-Jaymie_Ezio's Upkeep step
Phase: Ai(1)-Jaymie_Ezio's Draw step
Phase: Ai(1)-Jaymie_Ezio's Main phase, precombat
Phase: Ai(1)-Jaymie_Ezio's Beginning of Combat Step
Phase: Ai(1)-Jaymie_Ezio's Declare Attackers Step
Phase: Ai(1)-Jaymie_Ezio's Declare Blockers Step
Phase: Ai(1)-Jaymie_Ezio's First Strike Damage Step
Phase: Ai(1)-Jaymie_Ezio's Combat Damage Step
Phase: Ai(1)-Jaymie_Ezio's End of Combat Step
Phase: Ai(1)-Jaymie_Ezio's Main phase, postcombat
Phase: Ai(1)-Jaymie_Ezio's End step
Add To Stack: Ai(1)-Jaymie_Ezio triggered Edward Kenway
Resolve Stack: At the beginning of your end step, create a Treasure token for each tapped Assassin, Pirate, and/or Vehicle you control. [Phase: Ai(1)-Jaymie_Ezio]
Phase: Ai(1)-Jaymie_Ezio's Cleanup step
Turn: Turn 47 (Ai(2)-Gabe_Food)
Phase: Ai(2)-Gabe_Food's Untap step
Phase: Ai(2)-Gabe_Food's Upkeep step
Phase: Ai(2)-Gabe_Food's Draw step
Phase: Ai(2)-Gabe_Food's Main phase, precombat
Add To Stack: Ai(2)-Gabe_Food triggered Of Herbs and Stewed Rabbit
Resolve Stack: II — Draw a card. Create a Food token. [Added once: Of Herbs and Stewed Rabbit (127)]
Land: Ai(2)-Gabe_Food played Shire Terrace (172)
Mana: Swamp (163) - {T}: Add {B}.
Zone Change: Shire Terrace (172) was put into Graveyard from Battlefield.
Add To Stack: Ai(2)-Gabe_Food activated Shire Terrace
Resolve Stack: Shire Terrace (172) - Ai(2)-Gabe_Food searches their library for a basic land card, puts it onto the battlefield tapped, then shuffles.
Phase: Ai(2)-Gabe_Food's Beginning of Combat Step
Add To Stack: Ai(2)-Gabe_Food triggered Sam, Loyal Attendant
Resolve Stack: At the beginning of combat on your turn, create a Food token. (It's an artifact with "{2}, {T}, Sacrifice this token: You gain 3 life.") [Phase: Ai(2)-Gabe_Food]
Phase: Ai(2)-Gabe_Food's Declare Attackers Step
Combat: Ai(2)-Gabe_Food assigned Feasting Hobbit (194) and Rapacious Guest (110) to attack Ai(3)-Destyn_Turtles.
Mana: Plains (289) - {T}: Add {W}.
Mana: Sunken Hollow (226) - {T}: Add {U}.
Mana: Dragonskull Summit (249) - {T}: Add {B} or {R}.
Mana: Thriving Moor (298) - {T}: Add {B} or one mana of the chosen color.
Mana: Forest (239) - {T}: Add {G}.
Mana: Vernal Fen (260) - {T}: Add {G}.
Mana: Path of Ancestry (214) - {T}: Add one mana of any color in your commander's color identity. When that mana is spent to cast a creature spell that shares a creature type with your commander, scry 1. (Look at the top card of your library. You may put that card on the bottom.)
Zone Change: Everything Pizza (268) was put into Graveyard from Battlefield.
Add To Stack: Ai(3)-Destyn_Turtles activated Everything Pizza targeting [Ai(3)-Destyn_Turtles] [Goro-Goro and Satoru (403)] [Leonardo, the Balance (303)]
Life: Life: Ai(3)-Destyn_Turtles 31 > 34
Discard: Ai(1)-Jaymie_Ezio discards Reconnaissance (65).
Discard: Ai(2)-Gabe_Food discards Scattered Groves (147).
Discard: Ai(4)-GGS_Orochi_only discards Vampiric Tutor (320).
Damage: Everything Pizza (268) deals 3 damage to Goro-Goro and Satoru (403).
Replacement Effect: If one or more +1/+1 counters would be put on a creature you control, that many plus one +1/+1 counters are put on it instead.
Resolve Stack: Everything Pizza (268) - Ai(3)-Destyn_Turtles gains 3 life. Ai(3)-Destyn_Turtles draws a card. Ai(2)-Gabe_Food, Ai(4)-GGS_Orochi_only and Ai(1)-Jaymie_Ezio discard a card. Everything Pizza (268) deals 3 damage to Goro-Goro and Satoru (403). Ai(3)-Destyn_Turtles puts three +1/+1 counters on Leonardo, the Balance (303).
Zone Change: Goro-Goro and Satoru (403) was put into Graveyard from Battlefield.
Add To Stack: Ai(4)-GGS_Orochi_only triggered Skullclamp
Resolve Stack: Whenever equipped creature dies, draw two cards. [Zone Changer: Goro-Goro and Satoru (403)]
Phase: Ai(2)-Gabe_Food's Declare Blockers Step
Combat: Ai(3)-Destyn_Turtles didn't block Feasting Hobbit (194).
Ai(3)-Destyn_Turtles assigned Ninja Token (483) and Ninja Token (458) to block Rapacious Guest (110).
Phase: Ai(2)-Gabe_Food's First Strike Damage Step
Phase: Ai(2)-Gabe_Food's Combat Damage Step
Damage: Feasting Hobbit (194) deals 27 combat damage to Ai(3)-Destyn_Turtles.
Damage: Rapacious Guest (110) deals 3 damage to Ninja Token (483).
Damage: Rapacious Guest (110) deals 7 damage to Ninja Token (458).
Damage: Ninja Token (483) deals 3 damage to Rapacious Guest (110).
Damage: Ninja Token (458) deals 4 damage to Rapacious Guest (110).
Life: Life: Ai(3)-Destyn_Turtles 34 > 7
Zone Change: Ninja Token (458) was put into Graveyard from Battlefield.
Zone Change: Ninja Token (483) was put into Graveyard from Battlefield.
Add To Stack: Ai(2)-Gabe_Food triggered Rapacious Guest
Resolve Stack: Whenever one or more creatures you control deal combat damage to a player, create a Food token. [Damaged: Ai(3)-Destyn_Turtles, Amount: 27]
Phase: Ai(2)-Gabe_Food's End of Combat Step
Phase: Ai(2)-Gabe_Food's Main phase, postcombat
Mana: Forest (137) - {T}: Add {G}.
Mana: Exotic Orchard (148) - {T}: Add one mana of any color that a land an opponent controls could produce.
Add To Stack: Ai(2)-Gabe_Food cast Revive the Shire targeting [Gwaihir, Greatest of the Eagles (191)]
Resolve Stack: Revive the Shire (116) - Return Gwaihir, Greatest of the Eagles (191) from the graveyard to its owner's hand. 
Mana: Plains (189) - {T}: Add {W}.
Mana: Swamp (161) - {T}: Add {B}.
Mana: Canopy Vista (171) - {T}: Add {G}.
Mana: Prize Pig (130) - {T}: Add one mana of any color.
Zone Change: Treasure Token (477) was put into Graveyard from Battlefield.
Mana: Treasure Token (477) - {T}, Sacrifice this token: Add one mana of any color.
Add To Stack: Ai(2)-Gabe_Food cast Gwaihir, Greatest of the Eagles
Resolve Stack: Gwaihir, Greatest of the Eagles - Creature 5 / 5
Add To Stack: Ai(2)-Gabe_Food triggered Prosperous Innkeeper
Life: Life: Ai(2)-Gabe_Food 21 > 22
Resolve Stack: Whenever another creature you control enters, you gain 1 life. [Zone Changer: Gwaihir, Greatest of the Eagles (191)]
Add To Stack: Ai(2)-Gabe_Food triggered Prize Pig
Resolve Stack: Whenever you gain life, put that many ribbon counters on Prize Pig. Then if there are three or more ribbon counters on Prize Pig, remove those counters and untap it. [Player: Ai(2)-Gabe_Food, Gained Amount: 1]
Phase: Ai(2)-Gabe_Food's End step
Phase: Ai(2)-Gabe_Food's Cleanup step
Turn: Turn 48 (Ai(3)-Destyn_Turtles)
Phase: Ai(3)-Destyn_Turtles' Untap step
Phase: Ai(3)-Destyn_Turtles' Upkeep step
Phase: Ai(3)-Destyn_Turtles' Draw step
Phase: Ai(3)-Destyn_Turtles' Main phase, precombat
Land: Ai(3)-Destyn_Turtles played Mountain (288)
Mana: Forest (240) - {T}: Add {G}.
Mana: Forest (238) - {T}: Add {G}.
Add To Stack: Ai(3)-Destyn_Turtles activated Foot Chopper targeting [Leonardo, the Balance (303)]
Resolve Stack: Foot Chopper (294) -  Attach to Leonardo, the Balance (303)
Phase: Ai(3)-Destyn_Turtles' Beginning of Combat Step
Phase: Ai(3)-Destyn_Turtles' Declare Attackers Step
Phase: Ai(3)-Destyn_Turtles' Declare Blockers Step
Phase: Ai(3)-Destyn_Turtles' First Strike Damage Step
Phase: Ai(3)-Destyn_Turtles' Combat Damage Step
Phase: Ai(3)-Destyn_Turtles' End of Combat Step
Phase: Ai(3)-Destyn_Turtles' Main phase, postcombat
Mana: Island (231) - {T}: Add {U}.
Mana: Exotic Orchard (243) - {T}: Add one mana of any color that a land an opponent controls could produce.
Mana: Forest (239) - {T}: Add {G}.
Mana: Plains (289) - {T}: Add {W}.
Add To Stack: Ai(3)-Destyn_Turtles cast Wave Goodbye
Resolve Stack: Wave Goodbye (203) - Return each creature without a +1/+1 counter on it to its owner's hand.
Mana: Thriving Moor (298) - {T}: Add {B} or one mana of the chosen color.
Mana: Mountain (288) - {T}: Add {R}.
Mana: Dragonskull Summit (249) - {T}: Add {B} or {R}.
Add To Stack: Ai(3)-Destyn_Turtles cast Cultivate
Resolve Stack: Cultivate (207) - Search your library for up to two basic land cards, reveal those cards, put one onto the battlefield tapped and the other into your hand, then shuffle.   
Phase: Ai(3)-Destyn_Turtles' End step
Add To Stack: Ai(3)-Destyn_Turtles triggered High Score
Resolve Stack: At the beginning of your end step, draw a card if you control a creature with the greatest power among creatures on the battlefield. [Phase: Ai(3)-Destyn_Turtles]
Phase: Ai(3)-Destyn_Turtles' Cleanup step
Turn: Turn 49 (Ai(4)-GGS_Orochi_only)
Phase: Ai(4)-GGS_Orochi_only's Untap step
Phase: Ai(4)-GGS_Orochi_only's Upkeep step
Phase: Ai(4)-GGS_Orochi_only's Draw step
Phase: Ai(4)-GGS_Orochi_only's Main phase, precombat
Land: Ai(4)-GGS_Orochi_only played Mountain (397)
Phase: Ai(4)-GGS_Orochi_only's Beginning of Combat Step
Phase: Ai(4)-GGS_Orochi_only's Declare Attackers Step
Phase: Ai(4)-GGS_Orochi_only's Declare Blockers Step
Phase: Ai(4)-GGS_Orochi_only's First Strike Damage Step
Phase: Ai(4)-GGS_Orochi_only's Combat Damage Step
Phase: Ai(4)-GGS_Orochi_only's End of Combat Step
Phase: Ai(4)-GGS_Orochi_only's Main phase, postcombat
Mana: Luxury Suite (379) - {T}: Add {B} or {R}.
Mana: Undercity Sewers (305) - {T}: Add {U}.
Mana: Sokenzan, Crucible of Defiance (334) - {T}: Add {R}.
Mana: Mountain (397) - {T}: Add {R}.
Mana: Steam Vents (346) - {T}: Add {R}.
Add To Stack: Ai(4)-GGS_Orochi_only cast Fallen Shinobi
Resolve Stack: Fallen Shinobi - Creature 5 / 4
Mana: Riverpyre Verge (398) - {T}: Add {U}. Activate only if you control an Island or a Mountain.
Add To Stack: Ai(4)-GGS_Orochi_only activated Skullclamp targeting [Fallen Shinobi (326)]
Resolve Stack: Skullclamp (341) -  Attach to Fallen Shinobi (326)
Phase: Ai(4)-GGS_Orochi_only's End step
Phase: Ai(4)-GGS_Orochi_only's Cleanup step
Turn: Turn 50 (Ai(1)-Jaymie_Ezio)
Phase: Ai(1)-Jaymie_Ezio's Untap step
Phase: Ai(1)-Jaymie_Ezio's Upkeep step
Phase: Ai(1)-Jaymie_Ezio's Draw step
Phase: Ai(1)-Jaymie_Ezio's Main phase, precombat
Phase: Ai(1)-Jaymie_Ezio's Beginning of Combat Step
Phase: Ai(1)-Jaymie_Ezio's Declare Attackers Step
Phase: Ai(1)-Jaymie_Ezio's Declare Blockers Step
Phase: Ai(1)-Jaymie_Ezio's First Strike Damage Step
Phase: Ai(1)-Jaymie_Ezio's Combat Damage Step
Phase: Ai(1)-Jaymie_Ezio's End of Combat Step
Phase: Ai(1)-Jaymie_Ezio's Main phase, postcombat
Mana: Swamp (59) - {T}: Add {B}.
Mana: Mountain (88) - {T}: Add {R}.
Mana: Island (34) - {T}: Add {U}.
Add To Stack: Ai(1)-Jaymie_Ezio cast Unstoppable Slasher
Resolve Stack: Unstoppable Slasher - Creature 2 / 3
Phase: Ai(1)-Jaymie_Ezio's End step
Add To Stack: Ai(1)-Jaymie_Ezio triggered Edward Kenway
Resolve Stack: At the beginning of your end step, create a Treasure token for each tapped Assassin, Pirate, and/or Vehicle you control. [Phase: Ai(1)-Jaymie_Ezio]
Phase: Ai(1)-Jaymie_Ezio's Cleanup step
Turn: Turn 51 (Ai(2)-Gabe_Food)
Phase: Ai(2)-Gabe_Food's Untap step
Phase: Ai(2)-Gabe_Food's Upkeep step
Phase: Ai(2)-Gabe_Food's Draw step
Phase: Ai(2)-Gabe_Food's Main phase, precombat
Add To Stack: Ai(2)-Gabe_Food triggered Of Herbs and Stewed Rabbit
Resolve Stack: III — Create a 1/1 white Halfling creature token for each Food you control. [Added once: Of Herbs and Stewed Rabbit (127)]
Zone Change: Of Herbs and Stewed Rabbit (127) was put into Graveyard from Battlefield.
Replacement Effect: Isolated Chapel enters tapped unless you control a Plains or a Swamp.
Land: Ai(2)-Gabe_Food played Isolated Chapel (144)
Mana: Exotic Orchard (148) - {T}: Add one mana of any color that a land an opponent controls could produce.
Mana: Plains (189) - {T}: Add {W}.
Mana: Forest (137) - {T}: Add {G}.
Add To Stack: Ai(2)-Gabe_Food cast Sam, Loyal Attendant
Resolve Stack: Sam, Loyal Attendant - Creature 2 / 4
Add To Stack: Ai(2)-Gabe_Food triggered Sam, Loyal Attendant targeting [Ai(2)-Gabe_Food]
Resolve Stack: Partner with Frodo, Adventurous Hobbit (When this creature enters, target player may put Frodo into their hand from their library, then shuffle.) (Targeting: [[Ai(2)-Gabe_Food]]) [Zone Changer: Sam, Loyal Attendant (202)]
Phase: Ai(2)-Gabe_Food's Beginning of Combat Step
Add To Stack: Ai(2)-Gabe_Food triggered Sam, Loyal Attendant
Resolve Stack: At the beginning of combat on your turn, create a Food token. (It's an artifact with "{2}, {T}, Sacrifice this token: You gain 3 life.") [Phase: Ai(2)-Gabe_Food]
Phase: Ai(2)-Gabe_Food's Declare Attackers Step
Combat: Ai(2)-Gabe_Food assigned Feasting Hobbit (194) and Rapacious Guest (110) to attack Ai(3)-Destyn_Turtles.
Mana: Sunken Hollow (226) - {T}: Add {B}.
Mana: Vernal Fen (260) - {T}: Add {G}.
Zone Change: Food Token (407) was put into Graveyard from Battlefield.
Add To Stack: Ai(3)-Destyn_Turtles activated Food Token
Life: Life: Ai(3)-Destyn_Turtles 7 > 10
Resolve Stack: Food Token (407) - Ai(3)-Destyn_Turtles gains 3 life.
Mana: Path of Ancestry (214) - {T}: Add one mana of any color in your commander's color identity. When that mana is spent to cast a creature spell that shares a creature type with your commander, scry 1. (Look at the top card of your library. You may put that card on the bottom.)
Mana: Hidden Hideout (256) - {T}: Add one mana of any color in your commander's color identity.
Zone Change: Food Token (421) was put into Graveyard from Battlefield.
Add To Stack: Ai(3)-Destyn_Turtles activated Food Token
Life: Life: Ai(3)-Destyn_Turtles 10 > 13
Resolve Stack: Food Token (421) - Ai(3)-Destyn_Turtles gains 3 life.
Phase: Ai(2)-Gabe_Food's Declare Blockers Step
Combat: Ai(3)-Destyn_Turtles didn't block Feasting Hobbit (194).
Ai(3)-Destyn_Turtles assigned Michelangelo, the Heart (301) and Leonardo, the Balance (303) to block Rapacious Guest (110).
Phase: Ai(2)-Gabe_Food's First Strike Damage Step
Phase: Ai(2)-Gabe_Food's Combat Damage Step
Damage: Feasting Hobbit (194) deals 27 combat damage to Ai(3)-Destyn_Turtles.
Damage: Rapacious Guest (110) deals 4 damage to Michelangelo, the Heart (301).
Damage: Rapacious Guest (110) deals 6 damage to Leonardo, the Balance (303).
Damage: Michelangelo, the Heart (301) deals 5 damage to Rapacious Guest (110).
Damage: Leonardo, the Balance (303) deals 11 damage to Rapacious Guest (110).
Life: Life: Ai(3)-Destyn_Turtles 13 > -14
Zone Change: Rapacious Guest (110) was put into Graveyard from Battlefield.
Add To Stack: Ai(2)-Gabe_Food triggered Rapacious Guest targeting [Ai(4)-GGS_Orochi_only]
Add To Stack: Ai(2)-Gabe_Food triggered Rapacious Guest
Resolve Stack: Whenever one or more creatures you control deal combat damage to a player, create a Food token. [Damaged: Ai(3)-Destyn_Turtles, Amount: 27]
Life: Life: Ai(4)-GGS_Orochi_only 14 > 4
Resolve Stack: When Rapacious Guest leaves the battlefield, target opponent loses life equal to its power. (Targeting: [[Ai(4)-GGS_Orochi_only]]) [Zone Changer: Rapacious Guest (110)]
Phase: Ai(2)-Gabe_Food's End of Combat Step
Phase: Ai(2)-Gabe_Food's Main phase, postcombat
Mana: Isolated Chapel (144) - {T}: Add {W} or {B}.
Mana: Swamp (163) - {T}: Add {B}.
Mana: Swamp (161) - {T}: Add {B}.
Mana: Swamp (164) - {T}: Add {B}.
Mana: Canopy Vista (171) - {T}: Add {G}.
Add To Stack: Ai(2)-Gabe_Food cast Gwaihir, Greatest of the Eagles
Resolve Stack: Gwaihir, Greatest of the Eagles - Creature 5 / 5
Phase: Ai(2)-Gabe_Food's End step
Phase: Ai(2)-Gabe_Food's Cleanup step
Turn: Turn 52 (Ai(4)-GGS_Orochi_only)
Phase: Ai(4)-GGS_Orochi_only's Untap step
Phase: Ai(4)-GGS_Orochi_only's Upkeep step
Phase: Ai(4)-GGS_Orochi_only's Draw step
Phase: Ai(4)-GGS_Orochi_only's Main phase, precombat
Phase: Ai(4)-GGS_Orochi_only's Beginning of Combat Step
Phase: Ai(4)-GGS_Orochi_only's Declare Attackers Step
Phase: Ai(4)-GGS_Orochi_only's Declare Blockers Step
Phase: Ai(4)-GGS_Orochi_only's First Strike Damage Step
Phase: Ai(4)-GGS_Orochi_only's Combat Damage Step
Phase: Ai(4)-GGS_Orochi_only's End of Combat Step
Phase: Ai(4)-GGS_Orochi_only's Main phase, postcombat
Mana: Luxury Suite (379) - {T}: Add {B} or {R}.
Mana: Undercity Sewers (305) - {T}: Add {U}.
Mana: Sokenzan, Crucible of Defiance (334) - {T}: Add {R}.
Mana: Mountain (397) - {T}: Add {R}.
Mana: Steam Vents (346) - {T}: Add {R}.
Mana: Riverpyre Verge (398) - {T}: Add {U}. Activate only if you control an Island or a Mountain.
Mana: City of Brass (337) - {T}: Add one mana of any color.
Add To Stack: Ai(4)-GGS_Orochi_only cast Goro-Goro and Satoru
Add To Stack: Ai(4)-GGS_Orochi_only triggered City of Brass
Damage: City of Brass (337) deals 1 non-combat damage to Ai(4)-GGS_Orochi_only.
Life: Life: Ai(4)-GGS_Orochi_only 4 > 3
Resolve Stack: Whenever City of Brass becomes tapped, it deals 1 damage to you. [Tapped: City of Brass (337)]
Resolve Stack: Goro-Goro and Satoru - Creature 3 / 4
Phase: Ai(4)-GGS_Orochi_only's End step
Phase: Ai(4)-GGS_Orochi_only's Cleanup step
Turn: Turn 53 (Ai(1)-Jaymie_Ezio)
Phase: Ai(1)-Jaymie_Ezio's Untap step
Phase: Ai(1)-Jaymie_Ezio's Upkeep step
Phase: Ai(1)-Jaymie_Ezio's Draw step
Phase: Ai(1)-Jaymie_Ezio's Main phase, precombat
Phase: Ai(1)-Jaymie_Ezio's Beginning of Combat Step
Phase: Ai(1)-Jaymie_Ezio's Declare Attackers Step
Phase: Ai(1)-Jaymie_Ezio's Declare Blockers Step
Phase: Ai(1)-Jaymie_Ezio's First Strike Damage Step
Phase: Ai(1)-Jaymie_Ezio's Combat Damage Step
Phase: Ai(1)-Jaymie_Ezio's End of Combat Step
Phase: Ai(1)-Jaymie_Ezio's Main phase, postcombat
Mana: Mountain (88) - {T}: Add {R}.
Add To Stack: Ai(1)-Jaymie_Ezio cast Sol Ring
Resolve Stack: Sol Ring
Phase: Ai(1)-Jaymie_Ezio's End step
Add To Stack: Ai(1)-Jaymie_Ezio triggered Edward Kenway
Resolve Stack: At the beginning of your end step, create a Treasure token for each tapped Assassin, Pirate, and/or Vehicle you control. [Phase: Ai(1)-Jaymie_Ezio]
Phase: Ai(1)-Jaymie_Ezio's Cleanup step
Turn: Turn 54 (Ai(2)-Gabe_Food)
Phase: Ai(2)-Gabe_Food's Untap step
Phase: Ai(2)-Gabe_Food's Upkeep step
Phase: Ai(2)-Gabe_Food's Draw step
Phase: Ai(2)-Gabe_Food's Main phase, precombat
Mana: Exotic Orchard (148) - {T}: Add one mana of any color that a land an opponent controls could produce.
Mana: Plains (189) - {T}: Add {W}.
Mana: Forest (137) - {T}: Add {G}.
Mana: Swamp (163) - {T}: Add {B}.
Mana: Swamp (161) - {T}: Add {B}.
Add To Stack: Ai(2)-Gabe_Food cast Dawn
Resolve Stack: Dawn (113) - Return all creature cards with power 2 or less from your graveyard to your hand.
Replacement Effect: Aftermath (Cast this spell only from your graveyard. Then exile it.)
Mana: Isolated Chapel (144) - {T}: Add {W} or {B}.
Mana: Swamp (164) - {T}: Add {B}.
Mana: Canopy Vista (171) - {T}: Add {G}.
Add To Stack: Ai(2)-Gabe_Food cast Field-Tested Frying Pan
Resolve Stack: Field-Tested Frying Pan
Add To Stack: Ai(2)-Gabe_Food triggered Field-Tested Frying Pan
Resolve Stack: When Field-Tested Frying Pan enters, create a Food token, then create a 1/1 white Halfling creature token and attach Field-Tested Frying Pan to it. [Zone Changer: Field-Tested Frying Pan (174)]
Phase: Ai(2)-Gabe_Food's Beginning of Combat Step
Add To Stack: Ai(2)-Gabe_Food triggered Sam, Loyal Attendant
Resolve Stack: At the beginning of combat on your turn, create a Food token. (It's an artifact with "{2}, {T}, Sacrifice this token: You gain 3 life.") [Phase: Ai(2)-Gabe_Food]
Phase: Ai(2)-Gabe_Food's Declare Attackers Step
Combat: Ai(2)-Gabe_Food assigned Feasting Hobbit (194), Gwaihir, Greatest of the Eagles (191), Sam, Loyal Attendant (202), Halfling Token (498), Halfling Token (499), Halfling Token (500), Halfling Token (501) and Halfling Token (502) to attack Ai(1)-Jaymie_Ezio.
Add To Stack: Ai(2)-Gabe_Food triggered Gwaihir, Greatest of the Eagles targeting [Feasting Hobbit (194)]
Resolve Stack: Whenever Gwaihir attacks, target attacking creature gains flying until end of turn. (Targeting: [[Feasting Hobbit (194)]]) [Attacker: Gwaihir, Greatest of the Eagles (191)]
Phase: Ai(2)-Gabe_Food's Declare Blockers Step
Combat: Ai(1)-Jaymie_Ezio didn't block Feasting Hobbit (194).
Ai(1)-Jaymie_Ezio assigned Ezio Auditore da Firenze (100) to block Gwaihir, Greatest of the Eagles (191).
Ai(1)-Jaymie_Ezio assigned Unstoppable Slasher (75) to block Sam, Loyal Attendant (202).
Ai(1)-Jaymie_Ezio assigned Edward Kenway (5) to block Halfling Token (498).
Ai(1)-Jaymie_Ezio didn't block Halfling Token (499).
Ai(1)-Jaymie_Ezio didn't block Halfling Token (500).
Ai(1)-Jaymie_Ezio didn't block Halfling Token (501).
Ai(1)-Jaymie_Ezio didn't block Halfling Token (502).
Phase: Ai(2)-Gabe_Food's First Strike Damage Step
Phase: Ai(2)-Gabe_Food's Combat Damage Step
Damage: Feasting Hobbit (194) deals 27 combat damage to Ai(1)-Jaymie_Ezio.
Damage: Gwaihir, Greatest of the Eagles (191) deals 5 damage to Ezio Auditore da Firenze (100).
Damage: Sam, Loyal Attendant (202) deals 2 damage to Unstoppable Slasher (75).
Damage: Halfling Token (498) deals 1 damage to Edward Kenway (5).
Damage: Halfling Token (499) deals 1 combat damage to Ai(1)-Jaymie_Ezio.
Damage: Halfling Token (500) deals 1 combat damage to Ai(1)-Jaymie_Ezio.
Damage: Halfling Token (501) deals 1 combat damage to Ai(1)-Jaymie_Ezio.
Damage: Halfling Token (502) deals 1 combat damage to Ai(1)-Jaymie_Ezio.
Damage: Ezio Auditore da Firenze (100) deals 4 damage to Gwaihir, Greatest of the Eagles (191).
Damage: Unstoppable Slasher (75) deals 2 damage (Deathtouch) to Sam, Loyal Attendant (202).
Damage: Edward Kenway (5) deals 6 damage to Halfling Token (498).
Life: Life: Ai(1)-Jaymie_Ezio 27 > 33
Life: Life: Ai(1)-Jaymie_Ezio 33 > 2
Zone Change: Halfling Token (498) was put into Graveyard from Battlefield.
Zone Change: Sam, Loyal Attendant (202) was put into Graveyard from Battlefield.
Zone Change: Ezio Auditore da Firenze (100) was put into Graveyard from Battlefield.
Phase: Ai(2)-Gabe_Food's End of Combat Step
Phase: Ai(2)-Gabe_Food's Main phase, postcombat
Replacement Effect: Path of Ancestry enters tapped.
Land: Ai(2)-Gabe_Food played Path of Ancestry (112)
Phase: Ai(2)-Gabe_Food's End step
Phase: Ai(2)-Gabe_Food's Cleanup step
Turn: Turn 55 (Ai(4)-GGS_Orochi_only)
Phase: Ai(4)-GGS_Orochi_only's Untap step
Phase: Ai(4)-GGS_Orochi_only's Upkeep step
Phase: Ai(4)-GGS_Orochi_only's Draw step
Phase: Ai(4)-GGS_Orochi_only's Main phase, precombat
Phase: Ai(4)-GGS_Orochi_only's Beginning of Combat Step
Phase: Ai(4)-GGS_Orochi_only's Declare Attackers Step
Phase: Ai(4)-GGS_Orochi_only's Declare Blockers Step
Phase: Ai(4)-GGS_Orochi_only's First Strike Damage Step
Phase: Ai(4)-GGS_Orochi_only's Combat Damage Step
Phase: Ai(4)-GGS_Orochi_only's End of Combat Step
Phase: Ai(4)-GGS_Orochi_only's Main phase, postcombat
Mana: Luxury Suite (379) - {T}: Add {B} or {R}.
Mana: Undercity Sewers (305) - {T}: Add {U}.
Mana: Sokenzan, Crucible of Defiance (334) - {T}: Add {R}.
Add To Stack: Ai(4)-GGS_Orochi_only cast Satoru Umezawa
Resolve Stack: Satoru Umezawa - Creature 2 / 4
Mana: Steam Vents (346) - {T}: Add {U}.
Mana: Mountain (397) - {T}: Add {R}.
Mana: Riverpyre Verge (398) - {T}: Add {U}. Activate only if you control an Island or a Mountain.
Add To Stack: Ai(4)-GGS_Orochi_only cast Prosperous Thief
Resolve Stack: Prosperous Thief - Creature 3 / 2
Phase: Ai(4)-GGS_Orochi_only's End step
Phase: Ai(4)-GGS_Orochi_only's Cleanup step
Turn: Turn 56 (Ai(1)-Jaymie_Ezio)
Phase: Ai(1)-Jaymie_Ezio's Untap step
Phase: Ai(1)-Jaymie_Ezio's Upkeep step
Phase: Ai(1)-Jaymie_Ezio's Draw step
Phase: Ai(1)-Jaymie_Ezio's Main phase, precombat
Phase: Ai(1)-Jaymie_Ezio's Beginning of Combat Step
Phase: Ai(1)-Jaymie_Ezio's Declare Attackers Step
Phase: Ai(1)-Jaymie_Ezio's Declare Blockers Step
Phase: Ai(1)-Jaymie_Ezio's First Strike Damage Step
Phase: Ai(1)-Jaymie_Ezio's Combat Damage Step
Phase: Ai(1)-Jaymie_Ezio's End of Combat Step
Phase: Ai(1)-Jaymie_Ezio's Main phase, postcombat
Mana: Swamp (59) - {T}: Add {B}.
Mana: Sol Ring (56) - {T}: Add {C}{C}.
Mana: Mountain (88) - {T}: Add {R}.
Mana: Island (34) - {T}: Add {U}.
Mana: Fellwar Stone (76) - {T}: Add one mana of any color that a land an opponent controls could produce.
Add To Stack: Ai(1)-Jaymie_Ezio cast Ezio Auditore da Firenze
Resolve Stack: Ezio Auditore da Firenze - Creature 3 / 2
Phase: Ai(1)-Jaymie_Ezio's End step
Add To Stack: Ai(1)-Jaymie_Ezio triggered Edward Kenway
Resolve Stack: At the beginning of your end step, create a Treasure token for each tapped Assassin, Pirate, and/or Vehicle you control. [Phase: Ai(1)-Jaymie_Ezio]
Phase: Ai(1)-Jaymie_Ezio's Cleanup step
Turn: Turn 57 (Ai(2)-Gabe_Food)
Phase: Ai(2)-Gabe_Food's Untap step
Phase: Ai(2)-Gabe_Food's Upkeep step
Phase: Ai(2)-Gabe_Food's Draw step
Phase: Ai(2)-Gabe_Food's Main phase, precombat
Mana: Exotic Orchard (148) - {T}: Add one mana of any color that a land an opponent controls could produce.
Mana: Forest (137) - {T}: Add {G}.
Mana: Swamp (163) - {T}: Add {B}.
Mana: Swamp (161) - {T}: Add {B}.
Mana: Swamp (164) - {T}: Add {B}.
Add To Stack: Ai(2)-Gabe_Food cast Landroval, Horizon Witness
Resolve Stack: Landroval, Horizon Witness - Creature 3 / 4
Phase: Ai(2)-Gabe_Food's Beginning of Combat Step
Phase: Ai(2)-Gabe_Food's Declare Attackers Step
Combat: Ai(2)-Gabe_Food assigned Feasting Hobbit (194), Gwaihir, Greatest of the Eagles (191), Halfling Token (499), Halfling Token (500), Halfling Token (501), Halfling Token (502) and Halfling Token (516) to attack Ai(1)-Jaymie_Ezio.
Add To Stack: Ai(2)-Gabe_Food triggered Landroval, Horizon Witness targeting [Feasting Hobbit (194)]
Add To Stack: Ai(2)-Gabe_Food triggered Gwaihir, Greatest of the Eagles targeting [Feasting Hobbit (194)]
Resolve Stack: Whenever Gwaihir attacks, target attacking creature gains flying until end of turn. (Targeting: [[Feasting Hobbit (194)]]) [Attacker: Gwaihir, Greatest of the Eagles (191)]
Resolve Stack: Landroval, Horizon Witness ability fizzles.
Phase: Ai(2)-Gabe_Food's Declare Blockers Step
Combat: Ai(1)-Jaymie_Ezio didn't block Feasting Hobbit (194).
Ai(1)-Jaymie_Ezio assigned Edward Kenway (5) to block Gwaihir, Greatest of the Eagles (191).
Ai(1)-Jaymie_Ezio assigned Ezio Auditore da Firenze (100) to block Halfling Token (499).
Ai(1)-Jaymie_Ezio assigned Unstoppable Slasher (75) to block Halfling Token (500).
Ai(1)-Jaymie_Ezio didn't block Halfling Token (501).
Ai(1)-Jaymie_Ezio didn't block Halfling Token (502).
Ai(1)-Jaymie_Ezio didn't block Halfling Token (516).
Phase: Ai(2)-Gabe_Food's First Strike Damage Step
Phase: Ai(2)-Gabe_Food's Combat Damage Step
Damage: Feasting Hobbit (194) deals 27 combat damage to Ai(1)-Jaymie_Ezio.
Damage: Gwaihir, Greatest of the Eagles (191) deals 5 damage to Edward Kenway (5).
Damage: Halfling Token (499) deals 1 damage to Ezio Auditore da Firenze (100).
Damage: Halfling Token (500) deals 1 damage to Unstoppable Slasher (75).
Damage: Halfling Token (501) deals 1 combat damage to Ai(1)-Jaymie_Ezio.
Damage: Halfling Token (502) deals 1 combat damage to Ai(1)-Jaymie_Ezio.
Damage: Halfling Token (516) deals 1 combat damage to Ai(1)-Jaymie_Ezio.
Damage: Edward Kenway (5) deals 6 damage to Gwaihir, Greatest of the Eagles (191).
Life: Life: Ai(1)-Jaymie_Ezio 2 > 8
Damage: Ezio Auditore da Firenze (100) deals 3 damage to Halfling Token (499).
Damage: Unstoppable Slasher (75) deals 2 damage (Deathtouch) to Halfling Token (500).
Life: Life: Ai(1)-Jaymie_Ezio 8 > -22
Zone Change: Halfling Token (499) was put into Graveyard from Battlefield.
Zone Change: Halfling Token (500) was put into Graveyard from Battlefield.
Zone Change: Gwaihir, Greatest of the Eagles (191) was put into Graveyard from Battlefield.
Phase: Ai(2)-Gabe_Food's End of Combat Step
Phase: Ai(2)-Gabe_Food's Main phase, postcombat
Mana: Isolated Chapel (144) - {T}: Add {W} or {B}.
Mana: Plains (189) - {T}: Add {W}.
Mana: Canopy Vista (171) - {T}: Add {G}.
Add To Stack: Ai(2)-Gabe_Food cast Lobelia, Defender of Bag End
Resolve Stack: Lobelia, Defender of Bag End - Creature 2 / 2
Add To Stack: Ai(2)-Gabe_Food triggered Lobelia, Defender of Bag End
Resolve Stack: When Lobelia enters, look at the top card of each opponent's library and exile those cards face down. [Zone Changer: Lobelia, Defender of Bag End (105)]
Phase: Ai(2)-Gabe_Food's End step
Phase: Ai(2)-Gabe_Food's Cleanup step
Turn: Turn 58 (Ai(4)-GGS_Orochi_only)
Phase: Ai(4)-GGS_Orochi_only's Untap step
Phase: Ai(4)-GGS_Orochi_only's Upkeep step
Phase: Ai(4)-GGS_Orochi_only's Draw step
Phase: Ai(4)-GGS_Orochi_only's Main phase, precombat
Phase: Ai(4)-GGS_Orochi_only's Beginning of Combat Step
Phase: Ai(4)-GGS_Orochi_only's Declare Attackers Step
Phase: Ai(4)-GGS_Orochi_only's Declare Blockers Step
Phase: Ai(4)-GGS_Orochi_only's First Strike Damage Step
Phase: Ai(4)-GGS_Orochi_only's Combat Damage Step
Phase: Ai(4)-GGS_Orochi_only's End of Combat Step
Phase: Ai(4)-GGS_Orochi_only's Main phase, postcombat
Mana: Sokenzan, Crucible of Defiance (334) - {T}: Add {R}.
Mana: Mountain (397) - {T}: Add {R}.
Add To Stack: Ai(4)-GGS_Orochi_only cast Kari Zev, Skyship Raider
Resolve Stack: Kari Zev, Skyship Raider - Creature 1 / 3
Mana: Undercity Sewers (305) - {T}: Add {U}.
Mana: Steam Vents (346) - {T}: Add {U}.
Mana: Luxury Suite (379) - {T}: Add {B} or {R}.
Mana: Riverpyre Verge (398) - {T}: Add {U}. Activate only if you control an Island or a Mountain.
Add To Stack: Ai(4)-GGS_Orochi_only cast Sakashima's Student
Replacement Effect: You may have Feasting Hobbit enter as a copy of any creature on the battlefield, except it's a Ninja in addition to its other creature types.
Replacement Effect: Devour Food 3 (As this object enters, you may sacrifice any number of Foods. This permanent enters with three +1/+1 counters on it for each permanent sacrificed this way.)
Resolve Stack: Sakashima's Student - Creature 0 / 0
Phase: Ai(4)-GGS_Orochi_only's End step
Phase: Ai(4)-GGS_Orochi_only's Cleanup step
Turn: Turn 59 (Ai(2)-Gabe_Food)
Phase: Ai(2)-Gabe_Food's Untap step
Phase: Ai(2)-Gabe_Food's Upkeep step
Phase: Ai(2)-Gabe_Food's Draw step
Phase: Ai(2)-Gabe_Food's Main phase, precombat
Land: Ai(2)-Gabe_Food played Brushland (197)
Mana: Exotic Orchard (148) - {T}: Add one mana of any color that a land an opponent controls could produce.
Mana: Plains (189) - {T}: Add {W}.
Mana: Forest (137) - {T}: Add {G}.
Mana: Swamp (163) - {T}: Add {B}.
Mana: Swamp (161) - {T}: Add {B}.
Mana: Swamp (164) - {T}: Add {B}.
Mana: Isolated Chapel (144) - {T}: Add {W} or {B}.
Add To Stack: Ai(2)-Gabe_Food cast Sam, Loyal Attendant
Resolve Stack: Sam, Loyal Attendant - Creature 2 / 4
Add To Stack: Ai(2)-Gabe_Food triggered Sam, Loyal Attendant targeting [Ai(2)-Gabe_Food]
Resolve Stack: Partner with Frodo, Adventurous Hobbit (When this creature enters, target player may put Frodo into their hand from their library, then shuffle.) (Targeting: [[Ai(2)-Gabe_Food]]) [Zone Changer: Sam, Loyal Attendant (202)]
Phase: Ai(2)-Gabe_Food's Beginning of Combat Step
Add To Stack: Ai(2)-Gabe_Food triggered Sam, Loyal Attendant
Resolve Stack: At the beginning of combat on your turn, create a Food token. (It's an artifact with "{2}, {T}, Sacrifice this token: You gain 3 life.") [Phase: Ai(2)-Gabe_Food]
Phase: Ai(2)-Gabe_Food's Declare Attackers Step
Combat: Ai(2)-Gabe_Food assigned Feasting Hobbit (194), Landroval, Horizon Witness (182), Lobelia, Defender of Bag End (105), Halfling Token (501), Halfling Token (502) and Halfling Token (516) to attack Ai(4)-GGS_Orochi_only.
Add To Stack: Ai(2)-Gabe_Food triggered Landroval, Horizon Witness targeting [Feasting Hobbit (194)]
Resolve Stack: Whenever two or more creatures you control attack a player, target attacking creature without flying gains flying until end of turn. (Targeting: [[Feasting Hobbit (194)]]) [Number Attackers: [Feasting Hobbit (194), Landroval, Horizon Witness (182), Lobelia, Defender of Bag End (105), Halfling Token (501), Halfling Token (502), Halfling Token (516)]]
Phase: Ai(2)-Gabe_Food's Declare Blockers Step
Combat: Ai(4)-GGS_Orochi_only didn't block Feasting Hobbit (194).
Ai(4)-GGS_Orochi_only didn't block Landroval, Horizon Witness (182).
Ai(4)-GGS_Orochi_only assigned Feasting Hobbit (352) to block Lobelia, Defender of Bag End (105).
Ai(4)-GGS_Orochi_only assigned Kari Zev, Skyship Raider (396) to block Halfling Token (501).
Ai(4)-GGS_Orochi_only assigned Satoru Umezawa (323) to block Halfling Token (502).
Ai(4)-GGS_Orochi_only assigned Prosperous Thief (329) to block Halfling Token (516).
Phase: Ai(2)-Gabe_Food's First Strike Damage Step
Damage: Kari Zev, Skyship Raider (396) deals 1 damage to Halfling Token (501).
Zone Change: Halfling Token (501) was put into Graveyard from Battlefield.
Phase: Ai(2)-Gabe_Food's Combat Damage Step
Damage: Feasting Hobbit (194) deals 27 combat damage to Ai(4)-GGS_Orochi_only.
Damage: Landroval, Horizon Witness (182) deals 3 combat damage to Ai(4)-GGS_Orochi_only.
Damage: Lobelia, Defender of Bag End (105) deals 2 damage to Feasting Hobbit (352).
Damage: Halfling Token (502) deals 1 damage to Satoru Umezawa (323).
Damage: Halfling Token (516) deals 1 damage to Prosperous Thief (329).
Damage: Feasting Hobbit (352) deals 2 damage to Lobelia, Defender of Bag End (105).
Damage: Satoru Umezawa (323) deals 2 damage to Halfling Token (502).
Damage: Prosperous Thief (329) deals 3 damage to Halfling Token (516).
Life: Life: Ai(4)-GGS_Orochi_only 3 > -27
Player Control: Ai(1)-Jaymie_Ezio has restored control over themself
Player Control: Ai(2)-Gabe_Food has restored control over themself
Player Control: Ai(3)-Destyn_Turtles has restored control over themself
Player Control: Ai(4)-GGS_Orochi_only has restored control over themself
Game Outcome: Match Duration 3m : 34s
Game Outcome: Turn 30
Game Outcome: Ai(1)-Jaymie_Ezio has lost because life total reached 0
Game Outcome: Ai(2)-Gabe_Food has won because all opponents have lost
Game Outcome: Ai(3)-Destyn_Turtles has lost because life total reached 0
Game Outcome: Ai(4)-GGS_Orochi_only has lost because life total reached 0
Match Result: Ai(1)-Jaymie_Ezio: 0 Ai(2)-Gabe_Food: 1 Ai(3)-Destyn_Turtles: 0 Ai(4)-GGS_Orochi_only: 0 

Game Result: Game 1 ended in 216364 ms. Ai(2)-Gabe_Food has won!

