Error handling registered!
20:43:44 [INFO ] GuiBase: ##########################################
20:43:44 [INFO ] GuiBase: APP: Forge v.2.0.15-SNAPSHOT-09.28
20:43:44 [INFO ] GuiBase: Java: 17.0.20 (Ubuntu)
20:43:44 [INFO ] GuiBase: OS: Linux 6.18.44 amd64
20:43:44 [INFO ] GuiBase: RAM: 1536 MB max, 8 CPUs
20:43:44 [INFO ] GuiBase: ##########################################
Language 'en-US' loaded successfully.
(ThreadUtil first call): Running with priority 5
Read cards: 34010 archived files in 1 ms (25 parts) using thread pool
Upcoming set Star Trek (TRK) dated in the future. All `upcoming` cards will be added to this set with unknown rarity.
The card A-Alrund's Epiphany was not assigned to any set. Adding it to UNKNOWN set... to fix see res/editions/ folder. 
The card A-Baba Lysaga, Night Witch was not assigned to any set. Adding it to UNKNOWN set... to fix see res/editions/ folder. 
The card A-Divide by Zero was not assigned to any set. Adding it to UNKNOWN set... to fix see res/editions/ folder. 
The card A-Esika's Chariot was not assigned to any set. Adding it to UNKNOWN set... to fix see res/editions/ folder. 
The card A-Faceless Haven was not assigned to any set. Adding it to UNKNOWN set... to fix see res/editions/ folder. 
The card A-Fires of Invention was not assigned to any set. Adding it to UNKNOWN set... to fix see res/editions/ folder. 
The card A-Goldspan Dragon was not assigned to any set. Adding it to UNKNOWN set... to fix see res/editions/ folder. 
The card A-Hullbreaker Horror was not assigned to any set. Adding it to UNKNOWN set... to fix see res/editions/ folder. 
The card A-Kumano Faces Kakkazan was not assigned to any set. Adding it to UNKNOWN set... to fix see res/editions/ folder. 
The card A-Luminarch Aspirant was not assigned to any set. Adding it to UNKNOWN set... to fix see res/editions/ folder. 
The card A-Monster Manual was not assigned to any set. Adding it to UNKNOWN set... to fix see res/editions/ folder. 
The card A-Omnath, Locus of Creation was not assigned to any set. Adding it to UNKNOWN set... to fix see res/editions/ folder. 
The card A-The Meathook Massacre was not assigned to any set. Adding it to UNKNOWN set... to fix see res/editions/ folder. 
The card A-Unholy Heat was not assigned to any set. Adding it to UNKNOWN set... to fix see res/editions/ folder. 
The card Blinding Radiance was not assigned to any set. Adding it to UNKNOWN set... to fix see res/editions/ folder. 
The card Goblin Bruiser was not assigned to any set. Adding it to UNKNOWN set... to fix see res/editions/ folder. 
The card Ogre Painbringer was not assigned to any set. Adding it to UNKNOWN set... to fix see res/editions/ folder. 
The card Titanic Pelagosaur was not assigned to any set. Adding it to UNKNOWN set... to fix see res/editions/ folder. 
The card Treetop Recluse was not assigned to any set. Adding it to UNKNOWN set... to fix see res/editions/ folder. 
Upcoming set Star Trek (TRK) dated in the future. All `upcoming` cards will be added to this set with unknown rarity.
Read cards: 854 files in 0 ms (8 parts) using thread pool
Simulation mode
Ai(1)-Destyn_Turtles vs Ai(2)-GGS_Biting_Palm_diagnostic vs Ai(3)-Jaymie_Ezio vs Ai(4)-Gabe_Food - one game of Commander seed 20260930
Warning: default (ie. inherited from base class) implementation of confirmAction is used by Michelangelo, the Heart for forge.ai.ability.PermanentCreatureAi. Consider declaring an overloaded method
Warning: default (ie. inherited from base class) implementation of confirmAction is used by Sam, Loyal Attendant for forge.ai.ability.PermanentCreatureAi. Consider declaring an overloaded method
Warning: default (ie. inherited from base class) implementation of confirmAction is used by Goro-Goro and Satoru for forge.ai.ability.PermanentCreatureAi. Consider declaring an overloaded method
Warning: default (ie. inherited from base class) implementation of confirmAction is used by Ezio Auditore da Firenze for forge.ai.ability.PermanentCreatureAi. Consider declaring an overloaded method
Warning: default (ie. inherited from base class) implementation of confirmAction is used by Sam, Loyal Attendant for forge.ai.ability.PermanentCreatureAi. Consider declaring an overloaded method
Warning: default (ie. inherited from base class) implementation of confirmAction is used by Michelangelo, the Heart for forge.ai.ability.PermanentCreatureAi. Consider declaring an overloaded method
Warning: default (ie. inherited from base class) implementation of confirmAction is used by Goro-Goro and Satoru for forge.ai.ability.PermanentCreatureAi. Consider declaring an overloaded method
Mulligan: Ai(4)-Gabe_Food has kept a hand of 7 cards
Mulligan: Ai(1)-Destyn_Turtles has kept a hand of 7 cards
Mulligan: Ai(2)-GGS_Biting_Palm_diagnostic has kept a hand of 7 cards
Mulligan: Ai(3)-Jaymie_Ezio has kept a hand of 7 cards
Turn: Turn 1 (Ai(4)-Gabe_Food)
Phase: Ai(4)-Gabe_Food's Untap step
Phase: Ai(4)-Gabe_Food's Upkeep step
Phase: Ai(4)-Gabe_Food's Draw step
Phase: Ai(4)-Gabe_Food's Main phase, precombat
Land: Ai(4)-Gabe_Food played Swamp (365)
Phase: Ai(4)-Gabe_Food's Beginning of Combat Step
Phase: Ai(4)-Gabe_Food's Declare Attackers Step
Phase: Ai(4)-Gabe_Food's Declare Blockers Step
Phase: Ai(4)-Gabe_Food's First Strike Damage Step
Phase: Ai(4)-Gabe_Food's Combat Damage Step
Phase: Ai(4)-Gabe_Food's End of Combat Step
Phase: Ai(4)-Gabe_Food's Main phase, postcombat
Phase: Ai(4)-Gabe_Food's End step
Phase: Ai(4)-Gabe_Food's Cleanup step
Turn: Turn 2 (Ai(1)-Destyn_Turtles)
Phase: Ai(1)-Destyn_Turtles' Untap step
Phase: Ai(1)-Destyn_Turtles' Upkeep step
Phase: Ai(1)-Destyn_Turtles' Draw step
Phase: Ai(1)-Destyn_Turtles' Main phase, precombat
Replacement Effect: Sunken Hollow enters tapped unless you control two or more basic lands.
Land: Ai(1)-Destyn_Turtles played Sunken Hollow (24)
Phase: Ai(1)-Destyn_Turtles' Beginning of Combat Step
Phase: Ai(1)-Destyn_Turtles' Declare Attackers Step
Phase: Ai(1)-Destyn_Turtles' Declare Blockers Step
Phase: Ai(1)-Destyn_Turtles' First Strike Damage Step
Phase: Ai(1)-Destyn_Turtles' Combat Damage Step
Phase: Ai(1)-Destyn_Turtles' End of Combat Step
Phase: Ai(1)-Destyn_Turtles' Main phase, postcombat
Phase: Ai(1)-Destyn_Turtles' End step
Phase: Ai(1)-Destyn_Turtles' Cleanup step
Turn: Turn 3 (Ai(2)-GGS_Biting_Palm_diagnostic)
Phase: Ai(2)-GGS_Biting_Palm_diagnostic's Untap step
Phase: Ai(2)-GGS_Biting_Palm_diagnostic's Upkeep step
Phase: Ai(2)-GGS_Biting_Palm_diagnostic's Draw step
Phase: Ai(2)-GGS_Biting_Palm_diagnostic's Main phase, precombat
Replacement Effect: Training Center enters tapped unless you have two or more opponents.
Land: Ai(2)-GGS_Biting_Palm_diagnostic played Training Center (130)
Phase: Ai(2)-GGS_Biting_Palm_diagnostic's Beginning of Combat Step
Phase: Ai(2)-GGS_Biting_Palm_diagnostic's Declare Attackers Step
Phase: Ai(2)-GGS_Biting_Palm_diagnostic's Declare Blockers Step
Phase: Ai(2)-GGS_Biting_Palm_diagnostic's First Strike Damage Step
Phase: Ai(2)-GGS_Biting_Palm_diagnostic's Combat Damage Step
Phase: Ai(2)-GGS_Biting_Palm_diagnostic's End of Combat Step
Phase: Ai(2)-GGS_Biting_Palm_diagnostic's Main phase, postcombat
Phase: Ai(2)-GGS_Biting_Palm_diagnostic's End step
Phase: Ai(2)-GGS_Biting_Palm_diagnostic's Cleanup step
Turn: Turn 4 (Ai(3)-Jaymie_Ezio)
Phase: Ai(3)-Jaymie_Ezio's Untap step
Phase: Ai(3)-Jaymie_Ezio's Upkeep step
Phase: Ai(3)-Jaymie_Ezio's Draw step
Phase: Ai(3)-Jaymie_Ezio's Main phase, precombat
Land: Ai(3)-Jaymie_Ezio played Command Tower (234)
Phase: Ai(3)-Jaymie_Ezio's Beginning of Combat Step
Phase: Ai(3)-Jaymie_Ezio's Declare Attackers Step
Phase: Ai(3)-Jaymie_Ezio's Declare Blockers Step
Phase: Ai(3)-Jaymie_Ezio's First Strike Damage Step
Phase: Ai(3)-Jaymie_Ezio's Combat Damage Step
Phase: Ai(3)-Jaymie_Ezio's End of Combat Step
Phase: Ai(3)-Jaymie_Ezio's Main phase, postcombat
Phase: Ai(3)-Jaymie_Ezio's End step
Phase: Ai(3)-Jaymie_Ezio's Cleanup step
Turn: Turn 5 (Ai(4)-Gabe_Food)
Phase: Ai(4)-Gabe_Food's Untap step
Phase: Ai(4)-Gabe_Food's Upkeep step
Phase: Ai(4)-Gabe_Food's Draw step
Phase: Ai(4)-Gabe_Food's Main phase, precombat
Land: Ai(4)-Gabe_Food played Rogue's Passage (331)
Phase: Ai(4)-Gabe_Food's Beginning of Combat Step
Phase: Ai(4)-Gabe_Food's Declare Attackers Step
Phase: Ai(4)-Gabe_Food's Declare Blockers Step
Phase: Ai(4)-Gabe_Food's First Strike Damage Step
Phase: Ai(4)-Gabe_Food's Combat Damage Step
Phase: Ai(4)-Gabe_Food's End of Combat Step
Phase: Ai(4)-Gabe_Food's Main phase, postcombat
Phase: Ai(4)-Gabe_Food's End step
Phase: Ai(4)-Gabe_Food's Cleanup step
Turn: Turn 6 (Ai(1)-Destyn_Turtles)
Phase: Ai(1)-Destyn_Turtles' Untap step
Phase: Ai(1)-Destyn_Turtles' Upkeep step
Phase: Ai(1)-Destyn_Turtles' Draw step
Phase: Ai(1)-Destyn_Turtles' Main phase, precombat
Replacement Effect: Path of Ancestry enters tapped.
Land: Ai(1)-Destyn_Turtles played Path of Ancestry (12)
Phase: Ai(1)-Destyn_Turtles' Beginning of Combat Step
Phase: Ai(1)-Destyn_Turtles' Declare Attackers Step
Phase: Ai(1)-Destyn_Turtles' Declare Blockers Step
Phase: Ai(1)-Destyn_Turtles' First Strike Damage Step
Phase: Ai(1)-Destyn_Turtles' Combat Damage Step
Phase: Ai(1)-Destyn_Turtles' End of Combat Step
Phase: Ai(1)-Destyn_Turtles' Main phase, postcombat
Phase: Ai(1)-Destyn_Turtles' End step
Phase: Ai(1)-Destyn_Turtles' Cleanup step
Turn: Turn 7 (Ai(2)-GGS_Biting_Palm_diagnostic)
Phase: Ai(2)-GGS_Biting_Palm_diagnostic's Untap step
Phase: Ai(2)-GGS_Biting_Palm_diagnostic's Upkeep step
Phase: Ai(2)-GGS_Biting_Palm_diagnostic's Draw step
Phase: Ai(2)-GGS_Biting_Palm_diagnostic's Main phase, precombat
Land: Ai(2)-GGS_Biting_Palm_diagnostic played Takenuma, Abandoned Mire (185)
Mana: Training Center (130) - {T}: Add {U} or {R}.
Mana: Takenuma, Abandoned Mire (185) - {T}: Add {B}.
Add To Stack: Ai(2)-GGS_Biting_Palm_diagnostic cast Loyal Apprentice
Resolve Stack: Loyal Apprentice - Creature 2 / 1
Mana: Command Tower (234) - {T}: Add one mana of any color in your commander's color identity.
Add To Stack: Ai(3)-Jaymie_Ezio cast Swords to Plowshares targeting [Loyal Apprentice (102)]
Zone Change: Loyal Apprentice (102) was put into Exile from Battlefield.
Life: Life: Ai(2)-GGS_Biting_Palm_diagnostic 40 > 42
Resolve Stack: Swords to Plowshares (285) - Exile Loyal Apprentice (102). Ai(2)-GGS_Biting_Palm_diagnostic gains life equal to its power.
Phase: Ai(2)-GGS_Biting_Palm_diagnostic's Beginning of Combat Step
Phase: Ai(2)-GGS_Biting_Palm_diagnostic's Declare Attackers Step
Phase: Ai(2)-GGS_Biting_Palm_diagnostic's Declare Blockers Step
Phase: Ai(2)-GGS_Biting_Palm_diagnostic's First Strike Damage Step
Phase: Ai(2)-GGS_Biting_Palm_diagnostic's Combat Damage Step
Phase: Ai(2)-GGS_Biting_Palm_diagnostic's End of Combat Step
Phase: Ai(2)-GGS_Biting_Palm_diagnostic's Main phase, postcombat
Phase: Ai(2)-GGS_Biting_Palm_diagnostic's End step
Phase: Ai(2)-GGS_Biting_Palm_diagnostic's Cleanup step
Turn: Turn 8 (Ai(3)-Jaymie_Ezio)
Phase: Ai(3)-Jaymie_Ezio's Untap step
Phase: Ai(3)-Jaymie_Ezio's Upkeep step
Phase: Ai(3)-Jaymie_Ezio's Draw step
Phase: Ai(3)-Jaymie_Ezio's Main phase, precombat
Land: Ai(3)-Jaymie_Ezio played Twilight Mire (271)
Phase: Ai(3)-Jaymie_Ezio's Beginning of Combat Step
Phase: Ai(3)-Jaymie_Ezio's Declare Attackers Step
Phase: Ai(3)-Jaymie_Ezio's Declare Blockers Step
Phase: Ai(3)-Jaymie_Ezio's First Strike Damage Step
Phase: Ai(3)-Jaymie_Ezio's Combat Damage Step
Phase: Ai(3)-Jaymie_Ezio's End of Combat Step
Phase: Ai(3)-Jaymie_Ezio's Main phase, postcombat
Mana: Command Tower (234) - {T}: Add one mana of any color in your commander's color identity.
Mana: Twilight Mire (271) - {T}: Add {C}.
Add To Stack: Ai(3)-Jaymie_Ezio cast Ezio Auditore da Firenze
Resolve Stack: Ezio Auditore da Firenze - Creature 3 / 2
Phase: Ai(3)-Jaymie_Ezio's End step
Phase: Ai(3)-Jaymie_Ezio's Cleanup step
Turn: Turn 9 (Ai(4)-Gabe_Food)
Phase: Ai(4)-Gabe_Food's Untap step
Phase: Ai(4)-Gabe_Food's Upkeep step
Phase: Ai(4)-Gabe_Food's Draw step
Phase: Ai(4)-Gabe_Food's Main phase, precombat
Land: Ai(4)-Gabe_Food played Plains (392)
Phase: Ai(4)-Gabe_Food's Beginning of Combat Step
Phase: Ai(4)-Gabe_Food's Declare Attackers Step
Phase: Ai(4)-Gabe_Food's Declare Blockers Step
Phase: Ai(4)-Gabe_Food's First Strike Damage Step
Phase: Ai(4)-Gabe_Food's Combat Damage Step
Phase: Ai(4)-Gabe_Food's End of Combat Step
Phase: Ai(4)-Gabe_Food's Main phase, postcombat
Mana: Plains (392) - {T}: Add {W}.
Mana: Swamp (365) - {T}: Add {B}.
Add To Stack: Ai(4)-Gabe_Food cast Frodo, Adventurous Hobbit
Resolve Stack: Frodo, Adventurous Hobbit - Creature 1 / 3
Add To Stack: Ai(4)-Gabe_Food triggered Frodo, Adventurous Hobbit targeting [Ai(4)-Gabe_Food]
Resolve Stack: Partner with Sam, Loyal Attendant (When this creature enters, target player may put Sam into their hand from their library, then shuffle.) (Targeting: [[Ai(4)-Gabe_Food]]) [Zone Changer: Frodo, Adventurous Hobbit (402)]
Phase: Ai(4)-Gabe_Food's End step
Phase: Ai(4)-Gabe_Food's Cleanup step
Turn: Turn 10 (Ai(1)-Destyn_Turtles)
Phase: Ai(1)-Destyn_Turtles' Untap step
Phase: Ai(1)-Destyn_Turtles' Upkeep step
Phase: Ai(1)-Destyn_Turtles' Draw step
Phase: Ai(1)-Destyn_Turtles' Main phase, precombat
Replacement Effect: Hinterland Harbor enters tapped unless you control a Forest or an Island.
Land: Ai(1)-Destyn_Turtles played Hinterland Harbor (23)
Phase: Ai(1)-Destyn_Turtles' Beginning of Combat Step
Phase: Ai(1)-Destyn_Turtles' Declare Attackers Step
Phase: Ai(1)-Destyn_Turtles' Declare Blockers Step
Phase: Ai(1)-Destyn_Turtles' First Strike Damage Step
Phase: Ai(1)-Destyn_Turtles' Combat Damage Step
Phase: Ai(1)-Destyn_Turtles' End of Combat Step
Phase: Ai(1)-Destyn_Turtles' Main phase, postcombat
Mana: Hinterland Harbor (23) - {T}: Add {G} or {U}.
Mana: Sunken Hollow (24) - {T}: Add {B}.
Mana: Path of Ancestry (12) - {T}: Add one mana of any color in your commander's color identity. When that mana is spent to cast a creature spell that shares a creature type with your commander, scry 1. (Look at the top card of your library. You may put that card on the bottom.)
Add To Stack: Ai(1)-Destyn_Turtles cast Mona Lisa, Science Geek
Add To Stack: Ai(1)-Destyn_Turtles triggered Path of Ancestry
Resolve Stack: Ai(1)-Destyn_Turtles scried 1 card(s) to the bottom of the library
Resolve Stack: When mana produced by Path of Ancestry is spent to cast a creature spell that shares a creature type with your commander, scry 1. ([Mona Lisa, Science Geek - Creature 1 / 3]) [Card: Mona Lisa, Science Geek (61), Activator: Ai(1)-Destyn_Turtles, SpellAbility: Mona Lisa, Science Geek - Creature 1 / 3]
Resolve Stack: Mona Lisa, Science Geek - Creature 1 / 3
Phase: Ai(1)-Destyn_Turtles' End step
Phase: Ai(1)-Destyn_Turtles' Cleanup step
Turn: Turn 11 (Ai(2)-GGS_Biting_Palm_diagnostic)
Phase: Ai(2)-GGS_Biting_Palm_diagnostic's Untap step
Phase: Ai(2)-GGS_Biting_Palm_diagnostic's Upkeep step
Phase: Ai(2)-GGS_Biting_Palm_diagnostic's Draw step
Phase: Ai(2)-GGS_Biting_Palm_diagnostic's Main phase, precombat
Replacement Effect: As Watery Grave enters, you may pay 2 life. If you don't, it enters tapped.
Land: Ai(2)-GGS_Biting_Palm_diagnostic played Watery Grave (172)
Phase: Ai(2)-GGS_Biting_Palm_diagnostic's Beginning of Combat Step
Phase: Ai(2)-GGS_Biting_Palm_diagnostic's Declare Attackers Step
Phase: Ai(2)-GGS_Biting_Palm_diagnostic's Declare Blockers Step
Phase: Ai(2)-GGS_Biting_Palm_diagnostic's First Strike Damage Step
Phase: Ai(2)-GGS_Biting_Palm_diagnostic's Combat Damage Step
Phase: Ai(2)-GGS_Biting_Palm_diagnostic's End of Combat Step
Phase: Ai(2)-GGS_Biting_Palm_diagnostic's Main phase, postcombat
Mana: Takenuma, Abandoned Mire (185) - {T}: Add {B}.
Mana: Training Center (130) - {T}: Add {U} or {R}.
Add To Stack: Ai(2)-GGS_Biting_Palm_diagnostic cast Talisman of Creativity
Resolve Stack: Talisman of Creativity
Phase: Ai(2)-GGS_Biting_Palm_diagnostic's End step
Phase: Ai(2)-GGS_Biting_Palm_diagnostic's Cleanup step
Turn: Turn 12 (Ai(3)-Jaymie_Ezio)
Phase: Ai(3)-Jaymie_Ezio's Untap step
Phase: Ai(3)-Jaymie_Ezio's Upkeep step
Phase: Ai(3)-Jaymie_Ezio's Draw step
Phase: Ai(3)-Jaymie_Ezio's Main phase, precombat
Land: Ai(3)-Jaymie_Ezio played Kessig Wolf Run (206)
Mana: Command Tower (234) - {T}: Add one mana of any color in your commander's color identity.
Mana: Twilight Mire (271) - {T}: Add {C}.
Add To Stack: Ai(3)-Jaymie_Ezio cast Security Bypass targeting [Ezio Auditore da Firenze (302)]
Damage: Talisman of Creativity (149) deals 1 non-combat damage to Ai(2)-GGS_Biting_Palm_diagnostic.
Life: Life: Ai(2)-GGS_Biting_Palm_diagnostic 42 > 41
Mana: Talisman of Creativity (149) - {T}: Add {U} or {R}. Talisman of Creativity deals 1 damage to you. 
Add To Stack: Ai(2)-GGS_Biting_Palm_diagnostic cast Swan Song targeting [Security Bypass]
Zone Change: Send countered spell to Graveyard
Resolve Stack: Swan Song (140) - Counter Security Bypass (294). 
Phase: Ai(3)-Jaymie_Ezio's Beginning of Combat Step
Phase: Ai(3)-Jaymie_Ezio's Declare Attackers Step
Combat: Ai(3)-Jaymie_Ezio assigned Ezio Auditore da Firenze (302) to attack Ai(4)-Gabe_Food.
Phase: Ai(3)-Jaymie_Ezio's Declare Blockers Step
Combat: Ai(4)-Gabe_Food didn't block Ezio Auditore da Firenze (302).
Phase: Ai(3)-Jaymie_Ezio's First Strike Damage Step
Phase: Ai(3)-Jaymie_Ezio's Combat Damage Step
Damage: Ezio Auditore da Firenze (302) deals 3 combat damage to Ai(4)-Gabe_Food.
Life: Life: Ai(4)-Gabe_Food 40 > 37
Add To Stack: Ai(3)-Jaymie_Ezio triggered Ezio Auditore da Firenze
Resolve Stack: Whenever Ezio deals combat damage to a player, you may pay {W}{U}{B}{R}{G} if that player has 10 or less life. When you do, that player loses the game. [Damage Source: Ezio Auditore da Firenze (302), Damaged: Ai(4)-Gabe_Food, Amount: 3]
Phase: Ai(3)-Jaymie_Ezio's End of Combat Step
Phase: Ai(3)-Jaymie_Ezio's Main phase, postcombat
Phase: Ai(3)-Jaymie_Ezio's End step
Phase: Ai(3)-Jaymie_Ezio's Cleanup step
Turn: Turn 13 (Ai(4)-Gabe_Food)
Phase: Ai(4)-Gabe_Food's Untap step
Phase: Ai(4)-Gabe_Food's Upkeep step
Phase: Ai(4)-Gabe_Food's Draw step
Phase: Ai(4)-Gabe_Food's Main phase, precombat
Land: Ai(4)-Gabe_Food played Forest (336)
Mana: Plains (392) - {T}: Add {W}.
Mana: Forest (336) - {T}: Add {G}.
Mana: Swamp (365) - {T}: Add {B}.
Add To Stack: Ai(4)-Gabe_Food cast Sam, Loyal Attendant
Resolve Stack: Sam, Loyal Attendant - Creature 2 / 4
Add To Stack: Ai(4)-Gabe_Food triggered Sam, Loyal Attendant targeting [Ai(4)-Gabe_Food]
Resolve Stack: Partner with Frodo, Adventurous Hobbit (When this creature enters, target player may put Frodo into their hand from their library, then shuffle.) (Targeting: [[Ai(4)-Gabe_Food]]) [Zone Changer: Sam, Loyal Attendant (404)]
Phase: Ai(4)-Gabe_Food's Beginning of Combat Step
Add To Stack: Ai(4)-Gabe_Food triggered Sam, Loyal Attendant
Resolve Stack: At the beginning of combat on your turn, create a Food token. (It's an artifact with "{2}, {T}, Sacrifice this token: You gain 3 life.") [Phase: Ai(4)-Gabe_Food]
Phase: Ai(4)-Gabe_Food's Declare Attackers Step
Phase: Ai(4)-Gabe_Food's Declare Blockers Step
Phase: Ai(4)-Gabe_Food's First Strike Damage Step
Phase: Ai(4)-Gabe_Food's Combat Damage Step
Phase: Ai(4)-Gabe_Food's End of Combat Step
Phase: Ai(4)-Gabe_Food's Main phase, postcombat
Phase: Ai(4)-Gabe_Food's End step
Phase: Ai(4)-Gabe_Food's Cleanup step
Turn: Turn 14 (Ai(1)-Destyn_Turtles)
Phase: Ai(1)-Destyn_Turtles' Untap step
Phase: Ai(1)-Destyn_Turtles' Upkeep step
Phase: Ai(1)-Destyn_Turtles' Draw step
Phase: Ai(1)-Destyn_Turtles' Main phase, precombat
Land: Ai(1)-Destyn_Turtles played Evolving Wilds (32)
Zone Change: Evolving Wilds (32) was put into Graveyard from Battlefield.
Add To Stack: Ai(1)-Destyn_Turtles activated Evolving Wilds
Resolve Stack: Evolving Wilds (32) - Ai(1)-Destyn_Turtles searches their library for a basic land card, puts it onto the battlefield tapped, then shuffles.
Mana: Hinterland Harbor (23) - {T}: Add {G} or {U}.
Mana: Sunken Hollow (24) - {T}: Add {B}.
Mana: Path of Ancestry (12) - {T}: Add one mana of any color in your commander's color identity. When that mana is spent to cast a creature spell that shares a creature type with your commander, scry 1. (Look at the top card of your library. You may put that card on the bottom.)
Add To Stack: Ai(1)-Destyn_Turtles cast Irma, Part-Time Mutant
Add To Stack: Ai(1)-Destyn_Turtles triggered Path of Ancestry
Resolve Stack: Ai(1)-Destyn_Turtles scried 1 card(s) to the top of the library
Resolve Stack: When mana produced by Path of Ancestry is spent to cast a creature spell that shares a creature type with your commander, scry 1. ([Irma, Part-Time Mutant - Creature 1 / 1]) [Card: Irma, Part-Time Mutant (7), Activator: Ai(1)-Destyn_Turtles, SpellAbility: Irma, Part-Time Mutant - Creature 1 / 1]
Resolve Stack: Irma, Part-Time Mutant - Creature 1 / 1
Phase: Ai(1)-Destyn_Turtles' Beginning of Combat Step
Add To Stack: Ai(1)-Destyn_Turtles triggered Irma, Part-Time Mutant targeting [Mona Lisa, Science Geek (61)]
Resolve Stack: At the beginning of combat on your turn, Irma becomes a copy of up to one other target creature you control, except her name is Irma, Part-Time Mutant and she has this ability. Then put a +1/+1 counter on her. (Targeting: [[Mona Lisa, Science Geek (61)]]) [Phase: Ai(1)-Destyn_Turtles]
Phase: Ai(1)-Destyn_Turtles' Declare Attackers Step
Phase: Ai(1)-Destyn_Turtles' Declare Blockers Step
Phase: Ai(1)-Destyn_Turtles' First Strike Damage Step
Phase: Ai(1)-Destyn_Turtles' Combat Damage Step
Phase: Ai(1)-Destyn_Turtles' End of Combat Step
Phase: Ai(1)-Destyn_Turtles' Main phase, postcombat
Phase: Ai(1)-Destyn_Turtles' End step
Phase: Ai(1)-Destyn_Turtles' Cleanup step
Turn: Turn 15 (Ai(2)-GGS_Biting_Palm_diagnostic)
Phase: Ai(2)-GGS_Biting_Palm_diagnostic's Untap step
Phase: Ai(2)-GGS_Biting_Palm_diagnostic's Upkeep step
Phase: Ai(2)-GGS_Biting_Palm_diagnostic's Draw step
Phase: Ai(2)-GGS_Biting_Palm_diagnostic's Main phase, precombat
Replacement Effect: Morphic Pool enters tapped unless you have two or more opponents.
Land: Ai(2)-GGS_Biting_Palm_diagnostic played Morphic Pool (131)
Phase: Ai(2)-GGS_Biting_Palm_diagnostic's Beginning of Combat Step
Phase: Ai(2)-GGS_Biting_Palm_diagnostic's Declare Attackers Step
Phase: Ai(2)-GGS_Biting_Palm_diagnostic's Declare Blockers Step
Phase: Ai(2)-GGS_Biting_Palm_diagnostic's First Strike Damage Step
Phase: Ai(2)-GGS_Biting_Palm_diagnostic's Combat Damage Step
Phase: Ai(2)-GGS_Biting_Palm_diagnostic's End of Combat Step
Phase: Ai(2)-GGS_Biting_Palm_diagnostic's Main phase, postcombat
Mana: Training Center (130) - {T}: Add {U} or {R}.
Mana: Takenuma, Abandoned Mire (185) - {T}: Add {B}.
Mana: Morphic Pool (131) - {T}: Add {U} or {B}.
Mana: Watery Grave (172) - {T}: Add {B}.
Add To Stack: Ai(2)-GGS_Biting_Palm_diagnostic cast Purphoros, God of the Forge
Resolve Stack: Purphoros, God of the Forge - Creature 6 / 5
Phase: Ai(2)-GGS_Biting_Palm_diagnostic's End step
Phase: Ai(2)-GGS_Biting_Palm_diagnostic's Cleanup step
Turn: Turn 16 (Ai(3)-Jaymie_Ezio)
Phase: Ai(3)-Jaymie_Ezio's Untap step
Phase: Ai(3)-Jaymie_Ezio's Upkeep step
Phase: Ai(3)-Jaymie_Ezio's Draw step
Phase: Ai(3)-Jaymie_Ezio's Main phase, precombat
Land: Ai(3)-Jaymie_Ezio played Mountain (289)
Phase: Ai(3)-Jaymie_Ezio's Beginning of Combat Step
Phase: Ai(3)-Jaymie_Ezio's Declare Attackers Step
Combat: Ai(3)-Jaymie_Ezio assigned Bird Token (406) to attack Ai(4)-Gabe_Food.
Phase: Ai(3)-Jaymie_Ezio's Declare Blockers Step
Combat: Ai(4)-Gabe_Food didn't block Bird Token (406).
Phase: Ai(3)-Jaymie_Ezio's First Strike Damage Step
Phase: Ai(3)-Jaymie_Ezio's Combat Damage Step
Damage: Bird Token (406) deals 2 combat damage to Ai(4)-Gabe_Food.
Life: Life: Ai(4)-Gabe_Food 37 > 35
Phase: Ai(3)-Jaymie_Ezio's End of Combat Step
Phase: Ai(3)-Jaymie_Ezio's Main phase, postcombat
Mana: Mountain (289) - {T}: Add {R}.
Mana: Twilight Mire (271) - {T}: Add {C}.
Mana: Command Tower (234) - {T}: Add one mana of any color in your commander's color identity.
Add To Stack: Ai(3)-Jaymie_Ezio cast Chromatic Lantern
Resolve Stack: Chromatic Lantern
Mana: Chromatic Lantern (299) - {T}: Add one mana of any color.
Mana: Kessig Wolf Run (206) - {T}: Add one mana of any color.
Add To Stack: Ai(3)-Jaymie_Ezio cast Shay Cormac
Resolve Stack: Shay Cormac - Creature 1 / 1
Phase: Ai(3)-Jaymie_Ezio's End step
Phase: Ai(3)-Jaymie_Ezio's Cleanup step
Turn: Turn 17 (Ai(4)-Gabe_Food)
Phase: Ai(4)-Gabe_Food's Untap step
Phase: Ai(4)-Gabe_Food's Upkeep step
Phase: Ai(4)-Gabe_Food's Draw step
Phase: Ai(4)-Gabe_Food's Main phase, precombat
Mana: Swamp (365) - {T}: Add {B}.
Mana: Forest (336) - {T}: Add {G}.
Add To Stack: Ai(4)-Gabe_Food cast Pippin, Warden of Isengard
Resolve Stack: Pippin, Warden of Isengard - Creature 2 / 2
Add To Stack: Ai(4)-Gabe_Food triggered Pippin, Warden of Isengard targeting [Ai(4)-Gabe_Food]
Resolve Stack: Partner with Merry, Warden of Isengard (When this creature enters, target player may put Merry into their hand from their library, then shuffle.) (Targeting: [[Ai(4)-Gabe_Food]]) [Zone Changer: Pippin, Warden of Isengard (343)]
Phase: Ai(4)-Gabe_Food's Beginning of Combat Step
Add To Stack: Ai(4)-Gabe_Food triggered Sam, Loyal Attendant
Resolve Stack: At the beginning of combat on your turn, create a Food token. (It's an artifact with "{2}, {T}, Sacrifice this token: You gain 3 life.") [Phase: Ai(4)-Gabe_Food]
Phase: Ai(4)-Gabe_Food's Declare Attackers Step
Combat: Ai(4)-Gabe_Food assigned Sam, Loyal Attendant (404) to attack Ai(3)-Jaymie_Ezio.
Phase: Ai(4)-Gabe_Food's Declare Blockers Step
Combat: Ai(3)-Jaymie_Ezio didn't block Sam, Loyal Attendant (404).
Phase: Ai(4)-Gabe_Food's First Strike Damage Step
Phase: Ai(4)-Gabe_Food's Combat Damage Step
Damage: Sam, Loyal Attendant (404) deals 2 combat damage to Ai(3)-Jaymie_Ezio.
Life: Life: Ai(3)-Jaymie_Ezio 40 > 38
Phase: Ai(4)-Gabe_Food's End of Combat Step
Phase: Ai(4)-Gabe_Food's Main phase, postcombat
Phase: Ai(4)-Gabe_Food's End step
Phase: Ai(4)-Gabe_Food's Cleanup step
Discard: Ai(4)-Gabe_Food discards Dusk // Dawn (315).
Turn: Turn 18 (Ai(1)-Destyn_Turtles)
Phase: Ai(1)-Destyn_Turtles' Untap step
Phase: Ai(1)-Destyn_Turtles' Upkeep step
Phase: Ai(1)-Destyn_Turtles' Draw step
Phase: Ai(1)-Destyn_Turtles' Main phase, precombat
Phase: Ai(1)-Destyn_Turtles' Beginning of Combat Step
Add To Stack: Ai(1)-Destyn_Turtles triggered Irma, Part-Time Mutant targeting [Mona Lisa, Science Geek (61)]
Resolve Stack: At the beginning of combat on your turn, Irma becomes a copy of up to one other target creature you control, except her name is Irma, Part-Time Mutant and she has this ability. Then put a +1/+1 counter on her. (Targeting: [[Mona Lisa, Science Geek (61)]]) [Phase: Ai(1)-Destyn_Turtles]
Phase: Ai(1)-Destyn_Turtles' Declare Attackers Step
Combat: Ai(1)-Destyn_Turtles assigned Irma, Part-Time Mutant (7) to attack Ai(4)-Gabe_Food.
Phase: Ai(1)-Destyn_Turtles' Declare Blockers Step
Combat: Ai(4)-Gabe_Food didn't block Irma, Part-Time Mutant (7).
Phase: Ai(1)-Destyn_Turtles' First Strike Damage Step
Phase: Ai(1)-Destyn_Turtles' Combat Damage Step
Damage: Irma, Part-Time Mutant (7) deals 3 combat damage to Ai(4)-Gabe_Food.
Life: Life: Ai(4)-Gabe_Food 35 > 32
Phase: Ai(1)-Destyn_Turtles' End of Combat Step
Phase: Ai(1)-Destyn_Turtles' Main phase, postcombat
Mana: Hinterland Harbor (23) - {T}: Add {G} or {U}.
Mana: Plains (87) - {T}: Add {W}.
Mana: Sunken Hollow (24) - {T}: Add {B}.
Mana: Path of Ancestry (12) - {T}: Add one mana of any color in your commander's color identity. When that mana is spent to cast a creature spell that shares a creature type with your commander, scry 1. (Look at the top card of your library. You may put that card on the bottom.)
Mana: Mona Lisa, Science Geek (61) - {T}: Add X mana of any one color, where X is Mona Lisa's power.
Add To Stack: Ai(1)-Destyn_Turtles cast Krang, the All-Powerful
Resolve Stack: Krang, the All-Powerful - Creature 3 / 3
Phase: Ai(1)-Destyn_Turtles' End step
Phase: Ai(1)-Destyn_Turtles' Cleanup step
Turn: Turn 19 (Ai(2)-GGS_Biting_Palm_diagnostic)
Phase: Ai(2)-GGS_Biting_Palm_diagnostic's Untap step
Phase: Ai(2)-GGS_Biting_Palm_diagnostic's Upkeep step
Phase: Ai(2)-GGS_Biting_Palm_diagnostic's Draw step
Phase: Ai(2)-GGS_Biting_Palm_diagnostic's Main phase, precombat
Land: Ai(2)-GGS_Biting_Palm_diagnostic played Reflecting Pool (159)
Mana: Reflecting Pool (159) - {T}: Add one mana of any type that a land you control could produce.
Mana: Takenuma, Abandoned Mire (185) - {T}: Add {B}.
Mana: Training Center (130) - {T}: Add {U} or {R}.
Add To Stack: Ai(2)-GGS_Biting_Palm_diagnostic cast Goro-Goro and Satoru
Resolve Stack: Goro-Goro and Satoru - Creature 3 / 4
Add To Stack: Ai(2)-GGS_Biting_Palm_diagnostic triggered Purphoros, God of the Forge
Damage: Purphoros, God of the Forge (163) deals 2 non-combat damage to Ai(1)-Destyn_Turtles.
Damage: Purphoros, God of the Forge (163) deals 2 non-combat damage to Ai(3)-Jaymie_Ezio.
Damage: Purphoros, God of the Forge (163) deals 2 non-combat damage to Ai(4)-Gabe_Food.
Life: Life: Ai(1)-Destyn_Turtles 40 > 38
Life: Life: Ai(3)-Jaymie_Ezio 38 > 36
Life: Life: Ai(4)-Gabe_Food 32 > 30
Resolve Stack: Whenever another creature you control enters, Purphoros, God of the Forge deals 2 damage to each opponent. [Zone Changer: Goro-Goro and Satoru (201)]
Damage: Talisman of Creativity (149) deals 1 non-combat damage to Ai(2)-GGS_Biting_Palm_diagnostic.
Life: Life: Ai(2)-GGS_Biting_Palm_diagnostic 41 > 40
Mana: Talisman of Creativity (149) - {T}: Add {U} or {R}. Talisman of Creativity deals 1 damage to you. 
Mana: Morphic Pool (131) - {T}: Add {U} or {B}.
Mana: Watery Grave (172) - {T}: Add {B}.
Add To Stack: Ai(2)-GGS_Biting_Palm_diagnostic cast Chaos Warp targeting [Irma, Part-Time Mutant (7)]
Resolve Stack: Chaos Warp (151) - Shuffle Irma, Part-Time Mutant (7) into its owner's library. Ai(2)-GGS_Biting_Palm_diagnostic reveals the top card of Ai(1)-Destyn_Turtles' library.
Phase: Ai(2)-GGS_Biting_Palm_diagnostic's Beginning of Combat Step
Phase: Ai(2)-GGS_Biting_Palm_diagnostic's Declare Attackers Step
Phase: Ai(2)-GGS_Biting_Palm_diagnostic's Declare Blockers Step
Phase: Ai(2)-GGS_Biting_Palm_diagnostic's First Strike Damage Step
Phase: Ai(2)-GGS_Biting_Palm_diagnostic's Combat Damage Step
Phase: Ai(2)-GGS_Biting_Palm_diagnostic's End of Combat Step
Phase: Ai(2)-GGS_Biting_Palm_diagnostic's Main phase, postcombat
Phase: Ai(2)-GGS_Biting_Palm_diagnostic's End step
Phase: Ai(2)-GGS_Biting_Palm_diagnostic's Cleanup step
Turn: Turn 20 (Ai(3)-Jaymie_Ezio)
Phase: Ai(3)-Jaymie_Ezio's Untap step
Phase: Ai(3)-Jaymie_Ezio's Upkeep step
Phase: Ai(3)-Jaymie_Ezio's Draw step
Phase: Ai(3)-Jaymie_Ezio's Main phase, precombat
Replacement Effect: Cinder Glade enters tapped unless you control two or more basic lands.
Land: Ai(3)-Jaymie_Ezio played Cinder Glade (220)
Phase: Ai(3)-Jaymie_Ezio's Beginning of Combat Step
Phase: Ai(3)-Jaymie_Ezio's Declare Attackers Step
Combat: Ai(3)-Jaymie_Ezio assigned Bird Token (406) to attack Ai(4)-Gabe_Food.
Phase: Ai(3)-Jaymie_Ezio's Declare Blockers Step
Combat: Ai(4)-Gabe_Food didn't block Bird Token (406).
Phase: Ai(3)-Jaymie_Ezio's First Strike Damage Step
Phase: Ai(3)-Jaymie_Ezio's Combat Damage Step
Damage: Bird Token (406) deals 2 combat damage to Ai(4)-Gabe_Food.
Life: Life: Ai(4)-Gabe_Food 30 > 28
Phase: Ai(3)-Jaymie_Ezio's End of Combat Step
Phase: Ai(3)-Jaymie_Ezio's Main phase, postcombat
Mana: Chromatic Lantern (299) - {T}: Add one mana of any color.
Mana: Mountain (289) - {T}: Add one mana of any color.
Add To Stack: Ai(3)-Jaymie_Ezio cast Vraska Joins Up
Resolve Stack: Vraska Joins Up
Add To Stack: Ai(3)-Jaymie_Ezio triggered Vraska Joins Up
Resolve Stack: When Vraska Joins Up enters, put a deathtouch counter on each creature you control. [Zone Changer: Vraska Joins Up (213)]
Phase: Ai(3)-Jaymie_Ezio's End step
Phase: Ai(3)-Jaymie_Ezio's Cleanup step
Turn: Turn 21 (Ai(4)-Gabe_Food)
Phase: Ai(4)-Gabe_Food's Untap step
Phase: Ai(4)-Gabe_Food's Upkeep step
Phase: Ai(4)-Gabe_Food's Draw step
Phase: Ai(4)-Gabe_Food's Main phase, precombat
Phase: Ai(4)-Gabe_Food's Beginning of Combat Step
Add To Stack: Ai(4)-Gabe_Food triggered Sam, Loyal Attendant
Resolve Stack: At the beginning of combat on your turn, create a Food token. (It's an artifact with "{2}, {T}, Sacrifice this token: You gain 3 life.") [Phase: Ai(4)-Gabe_Food]
Phase: Ai(4)-Gabe_Food's Declare Attackers Step
Phase: Ai(4)-Gabe_Food's Declare Blockers Step
Phase: Ai(4)-Gabe_Food's First Strike Damage Step
Phase: Ai(4)-Gabe_Food's Combat Damage Step
Phase: Ai(4)-Gabe_Food's End of Combat Step
Phase: Ai(4)-Gabe_Food's Main phase, postcombat
Mana: Plains (392) - {T}: Add {W}.
Mana: Swamp (365) - {T}: Add {B}.
Mana: Forest (336) - {T}: Add {G}.
Add To Stack: Ai(4)-Gabe_Food cast The Gaffer
Resolve Stack: The Gaffer - Creature 2 / 3
Phase: Ai(4)-Gabe_Food's End step
Phase: Ai(4)-Gabe_Food's Cleanup step
Turn: Turn 22 (Ai(1)-Destyn_Turtles)
Phase: Ai(1)-Destyn_Turtles' Untap step
Phase: Ai(1)-Destyn_Turtles' Upkeep step
Phase: Ai(1)-Destyn_Turtles' Draw step
Phase: Ai(1)-Destyn_Turtles' Main phase, precombat
Land: Ai(1)-Destyn_Turtles played Exotic Orchard (41)
Mana: Plains (87) - {T}: Add {W}.
Mana: Exotic Orchard (41) - {T}: Add one mana of any color that a land an opponent controls could produce.
Mana: Hinterland Harbor (23) - {T}: Add {G} or {U}.
Mana: Sunken Hollow (24) - {T}: Add {B}.
Add To Stack: Ai(1)-Destyn_Turtles cast Leonardo, the Balance
Resolve Stack: Leonardo, the Balance - Creature 3 / 3
Add To Stack: Ai(1)-Destyn_Turtles triggered Lita, Little Orphan Amphibian
Resolve Stack: Alliance — Whenever another creature you control enters, put a +1/+1 counter on Lita. [Zone Changer: Leonardo, the Balance (101)]
Mana: Path of Ancestry (12) - {T}: Add one mana of any color in your commander's color identity. When that mana is spent to cast a creature spell that shares a creature type with your commander, scry 1. (Look at the top card of your library. You may put that card on the bottom.)
Mana: Mona Lisa, Science Geek (61) - {T}: Add X mana of any one color, where X is Mona Lisa's power.
Add To Stack: Ai(1)-Destyn_Turtles cast Michelangelo, the Heart
Add To Stack: Ai(1)-Destyn_Turtles triggered Path of Ancestry
Resolve Stack: Ai(1)-Destyn_Turtles scried 1 card(s) to the top of the library
Resolve Stack: When mana produced by Path of Ancestry is spent to cast a creature spell that shares a creature type with your commander, scry 1. ([Michelangelo, the Heart - Creature 2 / 1]) [Card: Michelangelo, the Heart (99), Activator: Ai(1)-Destyn_Turtles, SpellAbility: Michelangelo, the Heart - Creature 2 / 1]
Resolve Stack: Michelangelo, the Heart - Creature 2 / 1
Add To Stack: Ai(1)-Destyn_Turtles triggered Lita, Little Orphan Amphibian
Resolve Stack: Alliance — Whenever another creature you control enters, create a Food token. [Zone Changer: Michelangelo, the Heart (99)]
Add To Stack: Ai(1)-Destyn_Turtles triggered Leonardo, the Balance
Resolve Stack: Whenever a token you control enters, you may put a +1/+1 counter on each creature you control. Do this only once each turn. [Zone Changer: Food Token (435)]
Phase: Ai(1)-Destyn_Turtles' Beginning of Combat Step
Phase: Ai(1)-Destyn_Turtles' Declare Attackers Step
Combat: Ai(1)-Destyn_Turtles assigned Krang, the All-Powerful (22) and Lita, Little Orphan Amphibian (46) to attack Ai(4)-Gabe_Food.
Mana: Rogue's Passage (331) - {T}: Add {C}.
Add To Stack: Ai(4)-Gabe_Food activated Pippin, Warden of Isengard
Resolve Stack: Pippin, Warden of Isengard (343) - Ai(4)-Gabe_Food creates a Food Token.
Phase: Ai(1)-Destyn_Turtles' Declare Blockers Step
Combat: Ai(4)-Gabe_Food didn't block Krang, the All-Powerful (22).
Ai(4)-Gabe_Food didn't block Lita, Little Orphan Amphibian (46).
Phase: Ai(1)-Destyn_Turtles' First Strike Damage Step
Phase: Ai(1)-Destyn_Turtles' Combat Damage Step
Damage: Krang, the All-Powerful (22) deals 4 combat damage to Ai(4)-Gabe_Food.
Damage: Lita, Little Orphan Amphibian (46) deals 4 combat damage to Ai(4)-Gabe_Food.
Life: Life: Ai(4)-Gabe_Food 28 > 20
Phase: Ai(1)-Destyn_Turtles' End of Combat Step
Phase: Ai(1)-Destyn_Turtles' Main phase, postcombat
Add To Stack: Ai(1)-Destyn_Turtles triggered Michelangelo, the Heart targeting [Leonardo, the Balance (101)]
Resolve Stack: Raid (the Fridge) — At the beginning of your second main phase, if you attacked this turn, put a +1/+1 counter on target creature and create a Food token. (Targeting: [[Leonardo, the Balance (101)]]) [Phase: Ai(1)-Destyn_Turtles]
Phase: Ai(1)-Destyn_Turtles' End step
Phase: Ai(1)-Destyn_Turtles' Cleanup step
Turn: Turn 23 (Ai(2)-GGS_Biting_Palm_diagnostic)
Phase: Ai(2)-GGS_Biting_Palm_diagnostic's Untap step
Phase: Ai(2)-GGS_Biting_Palm_diagnostic's Upkeep step
Phase: Ai(2)-GGS_Biting_Palm_diagnostic's Draw step
Phase: Ai(2)-GGS_Biting_Palm_diagnostic's Main phase, precombat
Mana: Reflecting Pool (159) - {T}: Add one mana of any type that a land you control could produce.
Add To Stack: Ai(2)-GGS_Biting_Palm_diagnostic cast Phoenix Chick
Resolve Stack: Phoenix Chick - Creature 1 / 1
Add To Stack: Ai(2)-GGS_Biting_Palm_diagnostic triggered Purphoros, God of the Forge
Damage: Purphoros, God of the Forge (163) deals 2 non-combat damage to Ai(1)-Destyn_Turtles.
Damage: Purphoros, God of the Forge (163) deals 2 non-combat damage to Ai(3)-Jaymie_Ezio.
Damage: Purphoros, God of the Forge (163) deals 2 non-combat damage to Ai(4)-Gabe_Food.
Life: Life: Ai(1)-Destyn_Turtles 38 > 36
Life: Life: Ai(3)-Jaymie_Ezio 36 > 34
Life: Life: Ai(4)-Gabe_Food 20 > 18
Resolve Stack: Whenever another creature you control enters, Purphoros, God of the Forge deals 2 damage to each opponent. [Zone Changer: Phoenix Chick (170)]
Phase: Ai(2)-GGS_Biting_Palm_diagnostic's Beginning of Combat Step
Phase: Ai(2)-GGS_Biting_Palm_diagnostic's Declare Attackers Step
Combat: Ai(2)-GGS_Biting_Palm_diagnostic assigned Phoenix Chick (170) to attack Ai(1)-Destyn_Turtles.
Phase: Ai(2)-GGS_Biting_Palm_diagnostic's Declare Blockers Step
Combat: Ai(1)-Destyn_Turtles didn't block Phoenix Chick (170).
Phase: Ai(2)-GGS_Biting_Palm_diagnostic's First Strike Damage Step
Phase: Ai(2)-GGS_Biting_Palm_diagnostic's Combat Damage Step
Damage: Phoenix Chick (170) deals 1 combat damage to Ai(1)-Destyn_Turtles.
Life: Life: Ai(1)-Destyn_Turtles 36 > 35
Add To Stack: Ai(2)-GGS_Biting_Palm_diagnostic triggered Goro-Goro and Satoru
Resolve Stack: Whenever one or more creatures you control that entered this turn deal combat damage to a player, create a 5/5 red Dragon Spirit creature token with flying. [Damaged: Ai(1)-Destyn_Turtles, Amount: 1]
Add To Stack: Ai(2)-GGS_Biting_Palm_diagnostic triggered Purphoros, God of the Forge
Damage: Purphoros, God of the Forge (163) deals 2 non-combat damage to Ai(1)-Destyn_Turtles.
Damage: Purphoros, God of the Forge (163) deals 2 non-combat damage to Ai(3)-Jaymie_Ezio.
Damage: Purphoros, God of the Forge (163) deals 2 non-combat damage to Ai(4)-Gabe_Food.
Life: Life: Ai(1)-Destyn_Turtles 35 > 33
Life: Life: Ai(3)-Jaymie_Ezio 34 > 32
Life: Life: Ai(4)-Gabe_Food 18 > 16
Resolve Stack: Whenever another creature you control enters, Purphoros, God of the Forge deals 2 damage to each opponent. [Zone Changer: Dragon Spirit Token (447)]
Phase: Ai(2)-GGS_Biting_Palm_diagnostic's End of Combat Step
Phase: Ai(2)-GGS_Biting_Palm_diagnostic's Main phase, postcombat
Phase: Ai(2)-GGS_Biting_Palm_diagnostic's End step
Phase: Ai(2)-GGS_Biting_Palm_diagnostic's Cleanup step
Turn: Turn 24 (Ai(3)-Jaymie_Ezio)
Phase: Ai(3)-Jaymie_Ezio's Untap step
Phase: Ai(3)-Jaymie_Ezio's Upkeep step
Phase: Ai(3)-Jaymie_Ezio's Draw step
Phase: Ai(3)-Jaymie_Ezio's Main phase, precombat
Replacement Effect: Smoldering Marsh enters tapped unless you control two or more basic lands.
Land: Ai(3)-Jaymie_Ezio played Smoldering Marsh (273)
Phase: Ai(3)-Jaymie_Ezio's Beginning of Combat Step
Phase: Ai(3)-Jaymie_Ezio's Declare Attackers Step
Combat: Ai(3)-Jaymie_Ezio assigned Bird Token (406) to attack Ai(1)-Destyn_Turtles.
Phase: Ai(3)-Jaymie_Ezio's Declare Blockers Step
Combat: Ai(1)-Destyn_Turtles didn't block Bird Token (406).
Phase: Ai(3)-Jaymie_Ezio's First Strike Damage Step
Phase: Ai(3)-Jaymie_Ezio's Combat Damage Step
Damage: Bird Token (406) deals 2 combat damage to Ai(1)-Destyn_Turtles.
Life: Life: Ai(1)-Destyn_Turtles 33 > 31
Phase: Ai(3)-Jaymie_Ezio's End of Combat Step
Phase: Ai(3)-Jaymie_Ezio's Main phase, postcombat
Mana: Chromatic Lantern (299) - {T}: Add one mana of any color.
Mana: Mountain (289) - {T}: Add {R}.
Add To Stack: Ai(3)-Jaymie_Ezio cast Haystack
Resolve Stack: Haystack
Phase: Ai(3)-Jaymie_Ezio's End step
Phase: Ai(3)-Jaymie_Ezio's Cleanup step
Turn: Turn 25 (Ai(4)-Gabe_Food)
Phase: Ai(4)-Gabe_Food's Untap step
Phase: Ai(4)-Gabe_Food's Upkeep step
Phase: Ai(4)-Gabe_Food's Draw step
Phase: Ai(4)-Gabe_Food's Main phase, precombat
Replacement Effect: As Fortified Village enters, you may reveal a Forest or Plains card from your hand. If you don't, Fortified Village enters tapped.
Land: Ai(4)-Gabe_Food played Fortified Village (352)
Phase: Ai(4)-Gabe_Food's Beginning of Combat Step
Add To Stack: Ai(4)-Gabe_Food triggered Sam, Loyal Attendant
Resolve Stack: At the beginning of combat on your turn, create a Food token. (It's an artifact with "{2}, {T}, Sacrifice this token: You gain 3 life.") [Phase: Ai(4)-Gabe_Food]
Phase: Ai(4)-Gabe_Food's Declare Attackers Step
Phase: Ai(4)-Gabe_Food's Declare Blockers Step
Phase: Ai(4)-Gabe_Food's First Strike Damage Step
Phase: Ai(4)-Gabe_Food's Combat Damage Step
Phase: Ai(4)-Gabe_Food's End of Combat Step
Phase: Ai(4)-Gabe_Food's Main phase, postcombat
Mana: Plains (392) - {T}: Add {W}.
Mana: Forest (336) - {T}: Add {G}.
Mana: Swamp (365) - {T}: Add {B}.
Add To Stack: Ai(4)-Gabe_Food cast Merry, Warden of Isengard
Resolve Stack: Merry, Warden of Isengard - Creature 1 / 4
Add To Stack: Ai(4)-Gabe_Food triggered Merry, Warden of Isengard targeting [Ai(4)-Gabe_Food]
Resolve Stack: Partner with Pippin, Warden of Isengard (When this creature enters, target player may put Pippin into their hand from their library, then shuffle.) (Targeting: [[Ai(4)-Gabe_Food]]) [Zone Changer: Merry, Warden of Isengard (309)]
Phase: Ai(4)-Gabe_Food's End step
Phase: Ai(4)-Gabe_Food's Cleanup step
Turn: Turn 26 (Ai(1)-Destyn_Turtles)
Phase: Ai(1)-Destyn_Turtles' Untap step
Phase: Ai(1)-Destyn_Turtles' Upkeep step
Phase: Ai(1)-Destyn_Turtles' Draw step
Phase: Ai(1)-Destyn_Turtles' Main phase, precombat
Mana: Exotic Orchard (41) - {T}: Add one mana of any color that a land an opponent controls could produce.
Mana: Plains (87) - {T}: Add {W}.
Mana: Hinterland Harbor (23) - {T}: Add {G} or {U}.
Mana: Sunken Hollow (24) - {T}: Add {B}.
Add To Stack: Ai(1)-Destyn_Turtles cast Dimension X Pizzasaur
Resolve Stack: Dimension X Pizzasaur - Creature 2 / 1
Add To Stack: Ai(1)-Destyn_Turtles triggered Lita, Little Orphan Amphibian
Add To Stack: Ai(1)-Destyn_Turtles triggered Dimension X Pizzasaur targeting [Leonardo, the Balance (101)]
Resolve Stack: When this creature enters, put two +1/+1 counters on target creature. When you do, destroy up to one target creature with mana value less than or equal to the number of counters among permanents you control. (Targeting: [[Leonardo, the Balance (101)]]) [Zone Changer: Dimension X Pizzasaur (39)]
Add To Stack: Ai(1)-Destyn_Turtles triggered Dimension X Pizzasaur targeting [Dragon Spirit Token (447)]
Zone Change: Dragon Spirit Token (447) was put into Graveyard from Battlefield.
Resolve Stack: When you do, destroy up to one target creature with mana value less than or equal to the number of counters among permanents you control. (Targeting: [[Dragon Spirit Token (447)]])
Resolve Stack: Alliance — Whenever another creature you control enters, create a Food token. [Zone Changer: Dimension X Pizzasaur (39)]
Add To Stack: Ai(1)-Destyn_Turtles triggered Leonardo, the Balance
Resolve Stack: Whenever a token you control enters, you may put a +1/+1 counter on each creature you control. Do this only once each turn. [Zone Changer: Food Token (468)]
Mana: Path of Ancestry (12) - {T}: Add one mana of any color in your commander's color identity. When that mana is spent to cast a creature spell that shares a creature type with your commander, scry 1. (Look at the top card of your library. You may put that card on the bottom.)
Mana: Mona Lisa, Science Geek (61) - {T}: Add X mana of any one color, where X is Mona Lisa's power.
Add To Stack: Ai(1)-Destyn_Turtles cast April O'Neil, Live on the Scene
Resolve Stack: April O'Neil, Live on the Scene - Creature 2 / 1
Add To Stack: Ai(1)-Destyn_Turtles triggered Lita, Little Orphan Amphibian
Resolve Stack: Ai(1)-Destyn_Turtles scried 1 card(s) to the top of the library
Resolve Stack: Alliance — Whenever another creature you control enters, scry 1. [Zone Changer: April O'Neil, Live on the Scene (91)]
Phase: Ai(1)-Destyn_Turtles' Beginning of Combat Step
Phase: Ai(1)-Destyn_Turtles' Declare Attackers Step
Combat: Ai(1)-Destyn_Turtles assigned Leonardo, the Balance (101), Krang, the All-Powerful (22), Lita, Little Orphan Amphibian (46) and Michelangelo, the Heart (99) to attack Ai(4)-Gabe_Food.
Mana: Rogue's Passage (331) - {T}: Add {C}.
Zone Change: Food Token (409) was put into Graveyard from Battlefield.
Add To Stack: Ai(4)-Gabe_Food activated Food Token
Life: Life: Ai(4)-Gabe_Food 16 > 19
Resolve Stack: Food Token (409) - Ai(4)-Gabe_Food gains 3 life.
Phase: Ai(1)-Destyn_Turtles' Declare Blockers Step
Combat: Ai(4)-Gabe_Food didn't block Leonardo, the Balance (101).
Ai(4)-Gabe_Food assigned The Gaffer (308), Frodo, Adventurous Hobbit (402) and Sam, Loyal Attendant (404) to block Krang, the All-Powerful (22).
Ai(4)-Gabe_Food didn't block Lita, Little Orphan Amphibian (46).
Ai(4)-Gabe_Food assigned Merry, Warden of Isengard (309) and Pippin, Warden of Isengard (343) to block Michelangelo, the Heart (99).
Phase: Ai(1)-Destyn_Turtles' First Strike Damage Step
Phase: Ai(1)-Destyn_Turtles' Combat Damage Step
Damage: Leonardo, the Balance (101) deals 8 combat damage to Ai(4)-Gabe_Food.
Damage: Krang, the All-Powerful (22) deals 4 damage to Sam, Loyal Attendant (404).
Damage: Krang, the All-Powerful (22) deals 1 damage to The Gaffer (308).
Damage: Lita, Little Orphan Amphibian (46) deals 5 combat damage to Ai(4)-Gabe_Food.
Damage: Michelangelo, the Heart (99) deals 2 damage to Merry, Warden of Isengard (309).
Damage: Michelangelo, the Heart (99) deals 2 damage to Pippin, Warden of Isengard (343).
Damage: The Gaffer (308) deals 2 damage to Krang, the All-Powerful (22).
Damage: Frodo, Adventurous Hobbit (402) deals 1 damage to Krang, the All-Powerful (22).
Damage: Sam, Loyal Attendant (404) deals 2 damage to Krang, the All-Powerful (22).
Damage: Merry, Warden of Isengard (309) deals 1 damage to Michelangelo, the Heart (99).
Damage: Pippin, Warden of Isengard (343) deals 2 damage to Michelangelo, the Heart (99).
Life: Life: Ai(4)-Gabe_Food 19 > 6
Zone Change: Krang, the All-Powerful (22) was put into Graveyard from Battlefield.
Zone Change: Michelangelo, the Heart (99) was put into Graveyard from Battlefield.
Zone Change: Sam, Loyal Attendant (404) was put into Graveyard from Battlefield.
Zone Change: Pippin, Warden of Isengard (343) was put into Graveyard from Battlefield.
Phase: Ai(1)-Destyn_Turtles' End of Combat Step
Phase: Ai(1)-Destyn_Turtles' Main phase, postcombat
Phase: Ai(1)-Destyn_Turtles' End step
Add To Stack: Ai(4)-Gabe_Food triggered The Gaffer
Resolve Stack: At the beginning of each end step, if you gained 3 or more life this turn, draw a card. [Phase: Ai(1)-Destyn_Turtles]
Phase: Ai(1)-Destyn_Turtles' Cleanup step
Turn: Turn 27 (Ai(2)-GGS_Biting_Palm_diagnostic)
Phase: Ai(2)-GGS_Biting_Palm_diagnostic's Untap step
Phase: Ai(2)-GGS_Biting_Palm_diagnostic's Upkeep step
Phase: Ai(2)-GGS_Biting_Palm_diagnostic's Draw step
Phase: Ai(2)-GGS_Biting_Palm_diagnostic's Main phase, precombat
Land: Ai(2)-GGS_Biting_Palm_diagnostic played Marsh Flats (181)
Life: Life: Ai(2)-GGS_Biting_Palm_diagnostic 40 > 39
Zone Change: Marsh Flats (181) was put into Graveyard from Battlefield.
Add To Stack: Ai(2)-GGS_Biting_Palm_diagnostic activated Marsh Flats
Replacement Effect: Xander's Lounge enters tapped.
Resolve Stack: Marsh Flats (181) - Ai(2)-GGS_Biting_Palm_diagnostic searches their library for a Plains or Swamp card, puts it onto the battlefield, then shuffles.
Phase: Ai(2)-GGS_Biting_Palm_diagnostic's Beginning of Combat Step
Phase: Ai(2)-GGS_Biting_Palm_diagnostic's Declare Attackers Step
Combat: Ai(2)-GGS_Biting_Palm_diagnostic assigned Phoenix Chick (170) and Goro-Goro and Satoru (201) to attack Ai(1)-Destyn_Turtles.
Phase: Ai(2)-GGS_Biting_Palm_diagnostic's Declare Blockers Step
Combat: Ai(1)-Destyn_Turtles didn't block Phoenix Chick (170).
Ai(1)-Destyn_Turtles didn't block Goro-Goro and Satoru (201).
Phase: Ai(2)-GGS_Biting_Palm_diagnostic's First Strike Damage Step
Phase: Ai(2)-GGS_Biting_Palm_diagnostic's Combat Damage Step
Damage: Phoenix Chick (170) deals 1 combat damage to Ai(1)-Destyn_Turtles.
Damage: Goro-Goro and Satoru (201) deals 3 combat damage to Ai(1)-Destyn_Turtles.
Life: Life: Ai(1)-Destyn_Turtles 31 > 27
Phase: Ai(2)-GGS_Biting_Palm_diagnostic's End of Combat Step
Phase: Ai(2)-GGS_Biting_Palm_diagnostic's Main phase, postcombat
Phase: Ai(2)-GGS_Biting_Palm_diagnostic's End step
Phase: Ai(2)-GGS_Biting_Palm_diagnostic's Cleanup step
Turn: Turn 28 (Ai(3)-Jaymie_Ezio)
Phase: Ai(3)-Jaymie_Ezio's Untap step
Phase: Ai(3)-Jaymie_Ezio's Upkeep step
Phase: Ai(3)-Jaymie_Ezio's Draw step
Phase: Ai(3)-Jaymie_Ezio's Main phase, precombat
Mana: Chromatic Lantern (299) - {T}: Add one mana of any color.
Add To Stack: Ai(3)-Jaymie_Ezio cast Vorpal Sword
Resolve Stack: Vorpal Sword
Phase: Ai(3)-Jaymie_Ezio's Beginning of Combat Step
Phase: Ai(3)-Jaymie_Ezio's Declare Attackers Step
Combat: Ai(3)-Jaymie_Ezio assigned Bird Token (406) to attack Ai(1)-Destyn_Turtles.
Phase: Ai(3)-Jaymie_Ezio's Declare Blockers Step
Combat: Ai(1)-Destyn_Turtles didn't block Bird Token (406).
Phase: Ai(3)-Jaymie_Ezio's First Strike Damage Step
Phase: Ai(3)-Jaymie_Ezio's Combat Damage Step
Damage: Bird Token (406) deals 2 combat damage to Ai(1)-Destyn_Turtles.
Life: Life: Ai(1)-Destyn_Turtles 27 > 25
Phase: Ai(3)-Jaymie_Ezio's End of Combat Step
Phase: Ai(3)-Jaymie_Ezio's Main phase, postcombat
Replacement Effect: Thriving Grove enters tapped.
Replacement Effect: As Thriving Grove enters, choose a color other than green.
Land: Ai(3)-Jaymie_Ezio played Thriving Grove (229)
Phase: Ai(3)-Jaymie_Ezio's End step
Phase: Ai(3)-Jaymie_Ezio's Cleanup step
Turn: Turn 29 (Ai(4)-Gabe_Food)
Phase: Ai(4)-Gabe_Food's Untap step
Phase: Ai(4)-Gabe_Food's Upkeep step
Phase: Ai(4)-Gabe_Food's Draw step
Phase: Ai(4)-Gabe_Food's Main phase, precombat
Mana: Plains (392) - {T}: Add {W}.
Mana: Forest (336) - {T}: Add {G}.
Mana: Swamp (365) - {T}: Add {B}.
Mana: Fortified Village (352) - {T}: Add {G} or {W}.
Mana: Rogue's Passage (331) - {T}: Add {C}.
Add To Stack: Ai(4)-Gabe_Food cast Sam, Loyal Attendant
Resolve Stack: Sam, Loyal Attendant - Creature 2 / 4
Add To Stack: Ai(4)-Gabe_Food triggered Sam, Loyal Attendant targeting [Ai(4)-Gabe_Food]
Resolve Stack: Partner with Frodo, Adventurous Hobbit (When this creature enters, target player may put Frodo into their hand from their library, then shuffle.) (Targeting: [[Ai(4)-Gabe_Food]]) [Zone Changer: Sam, Loyal Attendant (404)]
Phase: Ai(4)-Gabe_Food's Beginning of Combat Step
Add To Stack: Ai(4)-Gabe_Food triggered Sam, Loyal Attendant
Resolve Stack: At the beginning of combat on your turn, create a Food token. (It's an artifact with "{2}, {T}, Sacrifice this token: You gain 3 life.") [Phase: Ai(4)-Gabe_Food]
Add To Stack: Ai(4)-Gabe_Food triggered Merry, Warden of Isengard
Resolve Stack: Whenever one or more artifacts you control enter, create a 1/1 white Soldier creature token with lifelink. This ability triggers only once each turn. [Amount: 1]
Phase: Ai(4)-Gabe_Food's Declare Attackers Step
Phase: Ai(4)-Gabe_Food's Declare Blockers Step
Phase: Ai(4)-Gabe_Food's First Strike Damage Step
Phase: Ai(4)-Gabe_Food's Combat Damage Step
Phase: Ai(4)-Gabe_Food's End of Combat Step
Phase: Ai(4)-Gabe_Food's Main phase, postcombat
Phase: Ai(4)-Gabe_Food's End step
Phase: Ai(4)-Gabe_Food's Cleanup step
Discard: Ai(4)-Gabe_Food discards Great Oak Guardian (324).
Turn: Turn 30 (Ai(1)-Destyn_Turtles)
Phase: Ai(1)-Destyn_Turtles' Untap step
Phase: Ai(1)-Destyn_Turtles' Upkeep step
Phase: Ai(1)-Destyn_Turtles' Draw step
Phase: Ai(1)-Destyn_Turtles' Main phase, precombat
Replacement Effect: This land enters tapped.
Replacement Effect: As this land enters, choose a color.
Land: Ai(1)-Destyn_Turtles played Big Apple, 3 a.m. (71)
Mana: Exotic Orchard (41) - {T}: Add one mana of any color that a land an opponent controls could produce.
Mana: Plains (87) - {T}: Add {W}.
Mana: Hinterland Harbor (23) - {T}: Add {G} or {U}.
Mana: Sunken Hollow (24) - {T}: Add {B}.
Mana: Path of Ancestry (12) - {T}: Add one mana of any color in your commander's color identity. When that mana is spent to cast a creature spell that shares a creature type with your commander, scry 1. (Look at the top card of your library. You may put that card on the bottom.)
Mana: Mona Lisa, Science Geek (61) - {T}: Add X mana of any one color, where X is Mona Lisa's power.
Add To Stack: Ai(1)-Destyn_Turtles cast Super Combo targeting [Leonardo, the Balance (101)] [Ezio Auditore da Firenze (302)]
Add To Stack: Ai(1)-Destyn_Turtles triggered Super Combo
Resolve Stack: Copy Super Combo for each time you paid its replicate cost. [Card: Super Combo (44), Activator: Ai(1)-Destyn_Turtles, SpellAbility: Target creature you control deals damage equal to its power to target creature an opponent controls. ]
Add To Stack: Ai(1)-Destyn_Turtles cast Super Combo targeting [Leonardo, the Balance (101)] [Goro-Goro and Satoru (201)]
Add To Stack: Ai(1)-Destyn_Turtles cast Super Combo targeting [Leonardo, the Balance (101)] [Goro-Goro and Satoru (201)]
Add To Stack: Ai(1)-Destyn_Turtles cast Super Combo targeting [Leonardo, the Balance (101)] [Goro-Goro and Satoru (201)]
Damage: Leonardo, the Balance (101) deals 8 damage to Goro-Goro and Satoru (201).
Resolve Stack: Super Combo (484) -  Leonardo, the Balance (101) deals 8 damage to Goro-Goro and Satoru (201).
Zone Change: Goro-Goro and Satoru (201) was put into Graveyard from Battlefield.
Resolve Stack: Super Combo (485) -  
Resolve Stack: Super Combo (486) -  
Damage: Leonardo, the Balance (101) deals 8 damage to Ezio Auditore da Firenze (302).
Resolve Stack: Super Combo (44) -  Leonardo, the Balance (101) deals 8 damage to Ezio Auditore da Firenze (302).
Zone Change: Ezio Auditore da Firenze (302) was put into Graveyard from Battlefield.
Phase: Ai(1)-Destyn_Turtles' Beginning of Combat Step
Phase: Ai(1)-Destyn_Turtles' Declare Attackers Step
Combat: Ai(1)-Destyn_Turtles assigned Leonardo, the Balance (101) and Lita, Little Orphan Amphibian (46) to attack Ai(4)-Gabe_Food.
Phase: Ai(1)-Destyn_Turtles' Declare Blockers Step
Combat: Ai(4)-Gabe_Food assigned Soldier Token (483) to block Leonardo, the Balance (101).
Ai(4)-Gabe_Food assigned The Gaffer (308) and Sam, Loyal Attendant (404) to block Lita, Little Orphan Amphibian (46).
Phase: Ai(1)-Destyn_Turtles' First Strike Damage Step
Phase: Ai(1)-Destyn_Turtles' Combat Damage Step
Damage: Leonardo, the Balance (101) deals 8 damage to Soldier Token (483).
Damage: Lita, Little Orphan Amphibian (46) deals 4 damage to Sam, Loyal Attendant (404).
Damage: Lita, Little Orphan Amphibian (46) deals 1 damage to The Gaffer (308).
Damage: The Gaffer (308) deals 2 damage to Lita, Little Orphan Amphibian (46).
Damage: Sam, Loyal Attendant (404) deals 2 damage to Lita, Little Orphan Amphibian (46).
Damage: Soldier Token (483) deals 1 damage to Leonardo, the Balance (101).
Life: Life: Ai(4)-Gabe_Food 6 > 7
Zone Change: Lita, Little Orphan Amphibian (46) was put into Graveyard from Battlefield.
Zone Change: Sam, Loyal Attendant (404) was put into Graveyard from Battlefield.
Zone Change: Soldier Token (483) was put into Graveyard from Battlefield.
Phase: Ai(1)-Destyn_Turtles' End of Combat Step
Phase: Ai(1)-Destyn_Turtles' Main phase, postcombat
Phase: Ai(1)-Destyn_Turtles' End step
Phase: Ai(1)-Destyn_Turtles' Cleanup step
Turn: Turn 31 (Ai(2)-GGS_Biting_Palm_diagnostic)
Phase: Ai(2)-GGS_Biting_Palm_diagnostic's Untap step
Phase: Ai(2)-GGS_Biting_Palm_diagnostic's Upkeep step
Phase: Ai(2)-GGS_Biting_Palm_diagnostic's Draw step
Phase: Ai(2)-GGS_Biting_Palm_diagnostic's Main phase, precombat
Mana: Reflecting Pool (159) - {T}: Add one mana of any type that a land you control could produce.
Mana: Training Center (130) - {T}: Add {U} or {R}.
Mana: Takenuma, Abandoned Mire (185) - {T}: Add {B}.
Mana: Morphic Pool (131) - {T}: Add {U} or {B}.
Mana: Watery Grave (172) - {T}: Add {B}.
Mana: Xander's Lounge (187) - {T}: Add {R}.
Mana: Talisman of Creativity (149) - {T}: Add {C}.
Add To Stack: Ai(2)-GGS_Biting_Palm_diagnostic cast Balefire Dragon
Resolve Stack: Balefire Dragon - Creature 6 / 6
Add To Stack: Ai(2)-GGS_Biting_Palm_diagnostic triggered Purphoros, God of the Forge
Damage: Purphoros, God of the Forge (163) deals 2 non-combat damage to Ai(1)-Destyn_Turtles.
Damage: Purphoros, God of the Forge (163) deals 2 non-combat damage to Ai(3)-Jaymie_Ezio.
Damage: Purphoros, God of the Forge (163) deals 2 non-combat damage to Ai(4)-Gabe_Food.
Life: Life: Ai(1)-Destyn_Turtles 25 > 23
Life: Life: Ai(3)-Jaymie_Ezio 32 > 30
Life: Life: Ai(4)-Gabe_Food 7 > 5
Resolve Stack: Whenever another creature you control enters, Purphoros, God of the Forge deals 2 damage to each opponent. [Zone Changer: Balefire Dragon (168)]
Phase: Ai(2)-GGS_Biting_Palm_diagnostic's Beginning of Combat Step
Phase: Ai(2)-GGS_Biting_Palm_diagnostic's Declare Attackers Step
Combat: Ai(2)-GGS_Biting_Palm_diagnostic assigned Phoenix Chick (170) to attack Ai(1)-Destyn_Turtles.
Phase: Ai(2)-GGS_Biting_Palm_diagnostic's Declare Blockers Step
Combat: Ai(1)-Destyn_Turtles didn't block Phoenix Chick (170).
Phase: Ai(2)-GGS_Biting_Palm_diagnostic's First Strike Damage Step
Phase: Ai(2)-GGS_Biting_Palm_diagnostic's Combat Damage Step
Damage: Phoenix Chick (170) deals 1 combat damage to Ai(1)-Destyn_Turtles.
Life: Life: Ai(1)-Destyn_Turtles 23 > 22
Phase: Ai(2)-GGS_Biting_Palm_diagnostic's End of Combat Step
Phase: Ai(2)-GGS_Biting_Palm_diagnostic's Main phase, postcombat
Phase: Ai(2)-GGS_Biting_Palm_diagnostic's End step
Phase: Ai(2)-GGS_Biting_Palm_diagnostic's Cleanup step
Turn: Turn 32 (Ai(3)-Jaymie_Ezio)
Phase: Ai(3)-Jaymie_Ezio's Untap step
Phase: Ai(3)-Jaymie_Ezio's Upkeep step
Phase: Ai(3)-Jaymie_Ezio's Draw step
Phase: Ai(3)-Jaymie_Ezio's Main phase, precombat
Mana: Chromatic Lantern (299) - {T}: Add one mana of any color.
Mana: Mountain (289) - {T}: Add {R}.
Mana: Thriving Grove (229) - {T}: Add {G} or one mana of the chosen color.
Add To Stack: Ai(3)-Jaymie_Ezio cast 
Resolve Stack: Disguise - Creature 2/2
Mana: Cinder Glade (220) - {T}: Add one mana of any color.
Mana: Smoldering Marsh (273) - {T}: Add {R}.
Resolve Stack: Ai(3)-Jaymie_Ezio has undisguised Arno Dorian
Phase: Ai(3)-Jaymie_Ezio's Beginning of Combat Step
Phase: Ai(3)-Jaymie_Ezio's Declare Attackers Step
Phase: Ai(3)-Jaymie_Ezio's Declare Blockers Step
Phase: Ai(3)-Jaymie_Ezio's First Strike Damage Step
Phase: Ai(3)-Jaymie_Ezio's Combat Damage Step
Phase: Ai(3)-Jaymie_Ezio's End of Combat Step
Phase: Ai(3)-Jaymie_Ezio's Main phase, postcombat
Phase: Ai(3)-Jaymie_Ezio's End step
Phase: Ai(3)-Jaymie_Ezio's Cleanup step
Turn: Turn 33 (Ai(4)-Gabe_Food)
Phase: Ai(4)-Gabe_Food's Untap step
Phase: Ai(4)-Gabe_Food's Upkeep step
Mana: Forest (336) - {T}: Add {G}.
Mana: Swamp (365) - {T}: Add {B}.
Zone Change: Food Token (412) was put into Graveyard from Battlefield.
Add To Stack: Ai(4)-Gabe_Food activated Food Token
Life: Life: Ai(4)-Gabe_Food 5 > 8
Resolve Stack: Food Token (412) - Ai(4)-Gabe_Food gains 3 life.
Phase: Ai(4)-Gabe_Food's Draw step
Phase: Ai(4)-Gabe_Food's Main phase, precombat
Phase: Ai(4)-Gabe_Food's Beginning of Combat Step
Phase: Ai(4)-Gabe_Food's Declare Attackers Step
Phase: Ai(4)-Gabe_Food's Declare Blockers Step
Phase: Ai(4)-Gabe_Food's First Strike Damage Step
Phase: Ai(4)-Gabe_Food's Combat Damage Step
Phase: Ai(4)-Gabe_Food's End of Combat Step
Phase: Ai(4)-Gabe_Food's Main phase, postcombat
Mana: Fortified Village (352) - {T}: Add {G} or {W}.
Mana: Plains (392) - {T}: Add {W}.
Add To Stack: Ai(4)-Gabe_Food cast Prize Pig
Resolve Stack: Prize Pig - Creature 0 / 3
Phase: Ai(4)-Gabe_Food's End step
Add To Stack: Ai(4)-Gabe_Food triggered The Gaffer
Resolve Stack: At the beginning of each end step, if you gained 3 or more life this turn, draw a card. [Phase: Ai(4)-Gabe_Food]
Phase: Ai(4)-Gabe_Food's Cleanup step
Discard: Ai(4)-Gabe_Food discards Chromatic Lantern (401).
Turn: Turn 34 (Ai(1)-Destyn_Turtles)
Phase: Ai(1)-Destyn_Turtles' Untap step
Phase: Ai(1)-Destyn_Turtles' Upkeep step
Phase: Ai(1)-Destyn_Turtles' Draw step
Phase: Ai(1)-Destyn_Turtles' Main phase, precombat
Land: Ai(1)-Destyn_Turtles played Island (30)
Phase: Ai(1)-Destyn_Turtles' Beginning of Combat Step
Phase: Ai(1)-Destyn_Turtles' Declare Attackers Step
Combat: Ai(1)-Destyn_Turtles assigned Leonardo, the Balance (101) to attack Ai(4)-Gabe_Food.
Phase: Ai(1)-Destyn_Turtles' Declare Blockers Step
Combat: Ai(4)-Gabe_Food assigned Prize Pig (332) to block Leonardo, the Balance (101).
Mana: Exotic Orchard (41) - {T}: Add one mana of any color that a land an opponent controls could produce.
Mana: Plains (87) - {T}: Add {W}.
Mana: Sunken Hollow (24) - {T}: Add {B}.
Mana: Island (30) - {T}: Add {U}.
Mana: Hinterland Harbor (23) - {T}: Add {G} or {U}.
Add To Stack: Ai(1)-Destyn_Turtles activated Leonardo, the Balance
Resolve Stack: Leonardo, the Balance (101) - Creatures you control gain menace, trample, and lifelink until end of turn.
Phase: Ai(1)-Destyn_Turtles' First Strike Damage Step
Phase: Ai(1)-Destyn_Turtles' Combat Damage Step
Damage: Leonardo, the Balance (101) deals 5 combat damage to Ai(4)-Gabe_Food.
Damage: Leonardo, the Balance (101) deals 3 damage to Prize Pig (332).
Life: Life: Ai(1)-Destyn_Turtles 22 > 30
Life: Life: Ai(4)-Gabe_Food 8 > 3
Zone Change: Prize Pig (332) was put into Graveyard from Battlefield.
Phase: Ai(1)-Destyn_Turtles' End of Combat Step
Phase: Ai(1)-Destyn_Turtles' Main phase, postcombat
Mana: Path of Ancestry (12) - {T}: Add one mana of any color in your commander's color identity. When that mana is spent to cast a creature spell that shares a creature type with your commander, scry 1. (Look at the top card of your library. You may put that card on the bottom.)
Mana: Big Apple, 3 a.m. (71) - {T}: Add one mana of the chosen color.
Mana: Mona Lisa, Science Geek (61) - {T}: Add X mana of any one color, where X is Mona Lisa's power.
Add To Stack: Ai(1)-Destyn_Turtles cast Mole Module
Resolve Stack: Mole Module
Phase: Ai(1)-Destyn_Turtles' End step
Phase: Ai(1)-Destyn_Turtles' Cleanup step
Turn: Turn 35 (Ai(2)-GGS_Biting_Palm_diagnostic)
Phase: Ai(2)-GGS_Biting_Palm_diagnostic's Untap step
Phase: Ai(2)-GGS_Biting_Palm_diagnostic's Upkeep step
Phase: Ai(2)-GGS_Biting_Palm_diagnostic's Draw step
Phase: Ai(2)-GGS_Biting_Palm_diagnostic's Main phase, precombat
Mana: Reflecting Pool (159) - {T}: Add one mana of any type that a land you control could produce.
Mana: Takenuma, Abandoned Mire (185) - {T}: Add {B}.
Mana: Training Center (130) - {T}: Add {U} or {R}.
Mana: Morphic Pool (131) - {T}: Add {U} or {B}.
Mana: Watery Grave (172) - {T}: Add {B}.
Add To Stack: Ai(2)-GGS_Biting_Palm_diagnostic cast Goro-Goro and Satoru
Resolve Stack: Goro-Goro and Satoru - Creature 3 / 4
Add To Stack: Ai(2)-GGS_Biting_Palm_diagnostic triggered Purphoros, God of the Forge
Damage: Purphoros, God of the Forge (163) deals 2 non-combat damage to Ai(1)-Destyn_Turtles.
Damage: Purphoros, God of the Forge (163) deals 2 non-combat damage to Ai(3)-Jaymie_Ezio.
Damage: Purphoros, God of the Forge (163) deals 2 non-combat damage to Ai(4)-Gabe_Food.
Life: Life: Ai(1)-Destyn_Turtles 30 > 28
Life: Life: Ai(3)-Jaymie_Ezio 30 > 28
Life: Life: Ai(4)-Gabe_Food 3 > 1
Resolve Stack: Whenever another creature you control enters, Purphoros, God of the Forge deals 2 damage to each opponent. [Zone Changer: Goro-Goro and Satoru (201)]
Phase: Ai(2)-GGS_Biting_Palm_diagnostic's Beginning of Combat Step
Phase: Ai(2)-GGS_Biting_Palm_diagnostic's Declare Attackers Step
Combat: Ai(2)-GGS_Biting_Palm_diagnostic assigned Purphoros, God of the Forge (163), Balefire Dragon (168) and Phoenix Chick (170) to attack Ai(4)-Gabe_Food.
Phase: Ai(2)-GGS_Biting_Palm_diagnostic's Declare Blockers Step
Combat: Ai(4)-Gabe_Food assigned Merry, Warden of Isengard (309) to block Purphoros, God of the Forge (163).
Ai(4)-Gabe_Food didn't block Balefire Dragon (168).
Ai(4)-Gabe_Food didn't block Phoenix Chick (170).
Phase: Ai(2)-GGS_Biting_Palm_diagnostic's First Strike Damage Step
Phase: Ai(2)-GGS_Biting_Palm_diagnostic's Combat Damage Step
Damage: Purphoros, God of the Forge (163) deals 6 damage to Merry, Warden of Isengard (309).
Damage: Balefire Dragon (168) deals 6 combat damage to Ai(4)-Gabe_Food.
Damage: Phoenix Chick (170) deals 1 combat damage to Ai(4)-Gabe_Food.
Damage: Merry, Warden of Isengard (309) deals 1 damage to Purphoros, God of the Forge (163).
Life: Life: Ai(4)-Gabe_Food 1 > -6
Add To Stack: Ai(2)-GGS_Biting_Palm_diagnostic triggered Balefire Dragon
Resolve Stack: Whenever Balefire Dragon deals combat damage to a player, it deals that much damage to each creature that player controls. [Damage Source: Balefire Dragon (168), Damaged: Ai(4)-Gabe_Food, Amount: 6]
Phase: Ai(2)-GGS_Biting_Palm_diagnostic's End of Combat Step
Phase: Ai(2)-GGS_Biting_Palm_diagnostic's Main phase, postcombat
Mana: Xander's Lounge (187) - {T}: Add {U}.
Mana: Talisman of Creativity (149) - {T}: Add {C}.
Add To Stack: Ai(2)-GGS_Biting_Palm_diagnostic cast Tetsuko Umezawa, Fugitive
Resolve Stack: Tetsuko Umezawa, Fugitive - Creature 1 / 3
Add To Stack: Ai(2)-GGS_Biting_Palm_diagnostic triggered Purphoros, God of the Forge
Damage: Purphoros, God of the Forge (163) deals 2 non-combat damage to Ai(1)-Destyn_Turtles.
Damage: Purphoros, God of the Forge (163) deals 2 non-combat damage to Ai(3)-Jaymie_Ezio.
Life: Life: Ai(1)-Destyn_Turtles 28 > 26
Life: Life: Ai(3)-Jaymie_Ezio 28 > 26
Resolve Stack: Whenever another creature you control enters, Purphoros, God of the Forge deals 2 damage to each opponent. [Zone Changer: Tetsuko Umezawa, Fugitive (175)]
Phase: Ai(2)-GGS_Biting_Palm_diagnostic's End step
Phase: Ai(2)-GGS_Biting_Palm_diagnostic's Cleanup step
Turn: Turn 36 (Ai(3)-Jaymie_Ezio)
Phase: Ai(3)-Jaymie_Ezio's Untap step
Phase: Ai(3)-Jaymie_Ezio's Upkeep step
Phase: Ai(3)-Jaymie_Ezio's Draw step
Phase: Ai(3)-Jaymie_Ezio's Main phase, precombat
Phase: Ai(3)-Jaymie_Ezio's Beginning of Combat Step
Phase: Ai(3)-Jaymie_Ezio's Declare Attackers Step
Phase: Ai(3)-Jaymie_Ezio's Declare Blockers Step
Phase: Ai(3)-Jaymie_Ezio's First Strike Damage Step
Phase: Ai(3)-Jaymie_Ezio's Combat Damage Step
Phase: Ai(3)-Jaymie_Ezio's End of Combat Step
Phase: Ai(3)-Jaymie_Ezio's Main phase, postcombat
Mana: Chromatic Lantern (299) - {T}: Add one mana of any color.
Mana: Mountain (289) - {T}: Add {R}.
Mana: Thriving Grove (229) - {T}: Add {G} or one mana of the chosen color.
Mana: Cinder Glade (220) - {T}: Add {G}.
Add To Stack: Ai(3)-Jaymie_Ezio cast Ezio Auditore da Firenze
Resolve Stack: Ezio Auditore da Firenze - Creature 3 / 2
Mana: Smoldering Marsh (273) - {T}: Add {B}.
Mana: Command Tower (234) - {T}: Add one mana of any color.
Mana: Twilight Mire (271) - {T}: Add {C}.
Add To Stack: Ai(3)-Jaymie_Ezio cast Lydia Frye
Resolve Stack: Lydia Frye - Creature 3 / 2
Phase: Ai(3)-Jaymie_Ezio's End step
Add To Stack: Ai(3)-Jaymie_Ezio triggered Lydia Frye
Resolve Stack: At the beginning of your end step, surveil X, where X is the number of tapped Assassins you control. (Look at the top X cards of your library, then put any number of them into your graveyard and the rest on top of your library in any order.) [Phase: Ai(3)-Jaymie_Ezio]
Phase: Ai(3)-Jaymie_Ezio's Cleanup step
Turn: Turn 37 (Ai(1)-Destyn_Turtles)
Phase: Ai(1)-Destyn_Turtles' Untap step
Phase: Ai(1)-Destyn_Turtles' Upkeep step
Phase: Ai(1)-Destyn_Turtles' Draw step
Phase: Ai(1)-Destyn_Turtles' Main phase, precombat
Replacement Effect: This land enters tapped unless you control two or more basic lands.
Land: Ai(1)-Destyn_Turtles played Sodden Verdure (81)
Phase: Ai(1)-Destyn_Turtles' Beginning of Combat Step
Phase: Ai(1)-Destyn_Turtles' Declare Attackers Step
Phase: Ai(1)-Destyn_Turtles' Declare Blockers Step
Phase: Ai(1)-Destyn_Turtles' First Strike Damage Step
Phase: Ai(1)-Destyn_Turtles' Combat Damage Step
Phase: Ai(1)-Destyn_Turtles' End of Combat Step
Phase: Ai(1)-Destyn_Turtles' Main phase, postcombat
Mana: Exotic Orchard (41) - {T}: Add one mana of any color that a land an opponent controls could produce.
Mana: Plains (87) - {T}: Add {W}.
Mana: Island (30) - {T}: Add {U}.
Mana: Hinterland Harbor (23) - {T}: Add {G} or {U}.
Add To Stack: Ai(1)-Destyn_Turtles cast Michelangelo, the Heart
Resolve Stack: Michelangelo, the Heart - Creature 2 / 1
Add To Stack: Ai(1)-Destyn_Turtles triggered April O'Neil, Live on the Scene
Resolve Stack: Whenever a Mutant, Ninja, or Turtle you control enters, investigate. (Create a Clue token. It's an artifact with "{2}, Sacrifice this token: Draw a card.") [Zone Changer: Michelangelo, the Heart (99)]
Add To Stack: Ai(1)-Destyn_Turtles triggered Leonardo, the Balance
Resolve Stack: Whenever a token you control enters, you may put a +1/+1 counter on each creature you control. Do this only once each turn. [Zone Changer: Clue Token (502)]
Mana: Sodden Verdure (81) - {T}: Add {G}.
Mana: Path of Ancestry (12) - {T}: Add one mana of any color in your commander's color identity. When that mana is spent to cast a creature spell that shares a creature type with your commander, scry 1. (Look at the top card of your library. You may put that card on the bottom.)
Mana: Sunken Hollow (24) - {T}: Add {B}.
Mana: Big Apple, 3 a.m. (71) - {T}: Add one mana of the chosen color.
Add To Stack: Ai(1)-Destyn_Turtles cast Harmonize
Resolve Stack: Harmonize (63) - Ai(1)-Destyn_Turtles draws three cards.
Mana: Mona Lisa, Science Geek (61) - {T}: Add X mana of any one color, where X is Mona Lisa's power.
Add To Stack: Ai(1)-Destyn_Turtles cast Endless Foot Assault
Resolve Stack: Endless Foot Assault
Phase: Ai(1)-Destyn_Turtles' End step
Phase: Ai(1)-Destyn_Turtles' Cleanup step
Turn: Turn 38 (Ai(2)-GGS_Biting_Palm_diagnostic)
Phase: Ai(2)-GGS_Biting_Palm_diagnostic's Untap step
Phase: Ai(2)-GGS_Biting_Palm_diagnostic's Upkeep step
Phase: Ai(2)-GGS_Biting_Palm_diagnostic's Draw step
Phase: Ai(2)-GGS_Biting_Palm_diagnostic's Main phase, precombat
Mana: Reflecting Pool (159) - {T}: Add one mana of any type that a land you control could produce.
Mana: Training Center (130) - {T}: Add {U} or {R}.
Mana: Takenuma, Abandoned Mire (185) - {T}: Add {B}.
Mana: Morphic Pool (131) - {T}: Add {U} or {B}.
Mana: Watery Grave (172) - {T}: Add {B}.
Add To Stack: Ai(2)-GGS_Biting_Palm_diagnostic cast Draconic Visitor
Resolve Stack: Draconic Visitor - Creature 5 / 5
Add To Stack: Ai(2)-GGS_Biting_Palm_diagnostic triggered Purphoros, God of the Forge
Damage: Purphoros, God of the Forge (163) deals 2 non-combat damage to Ai(1)-Destyn_Turtles.
Damage: Purphoros, God of the Forge (163) deals 2 non-combat damage to Ai(3)-Jaymie_Ezio.
Life: Life: Ai(1)-Destyn_Turtles 26 > 24
Life: Life: Ai(3)-Jaymie_Ezio 26 > 24
Resolve Stack: Whenever another creature you control enters, Purphoros, God of the Forge deals 2 damage to each opponent. [Zone Changer: Draconic Visitor (115)]
Mana: Xander's Lounge (187) - {T}: Add {R}.
Mana: Talisman of Creativity (149) - {T}: Add {C}.
Add To Stack: Ai(2)-GGS_Biting_Palm_diagnostic activated Goro-Goro and Satoru
Resolve Stack: Goro-Goro and Satoru (201) - Creatures you control gain haste until end of turn.
Phase: Ai(2)-GGS_Biting_Palm_diagnostic's Beginning of Combat Step
Phase: Ai(2)-GGS_Biting_Palm_diagnostic's Declare Attackers Step
Combat: Ai(2)-GGS_Biting_Palm_diagnostic assigned Phoenix Chick (170), Balefire Dragon (168), Draconic Visitor (115) and Tetsuko Umezawa, Fugitive (175) to attack Ai(1)-Destyn_Turtles.
Phase: Ai(2)-GGS_Biting_Palm_diagnostic's Declare Blockers Step
Combat: Ai(1)-Destyn_Turtles didn't block Phoenix Chick (170).
Ai(1)-Destyn_Turtles didn't block Balefire Dragon (168).
Ai(1)-Destyn_Turtles didn't block Draconic Visitor (115).
Ai(1)-Destyn_Turtles didn't block Tetsuko Umezawa, Fugitive (175).
Phase: Ai(2)-GGS_Biting_Palm_diagnostic's First Strike Damage Step
Phase: Ai(2)-GGS_Biting_Palm_diagnostic's Combat Damage Step
Damage: Phoenix Chick (170) deals 1 combat damage to Ai(1)-Destyn_Turtles.
Damage: Balefire Dragon (168) deals 6 combat damage to Ai(1)-Destyn_Turtles.
Damage: Draconic Visitor (115) deals 5 combat damage to Ai(1)-Destyn_Turtles.
Damage: Tetsuko Umezawa, Fugitive (175) deals 1 combat damage to Ai(1)-Destyn_Turtles.
Life: Life: Ai(1)-Destyn_Turtles 24 > 11
Add To Stack: Ai(2)-GGS_Biting_Palm_diagnostic triggered Balefire Dragon
Add To Stack: Ai(2)-GGS_Biting_Palm_diagnostic triggered Goro-Goro and Satoru
Resolve Stack: Whenever one or more creatures you control that entered this turn deal combat damage to a player, create a 5/5 red Dragon Spirit creature token with flying. [Damaged: Ai(1)-Destyn_Turtles, Amount: 5]
Add To Stack: Ai(2)-GGS_Biting_Palm_diagnostic triggered Purphoros, God of the Forge
Damage: Purphoros, God of the Forge (163) deals 2 non-combat damage to Ai(1)-Destyn_Turtles.
Damage: Purphoros, God of the Forge (163) deals 2 non-combat damage to Ai(3)-Jaymie_Ezio.
Life: Life: Ai(1)-Destyn_Turtles 11 > 9
Life: Life: Ai(3)-Jaymie_Ezio 24 > 22
Resolve Stack: Whenever another creature you control enters, Purphoros, God of the Forge deals 2 damage to each opponent. [Zone Changer: Dragon Spirit Token (506)]
Damage: Balefire Dragon (168) deals 6 damage to Mona Lisa, Science Geek (61).
Damage: Balefire Dragon (168) deals 6 damage to Leonardo, the Balance (101).
Damage: Balefire Dragon (168) deals 6 damage to Dimension X Pizzasaur (39).
Damage: Balefire Dragon (168) deals 6 damage to April O'Neil, Live on the Scene (91).
Damage: Balefire Dragon (168) deals 6 damage to Michelangelo, the Heart (99).
Resolve Stack: Whenever Balefire Dragon deals combat damage to a player, it deals that much damage to each creature that player controls. [Damage Source: Balefire Dragon (168), Damaged: Ai(1)-Destyn_Turtles, Amount: 6]
Zone Change: Mona Lisa, Science Geek (61) was put into Graveyard from Battlefield.
Zone Change: Dimension X Pizzasaur (39) was put into Graveyard from Battlefield.
Zone Change: April O'Neil, Live on the Scene (91) was put into Graveyard from Battlefield.
Zone Change: Michelangelo, the Heart (99) was put into Graveyard from Battlefield.
Phase: Ai(2)-GGS_Biting_Palm_diagnostic's End of Combat Step
Phase: Ai(2)-GGS_Biting_Palm_diagnostic's Main phase, postcombat
Phase: Ai(2)-GGS_Biting_Palm_diagnostic's End step
Phase: Ai(2)-GGS_Biting_Palm_diagnostic's Cleanup step
Turn: Turn 39 (Ai(3)-Jaymie_Ezio)
Phase: Ai(3)-Jaymie_Ezio's Untap step
Phase: Ai(3)-Jaymie_Ezio's Upkeep step
Phase: Ai(3)-Jaymie_Ezio's Draw step
Phase: Ai(3)-Jaymie_Ezio's Main phase, precombat
Mana: Chromatic Lantern (299) - {T}: Add one mana of any color.
Mana: Mountain (289) - {T}: Add one mana of any color.
Add To Stack: Ai(3)-Jaymie_Ezio activated Vorpal Sword targeting [Ezio Auditore da Firenze (302)]
Resolve Stack: Vorpal Sword (212) -  Attach to Ezio Auditore da Firenze (302)
Mana: Thriving Grove (229) - {T}: Add {G} or one mana of the chosen color.
Mana: Cinder Glade (220) - {T}: Add {G}.
Mana: Smoldering Marsh (273) - {T}: Add {R}.
Add To Stack: Ai(3)-Jaymie_Ezio cast Sword of Feast and Famine
Resolve Stack: Sword of Feast and Famine
Mana: Command Tower (234) - {T}: Add one mana of any color.
Mana: Twilight Mire (271) - {T}: Add {C}.
Add To Stack: Ai(3)-Jaymie_Ezio activated Sword of Feast and Famine targeting [Ezio Auditore da Firenze (302)]
Resolve Stack: Sword of Feast and Famine (296) -  Attach to Ezio Auditore da Firenze (302)
Phase: Ai(3)-Jaymie_Ezio's Beginning of Combat Step
Phase: Ai(3)-Jaymie_Ezio's Declare Attackers Step
Combat: Ai(3)-Jaymie_Ezio assigned Lydia Frye (287) to attack Ai(2)-GGS_Biting_Palm_diagnostic.
Phase: Ai(3)-Jaymie_Ezio's Declare Blockers Step
Combat: Ai(2)-GGS_Biting_Palm_diagnostic didn't block Lydia Frye (287).
Phase: Ai(3)-Jaymie_Ezio's First Strike Damage Step
Phase: Ai(3)-Jaymie_Ezio's Combat Damage Step
Damage: Lydia Frye (287) deals 5 combat damage to Ai(2)-GGS_Biting_Palm_diagnostic.
Life: Life: Ai(2)-GGS_Biting_Palm_diagnostic 39 > 34
Add To Stack: Ai(3)-Jaymie_Ezio triggered Vraska Joins Up
Resolve Stack: Whenever a legendary creature you control deals combat damage to a player, draw a card. [Damage Source: Lydia Frye (287), Damaged: Ai(2)-GGS_Biting_Palm_diagnostic, Amount: 5]
Phase: Ai(3)-Jaymie_Ezio's End of Combat Step
Phase: Ai(3)-Jaymie_Ezio's Main phase, postcombat
Land: Ai(3)-Jaymie_Ezio played Mountain (290)
Mana: Mountain (290) - {T}: Add one mana of any color.
Mana: Kessig Wolf Run (206) - {T}: Add one mana of any color.
Add To Stack: Ai(3)-Jaymie_Ezio activated Vorpal Sword targeting [Lydia Frye (287)]
Resolve Stack: Vorpal Sword (212) -  Attach to Lydia Frye (287)
Phase: Ai(3)-Jaymie_Ezio's End step
Add To Stack: Ai(3)-Jaymie_Ezio triggered Lydia Frye
Resolve Stack: Ai(3)-Jaymie_Ezio surveiled 1 card(s) to the graveyard
Resolve Stack: At the beginning of your end step, surveil X, where X is the number of tapped Assassins you control. (Look at the top X cards of your library, then put any number of them into your graveyard and the rest on top of your library in any order.) [Phase: Ai(3)-Jaymie_Ezio]
Phase: Ai(3)-Jaymie_Ezio's Cleanup step
Turn: Turn 40 (Ai(1)-Destyn_Turtles)
Phase: Ai(1)-Destyn_Turtles' Untap step
Phase: Ai(1)-Destyn_Turtles' Upkeep step
Phase: Ai(1)-Destyn_Turtles' Draw step
Phase: Ai(1)-Destyn_Turtles' Main phase, precombat
Replacement Effect: This land enters tapped.
Land: Ai(1)-Destyn_Turtles played Hidden Hideout (54)
Mana: Exotic Orchard (41) - {T}: Add one mana of any color that a land an opponent controls could produce.
Mana: Plains (87) - {T}: Add {W}.
Add To Stack: Ai(1)-Destyn_Turtles cast Level Up targeting [Leonardo, the Balance (101)]
Resolve Stack: Level Up (90) -  Attach to Leonardo, the Balance (101)
Add To Stack: Ai(1)-Destyn_Turtles triggered Level Up
Resolve Stack: When this Aura enters, put a +1/+1 counter on enchanted creature. [Zone Changer: Level Up (90)]
Phase: Ai(1)-Destyn_Turtles' Beginning of Combat Step
Phase: Ai(1)-Destyn_Turtles' Declare Attackers Step
Phase: Ai(1)-Destyn_Turtles' Declare Blockers Step
Phase: Ai(1)-Destyn_Turtles' First Strike Damage Step
Phase: Ai(1)-Destyn_Turtles' Combat Damage Step
Phase: Ai(1)-Destyn_Turtles' End of Combat Step
Phase: Ai(1)-Destyn_Turtles' Main phase, postcombat
Mana: Hinterland Harbor (23) - {T}: Add {G} or {U}.
Mana: Island (30) - {T}: Add {U}.
Mana: Sunken Hollow (24) - {T}: Add {B}.
Mana: Sodden Verdure (81) - {T}: Add {G}.
Mana: Path of Ancestry (12) - {T}: Add one mana of any color in your commander's color identity. When that mana is spent to cast a creature spell that shares a creature type with your commander, scry 1. (Look at the top card of your library. You may put that card on the bottom.)
Mana: Big Apple, 3 a.m. (71) - {T}: Add one mana of the chosen color.
Add To Stack: Ai(1)-Destyn_Turtles cast Michelangelo, the Heart
Add To Stack: Ai(1)-Destyn_Turtles triggered Path of Ancestry
Resolve Stack: Ai(1)-Destyn_Turtles scried 1 card(s) to the bottom of the library
Resolve Stack: When mana produced by Path of Ancestry is spent to cast a creature spell that shares a creature type with your commander, scry 1. ([Michelangelo, the Heart - Creature 2 / 1]) [Card: Michelangelo, the Heart (99), Activator: Ai(1)-Destyn_Turtles, SpellAbility: Michelangelo, the Heart - Creature 2 / 1]
Resolve Stack: Michelangelo, the Heart - Creature 2 / 1
Phase: Ai(1)-Destyn_Turtles' End step
Phase: Ai(1)-Destyn_Turtles' Cleanup step
Turn: Turn 41 (Ai(2)-GGS_Biting_Palm_diagnostic)
Phase: Ai(2)-GGS_Biting_Palm_diagnostic's Untap step
Phase: Ai(2)-GGS_Biting_Palm_diagnostic's Upkeep step
Phase: Ai(2)-GGS_Biting_Palm_diagnostic's Draw step
Phase: Ai(2)-GGS_Biting_Palm_diagnostic's Main phase, precombat
Phase: Ai(2)-GGS_Biting_Palm_diagnostic's Beginning of Combat Step
Mana: Reflecting Pool (159) - {T}: Add one mana of any type that a land you control could produce.
Mana: Takenuma, Abandoned Mire (185) - {T}: Add {B}.
Add To Stack: Ai(2)-GGS_Biting_Palm_diagnostic activated Goro-Goro and Satoru
Resolve Stack: Goro-Goro and Satoru (201) - Creatures you control gain haste until end of turn.
Phase: Ai(2)-GGS_Biting_Palm_diagnostic's Declare Attackers Step
Combat: Ai(2)-GGS_Biting_Palm_diagnostic assigned Phoenix Chick (170) and Purphoros, God of the Forge (163) to attack Ai(3)-Jaymie_Ezio.
Phase: Ai(2)-GGS_Biting_Palm_diagnostic's Declare Blockers Step
Combat: Ai(3)-Jaymie_Ezio didn't block Phoenix Chick (170).
Ai(3)-Jaymie_Ezio didn't block Purphoros, God of the Forge (163).
Mana: Morphic Pool (131) - {T}: Add {U} or {B}.
Mana: Training Center (130) - {T}: Add {U} or {R}.
Mana: Watery Grave (172) - {T}: Add {B}.
Mana: Xander's Lounge (187) - {T}: Add {R}.
Add To Stack: Ai(2)-GGS_Biting_Palm_diagnostic activated Fallen Shinobi
Resolve Stack: Fallen Shinobi (125) - Ai(2)-GGS_Biting_Palm_diagnostic puts Fallen Shinobi (125) from their hand onto the battlefield tapped and attacking.
Add To Stack: Ai(2)-GGS_Biting_Palm_diagnostic triggered Purphoros, God of the Forge
Damage: Purphoros, God of the Forge (163) deals 2 non-combat damage to Ai(1)-Destyn_Turtles.
Damage: Purphoros, God of the Forge (163) deals 2 non-combat damage to Ai(3)-Jaymie_Ezio.
Life: Life: Ai(1)-Destyn_Turtles 9 > 7
Life: Life: Ai(3)-Jaymie_Ezio 22 > 20
Resolve Stack: Whenever another creature you control enters, Purphoros, God of the Forge deals 2 damage to each opponent. [Zone Changer: Fallen Shinobi (125)]
Phase: Ai(2)-GGS_Biting_Palm_diagnostic's First Strike Damage Step
Phase: Ai(2)-GGS_Biting_Palm_diagnostic's Combat Damage Step
Damage: Purphoros, God of the Forge (163) deals 6 combat damage to Ai(3)-Jaymie_Ezio.
Damage: Fallen Shinobi (125) deals 5 combat damage to Ai(3)-Jaymie_Ezio.
Life: Life: Ai(3)-Jaymie_Ezio 20 > 9
Add To Stack: Ai(2)-GGS_Biting_Palm_diagnostic triggered Fallen Shinobi
Add To Stack: Ai(2)-GGS_Biting_Palm_diagnostic triggered Goro-Goro and Satoru
Resolve Stack: Whenever one or more creatures you control that entered this turn deal combat damage to a player, create a 5/5 red Dragon Spirit creature token with flying. [Damaged: Ai(3)-Jaymie_Ezio, Amount: 5]
Add To Stack: Ai(2)-GGS_Biting_Palm_diagnostic triggered Purphoros, God of the Forge
Damage: Purphoros, God of the Forge (163) deals 2 non-combat damage to Ai(1)-Destyn_Turtles.
Damage: Purphoros, God of the Forge (163) deals 2 non-combat damage to Ai(3)-Jaymie_Ezio.
Life: Life: Ai(1)-Destyn_Turtles 7 > 5
Life: Life: Ai(3)-Jaymie_Ezio 9 > 7
Resolve Stack: Whenever another creature you control enters, Purphoros, God of the Forge deals 2 damage to each opponent. [Zone Changer: Dragon Spirit Token (516)]
Resolve Stack: Whenever Fallen Shinobi deals combat damage to a player, that player exiles the top two cards of their library. Until end of turn, you may play those cards without paying their mana costs. [Damage Source: Fallen Shinobi (125), Damaged: Ai(3)-Jaymie_Ezio, Amount: 5]
Phase: Ai(2)-GGS_Biting_Palm_diagnostic's End of Combat Step
Phase: Ai(2)-GGS_Biting_Palm_diagnostic's Main phase, postcombat
Land: Ai(2)-GGS_Biting_Palm_diagnostic played Gloomlake Verge (126)
Add To Stack: Ai(2)-GGS_Biting_Palm_diagnostic cast Caduceus, Staff of Hermes
Resolve Stack: Caduceus, Staff of Hermes
Damage: Talisman of Creativity (149) deals 1 non-combat damage to Ai(2)-GGS_Biting_Palm_diagnostic.
Life: Life: Ai(2)-GGS_Biting_Palm_diagnostic 34 > 33
Mana: Talisman of Creativity (149) - {T}: Add {U} or {R}. Talisman of Creativity deals 1 damage to you. 
Add To Stack: Ai(2)-GGS_Biting_Palm_diagnostic cast Phoenix Chick
Resolve Stack: Phoenix Chick - Creature 1 / 1
Add To Stack: Ai(2)-GGS_Biting_Palm_diagnostic triggered Purphoros, God of the Forge
Damage: Purphoros, God of the Forge (163) deals 2 non-combat damage to Ai(1)-Destyn_Turtles.
Damage: Purphoros, God of the Forge (163) deals 2 non-combat damage to Ai(3)-Jaymie_Ezio.
Life: Life: Ai(1)-Destyn_Turtles 5 > 3
Life: Life: Ai(3)-Jaymie_Ezio 7 > 5
Resolve Stack: Whenever another creature you control enters, Purphoros, God of the Forge deals 2 damage to each opponent. [Zone Changer: Phoenix Chick (170)]
Phase: Ai(2)-GGS_Biting_Palm_diagnostic's End step
Phase: Ai(2)-GGS_Biting_Palm_diagnostic's Cleanup step
Turn: Turn 42 (Ai(3)-Jaymie_Ezio)
Phase: Ai(3)-Jaymie_Ezio's Untap step
Phase: Ai(3)-Jaymie_Ezio's Upkeep step
Phase: Ai(3)-Jaymie_Ezio's Draw step
Phase: Ai(3)-Jaymie_Ezio's Main phase, precombat
Phase: Ai(3)-Jaymie_Ezio's Beginning of Combat Step
Phase: Ai(3)-Jaymie_Ezio's Declare Attackers Step
Phase: Ai(3)-Jaymie_Ezio's Declare Blockers Step
Phase: Ai(3)-Jaymie_Ezio's First Strike Damage Step
Phase: Ai(3)-Jaymie_Ezio's Combat Damage Step
Phase: Ai(3)-Jaymie_Ezio's End of Combat Step
Phase: Ai(3)-Jaymie_Ezio's Main phase, postcombat
Mana: Chromatic Lantern (299) - {T}: Add one mana of any color.
Mana: Mountain (289) - {T}: Add {R}.
Add To Stack: Ai(3)-Jaymie_Ezio cast Cover of Darkness
Replacement Effect: As Cover of Darkness enters, choose a creature type.
Resolve Stack: Cover of Darkness
Phase: Ai(3)-Jaymie_Ezio's End step
Add To Stack: Ai(3)-Jaymie_Ezio triggered Lydia Frye
Resolve Stack: At the beginning of your end step, surveil X, where X is the number of tapped Assassins you control. (Look at the top X cards of your library, then put any number of them into your graveyard and the rest on top of your library in any order.) [Phase: Ai(3)-Jaymie_Ezio]
Phase: Ai(3)-Jaymie_Ezio's Cleanup step
Turn: Turn 43 (Ai(1)-Destyn_Turtles)
Phase: Ai(1)-Destyn_Turtles' Untap step
Phase: Ai(1)-Destyn_Turtles' Upkeep step
Mana: Plains (87) - {T}: Add {W}.
Mana: Island (30) - {T}: Add {U}.
Zone Change: Food Token (468) was put into Graveyard from Battlefield.
Add To Stack: Ai(1)-Destyn_Turtles activated Food Token
Life: Life: Ai(1)-Destyn_Turtles 3 > 6
Resolve Stack: Food Token (468) - Ai(1)-Destyn_Turtles gains 3 life.
Phase: Ai(1)-Destyn_Turtles' Draw step
Phase: Ai(1)-Destyn_Turtles' Main phase, precombat
Land: Ai(1)-Destyn_Turtles played Plains (88)
Phase: Ai(1)-Destyn_Turtles' Beginning of Combat Step
Phase: Ai(1)-Destyn_Turtles' Declare Attackers Step
Phase: Ai(1)-Destyn_Turtles' Declare Blockers Step
Phase: Ai(1)-Destyn_Turtles' First Strike Damage Step
Phase: Ai(1)-Destyn_Turtles' Combat Damage Step
Phase: Ai(1)-Destyn_Turtles' End of Combat Step
Phase: Ai(1)-Destyn_Turtles' Main phase, postcombat
Mana: Exotic Orchard (41) - {T}: Add one mana of any color that a land an opponent controls could produce.
Mana: Hinterland Harbor (23) - {T}: Add {G} or {U}.
Mana: Plains (88) - {T}: Add {W}.
Mana: Sodden Verdure (81) - {T}: Add {G}.
Mana: Sunken Hollow (24) - {T}: Add {B}.
Mana: Path of Ancestry (12) - {T}: Add one mana of any color in your commander's color identity. When that mana is spent to cast a creature spell that shares a creature type with your commander, scry 1. (Look at the top card of your library. You may put that card on the bottom.)
Mana: Big Apple, 3 a.m. (71) - {T}: Add one mana of the chosen color.
Mana: Hidden Hideout (54) - {T}: Add one mana of any color in your commander's color identity.
Add To Stack: Ai(1)-Destyn_Turtles cast Steelbane Hydra
Add To Stack: Ai(1)-Destyn_Turtles triggered Path of Ancestry
Resolve Stack: Ai(1)-Destyn_Turtles scried 1 card(s) to the bottom of the library
Resolve Stack: When mana produced by Path of Ancestry is spent to cast a creature spell that shares a creature type with your commander, scry 1. ([Steelbane Hydra - Creature 0 / 0 (X=0)]) [Card: Steelbane Hydra (34), Activator: Ai(1)-Destyn_Turtles, SpellAbility: Steelbane Hydra - Creature 0 / 0 (X=0)]
Replacement Effect: Steelbane Hydra enters with X +1/+1 counters on it.
Resolve Stack: Steelbane Hydra - Creature 0 / 0 (X=6)
Phase: Ai(1)-Destyn_Turtles' End step
Phase: Ai(1)-Destyn_Turtles' Cleanup step
Turn: Turn 44 (Ai(2)-GGS_Biting_Palm_diagnostic)
Phase: Ai(2)-GGS_Biting_Palm_diagnostic's Untap step
Phase: Ai(2)-GGS_Biting_Palm_diagnostic's Upkeep step
Phase: Ai(2)-GGS_Biting_Palm_diagnostic's Draw step
Phase: Ai(2)-GGS_Biting_Palm_diagnostic's Main phase, precombat
Mana: Reflecting Pool (159) - {T}: Add one mana of any type that a land you control could produce.
Mana: Takenuma, Abandoned Mire (185) - {T}: Add {B}.
Mana: Training Center (130) - {T}: Add {U} or {R}.
Add To Stack: Ai(2)-GGS_Biting_Palm_diagnostic cast Krenko, Tin Street Kingpin
Resolve Stack: Krenko, Tin Street Kingpin - Creature 1 / 2
Add To Stack: Ai(2)-GGS_Biting_Palm_diagnostic triggered Purphoros, God of the Forge
Damage: Purphoros, God of the Forge (163) deals 2 non-combat damage to Ai(1)-Destyn_Turtles.
Damage: Purphoros, God of the Forge (163) deals 2 non-combat damage to Ai(3)-Jaymie_Ezio.
Life: Life: Ai(1)-Destyn_Turtles 6 > 4
Life: Life: Ai(3)-Jaymie_Ezio 5 > 3
Resolve Stack: Whenever another creature you control enters, Purphoros, God of the Forge deals 2 damage to each opponent. [Zone Changer: Krenko, Tin Street Kingpin (134)]
Phase: Ai(2)-GGS_Biting_Palm_diagnostic's Beginning of Combat Step
Phase: Ai(2)-GGS_Biting_Palm_diagnostic's Declare Attackers Step
Combat: Ai(2)-GGS_Biting_Palm_diagnostic assigned Purphoros, God of the Forge (163), Balefire Dragon (168), Draconic Visitor (115), Dragon Spirit Token (506), Fallen Shinobi (125), Dragon Spirit Token (516), Goro-Goro and Satoru (201), Tetsuko Umezawa, Fugitive (175) and Phoenix Chick (170) to attack Ai(3)-Jaymie_Ezio.
Phase: Ai(2)-GGS_Biting_Palm_diagnostic's Declare Blockers Step
Combat: Ai(3)-Jaymie_Ezio assigned Shay Cormac (274) to block Purphoros, God of the Forge (163).
Ai(3)-Jaymie_Ezio assigned Bird Token (406) to block Balefire Dragon (168).
Ai(3)-Jaymie_Ezio didn't block Draconic Visitor (115).
Ai(3)-Jaymie_Ezio didn't block Dragon Spirit Token (506).
Ai(3)-Jaymie_Ezio assigned Arno Dorian (226) and Ezio Auditore da Firenze (302) to block Fallen Shinobi (125).
Ai(3)-Jaymie_Ezio didn't block Dragon Spirit Token (516).
Ai(3)-Jaymie_Ezio assigned Lydia Frye (287) to block Goro-Goro and Satoru (201).
Ai(3)-Jaymie_Ezio didn't block Tetsuko Umezawa, Fugitive (175).
Ai(3)-Jaymie_Ezio didn't block Phoenix Chick (170).
Mana: Xander's Lounge (187) - {T}: Add {R}.
Mana: Morphic Pool (131) - {T}: Add {U} or {B}.
Mana: Watery Grave (172) - {T}: Add {B}.
Add To Stack: Ai(2)-GGS_Biting_Palm_diagnostic activated Purphoros, God of the Forge
Resolve Stack: Purphoros, God of the Forge (163) - Creatures you control get +1/+0 until end of turn.
Phase: Ai(2)-GGS_Biting_Palm_diagnostic's First Strike Damage Step
Phase: Ai(2)-GGS_Biting_Palm_diagnostic's Combat Damage Step
Replacement Effect: Protection from black
Damage: Purphoros, God of the Forge (163) deals 7 damage to Shay Cormac (274).
Damage: Balefire Dragon (168) deals 7 damage to Bird Token (406).
Damage: Draconic Visitor (115) deals 6 combat damage to Ai(3)-Jaymie_Ezio.
Damage: Dragon Spirit Token (506) deals 6 combat damage to Ai(3)-Jaymie_Ezio.
Damage: Fallen Shinobi (125) deals 3 damage to Arno Dorian (226).
Damage: Dragon Spirit Token (516) deals 6 combat damage to Ai(3)-Jaymie_Ezio.
Damage: Goro-Goro and Satoru (201) deals 4 damage to Lydia Frye (287).
Damage: Tetsuko Umezawa, Fugitive (175) deals 2 combat damage to Ai(3)-Jaymie_Ezio.
Damage: Phoenix Chick (170) deals 2 combat damage to Ai(3)-Jaymie_Ezio.
Damage: Shay Cormac (274) deals 1 damage (Deathtouch) to Purphoros, God of the Forge (163).
Damage: Bird Token (406) deals 2 damage (Deathtouch) to Balefire Dragon (168).
Damage: Arno Dorian (226) deals 3 damage (Deathtouch) to Fallen Shinobi (125).
Damage: Ezio Auditore da Firenze (302) deals 7 damage to Fallen Shinobi (125).
Damage: Lydia Frye (287) deals 7 damage (Deathtouch) to Goro-Goro and Satoru (201).
Life: Life: Ai(3)-Jaymie_Ezio 3 > -19
Zone Change: Balefire Dragon (168) was put into Graveyard from Battlefield.
Zone Change: Goro-Goro and Satoru (201) was put into Graveyard from Battlefield.
Zone Change: Fallen Shinobi (125) was put into Graveyard from Battlefield.
Phase: Ai(2)-GGS_Biting_Palm_diagnostic's End of Combat Step
Phase: Ai(2)-GGS_Biting_Palm_diagnostic's Main phase, postcombat
Phase: Ai(2)-GGS_Biting_Palm_diagnostic's End step
Phase: Ai(2)-GGS_Biting_Palm_diagnostic's Cleanup step
Turn: Turn 45 (Ai(1)-Destyn_Turtles)
Phase: Ai(1)-Destyn_Turtles' Untap step
Phase: Ai(1)-Destyn_Turtles' Upkeep step
Mana: Hinterland Harbor (23) - {T}: Add {G} or {U}.
Mana: Plains (87) - {T}: Add {W}.
Mana: Island (30) - {T}: Add {U}.
Add To Stack: Ai(1)-Destyn_Turtles activated Steelbane Hydra targeting [Talisman of Creativity (149)]
Zone Change: Talisman of Creativity (149) was put into Graveyard from Battlefield.
Resolve Stack: Steelbane Hydra (34) - Destroy Talisman of Creativity (149).
Mana: Plains (88) - {T}: Add {W}.
Mana: Exotic Orchard (41) - {T}: Add one mana of any color that a land an opponent controls could produce.
Zone Change: Food Token (435) was put into Graveyard from Battlefield.
Add To Stack: Ai(1)-Destyn_Turtles activated Food Token
Life: Life: Ai(1)-Destyn_Turtles 4 > 7
Resolve Stack: Food Token (435) - Ai(1)-Destyn_Turtles gains 3 life.
Phase: Ai(1)-Destyn_Turtles' Draw step
Phase: Ai(1)-Destyn_Turtles' Main phase, precombat
Phase: Ai(1)-Destyn_Turtles' Beginning of Combat Step
Phase: Ai(1)-Destyn_Turtles' Declare Attackers Step
Phase: Ai(1)-Destyn_Turtles' Declare Blockers Step
Phase: Ai(1)-Destyn_Turtles' First Strike Damage Step
Phase: Ai(1)-Destyn_Turtles' Combat Damage Step
Phase: Ai(1)-Destyn_Turtles' End of Combat Step
Phase: Ai(1)-Destyn_Turtles' Main phase, postcombat
Mana: Sunken Hollow (24) - {T}: Add {U}.
Mana: Sodden Verdure (81) - {T}: Add {G}.
Mana: Path of Ancestry (12) - {T}: Add one mana of any color in your commander's color identity. When that mana is spent to cast a creature spell that shares a creature type with your commander, scry 1. (Look at the top card of your library. You may put that card on the bottom.)
Add To Stack: Ai(1)-Destyn_Turtles cast Donatello, the Brains
Add To Stack: Ai(1)-Destyn_Turtles triggered Path of Ancestry
Resolve Stack: Ai(1)-Destyn_Turtles scried 1 card(s) to the top of the library
Resolve Stack: When mana produced by Path of Ancestry is spent to cast a creature spell that shares a creature type with your commander, scry 1. ([Donatello, the Brains - Creature 2 / 4]) [Card: Donatello, the Brains (80), Activator: Ai(1)-Destyn_Turtles, SpellAbility: Donatello, the Brains - Creature 2 / 4]
Resolve Stack: Donatello, the Brains - Creature 2 / 4
Phase: Ai(1)-Destyn_Turtles' End step
Phase: Ai(1)-Destyn_Turtles' Cleanup step
Turn: Turn 46 (Ai(2)-GGS_Biting_Palm_diagnostic)
Phase: Ai(2)-GGS_Biting_Palm_diagnostic's Untap step
Phase: Ai(2)-GGS_Biting_Palm_diagnostic's Upkeep step
Phase: Ai(2)-GGS_Biting_Palm_diagnostic's Draw step
Phase: Ai(2)-GGS_Biting_Palm_diagnostic's Main phase, precombat
Mana: Reflecting Pool (159) - {T}: Add one mana of any type that a land you control could produce.
Mana: Training Center (130) - {T}: Add {U} or {R}.
Mana: Takenuma, Abandoned Mire (185) - {T}: Add {B}.
Mana: Morphic Pool (131) - {T}: Add {U} or {B}.
Mana: Watery Grave (172) - {T}: Add {B}.
Mana: Gloomlake Verge (126) - {T}: Add {B}. Activate only if you control an Island or a Swamp.
Mana: Xander's Lounge (187) - {T}: Add {R}.
Add To Stack: Ai(2)-GGS_Biting_Palm_diagnostic cast Goro-Goro and Satoru
Resolve Stack: Goro-Goro and Satoru - Creature 3 / 4
Add To Stack: Ai(2)-GGS_Biting_Palm_diagnostic triggered Purphoros, God of the Forge
Damage: Purphoros, God of the Forge (163) deals 2 non-combat damage to Ai(1)-Destyn_Turtles.
Life: Life: Ai(1)-Destyn_Turtles 7 > 5
Resolve Stack: Whenever another creature you control enters, Purphoros, God of the Forge deals 2 damage to each opponent. [Zone Changer: Goro-Goro and Satoru (201)]
Mana: Big Apple, 3 a.m. (71) - {T}: Add one mana of the chosen color.
Mana: Hidden Hideout (54) - {T}: Add one mana of any color in your commander's color identity.
Zone Change: Food Token (444) was put into Graveyard from Battlefield.
Add To Stack: Ai(1)-Destyn_Turtles activated Food Token
Life: Life: Ai(1)-Destyn_Turtles 5 > 8
Resolve Stack: Food Token (444) - Ai(1)-Destyn_Turtles gains 3 life.
Phase: Ai(2)-GGS_Biting_Palm_diagnostic's Beginning of Combat Step
Phase: Ai(2)-GGS_Biting_Palm_diagnostic's Declare Attackers Step
Combat: Ai(2)-GGS_Biting_Palm_diagnostic assigned Purphoros, God of the Forge (163), Draconic Visitor (115), Dragon Spirit Token (506), Dragon Spirit Token (516), Tetsuko Umezawa, Fugitive (175), Phoenix Chick (170) and Krenko, Tin Street Kingpin (134) to attack Ai(1)-Destyn_Turtles.
Add To Stack: Ai(2)-GGS_Biting_Palm_diagnostic triggered Krenko, Tin Street Kingpin
Resolve Stack: Whenever Krenko, Tin Street Kingpin attacks, put a +1/+1 counter on it, then create a number of 1/1 red Goblin creature tokens equal to Krenko's power. [Attacker: Krenko, Tin Street Kingpin (134)]
Add To Stack: Ai(2)-GGS_Biting_Palm_diagnostic triggered Purphoros, God of the Forge
Add To Stack: Ai(2)-GGS_Biting_Palm_diagnostic triggered Purphoros, God of the Forge
Damage: Purphoros, God of the Forge (163) deals 2 non-combat damage to Ai(1)-Destyn_Turtles.
Life: Life: Ai(1)-Destyn_Turtles 8 > 6
Resolve Stack: Whenever another creature you control enters, Purphoros, God of the Forge deals 2 damage to each opponent. [Zone Changer: Goblin Token (543)]
Damage: Purphoros, God of the Forge (163) deals 2 non-combat damage to Ai(1)-Destyn_Turtles.
Life: Life: Ai(1)-Destyn_Turtles 6 > 4
Resolve Stack: Whenever another creature you control enters, Purphoros, God of the Forge deals 2 damage to each opponent. [Zone Changer: Goblin Token (542)]
Phase: Ai(2)-GGS_Biting_Palm_diagnostic's Declare Blockers Step
Combat: Ai(1)-Destyn_Turtles assigned Michelangelo, the Heart (99) to block Purphoros, God of the Forge (163).
Ai(1)-Destyn_Turtles didn't block Draconic Visitor (115).
Ai(1)-Destyn_Turtles didn't block Dragon Spirit Token (506).
Ai(1)-Destyn_Turtles didn't block Dragon Spirit Token (516).
Ai(1)-Destyn_Turtles didn't block Tetsuko Umezawa, Fugitive (175).
Ai(1)-Destyn_Turtles didn't block Phoenix Chick (170).
Ai(1)-Destyn_Turtles assigned Donatello, the Brains (80) and Leonardo, the Balance (101) to block Krenko, Tin Street Kingpin (134).
Phase: Ai(2)-GGS_Biting_Palm_diagnostic's First Strike Damage Step
Phase: Ai(2)-GGS_Biting_Palm_diagnostic's Combat Damage Step
Damage: Purphoros, God of the Forge (163) deals 6 damage to Michelangelo, the Heart (99).
Damage: Draconic Visitor (115) deals 5 combat damage to Ai(1)-Destyn_Turtles.
Damage: Dragon Spirit Token (506) deals 5 combat damage to Ai(1)-Destyn_Turtles.
Damage: Dragon Spirit Token (516) deals 5 combat damage to Ai(1)-Destyn_Turtles.
Damage: Tetsuko Umezawa, Fugitive (175) deals 1 combat damage to Ai(1)-Destyn_Turtles.
Damage: Phoenix Chick (170) deals 1 combat damage to Ai(1)-Destyn_Turtles.
Damage: Krenko, Tin Street Kingpin (134) deals 2 damage to Leonardo, the Balance (101).
Damage: Michelangelo, the Heart (99) deals 2 damage to Purphoros, God of the Forge (163).
Damage: Donatello, the Brains (80) deals 2 damage to Krenko, Tin Street Kingpin (134).
Damage: Leonardo, the Balance (101) deals 10 damage to Krenko, Tin Street Kingpin (134).
Life: Life: Ai(1)-Destyn_Turtles 4 > -13
Player Control: Ai(1)-Destyn_Turtles has restored control over themself
Player Control: Ai(2)-GGS_Biting_Palm_diagnostic has restored control over themself
Player Control: Ai(3)-Jaymie_Ezio has restored control over themself
Player Control: Ai(4)-Gabe_Food has restored control over themself
Game Outcome: Match Duration 3m : 55s
Game Outcome: Turn 23
Game Outcome: Ai(1)-Destyn_Turtles has lost because life total reached 0
Game Outcome: Ai(2)-GGS_Biting_Palm_diagnostic has won because all opponents have lost
Game Outcome: Ai(3)-Jaymie_Ezio has lost because life total reached 0
Game Outcome: Ai(4)-Gabe_Food has lost because life total reached 0
Match Result: Ai(1)-Destyn_Turtles: 0 Ai(2)-GGS_Biting_Palm_diagnostic: 1 Ai(3)-Jaymie_Ezio: 0 Ai(4)-Gabe_Food: 0 

Game Result: Game 1 ended in 237242 ms. Ai(2)-GGS_Biting_Palm_diagnostic has won!

