Error handling registered!
20:53:10 [INFO ] GuiBase: ##########################################
20:53:10 [INFO ] GuiBase: APP: Forge v.2.0.15-SNAPSHOT-09.28
20:53:10 [INFO ] GuiBase: Java: 17.0.20 (Ubuntu)
20:53:10 [INFO ] GuiBase: OS: Linux 6.18.44 amd64
20:53:10 [INFO ] GuiBase: RAM: 1536 MB max, 8 CPUs
20:53:10 [INFO ] GuiBase: ##########################################
Language 'en-US' loaded successfully.
(ThreadUtil first call): Running with priority 5
Read cards: 34010 archived files in 1 ms (25 parts) using thread pool
Upcoming set Star Trek (TRK) dated in the future. All `upcoming` cards will be added to this set with unknown rarity.
The card A-Alrund's Epiphany was not assigned to any set. Adding it to UNKNOWN set... to fix see res/editions/ folder. 
The card A-Baba Lysaga, Night Witch was not assigned to any set. Adding it to UNKNOWN set... to fix see res/editions/ folder. 
The card A-Divide by Zero was not assigned to any set. Adding it to UNKNOWN set... to fix see res/editions/ folder. 
The card A-Esika's Chariot was not assigned to any set. Adding it to UNKNOWN set... to fix see res/editions/ folder. 
The card A-Faceless Haven was not assigned to any set. Adding it to UNKNOWN set... to fix see res/editions/ folder. 
The card A-Fires of Invention was not assigned to any set. Adding it to UNKNOWN set... to fix see res/editions/ folder. 
The card A-Goldspan Dragon was not assigned to any set. Adding it to UNKNOWN set... to fix see res/editions/ folder. 
The card A-Hullbreaker Horror was not assigned to any set. Adding it to UNKNOWN set... to fix see res/editions/ folder. 
The card A-Kumano Faces Kakkazan was not assigned to any set. Adding it to UNKNOWN set... to fix see res/editions/ folder. 
The card A-Luminarch Aspirant was not assigned to any set. Adding it to UNKNOWN set... to fix see res/editions/ folder. 
The card A-Monster Manual was not assigned to any set. Adding it to UNKNOWN set... to fix see res/editions/ folder. 
The card A-Omnath, Locus of Creation was not assigned to any set. Adding it to UNKNOWN set... to fix see res/editions/ folder. 
The card A-The Meathook Massacre was not assigned to any set. Adding it to UNKNOWN set... to fix see res/editions/ folder. 
The card A-Unholy Heat was not assigned to any set. Adding it to UNKNOWN set... to fix see res/editions/ folder. 
The card Blinding Radiance was not assigned to any set. Adding it to UNKNOWN set... to fix see res/editions/ folder. 
The card Goblin Bruiser was not assigned to any set. Adding it to UNKNOWN set... to fix see res/editions/ folder. 
The card Ogre Painbringer was not assigned to any set. Adding it to UNKNOWN set... to fix see res/editions/ folder. 
The card Titanic Pelagosaur was not assigned to any set. Adding it to UNKNOWN set... to fix see res/editions/ folder. 
The card Treetop Recluse was not assigned to any set. Adding it to UNKNOWN set... to fix see res/editions/ folder. 
Upcoming set Star Trek (TRK) dated in the future. All `upcoming` cards will be added to this set with unknown rarity.
Read cards: 854 files in 0 ms (8 parts) using thread pool
Simulation mode
Ai(1)-GGS_Mission_diagnostic vs Ai(2)-Jaymie_Ezio vs Ai(3)-Gabe_Food vs Ai(4)-Destyn_Turtles - one game of Commander seed 20260930
Warning: default (ie. inherited from base class) implementation of confirmAction is used by Leonardo, the Balance for forge.ai.ability.PermanentCreatureAi. Consider declaring an overloaded method
Warning: default (ie. inherited from base class) implementation of confirmAction is used by Goro-Goro and Satoru for forge.ai.ability.PermanentCreatureAi. Consider declaring an overloaded method
Warning: default (ie. inherited from base class) implementation of confirmAction is used by Frodo, Adventurous Hobbit for forge.ai.ability.PermanentCreatureAi. Consider declaring an overloaded method
Warning: default (ie. inherited from base class) implementation of confirmAction is used by Sam, Loyal Attendant for forge.ai.ability.PermanentCreatureAi. Consider declaring an overloaded method
Warning: default (ie. inherited from base class) implementation of confirmAction is used by Michelangelo, the Heart for forge.ai.ability.PermanentCreatureAi. Consider declaring an overloaded method
Warning: default (ie. inherited from base class) implementation of confirmAction is used by Goro-Goro and Satoru for forge.ai.ability.PermanentCreatureAi. Consider declaring an overloaded method
Warning: default (ie. inherited from base class) implementation of confirmAction is used by Sam, Loyal Attendant for forge.ai.ability.PermanentCreatureAi. Consider declaring an overloaded method
Mulligan: Ai(1)-GGS_Mission_diagnostic has mulliganed down to 7 cards.
Mulligan: Ai(3)-Gabe_Food has mulliganed down to 7 cards.
Mulligan: Ai(4)-Destyn_Turtles has kept a hand of 7 cards
Mulligan: Ai(1)-GGS_Mission_diagnostic has kept a hand of 7 cards
Mulligan: Ai(2)-Jaymie_Ezio has kept a hand of 7 cards
Mulligan: Ai(3)-Gabe_Food has kept a hand of 7 cards
Turn: Turn 1 (Ai(4)-Destyn_Turtles)
Phase: Ai(4)-Destyn_Turtles' Untap step
Phase: Ai(4)-Destyn_Turtles' Upkeep step
Phase: Ai(4)-Destyn_Turtles' Draw step
Phase: Ai(4)-Destyn_Turtles' Main phase, precombat
Replacement Effect: Path of Ancestry enters tapped.
Land: Ai(4)-Destyn_Turtles played Path of Ancestry (315)
Phase: Ai(4)-Destyn_Turtles' Beginning of Combat Step
Phase: Ai(4)-Destyn_Turtles' Declare Attackers Step
Phase: Ai(4)-Destyn_Turtles' Declare Blockers Step
Phase: Ai(4)-Destyn_Turtles' First Strike Damage Step
Phase: Ai(4)-Destyn_Turtles' Combat Damage Step
Phase: Ai(4)-Destyn_Turtles' End of Combat Step
Phase: Ai(4)-Destyn_Turtles' Main phase, postcombat
Phase: Ai(4)-Destyn_Turtles' End step
Phase: Ai(4)-Destyn_Turtles' Cleanup step
Turn: Turn 2 (Ai(1)-GGS_Mission_diagnostic)
Phase: Ai(1)-GGS_Mission_diagnostic's Untap step
Phase: Ai(1)-GGS_Mission_diagnostic's Upkeep step
Phase: Ai(1)-GGS_Mission_diagnostic's Draw step
Phase: Ai(1)-GGS_Mission_diagnostic's Main phase, precombat
Land: Ai(1)-GGS_Mission_diagnostic played Swamp (82)
Phase: Ai(1)-GGS_Mission_diagnostic's Beginning of Combat Step
Phase: Ai(1)-GGS_Mission_diagnostic's Declare Attackers Step
Phase: Ai(1)-GGS_Mission_diagnostic's Declare Blockers Step
Phase: Ai(1)-GGS_Mission_diagnostic's First Strike Damage Step
Phase: Ai(1)-GGS_Mission_diagnostic's Combat Damage Step
Phase: Ai(1)-GGS_Mission_diagnostic's End of Combat Step
Phase: Ai(1)-GGS_Mission_diagnostic's Main phase, postcombat
Phase: Ai(1)-GGS_Mission_diagnostic's End step
Phase: Ai(1)-GGS_Mission_diagnostic's Cleanup step
Turn: Turn 3 (Ai(2)-Jaymie_Ezio)
Phase: Ai(2)-Jaymie_Ezio's Untap step
Phase: Ai(2)-Jaymie_Ezio's Upkeep step
Phase: Ai(2)-Jaymie_Ezio's Draw step
Phase: Ai(2)-Jaymie_Ezio's Main phase, precombat
Land: Ai(2)-Jaymie_Ezio played Abstergo Entertainment (121)
Phase: Ai(2)-Jaymie_Ezio's Beginning of Combat Step
Phase: Ai(2)-Jaymie_Ezio's Declare Attackers Step
Phase: Ai(2)-Jaymie_Ezio's Declare Blockers Step
Phase: Ai(2)-Jaymie_Ezio's First Strike Damage Step
Phase: Ai(2)-Jaymie_Ezio's Combat Damage Step
Phase: Ai(2)-Jaymie_Ezio's End of Combat Step
Phase: Ai(2)-Jaymie_Ezio's Main phase, postcombat
Phase: Ai(2)-Jaymie_Ezio's End step
Phase: Ai(2)-Jaymie_Ezio's Cleanup step
Turn: Turn 4 (Ai(3)-Gabe_Food)
Phase: Ai(3)-Gabe_Food's Untap step
Phase: Ai(3)-Gabe_Food's Upkeep step
Phase: Ai(3)-Gabe_Food's Draw step
Phase: Ai(3)-Gabe_Food's Main phase, precombat
Replacement Effect: Scattered Groves enters tapped.
Land: Ai(3)-Gabe_Food played Scattered Groves (248)
Phase: Ai(3)-Gabe_Food's Beginning of Combat Step
Phase: Ai(3)-Gabe_Food's Declare Attackers Step
Phase: Ai(3)-Gabe_Food's Declare Blockers Step
Phase: Ai(3)-Gabe_Food's First Strike Damage Step
Phase: Ai(3)-Gabe_Food's Combat Damage Step
Phase: Ai(3)-Gabe_Food's End of Combat Step
Phase: Ai(3)-Gabe_Food's Main phase, postcombat
Phase: Ai(3)-Gabe_Food's End step
Phase: Ai(3)-Gabe_Food's Cleanup step
Turn: Turn 5 (Ai(4)-Destyn_Turtles)
Phase: Ai(4)-Destyn_Turtles' Untap step
Phase: Ai(4)-Destyn_Turtles' Upkeep step
Phase: Ai(4)-Destyn_Turtles' Draw step
Phase: Ai(4)-Destyn_Turtles' Main phase, precombat
Land: Ai(4)-Destyn_Turtles played Command Tower (331)
Phase: Ai(4)-Destyn_Turtles' Beginning of Combat Step
Phase: Ai(4)-Destyn_Turtles' Declare Attackers Step
Phase: Ai(4)-Destyn_Turtles' Declare Blockers Step
Phase: Ai(4)-Destyn_Turtles' First Strike Damage Step
Phase: Ai(4)-Destyn_Turtles' Combat Damage Step
Phase: Ai(4)-Destyn_Turtles' End of Combat Step
Phase: Ai(4)-Destyn_Turtles' Main phase, postcombat
Mana: Path of Ancestry (315) - {T}: Add one mana of any color in your commander's color identity. When that mana is spent to cast a creature spell that shares a creature type with your commander, scry 1. (Look at the top card of your library. You may put that card on the bottom.)
Mana: Command Tower (331) - {T}: Add one mana of any color in your commander's color identity.
Add To Stack: Ai(4)-Destyn_Turtles cast Michelangelo, the Heart
Add To Stack: Ai(4)-Destyn_Turtles triggered Path of Ancestry
Resolve Stack: Ai(4)-Destyn_Turtles scried 1 card(s) to the top of the library
Resolve Stack: When mana produced by Path of Ancestry is spent to cast a creature spell that shares a creature type with your commander, scry 1. ([Michelangelo, the Heart - Creature 2 / 1]) [Card: Michelangelo, the Heart (402), Activator: Ai(4)-Destyn_Turtles, SpellAbility: Michelangelo, the Heart - Creature 2 / 1]
Resolve Stack: Michelangelo, the Heart - Creature 2 / 1
Phase: Ai(4)-Destyn_Turtles' End step
Phase: Ai(4)-Destyn_Turtles' Cleanup step
Turn: Turn 6 (Ai(1)-GGS_Mission_diagnostic)
Phase: Ai(1)-GGS_Mission_diagnostic's Untap step
Phase: Ai(1)-GGS_Mission_diagnostic's Upkeep step
Phase: Ai(1)-GGS_Mission_diagnostic's Draw step
Phase: Ai(1)-GGS_Mission_diagnostic's Main phase, precombat
Land: Ai(1)-GGS_Mission_diagnostic played Riverpyre Verge (95)
Phase: Ai(1)-GGS_Mission_diagnostic's Beginning of Combat Step
Phase: Ai(1)-GGS_Mission_diagnostic's Declare Attackers Step
Phase: Ai(1)-GGS_Mission_diagnostic's Declare Blockers Step
Phase: Ai(1)-GGS_Mission_diagnostic's First Strike Damage Step
Phase: Ai(1)-GGS_Mission_diagnostic's Combat Damage Step
Phase: Ai(1)-GGS_Mission_diagnostic's End of Combat Step
Phase: Ai(1)-GGS_Mission_diagnostic's Main phase, postcombat
Phase: Ai(1)-GGS_Mission_diagnostic's End step
Phase: Ai(1)-GGS_Mission_diagnostic's Cleanup step
Turn: Turn 7 (Ai(2)-Jaymie_Ezio)
Phase: Ai(2)-Jaymie_Ezio's Untap step
Phase: Ai(2)-Jaymie_Ezio's Upkeep step
Phase: Ai(2)-Jaymie_Ezio's Draw step
Phase: Ai(2)-Jaymie_Ezio's Main phase, precombat
Land: Ai(2)-Jaymie_Ezio played Plains (191)
Phase: Ai(2)-Jaymie_Ezio's Beginning of Combat Step
Phase: Ai(2)-Jaymie_Ezio's Declare Attackers Step
Phase: Ai(2)-Jaymie_Ezio's Declare Blockers Step
Phase: Ai(2)-Jaymie_Ezio's First Strike Damage Step
Phase: Ai(2)-Jaymie_Ezio's Combat Damage Step
Phase: Ai(2)-Jaymie_Ezio's End of Combat Step
Phase: Ai(2)-Jaymie_Ezio's Main phase, postcombat
Phase: Ai(2)-Jaymie_Ezio's End step
Phase: Ai(2)-Jaymie_Ezio's Cleanup step
Turn: Turn 8 (Ai(3)-Gabe_Food)
Phase: Ai(3)-Gabe_Food's Untap step
Phase: Ai(3)-Gabe_Food's Upkeep step
Phase: Ai(3)-Gabe_Food's Draw step
Phase: Ai(3)-Gabe_Food's Main phase, precombat
Replacement Effect: Isolated Chapel enters tapped unless you control a Plains or a Swamp.
Land: Ai(3)-Gabe_Food played Isolated Chapel (245)
Phase: Ai(3)-Gabe_Food's Beginning of Combat Step
Phase: Ai(3)-Gabe_Food's Declare Attackers Step
Phase: Ai(3)-Gabe_Food's Declare Blockers Step
Phase: Ai(3)-Gabe_Food's First Strike Damage Step
Phase: Ai(3)-Gabe_Food's Combat Damage Step
Phase: Ai(3)-Gabe_Food's End of Combat Step
Phase: Ai(3)-Gabe_Food's Main phase, postcombat
Mana: Isolated Chapel (245) - {T}: Add {W} or {B}.
Mana: Scattered Groves (248) - {T}: Add {W}.
Add To Stack: Ai(3)-Gabe_Food cast Frodo, Adventurous Hobbit
Resolve Stack: Frodo, Adventurous Hobbit - Creature 1 / 3
Add To Stack: Ai(3)-Gabe_Food triggered Frodo, Adventurous Hobbit targeting [Ai(3)-Gabe_Food]
Resolve Stack: Partner with Sam, Loyal Attendant (When this creature enters, target player may put Sam into their hand from their library, then shuffle.) (Targeting: [[Ai(3)-Gabe_Food]]) [Zone Changer: Frodo, Adventurous Hobbit (301)]
Phase: Ai(3)-Gabe_Food's End step
Phase: Ai(3)-Gabe_Food's Cleanup step
Turn: Turn 9 (Ai(4)-Destyn_Turtles)
Phase: Ai(4)-Destyn_Turtles' Untap step
Phase: Ai(4)-Destyn_Turtles' Upkeep step
Phase: Ai(4)-Destyn_Turtles' Draw step
Phase: Ai(4)-Destyn_Turtles' Main phase, precombat
Land: Ai(4)-Destyn_Turtles played Island (332)
Phase: Ai(4)-Destyn_Turtles' Beginning of Combat Step
Phase: Ai(4)-Destyn_Turtles' Declare Attackers Step
Phase: Ai(4)-Destyn_Turtles' Declare Blockers Step
Phase: Ai(4)-Destyn_Turtles' First Strike Damage Step
Phase: Ai(4)-Destyn_Turtles' Combat Damage Step
Phase: Ai(4)-Destyn_Turtles' End of Combat Step
Phase: Ai(4)-Destyn_Turtles' Main phase, postcombat
Mana: Path of Ancestry (315) - {T}: Add one mana of any color in your commander's color identity. When that mana is spent to cast a creature spell that shares a creature type with your commander, scry 1. (Look at the top card of your library. You may put that card on the bottom.)
Mana: Island (332) - {T}: Add {U}.
Mana: Command Tower (331) - {T}: Add one mana of any color in your commander's color identity.
Add To Stack: Ai(4)-Destyn_Turtles cast Ninja Pizza
Resolve Stack: Ninja Pizza
Phase: Ai(4)-Destyn_Turtles' End step
Phase: Ai(4)-Destyn_Turtles' Cleanup step
Turn: Turn 10 (Ai(1)-GGS_Mission_diagnostic)
Phase: Ai(1)-GGS_Mission_diagnostic's Untap step
Phase: Ai(1)-GGS_Mission_diagnostic's Upkeep step
Phase: Ai(1)-GGS_Mission_diagnostic's Draw step
Phase: Ai(1)-GGS_Mission_diagnostic's Main phase, precombat
Replacement Effect: Morphic Pool enters tapped unless you have two or more opponents.
Land: Ai(1)-GGS_Mission_diagnostic played Morphic Pool (30)
Phase: Ai(1)-GGS_Mission_diagnostic's Beginning of Combat Step
Phase: Ai(1)-GGS_Mission_diagnostic's Declare Attackers Step
Phase: Ai(1)-GGS_Mission_diagnostic's Declare Blockers Step
Phase: Ai(1)-GGS_Mission_diagnostic's First Strike Damage Step
Phase: Ai(1)-GGS_Mission_diagnostic's Combat Damage Step
Phase: Ai(1)-GGS_Mission_diagnostic's End of Combat Step
Phase: Ai(1)-GGS_Mission_diagnostic's Main phase, postcombat
Mana: Morphic Pool (30) - {T}: Add {U} or {B}.
Mana: Swamp (82) - {T}: Add {B}.
Mana: Riverpyre Verge (95) - {T}: Add {R}.
Add To Stack: Ai(1)-GGS_Mission_diagnostic cast Goro-Goro and Satoru
Resolve Stack: Goro-Goro and Satoru - Creature 3 / 4
Phase: Ai(1)-GGS_Mission_diagnostic's End step
Phase: Ai(1)-GGS_Mission_diagnostic's Cleanup step
Turn: Turn 11 (Ai(2)-Jaymie_Ezio)
Phase: Ai(2)-Jaymie_Ezio's Untap step
Phase: Ai(2)-Jaymie_Ezio's Upkeep step
Phase: Ai(2)-Jaymie_Ezio's Draw step
Phase: Ai(2)-Jaymie_Ezio's Main phase, precombat
Land: Ai(2)-Jaymie_Ezio played Mountain (189)
Phase: Ai(2)-Jaymie_Ezio's Beginning of Combat Step
Phase: Ai(2)-Jaymie_Ezio's Declare Attackers Step
Phase: Ai(2)-Jaymie_Ezio's Declare Blockers Step
Phase: Ai(2)-Jaymie_Ezio's First Strike Damage Step
Phase: Ai(2)-Jaymie_Ezio's Combat Damage Step
Phase: Ai(2)-Jaymie_Ezio's End of Combat Step
Phase: Ai(2)-Jaymie_Ezio's Main phase, postcombat
Phase: Ai(2)-Jaymie_Ezio's End step
Phase: Ai(2)-Jaymie_Ezio's Cleanup step
Turn: Turn 12 (Ai(3)-Gabe_Food)
Phase: Ai(3)-Gabe_Food's Untap step
Phase: Ai(3)-Gabe_Food's Upkeep step
Phase: Ai(3)-Gabe_Food's Draw step
Phase: Ai(3)-Gabe_Food's Main phase, precombat
Phase: Ai(3)-Gabe_Food's Beginning of Combat Step
Phase: Ai(3)-Gabe_Food's Declare Attackers Step
Phase: Ai(3)-Gabe_Food's Declare Blockers Step
Phase: Ai(3)-Gabe_Food's First Strike Damage Step
Phase: Ai(3)-Gabe_Food's Combat Damage Step
Phase: Ai(3)-Gabe_Food's End of Combat Step
Phase: Ai(3)-Gabe_Food's Main phase, postcombat
Replacement Effect: Path of Ancestry enters tapped.
Land: Ai(3)-Gabe_Food played Path of Ancestry (213)
Mana: Isolated Chapel (245) - {T}: Add {W} or {B}.
Mana: Scattered Groves (248) - {T}: Add {G}.
Add To Stack: Ai(3)-Gabe_Food cast Dawn of Hope
Add To Stack: Ai(1)-GGS_Mission_diagnostic cast Fierce Guardianship targeting [Dawn of Hope]
Zone Change: Send countered spell to Graveyard
Resolve Stack: Fierce Guardianship (22) - Counter Dawn of Hope (294).
Phase: Ai(3)-Gabe_Food's End step
Phase: Ai(3)-Gabe_Food's Cleanup step
Turn: Turn 13 (Ai(4)-Destyn_Turtles)
Phase: Ai(4)-Destyn_Turtles' Untap step
Phase: Ai(4)-Destyn_Turtles' Upkeep step
Phase: Ai(4)-Destyn_Turtles' Draw step
Phase: Ai(4)-Destyn_Turtles' Main phase, precombat
Replacement Effect: Spire Garden enters tapped unless you have two or more opponents.
Land: Ai(4)-Destyn_Turtles played Spire Garden (392)
Phase: Ai(4)-Destyn_Turtles' Beginning of Combat Step
Phase: Ai(4)-Destyn_Turtles' Declare Attackers Step
Phase: Ai(4)-Destyn_Turtles' Declare Blockers Step
Phase: Ai(4)-Destyn_Turtles' First Strike Damage Step
Phase: Ai(4)-Destyn_Turtles' Combat Damage Step
Phase: Ai(4)-Destyn_Turtles' End of Combat Step
Phase: Ai(4)-Destyn_Turtles' Main phase, postcombat
Add To Stack: Ai(4)-Destyn_Turtles triggered Ninja Pizza
Resolve Stack: At the beginning of your second main phase, create a Food token. (It's an artifact with "{2}, {T}, Sacrifice this token: You gain 3 life.") [Phase: Ai(4)-Destyn_Turtles]
Mana: Spire Garden (392) - {T}: Add {R} or {G}.
Mana: Island (332) - {T}: Add {U}.
Mana: Path of Ancestry (315) - {T}: Add one mana of any color in your commander's color identity. When that mana is spent to cast a creature spell that shares a creature type with your commander, scry 1. (Look at the top card of your library. You may put that card on the bottom.)
Mana: Command Tower (331) - {T}: Add one mana of any color in your commander's color identity.
Zone Change: Food Token (412) was put into Graveyard from Battlefield.
Mana: Food Token (412) - {T}, Sacrifice this artifact: Add one mana of any color.
Add To Stack: Ai(4)-Destyn_Turtles cast Raphael, the Muscle
Add To Stack: Ai(4)-Destyn_Turtles triggered Path of Ancestry
Resolve Stack: Ai(4)-Destyn_Turtles scried 1 card(s) to the top of the library
Resolve Stack: When mana produced by Path of Ancestry is spent to cast a creature spell that shares a creature type with your commander, scry 1. ([Raphael, the Muscle - Creature 4 / 4]) [Card: Raphael, the Muscle (378), Activator: Ai(4)-Destyn_Turtles, SpellAbility: Raphael, the Muscle - Creature 4 / 4]
Resolve Stack: Raphael, the Muscle - Creature 4 / 4
Add To Stack: Ai(4)-Destyn_Turtles triggered Raphael, the Muscle
Resolve Stack: When Raphael enters, create a Mutagen token. [Zone Changer: Raphael, the Muscle (378)]
Phase: Ai(4)-Destyn_Turtles' End step
Phase: Ai(4)-Destyn_Turtles' Cleanup step
Turn: Turn 14 (Ai(1)-GGS_Mission_diagnostic)
Phase: Ai(1)-GGS_Mission_diagnostic's Untap step
Phase: Ai(1)-GGS_Mission_diagnostic's Upkeep step
Phase: Ai(1)-GGS_Mission_diagnostic's Draw step
Phase: Ai(1)-GGS_Mission_diagnostic's Main phase, precombat
Land: Ai(1)-GGS_Mission_diagnostic played Mana Confluence (45)
Phase: Ai(1)-GGS_Mission_diagnostic's Beginning of Combat Step
Mana: Swamp (82) - {T}: Add {B}.
Mana: Morphic Pool (30) - {T}: Add {U} or {B}.
Mana: Riverpyre Verge (95) - {T}: Add {R}.
Life: Life: Ai(1)-GGS_Mission_diagnostic 40 > 39
Mana: Mana Confluence (45) - {T}, Pay 1 life: Add one mana of any color.
Add To Stack: Ai(1)-GGS_Mission_diagnostic cast Fell the Profane targeting [Raphael, the Muscle (378)]
Zone Change: Raphael, the Muscle (378) was put into Graveyard from Battlefield.
Resolve Stack: Fell the Profane (69) - Destroy Raphael, the Muscle (378).
Phase: Ai(1)-GGS_Mission_diagnostic's Declare Attackers Step
Combat: Ai(1)-GGS_Mission_diagnostic assigned Goro-Goro and Satoru (100) to attack Ai(4)-Destyn_Turtles.
Phase: Ai(1)-GGS_Mission_diagnostic's Declare Blockers Step
Combat: Ai(4)-Destyn_Turtles didn't block Goro-Goro and Satoru (100).
Phase: Ai(1)-GGS_Mission_diagnostic's First Strike Damage Step
Phase: Ai(1)-GGS_Mission_diagnostic's Combat Damage Step
Damage: Goro-Goro and Satoru (100) deals 3 combat damage to Ai(4)-Destyn_Turtles.
Life: Life: Ai(4)-Destyn_Turtles 40 > 37
Phase: Ai(1)-GGS_Mission_diagnostic's End of Combat Step
Phase: Ai(1)-GGS_Mission_diagnostic's Main phase, postcombat
Phase: Ai(1)-GGS_Mission_diagnostic's End step
Phase: Ai(1)-GGS_Mission_diagnostic's Cleanup step
Turn: Turn 15 (Ai(2)-Jaymie_Ezio)
Phase: Ai(2)-Jaymie_Ezio's Untap step
Phase: Ai(2)-Jaymie_Ezio's Upkeep step
Phase: Ai(2)-Jaymie_Ezio's Draw step
Phase: Ai(2)-Jaymie_Ezio's Main phase, precombat
Land: Ai(2)-Jaymie_Ezio played Island (134)
Phase: Ai(2)-Jaymie_Ezio's Beginning of Combat Step
Phase: Ai(2)-Jaymie_Ezio's Declare Attackers Step
Phase: Ai(2)-Jaymie_Ezio's Declare Blockers Step
Phase: Ai(2)-Jaymie_Ezio's First Strike Damage Step
Phase: Ai(2)-Jaymie_Ezio's Combat Damage Step
Phase: Ai(2)-Jaymie_Ezio's End of Combat Step
Phase: Ai(2)-Jaymie_Ezio's Main phase, postcombat
Mana: Island (134) - {T}: Add {U}.
Mana: Mountain (189) - {T}: Add {R}.
Mana: Plains (191) - {T}: Add {W}.
Add To Stack: Ai(2)-Jaymie_Ezio cast Shao Jun
Resolve Stack: Shao Jun - Creature 3 / 3
Phase: Ai(2)-Jaymie_Ezio's End step
Phase: Ai(2)-Jaymie_Ezio's Cleanup step
Turn: Turn 16 (Ai(3)-Gabe_Food)
Phase: Ai(3)-Gabe_Food's Untap step
Phase: Ai(3)-Gabe_Food's Upkeep step
Phase: Ai(3)-Gabe_Food's Draw step
Phase: Ai(3)-Gabe_Food's Main phase, precombat
Land: Ai(3)-Gabe_Food played Plains (290)
Mana: Scattered Groves (248) - {T}: Add {G}.
Mana: Plains (290) - {T}: Add {W}.
Mana: Isolated Chapel (245) - {T}: Add {W} or {B}.
Mana: Path of Ancestry (213) - {T}: Add one mana of any color in your commander's color identity. When that mana is spent to cast a creature spell that shares a creature type with your commander, scry 1. (Look at the top card of your library. You may put that card on the bottom.)
Add To Stack: Ai(3)-Gabe_Food cast Assemble the Entmoot
Resolve Stack: Assemble the Entmoot
Phase: Ai(3)-Gabe_Food's Beginning of Combat Step
Phase: Ai(3)-Gabe_Food's Declare Attackers Step
Combat: Ai(3)-Gabe_Food assigned Frodo, Adventurous Hobbit (301) to attack Ai(4)-Destyn_Turtles.
Phase: Ai(3)-Gabe_Food's Declare Blockers Step
Combat: Ai(4)-Destyn_Turtles didn't block Frodo, Adventurous Hobbit (301).
Phase: Ai(3)-Gabe_Food's First Strike Damage Step
Phase: Ai(3)-Gabe_Food's Combat Damage Step
Damage: Frodo, Adventurous Hobbit (301) deals 1 combat damage to Ai(4)-Destyn_Turtles.
Life: Life: Ai(4)-Destyn_Turtles 37 > 36
Phase: Ai(3)-Gabe_Food's End of Combat Step
Phase: Ai(3)-Gabe_Food's Main phase, postcombat
Phase: Ai(3)-Gabe_Food's End step
Phase: Ai(3)-Gabe_Food's Cleanup step
Turn: Turn 17 (Ai(4)-Destyn_Turtles)
Phase: Ai(4)-Destyn_Turtles' Untap step
Phase: Ai(4)-Destyn_Turtles' Upkeep step
Phase: Ai(4)-Destyn_Turtles' Draw step
Phase: Ai(4)-Destyn_Turtles' Main phase, precombat
Phase: Ai(4)-Destyn_Turtles' Beginning of Combat Step
Phase: Ai(4)-Destyn_Turtles' Declare Attackers Step
Zone Change: Assemble the Entmoot (203) was put into Graveyard from Battlefield.
Add To Stack: Ai(3)-Gabe_Food activated Assemble the Entmoot
Resolve Stack: Assemble the Entmoot (203) - Ai(3)-Gabe_Food creates three tapped X/X green Treefolk creature tokens, where X is the amount of life you gained this turn. Put a reach counter on each of them. Ai(3)-Gabe_Food puts a reach counter on . 
Zone Change: Treefolk Token (432) was put into Graveyard from Battlefield.
Zone Change: Treefolk Token (433) was put into Graveyard from Battlefield.
Zone Change: Treefolk Token (434) was put into Graveyard from Battlefield.
Phase: Ai(4)-Destyn_Turtles' Declare Blockers Step
Phase: Ai(4)-Destyn_Turtles' First Strike Damage Step
Phase: Ai(4)-Destyn_Turtles' Combat Damage Step
Phase: Ai(4)-Destyn_Turtles' End of Combat Step
Phase: Ai(4)-Destyn_Turtles' Main phase, postcombat
Add To Stack: Ai(4)-Destyn_Turtles triggered Ninja Pizza
Resolve Stack: At the beginning of your second main phase, create a Food token. (It's an artifact with "{2}, {T}, Sacrifice this token: You gain 3 life.") [Phase: Ai(4)-Destyn_Turtles]
Mana: Spire Garden (392) - {T}: Add {R} or {G}.
Mana: Path of Ancestry (315) - {T}: Add one mana of any color in your commander's color identity. When that mana is spent to cast a creature spell that shares a creature type with your commander, scry 1. (Look at the top card of your library. You may put that card on the bottom.)
Mana: Island (332) - {T}: Add {U}.
Mana: Command Tower (331) - {T}: Add one mana of any color in your commander's color identity.
Zone Change: Food Token (437) was put into Graveyard from Battlefield.
Mana: Food Token (437) - {T}, Sacrifice this artifact: Add one mana of any color.
Add To Stack: Ai(4)-Destyn_Turtles cast Acidic Slime
Resolve Stack: Acidic Slime - Creature 2 / 2
Add To Stack: Ai(4)-Destyn_Turtles triggered Acidic Slime targeting [Abstergo Entertainment (121)]
Mana: Abstergo Entertainment (121) - {T}: Add {C}.
Zone Change: Abstergo Entertainment (121) was put into Graveyard from Battlefield.
Resolve Stack: When Acidic Slime enters, destroy target artifact, enchantment, or land. (Targeting: [[Abstergo Entertainment (121)]]) [Zone Changer: Acidic Slime (365)]
Phase: Ai(4)-Destyn_Turtles' End step
Phase: Ai(4)-Destyn_Turtles' Cleanup step
Turn: Turn 18 (Ai(1)-GGS_Mission_diagnostic)
Phase: Ai(1)-GGS_Mission_diagnostic's Untap step
Phase: Ai(1)-GGS_Mission_diagnostic's Upkeep step
Phase: Ai(1)-GGS_Mission_diagnostic's Draw step
Phase: Ai(1)-GGS_Mission_diagnostic's Main phase, precombat
Land: Ai(1)-GGS_Mission_diagnostic played Flooded Strand (7)
Life: Life: Ai(1)-GGS_Mission_diagnostic 39 > 38
Zone Change: Flooded Strand (7) was put into Graveyard from Battlefield.
Add To Stack: Ai(1)-GGS_Mission_diagnostic activated Flooded Strand
Replacement Effect: As Watery Grave enters, you may pay 2 life. If you don't, it enters tapped.
Resolve Stack: Flooded Strand (7) - Ai(1)-GGS_Mission_diagnostic searches their library for a Plains or Island card, puts it onto the battlefield, then shuffles.
Phase: Ai(1)-GGS_Mission_diagnostic's Beginning of Combat Step
Phase: Ai(1)-GGS_Mission_diagnostic's Declare Attackers Step
Phase: Ai(1)-GGS_Mission_diagnostic's Declare Blockers Step
Phase: Ai(1)-GGS_Mission_diagnostic's First Strike Damage Step
Phase: Ai(1)-GGS_Mission_diagnostic's Combat Damage Step
Phase: Ai(1)-GGS_Mission_diagnostic's End of Combat Step
Phase: Ai(1)-GGS_Mission_diagnostic's Main phase, postcombat
Mana: Riverpyre Verge (95) - {T}: Add {R}.
Mana: Swamp (82) - {T}: Add {B}.
Mana: Morphic Pool (30) - {T}: Add {U} or {B}.
Add To Stack: Ai(1)-GGS_Mission_diagnostic cast Professional Face-Breaker
Resolve Stack: Professional Face-Breaker - Creature 2 / 3
Phase: Ai(1)-GGS_Mission_diagnostic's End step
Phase: Ai(1)-GGS_Mission_diagnostic's Cleanup step
Turn: Turn 19 (Ai(2)-Jaymie_Ezio)
Phase: Ai(2)-Jaymie_Ezio's Untap step
Phase: Ai(2)-Jaymie_Ezio's Upkeep step
Phase: Ai(2)-Jaymie_Ezio's Draw step
Phase: Ai(2)-Jaymie_Ezio's Main phase, precombat
Land: Ai(2)-Jaymie_Ezio played Twisted Landscape (110)
Zone Change: Twisted Landscape (110) was put into Graveyard from Battlefield.
Add To Stack: Ai(2)-Jaymie_Ezio activated Twisted Landscape
Resolve Stack: Twisted Landscape (110) - Ai(2)-Jaymie_Ezio searches their library for a basic Swamp, Mountain, or Forest card, puts it onto the battlefield tapped, then shuffles.
Phase: Ai(2)-Jaymie_Ezio's Beginning of Combat Step
Phase: Ai(2)-Jaymie_Ezio's Declare Attackers Step
Combat: Ai(2)-Jaymie_Ezio assigned Shao Jun (183) to attack Ai(4)-Destyn_Turtles.
Phase: Ai(2)-Jaymie_Ezio's Declare Blockers Step
Combat: Ai(4)-Destyn_Turtles didn't block Shao Jun (183).
Phase: Ai(2)-Jaymie_Ezio's First Strike Damage Step
Damage: Shao Jun (183) deals 3 combat damage to Ai(4)-Destyn_Turtles.
Life: Life: Ai(4)-Destyn_Turtles 36 > 33
Phase: Ai(2)-Jaymie_Ezio's Combat Damage Step
Phase: Ai(2)-Jaymie_Ezio's End of Combat Step
Phase: Ai(2)-Jaymie_Ezio's Main phase, postcombat
Mana: Island (134) - {T}: Add {U}.
Mana: Plains (191) - {T}: Add {W}.
Mana: Mountain (189) - {T}: Add {R}.
Add To Stack: Ai(2)-Jaymie_Ezio cast Lydia Frye
Resolve Stack: Lydia Frye - Creature 3 / 2
Phase: Ai(2)-Jaymie_Ezio's End step
Add To Stack: Ai(2)-Jaymie_Ezio triggered Lydia Frye
Resolve Stack: Ai(2)-Jaymie_Ezio surveiled 1 card(s) to the top of the library
Resolve Stack: At the beginning of your end step, surveil X, where X is the number of tapped Assassins you control. (Look at the top X cards of your library, then put any number of them into your graveyard and the rest on top of your library in any order.) [Phase: Ai(2)-Jaymie_Ezio]
Phase: Ai(2)-Jaymie_Ezio's Cleanup step
Turn: Turn 20 (Ai(3)-Gabe_Food)
Phase: Ai(3)-Gabe_Food's Untap step
Phase: Ai(3)-Gabe_Food's Upkeep step
Phase: Ai(3)-Gabe_Food's Draw step
Phase: Ai(3)-Gabe_Food's Main phase, precombat
Mana: Scattered Groves (248) - {T}: Add {G}.
Mana: Plains (290) - {T}: Add {W}.
Mana: Isolated Chapel (245) - {T}: Add {W} or {B}.
Add To Stack: Ai(3)-Gabe_Food cast Sam, Loyal Attendant
Resolve Stack: Sam, Loyal Attendant - Creature 2 / 4
Add To Stack: Ai(3)-Gabe_Food triggered Sam, Loyal Attendant targeting [Ai(3)-Gabe_Food]
Resolve Stack: Partner with Frodo, Adventurous Hobbit (When this creature enters, target player may put Frodo into their hand from their library, then shuffle.) (Targeting: [[Ai(3)-Gabe_Food]]) [Zone Changer: Sam, Loyal Attendant (303)]
Phase: Ai(3)-Gabe_Food's Beginning of Combat Step
Add To Stack: Ai(3)-Gabe_Food triggered Sam, Loyal Attendant
Resolve Stack: At the beginning of combat on your turn, create a Food token. (It's an artifact with "{2}, {T}, Sacrifice this token: You gain 3 life.") [Phase: Ai(3)-Gabe_Food]
Phase: Ai(3)-Gabe_Food's Declare Attackers Step
Phase: Ai(3)-Gabe_Food's Declare Blockers Step
Phase: Ai(3)-Gabe_Food's First Strike Damage Step
Phase: Ai(3)-Gabe_Food's Combat Damage Step
Phase: Ai(3)-Gabe_Food's End of Combat Step
Phase: Ai(3)-Gabe_Food's Main phase, postcombat
Phase: Ai(3)-Gabe_Food's End step
Phase: Ai(3)-Gabe_Food's Cleanup step
Turn: Turn 21 (Ai(4)-Destyn_Turtles)
Phase: Ai(4)-Destyn_Turtles' Untap step
Phase: Ai(4)-Destyn_Turtles' Upkeep step
Phase: Ai(4)-Destyn_Turtles' Draw step
Phase: Ai(4)-Destyn_Turtles' Main phase, precombat
Phase: Ai(4)-Destyn_Turtles' Beginning of Combat Step
Phase: Ai(4)-Destyn_Turtles' Declare Attackers Step
Phase: Ai(4)-Destyn_Turtles' Declare Blockers Step
Phase: Ai(4)-Destyn_Turtles' First Strike Damage Step
Phase: Ai(4)-Destyn_Turtles' Combat Damage Step
Phase: Ai(4)-Destyn_Turtles' End of Combat Step
Phase: Ai(4)-Destyn_Turtles' Main phase, postcombat
Add To Stack: Ai(4)-Destyn_Turtles triggered Ninja Pizza
Resolve Stack: At the beginning of your second main phase, create a Food token. (It's an artifact with "{2}, {T}, Sacrifice this token: You gain 3 life.") [Phase: Ai(4)-Destyn_Turtles]
Mana: Path of Ancestry (315) - {T}: Add one mana of any color in your commander's color identity. When that mana is spent to cast a creature spell that shares a creature type with your commander, scry 1. (Look at the top card of your library. You may put that card on the bottom.)
Mana: Island (332) - {T}: Add {U}.
Mana: Spire Garden (392) - {T}: Add {R} or {G}.
Mana: Command Tower (331) - {T}: Add one mana of any color in your commander's color identity.
Add To Stack: Ai(4)-Destyn_Turtles cast Leonardo, the Balance
Add To Stack: Ai(4)-Destyn_Turtles triggered Path of Ancestry
Resolve Stack: Ai(4)-Destyn_Turtles scried 1 card(s) to the top of the library
Resolve Stack: When mana produced by Path of Ancestry is spent to cast a creature spell that shares a creature type with your commander, scry 1. ([Leonardo, the Balance - Creature 3 / 3]) [Card: Leonardo, the Balance (404), Activator: Ai(4)-Destyn_Turtles, SpellAbility: Leonardo, the Balance - Creature 3 / 3]
Resolve Stack: Leonardo, the Balance - Creature 3 / 3
Phase: Ai(4)-Destyn_Turtles' End step
Mana: Path of Ancestry (213) - {T}: Add one mana of any color in your commander's color identity. When that mana is spent to cast a creature spell that shares a creature type with your commander, scry 1. (Look at the top card of your library. You may put that card on the bottom.)
Discard: Ai(3)-Gabe_Food discards Eagles of the North (280).
Add To Stack: Ai(3)-Gabe_Food activated Eagles of the North
Resolve Stack: Eagles of the North (280) - Ai(3)-Gabe_Food searches their library for a Plains card, reveals it, puts it into their hand, then shuffles.
Phase: Ai(4)-Destyn_Turtles' Cleanup step
Turn: Turn 22 (Ai(1)-GGS_Mission_diagnostic)
Phase: Ai(1)-GGS_Mission_diagnostic's Untap step
Phase: Ai(1)-GGS_Mission_diagnostic's Upkeep step
Phase: Ai(1)-GGS_Mission_diagnostic's Draw step
Phase: Ai(1)-GGS_Mission_diagnostic's Main phase, precombat
Mana: Swamp (82) - {T}: Add {B}.
Mana: Morphic Pool (30) - {T}: Add {U} or {B}.
Mana: Riverpyre Verge (95) - {T}: Add {U}. Activate only if you control an Island or a Mountain.
Add To Stack: Ai(1)-GGS_Mission_diagnostic cast Sword of Feast and Famine
Resolve Stack: Sword of Feast and Famine
Mana: Watery Grave (72) - {T}: Add {B}.
Life: Life: Ai(1)-GGS_Mission_diagnostic 38 > 37
Mana: Mana Confluence (45) - {T}, Pay 1 life: Add one mana of any color.
Add To Stack: Ai(1)-GGS_Mission_diagnostic activated Sword of Feast and Famine targeting [Goro-Goro and Satoru (100)]
Resolve Stack: Sword of Feast and Famine (97) -  Attach to Goro-Goro and Satoru (100)
Phase: Ai(1)-GGS_Mission_diagnostic's Beginning of Combat Step
Phase: Ai(1)-GGS_Mission_diagnostic's Declare Attackers Step
Combat: Ai(1)-GGS_Mission_diagnostic assigned Goro-Goro and Satoru (100) to attack Ai(4)-Destyn_Turtles.
Phase: Ai(1)-GGS_Mission_diagnostic's Declare Blockers Step
Combat: Ai(4)-Destyn_Turtles assigned Leonardo, the Balance (404) to block Goro-Goro and Satoru (100).
Phase: Ai(1)-GGS_Mission_diagnostic's First Strike Damage Step
Phase: Ai(1)-GGS_Mission_diagnostic's Combat Damage Step
Damage: Goro-Goro and Satoru (100) deals 5 damage to Leonardo, the Balance (404).
Damage: Leonardo, the Balance (404) deals 3 damage to Goro-Goro and Satoru (100).
Zone Change: Leonardo, the Balance (404) was put into Graveyard from Battlefield.
Phase: Ai(1)-GGS_Mission_diagnostic's End of Combat Step
Phase: Ai(1)-GGS_Mission_diagnostic's Main phase, postcombat
Phase: Ai(1)-GGS_Mission_diagnostic's End step
Phase: Ai(1)-GGS_Mission_diagnostic's Cleanup step
Turn: Turn 23 (Ai(2)-Jaymie_Ezio)
Phase: Ai(2)-Jaymie_Ezio's Untap step
Phase: Ai(2)-Jaymie_Ezio's Upkeep step
Phase: Ai(2)-Jaymie_Ezio's Draw step
Phase: Ai(2)-Jaymie_Ezio's Main phase, precombat
Land: Ai(2)-Jaymie_Ezio played Forest (137)
Mana: Forest (137) - {T}: Add {G}.
Mana: Swamp (162) - {T}: Add {B}.
Add To Stack: Ai(2)-Jaymie_Ezio cast Farseek
Resolve Stack: Farseek (129) - Ai(2)-Jaymie_Ezio searches their library for a Plains, Island, Swamp or Mountain card, puts it onto the battlefield tapped, then shuffles.
Phase: Ai(2)-Jaymie_Ezio's Beginning of Combat Step
Phase: Ai(2)-Jaymie_Ezio's Declare Attackers Step
Phase: Ai(2)-Jaymie_Ezio's Declare Blockers Step
Phase: Ai(2)-Jaymie_Ezio's First Strike Damage Step
Phase: Ai(2)-Jaymie_Ezio's Combat Damage Step
Phase: Ai(2)-Jaymie_Ezio's End of Combat Step
Phase: Ai(2)-Jaymie_Ezio's Main phase, postcombat
Phase: Ai(2)-Jaymie_Ezio's End step
Add To Stack: Ai(2)-Jaymie_Ezio triggered Lydia Frye
Resolve Stack: At the beginning of your end step, surveil X, where X is the number of tapped Assassins you control. (Look at the top X cards of your library, then put any number of them into your graveyard and the rest on top of your library in any order.) [Phase: Ai(2)-Jaymie_Ezio]
Phase: Ai(2)-Jaymie_Ezio's Cleanup step
Turn: Turn 24 (Ai(3)-Gabe_Food)
Phase: Ai(3)-Gabe_Food's Untap step
Phase: Ai(3)-Gabe_Food's Upkeep step
Phase: Ai(3)-Gabe_Food's Draw step
Phase: Ai(3)-Gabe_Food's Main phase, precombat
Replacement Effect: Canopy Vista enters tapped unless you control two or more basic lands.
Land: Ai(3)-Gabe_Food played Canopy Vista (272)
Phase: Ai(3)-Gabe_Food's Beginning of Combat Step
Add To Stack: Ai(3)-Gabe_Food triggered Sam, Loyal Attendant
Resolve Stack: At the beginning of combat on your turn, create a Food token. (It's an artifact with "{2}, {T}, Sacrifice this token: You gain 3 life.") [Phase: Ai(3)-Gabe_Food]
Phase: Ai(3)-Gabe_Food's Declare Attackers Step
Phase: Ai(3)-Gabe_Food's Declare Blockers Step
Phase: Ai(3)-Gabe_Food's First Strike Damage Step
Phase: Ai(3)-Gabe_Food's Combat Damage Step
Phase: Ai(3)-Gabe_Food's End of Combat Step
Phase: Ai(3)-Gabe_Food's Main phase, postcombat
Mana: Isolated Chapel (245) - {T}: Add {W} or {B}.
Mana: Plains (290) - {T}: Add {W}.
Mana: Scattered Groves (248) - {T}: Add {G}.
Add To Stack: Ai(3)-Gabe_Food cast Rapacious Guest
Resolve Stack: Rapacious Guest - Creature 2 / 2
Phase: Ai(3)-Gabe_Food's End step
Phase: Ai(3)-Gabe_Food's Cleanup step
Turn: Turn 25 (Ai(4)-Destyn_Turtles)
Phase: Ai(4)-Destyn_Turtles' Untap step
Phase: Ai(4)-Destyn_Turtles' Upkeep step
Phase: Ai(4)-Destyn_Turtles' Draw step
Phase: Ai(4)-Destyn_Turtles' Main phase, precombat
Mana: Path of Ancestry (315) - {T}: Add one mana of any color in your commander's color identity. When that mana is spent to cast a creature spell that shares a creature type with your commander, scry 1. (Look at the top card of your library. You may put that card on the bottom.)
Mana: Command Tower (331) - {T}: Add one mana of any color in your commander's color identity.
Add To Stack: Ai(4)-Destyn_Turtles cast Vanquish the Horde
Zone Change: Michelangelo, the Heart (402) was put into Graveyard from Battlefield.
Zone Change: Acidic Slime (365) was put into Graveyard from Battlefield.
Zone Change: Goro-Goro and Satoru (100) was put into Graveyard from Battlefield.
Zone Change: Professional Face-Breaker (67) was put into Graveyard from Battlefield.
Zone Change: Shao Jun (183) was put into Graveyard from Battlefield.
Zone Change: Lydia Frye (186) was put into Graveyard from Battlefield.
Zone Change: Frodo, Adventurous Hobbit (301) was put into Graveyard from Battlefield.
Zone Change: Sam, Loyal Attendant (303) was put into Graveyard from Battlefield.
Zone Change: Rapacious Guest (211) was put into Graveyard from Battlefield.
Resolve Stack: Vanquish the Horde (321) - Destroy all creatures.
Add To Stack: Ai(3)-Gabe_Food triggered Rapacious Guest targeting [Ai(4)-Destyn_Turtles]
Life: Life: Ai(4)-Destyn_Turtles 33 > 31
Resolve Stack: When Rapacious Guest leaves the battlefield, target opponent loses life equal to its power. (Targeting: [[Ai(4)-Destyn_Turtles]]) [Zone Changer: Rapacious Guest (211)]
Phase: Ai(4)-Destyn_Turtles' Beginning of Combat Step
Phase: Ai(4)-Destyn_Turtles' Declare Attackers Step
Phase: Ai(4)-Destyn_Turtles' Declare Blockers Step
Phase: Ai(4)-Destyn_Turtles' First Strike Damage Step
Phase: Ai(4)-Destyn_Turtles' Combat Damage Step
Phase: Ai(4)-Destyn_Turtles' End of Combat Step
Phase: Ai(4)-Destyn_Turtles' Main phase, postcombat
Add To Stack: Ai(4)-Destyn_Turtles triggered Ninja Pizza
Resolve Stack: At the beginning of your second main phase, create a Food token. (It's an artifact with "{2}, {T}, Sacrifice this token: You gain 3 life.") [Phase: Ai(4)-Destyn_Turtles]
Replacement Effect: Thriving Moor enters tapped.
Replacement Effect: As Thriving Moor enters, choose a color other than black.
Land: Ai(4)-Destyn_Turtles played Thriving Moor (399)
Mana: Spire Garden (392) - {T}: Add {R} or {G}.
Mana: Island (332) - {T}: Add {U}.
Zone Change: Food Token (451) was put into Graveyard from Battlefield.
Mana: Food Token (451) - {T}, Sacrifice this artifact: Add one mana of any color.
Add To Stack: Ai(4)-Destyn_Turtles cast Rocksteady, Mutant Marauder
Resolve Stack: Rocksteady, Mutant Marauder - Creature 3 / 3
Add To Stack: Ai(4)-Destyn_Turtles triggered Rocksteady, Mutant Marauder targeting [Ai(4)-Destyn_Turtles]
Resolve Stack: Partner with Bebop, Skull & Crossbones (When this creature enters, target player may put Bebop into their hand from their library, then shuffle.) (Targeting: [[Ai(4)-Destyn_Turtles]]) [Zone Changer: Rocksteady, Mutant Marauder (385)]
Phase: Ai(4)-Destyn_Turtles' End step
Phase: Ai(4)-Destyn_Turtles' Cleanup step
Turn: Turn 26 (Ai(1)-GGS_Mission_diagnostic)
Phase: Ai(1)-GGS_Mission_diagnostic's Untap step
Phase: Ai(1)-GGS_Mission_diagnostic's Upkeep step
Phase: Ai(1)-GGS_Mission_diagnostic's Draw step
Phase: Ai(1)-GGS_Mission_diagnostic's Main phase, precombat
Phase: Ai(1)-GGS_Mission_diagnostic's Beginning of Combat Step
Phase: Ai(1)-GGS_Mission_diagnostic's Declare Attackers Step
Phase: Ai(1)-GGS_Mission_diagnostic's Declare Blockers Step
Phase: Ai(1)-GGS_Mission_diagnostic's First Strike Damage Step
Phase: Ai(1)-GGS_Mission_diagnostic's Combat Damage Step
Phase: Ai(1)-GGS_Mission_diagnostic's End of Combat Step
Phase: Ai(1)-GGS_Mission_diagnostic's Main phase, postcombat
Mana: Riverpyre Verge (95) - {T}: Add {R}.
Mana: Swamp (82) - {T}: Add {B}.
Mana: Morphic Pool (30) - {T}: Add {U} or {B}.
Mana: Watery Grave (72) - {T}: Add {B}.
Life: Life: Ai(1)-GGS_Mission_diagnostic 37 > 36
Mana: Mana Confluence (45) - {T}, Pay 1 life: Add one mana of any color.
Add To Stack: Ai(1)-GGS_Mission_diagnostic cast Goldlust Triad
Resolve Stack: Goldlust Triad - Creature 4 / 3
Phase: Ai(1)-GGS_Mission_diagnostic's End step
Phase: Ai(1)-GGS_Mission_diagnostic's Cleanup step
Turn: Turn 27 (Ai(2)-Jaymie_Ezio)
Phase: Ai(2)-Jaymie_Ezio's Untap step
Phase: Ai(2)-Jaymie_Ezio's Upkeep step
Phase: Ai(2)-Jaymie_Ezio's Draw step
Phase: Ai(2)-Jaymie_Ezio's Main phase, precombat
Phase: Ai(2)-Jaymie_Ezio's Beginning of Combat Step
Phase: Ai(2)-Jaymie_Ezio's Declare Attackers Step
Phase: Ai(2)-Jaymie_Ezio's Declare Blockers Step
Phase: Ai(2)-Jaymie_Ezio's First Strike Damage Step
Phase: Ai(2)-Jaymie_Ezio's Combat Damage Step
Phase: Ai(2)-Jaymie_Ezio's End of Combat Step
Phase: Ai(2)-Jaymie_Ezio's Main phase, postcombat
Mana: Island (134) - {T}: Add {U}.
Mana: Swamp (162) - {T}: Add {B}.
Mana: Forest (137) - {T}: Add {G}.
Mana: Plains (191) - {T}: Add {W}.
Mana: Plains (190) - {T}: Add {W}.
Add To Stack: Ai(2)-Jaymie_Ezio cast Ezio, Blade of Vengeance
Resolve Stack: Ezio, Blade of Vengeance - Creature 5 / 5
Phase: Ai(2)-Jaymie_Ezio's End step
Phase: Ai(2)-Jaymie_Ezio's Cleanup step
Turn: Turn 28 (Ai(3)-Gabe_Food)
Phase: Ai(3)-Gabe_Food's Untap step
Phase: Ai(3)-Gabe_Food's Upkeep step
Phase: Ai(3)-Gabe_Food's Draw step
Phase: Ai(3)-Gabe_Food's Main phase, precombat
Mana: Scattered Groves (248) - {T}: Add {G}.
Mana: Plains (290) - {T}: Add {W}.
Mana: Isolated Chapel (245) - {T}: Add {W} or {B}.
Mana: Canopy Vista (272) - {T}: Add {G}.
Mana: Path of Ancestry (213) - {T}: Add one mana of any color in your commander's color identity. When that mana is spent to cast a creature spell that shares a creature type with your commander, scry 1. (Look at the top card of your library. You may put that card on the bottom.)
Add To Stack: Ai(3)-Gabe_Food cast Motivated Pony
Resolve Stack: Motivated Pony - Creature 3 / 3
Phase: Ai(3)-Gabe_Food's Beginning of Combat Step
Phase: Ai(3)-Gabe_Food's Declare Attackers Step
Phase: Ai(3)-Gabe_Food's Declare Blockers Step
Phase: Ai(3)-Gabe_Food's First Strike Damage Step
Phase: Ai(3)-Gabe_Food's Combat Damage Step
Phase: Ai(3)-Gabe_Food's End of Combat Step
Phase: Ai(3)-Gabe_Food's Main phase, postcombat
Phase: Ai(3)-Gabe_Food's End step
Phase: Ai(3)-Gabe_Food's Cleanup step
Turn: Turn 29 (Ai(4)-Destyn_Turtles)
Phase: Ai(4)-Destyn_Turtles' Untap step
Phase: Ai(4)-Destyn_Turtles' Upkeep step
Phase: Ai(4)-Destyn_Turtles' Draw step
Phase: Ai(4)-Destyn_Turtles' Main phase, precombat
Phase: Ai(4)-Destyn_Turtles' Beginning of Combat Step
Phase: Ai(4)-Destyn_Turtles' Declare Attackers Step
Phase: Ai(4)-Destyn_Turtles' Declare Blockers Step
Phase: Ai(4)-Destyn_Turtles' First Strike Damage Step
Phase: Ai(4)-Destyn_Turtles' Combat Damage Step
Phase: Ai(4)-Destyn_Turtles' End of Combat Step
Phase: Ai(4)-Destyn_Turtles' Main phase, postcombat
Add To Stack: Ai(4)-Destyn_Turtles triggered Ninja Pizza
Resolve Stack: At the beginning of your second main phase, create a Food token. (It's an artifact with "{2}, {T}, Sacrifice this token: You gain 3 life.") [Phase: Ai(4)-Destyn_Turtles]
Mana: Path of Ancestry (315) - {T}: Add one mana of any color in your commander's color identity. When that mana is spent to cast a creature spell that shares a creature type with your commander, scry 1. (Look at the top card of your library. You may put that card on the bottom.)
Mana: Island (332) - {T}: Add {U}.
Mana: Thriving Moor (399) - {T}: Add {B} or one mana of the chosen color.
Mana: Spire Garden (392) - {T}: Add {R} or {G}.
Mana: Command Tower (331) - {T}: Add one mana of any color in your commander's color identity.
Zone Change: Food Token (455) was put into Graveyard from Battlefield.
Mana: Food Token (455) - {T}, Sacrifice this artifact: Add one mana of any color.
Add To Stack: Ai(4)-Destyn_Turtles cast Leonardo, the Balance
Add To Stack: Ai(4)-Destyn_Turtles triggered Path of Ancestry
Resolve Stack: Ai(4)-Destyn_Turtles scried 1 card(s) to the top of the library
Resolve Stack: When mana produced by Path of Ancestry is spent to cast a creature spell that shares a creature type with your commander, scry 1. ([Leonardo, the Balance - Creature 3 / 3]) [Card: Leonardo, the Balance (404), Activator: Ai(4)-Destyn_Turtles, SpellAbility: Leonardo, the Balance - Creature 3 / 3]
Resolve Stack: Leonardo, the Balance - Creature 3 / 3
Add To Stack: Ai(4)-Destyn_Turtles triggered Rocksteady, Mutant Marauder targeting [Leonardo, the Balance (404)]
Resolve Stack: Whenever another nontoken creature you control enters, put a +1/+1 counter on target creature. (Targeting: [[Leonardo, the Balance (404)]]) [Zone Changer: Leonardo, the Balance (404)]
Phase: Ai(4)-Destyn_Turtles' End step
Phase: Ai(4)-Destyn_Turtles' Cleanup step
Turn: Turn 30 (Ai(1)-GGS_Mission_diagnostic)
Phase: Ai(1)-GGS_Mission_diagnostic's Untap step
Phase: Ai(1)-GGS_Mission_diagnostic's Upkeep step
Phase: Ai(1)-GGS_Mission_diagnostic's Draw step
Phase: Ai(1)-GGS_Mission_diagnostic's Main phase, precombat
Mana: Swamp (82) - {T}: Add {B}.
Mana: Morphic Pool (30) - {T}: Add {U} or {B}.
Add To Stack: Ai(1)-GGS_Mission_diagnostic activated Sword of Feast and Famine targeting [Goldlust Triad (88)]
Resolve Stack: Sword of Feast and Famine (97) -  Attach to Goldlust Triad (88)
Mana: Riverpyre Verge (95) - {T}: Add {U}. Activate only if you control an Island or a Mountain.
Add To Stack: Ai(1)-GGS_Mission_diagnostic cast Skullclamp
Resolve Stack: Skullclamp
Mana: Watery Grave (72) - {T}: Add {B}.
Add To Stack: Ai(1)-GGS_Mission_diagnostic activated Skullclamp targeting [Goldlust Triad (88)]
Resolve Stack: Skullclamp (38) -  Attach to Goldlust Triad (88)
Phase: Ai(1)-GGS_Mission_diagnostic's Beginning of Combat Step
Phase: Ai(1)-GGS_Mission_diagnostic's Declare Attackers Step
Combat: Ai(1)-GGS_Mission_diagnostic assigned Goldlust Triad (88) to attack Ai(4)-Destyn_Turtles.
Add To Stack: Ai(1)-GGS_Mission_diagnostic triggered Goldlust Triad
Resolve Stack: Myriad (Whenever this creature attacks, for each opponent other than defending player, you may create a token that's a copy of this creature that's tapped and attacking that player or a planeswalker they control. Exile the tokens at end of combat.) [Attacker: Goldlust Triad (88)]
Phase: Ai(1)-GGS_Mission_diagnostic's Declare Blockers Step
Combat: Ai(2)-Jaymie_Ezio didn't block Goldlust Triad (458).
Combat: Ai(3)-Gabe_Food didn't block Goldlust Triad (459).
Combat: Ai(4)-Destyn_Turtles didn't block Goldlust Triad (88).
Phase: Ai(1)-GGS_Mission_diagnostic's First Strike Damage Step
Phase: Ai(1)-GGS_Mission_diagnostic's Combat Damage Step
Damage: Goldlust Triad (88) deals 7 combat damage to Ai(4)-Destyn_Turtles.
Damage: Goldlust Triad (458) deals 4 combat damage to Ai(2)-Jaymie_Ezio.
Damage: Goldlust Triad (459) deals 4 combat damage to Ai(3)-Gabe_Food.
Life: Life: Ai(2)-Jaymie_Ezio 40 > 36
Life: Life: Ai(3)-Gabe_Food 40 > 36
Life: Life: Ai(4)-Destyn_Turtles 31 > 24
Add To Stack: Ai(1)-GGS_Mission_diagnostic triggered Sword of Feast and Famine
Add To Stack: Ai(1)-GGS_Mission_diagnostic triggered Goldlust Triad
Add To Stack: Ai(1)-GGS_Mission_diagnostic triggered Goldlust Triad
Add To Stack: Ai(1)-GGS_Mission_diagnostic triggered Goldlust Triad
Resolve Stack: Whenever this creature deals combat damage to a player, create a Treasure token. [Damage Source: Goldlust Triad (459), Damaged: Ai(3)-Gabe_Food, Amount: 4]
Resolve Stack: Whenever this creature deals combat damage to a player, create a Treasure token. [Damage Source: Goldlust Triad (458), Damaged: Ai(2)-Jaymie_Ezio, Amount: 4]
Resolve Stack: Whenever this creature deals combat damage to a player, create a Treasure token. [Damage Source: Goldlust Triad (88), Damaged: Ai(4)-Destyn_Turtles, Amount: 7]
Discard: Ai(4)-Destyn_Turtles discards Big Mother Mouser (343).
Resolve Stack: Whenever equipped creature deals combat damage to a player, that player discards a card and you untap all lands you control. [Damage Source: Goldlust Triad (88), Damaged: Ai(4)-Destyn_Turtles, Amount: 7]
Phase: Ai(1)-GGS_Mission_diagnostic's End of Combat Step
Add To Stack: Ai(1)-GGS_Mission_diagnostic triggered Goldlust Triad
Zone Change: Goldlust Triad (458) was put into Exile from Battlefield.
Zone Change: Goldlust Triad (459) was put into Exile from Battlefield.
Resolve Stack: Exile Goldlust Triad (458) and Goldlust Triad (459) at the end of combat. ([Goldlust Triad (458), Goldlust Triad (459)]) [Phase: Ai(1)-GGS_Mission_diagnostic]
Phase: Ai(1)-GGS_Mission_diagnostic's Main phase, postcombat
Mana: Riverpyre Verge (95) - {T}: Add {R}.
Mana: Morphic Pool (30) - {T}: Add {U} or {B}.
Mana: Swamp (82) - {T}: Add {B}.
Mana: Watery Grave (72) - {T}: Add {B}.
Zone Change: Treasure Token (468) was put into Graveyard from Battlefield.
Mana: Treasure Token (468) - {T}, Sacrifice this token: Add one mana of any color.
Add To Stack: Ai(1)-GGS_Mission_diagnostic cast Goro-Goro and Satoru
Resolve Stack: Goro-Goro and Satoru - Creature 3 / 4
Zone Change: Treasure Token (466) was put into Graveyard from Battlefield.
Mana: Treasure Token (466) - {T}, Sacrifice this token: Add one mana of any color.
Zone Change: Treasure Token (464) was put into Graveyard from Battlefield.
Mana: Treasure Token (464) - {T}, Sacrifice this token: Add one mana of any color.
Add To Stack: Ai(1)-GGS_Mission_diagnostic cast Talisman of Dominance
Resolve Stack: Talisman of Dominance
Phase: Ai(1)-GGS_Mission_diagnostic's End step
Phase: Ai(1)-GGS_Mission_diagnostic's Cleanup step
Turn: Turn 31 (Ai(2)-Jaymie_Ezio)
Phase: Ai(2)-Jaymie_Ezio's Untap step
Phase: Ai(2)-Jaymie_Ezio's Upkeep step
Phase: Ai(2)-Jaymie_Ezio's Draw step
Phase: Ai(2)-Jaymie_Ezio's Main phase, precombat
Phase: Ai(2)-Jaymie_Ezio's Beginning of Combat Step
Phase: Ai(2)-Jaymie_Ezio's Declare Attackers Step
Phase: Ai(2)-Jaymie_Ezio's Declare Blockers Step
Phase: Ai(2)-Jaymie_Ezio's First Strike Damage Step
Phase: Ai(2)-Jaymie_Ezio's Combat Damage Step
Phase: Ai(2)-Jaymie_Ezio's End of Combat Step
Phase: Ai(2)-Jaymie_Ezio's Main phase, postcombat
Replacement Effect: Tranquil Cove enters tapped.
Land: Ai(2)-Jaymie_Ezio played Tranquil Cove (178)
Add To Stack: Ai(2)-Jaymie_Ezio triggered Tranquil Cove
Life: Life: Ai(2)-Jaymie_Ezio 36 > 37
Resolve Stack: When Tranquil Cove enters, you gain 1 life. [Zone Changer: Tranquil Cove (178)]
Mana: Island (134) - {T}: Add {U}.
Mana: Swamp (162) - {T}: Add {B}.
Mana: Forest (137) - {T}: Add {G}.
Mana: Plains (191) - {T}: Add {W}.
Add To Stack: Ai(2)-Jaymie_Ezio cast Achilles Davenport
Resolve Stack: Achilles Davenport - Creature 3 / 3
Phase: Ai(2)-Jaymie_Ezio's End step
Phase: Ai(2)-Jaymie_Ezio's Cleanup step
Turn: Turn 32 (Ai(3)-Gabe_Food)
Phase: Ai(3)-Gabe_Food's Untap step
Phase: Ai(3)-Gabe_Food's Upkeep step
Phase: Ai(3)-Gabe_Food's Draw step
Phase: Ai(3)-Gabe_Food's Main phase, precombat
Mana: Scattered Groves (248) - {T}: Add {G}.
Mana: Plains (290) - {T}: Add {W}.
Mana: Isolated Chapel (245) - {T}: Add {W} or {B}.
Mana: Canopy Vista (272) - {T}: Add {G}.
Mana: Path of Ancestry (213) - {T}: Add one mana of any color in your commander's color identity. When that mana is spent to cast a creature spell that shares a creature type with your commander, scry 1. (Look at the top card of your library. You may put that card on the bottom.)
Add To Stack: Ai(3)-Gabe_Food cast Sam, Loyal Attendant
Add To Stack: Ai(3)-Gabe_Food triggered Path of Ancestry
Resolve Stack: Ai(3)-Gabe_Food scried 1 card(s) to the top of the library
Resolve Stack: When mana produced by Path of Ancestry is spent to cast a creature spell that shares a creature type with your commander, scry 1. ([Sam, Loyal Attendant - Creature 2 / 4]) [Card: Sam, Loyal Attendant (303), Activator: Ai(3)-Gabe_Food, SpellAbility: Sam, Loyal Attendant - Creature 2 / 4]
Resolve Stack: Sam, Loyal Attendant - Creature 2 / 4
Add To Stack: Ai(3)-Gabe_Food triggered Sam, Loyal Attendant targeting [Ai(3)-Gabe_Food]
Resolve Stack: Partner with Frodo, Adventurous Hobbit (When this creature enters, target player may put Frodo into their hand from their library, then shuffle.) (Targeting: [[Ai(3)-Gabe_Food]]) [Zone Changer: Sam, Loyal Attendant (303)]
Phase: Ai(3)-Gabe_Food's Beginning of Combat Step
Add To Stack: Ai(3)-Gabe_Food triggered Sam, Loyal Attendant
Resolve Stack: At the beginning of combat on your turn, create a Food token. (It's an artifact with "{2}, {T}, Sacrifice this token: You gain 3 life.") [Phase: Ai(3)-Gabe_Food]
Phase: Ai(3)-Gabe_Food's Declare Attackers Step
Phase: Ai(3)-Gabe_Food's Declare Blockers Step
Phase: Ai(3)-Gabe_Food's First Strike Damage Step
Phase: Ai(3)-Gabe_Food's Combat Damage Step
Phase: Ai(3)-Gabe_Food's End of Combat Step
Phase: Ai(3)-Gabe_Food's Main phase, postcombat
Phase: Ai(3)-Gabe_Food's End step
Phase: Ai(3)-Gabe_Food's Cleanup step
Turn: Turn 33 (Ai(4)-Destyn_Turtles)
Phase: Ai(4)-Destyn_Turtles' Untap step
Phase: Ai(4)-Destyn_Turtles' Upkeep step
Phase: Ai(4)-Destyn_Turtles' Draw step
Phase: Ai(4)-Destyn_Turtles' Main phase, precombat
Mana: Path of Ancestry (315) - {T}: Add one mana of any color in your commander's color identity. When that mana is spent to cast a creature spell that shares a creature type with your commander, scry 1. (Look at the top card of your library. You may put that card on the bottom.)
Mana: Command Tower (331) - {T}: Add one mana of any color in your commander's color identity.
Mana: Island (332) - {T}: Add {U}.
Mana: Thriving Moor (399) - {T}: Add {B} or one mana of the chosen color.
Mana: Spire Garden (392) - {T}: Add {R} or {G}.
Add To Stack: Ai(4)-Destyn_Turtles cast Endless Foot Assault
Resolve Stack: Endless Foot Assault
Add To Stack: Ai(4)-Destyn_Turtles triggered Endless Foot Assault
Resolve Stack: When this creature enters, create that many tokens that are copies of it. [Zone Changer: Endless Foot Assault (397)]
Add To Stack: Ai(4)-Destyn_Turtles triggered Leonardo, the Balance
Resolve Stack: Whenever a token you control enters, you may put a +1/+1 counter on each creature you control. Do this only once each turn. [Zone Changer: Endless Foot Assault (474)]
Phase: Ai(4)-Destyn_Turtles' Beginning of Combat Step
Phase: Ai(4)-Destyn_Turtles' Declare Attackers Step
Phase: Ai(4)-Destyn_Turtles' Declare Blockers Step
Phase: Ai(4)-Destyn_Turtles' First Strike Damage Step
Phase: Ai(4)-Destyn_Turtles' Combat Damage Step
Phase: Ai(4)-Destyn_Turtles' End of Combat Step
Phase: Ai(4)-Destyn_Turtles' Main phase, postcombat
Add To Stack: Ai(4)-Destyn_Turtles triggered Ninja Pizza
Resolve Stack: At the beginning of your second main phase, create a Food token. (It's an artifact with "{2}, {T}, Sacrifice this token: You gain 3 life.") [Phase: Ai(4)-Destyn_Turtles]
Zone Change: Food Token (477) was put into Graveyard from Battlefield.
Mana: Food Token (477) - {T}, Sacrifice this artifact: Add one mana of any color.
Zone Change: Food Token (444) was put into Graveyard from Battlefield.
Mana: Food Token (444) - {T}, Sacrifice this artifact: Add one mana of any color.
Add To Stack: Ai(4)-Destyn_Turtles cast Tempestra, Dame of Games
Resolve Stack: Tempestra, Dame of Games - Creature 1 / 3
Add To Stack: Ai(4)-Destyn_Turtles triggered Rocksteady, Mutant Marauder targeting [Leonardo, the Balance (404)]
Resolve Stack: Whenever another nontoken creature you control enters, put a +1/+1 counter on target creature. (Targeting: [[Leonardo, the Balance (404)]]) [Zone Changer: Tempestra, Dame of Games (382)]
Phase: Ai(4)-Destyn_Turtles' End step
Phase: Ai(4)-Destyn_Turtles' Cleanup step
Turn: Turn 34 (Ai(1)-GGS_Mission_diagnostic)
Phase: Ai(1)-GGS_Mission_diagnostic's Untap step
Phase: Ai(1)-GGS_Mission_diagnostic's Upkeep step
Phase: Ai(1)-GGS_Mission_diagnostic's Draw step
Mana: Riverpyre Verge (95) - {T}: Add {R}.
Mana: Swamp (82) - {T}: Add {B}.
Mana: Morphic Pool (30) - {T}: Add {U} or {B}.
Add To Stack: Ai(1)-GGS_Mission_diagnostic cast Chaos Warp targeting [Leonardo, the Balance (404)]
Replacement Effect: If a commander would be put into its owner's hand or library from anywhere, its owner may put it into the command zone instead.
Replacement Effect: Grand Coliseum enters tapped.
Resolve Stack: Chaos Warp (50) - Shuffle Leonardo, the Balance (404) into its owner's library. Ai(1)-GGS_Mission_diagnostic reveals the top card of Ai(4)-Destyn_Turtles' library.
Phase: Ai(1)-GGS_Mission_diagnostic's Main phase, precombat
Phase: Ai(1)-GGS_Mission_diagnostic's Beginning of Combat Step
Phase: Ai(1)-GGS_Mission_diagnostic's Declare Attackers Step
Combat: Ai(1)-GGS_Mission_diagnostic assigned Goldlust Triad (88) to attack Ai(4)-Destyn_Turtles.
Add To Stack: Ai(1)-GGS_Mission_diagnostic triggered Goldlust Triad
Resolve Stack: Myriad (Whenever this creature attacks, for each opponent other than defending player, you may create a token that's a copy of this creature that's tapped and attacking that player or a planeswalker they control. Exile the tokens at end of combat.) [Attacker: Goldlust Triad (88)]
Phase: Ai(1)-GGS_Mission_diagnostic's Declare Blockers Step
Combat: Ai(2)-Jaymie_Ezio didn't block Goldlust Triad (480).
Combat: Ai(3)-Gabe_Food didn't block Goldlust Triad (481).
Combat: Ai(4)-Destyn_Turtles didn't block Goldlust Triad (88).
Phase: Ai(1)-GGS_Mission_diagnostic's First Strike Damage Step
Phase: Ai(1)-GGS_Mission_diagnostic's Combat Damage Step
Damage: Goldlust Triad (88) deals 7 combat damage to Ai(4)-Destyn_Turtles.
Damage: Goldlust Triad (480) deals 4 combat damage to Ai(2)-Jaymie_Ezio.
Damage: Goldlust Triad (481) deals 4 combat damage to Ai(3)-Gabe_Food.
Life: Life: Ai(2)-Jaymie_Ezio 37 > 33
Life: Life: Ai(3)-Gabe_Food 36 > 32
Life: Life: Ai(4)-Destyn_Turtles 24 > 17
Add To Stack: Ai(1)-GGS_Mission_diagnostic triggered Sword of Feast and Famine
Add To Stack: Ai(1)-GGS_Mission_diagnostic triggered Goldlust Triad
Add To Stack: Ai(1)-GGS_Mission_diagnostic triggered Goldlust Triad
Add To Stack: Ai(1)-GGS_Mission_diagnostic triggered Goldlust Triad
Add To Stack: Ai(1)-GGS_Mission_diagnostic triggered Goro-Goro and Satoru
Add To Stack: Ai(1)-GGS_Mission_diagnostic triggered Goro-Goro and Satoru
Resolve Stack: Whenever one or more creatures you control that entered this turn deal combat damage to a player, create a 5/5 red Dragon Spirit creature token with flying. [Damaged: Ai(3)-Gabe_Food, Amount: 4]
Resolve Stack: Whenever one or more creatures you control that entered this turn deal combat damage to a player, create a 5/5 red Dragon Spirit creature token with flying. [Damaged: Ai(2)-Jaymie_Ezio, Amount: 4]
Resolve Stack: Whenever this creature deals combat damage to a player, create a Treasure token. [Damage Source: Goldlust Triad (481), Damaged: Ai(3)-Gabe_Food, Amount: 4]
Resolve Stack: Whenever this creature deals combat damage to a player, create a Treasure token. [Damage Source: Goldlust Triad (480), Damaged: Ai(2)-Jaymie_Ezio, Amount: 4]
Resolve Stack: Whenever this creature deals combat damage to a player, create a Treasure token. [Damage Source: Goldlust Triad (88), Damaged: Ai(4)-Destyn_Turtles, Amount: 7]
Discard: Ai(4)-Destyn_Turtles discards Coin of Mastery (324).
Resolve Stack: Whenever equipped creature deals combat damage to a player, that player discards a card and you untap all lands you control. [Damage Source: Goldlust Triad (88), Damaged: Ai(4)-Destyn_Turtles, Amount: 7]
Phase: Ai(1)-GGS_Mission_diagnostic's End of Combat Step
Add To Stack: Ai(1)-GGS_Mission_diagnostic triggered Goldlust Triad
Zone Change: Goldlust Triad (480) was put into Exile from Battlefield.
Zone Change: Goldlust Triad (481) was put into Exile from Battlefield.
Resolve Stack: Exile Goldlust Triad (480) and Goldlust Triad (481) at the end of combat. ([Goldlust Triad (480), Goldlust Triad (481)]) [Phase: Ai(1)-GGS_Mission_diagnostic]
Phase: Ai(1)-GGS_Mission_diagnostic's Main phase, postcombat
Mana: Morphic Pool (30) - {T}: Add {U} or {B}.
Mana: Riverpyre Verge (95) - {T}: Add {U}. Activate only if you control an Island or a Mountain.
Mana: Swamp (82) - {T}: Add {B}.
Mana: Watery Grave (72) - {T}: Add {B}.
Add To Stack: Ai(1)-GGS_Mission_diagnostic cast Sakashima's Student
Replacement Effect: You may have Goldlust Triad enter as a copy of any creature on the battlefield, except it's a Ninja in addition to its other creature types.
Resolve Stack: Sakashima's Student - Creature 0 / 0
Damage: Talisman of Dominance (78) deals 1 non-combat damage to Ai(1)-GGS_Mission_diagnostic.
Life: Life: Ai(1)-GGS_Mission_diagnostic 36 > 35
Mana: Talisman of Dominance (78) - {T}: Add {U} or {B}. Talisman of Dominance deals 1 damage to you. 
Zone Change: Treasure Token (496) was put into Graveyard from Battlefield.
Mana: Treasure Token (496) - {T}, Sacrifice this token: Add one mana of any color.
Zone Change: Treasure Token (494) was put into Graveyard from Battlefield.
Mana: Treasure Token (494) - {T}, Sacrifice this token: Add one mana of any color.
Zone Change: Treasure Token (492) was put into Graveyard from Battlefield.
Mana: Treasure Token (492) - {T}, Sacrifice this token: Add one mana of any color.
Add To Stack: Ai(1)-GGS_Mission_diagnostic cast Reconnaissance Mission
Resolve Stack: Reconnaissance Mission
Phase: Ai(1)-GGS_Mission_diagnostic's End step
Phase: Ai(1)-GGS_Mission_diagnostic's Cleanup step
Turn: Turn 35 (Ai(2)-Jaymie_Ezio)
Phase: Ai(2)-Jaymie_Ezio's Untap step
Phase: Ai(2)-Jaymie_Ezio's Upkeep step
Phase: Ai(2)-Jaymie_Ezio's Draw step
Phase: Ai(2)-Jaymie_Ezio's Main phase, precombat
Phase: Ai(2)-Jaymie_Ezio's Beginning of Combat Step
Phase: Ai(2)-Jaymie_Ezio's Declare Attackers Step
Phase: Ai(2)-Jaymie_Ezio's Declare Blockers Step
Phase: Ai(2)-Jaymie_Ezio's First Strike Damage Step
Phase: Ai(2)-Jaymie_Ezio's Combat Damage Step
Phase: Ai(2)-Jaymie_Ezio's End of Combat Step
Phase: Ai(2)-Jaymie_Ezio's Main phase, postcombat
Mana: Swamp (162) - {T}: Add {B}.
Mana: Island (134) - {T}: Add {U}.
Mana: Plains (191) - {T}: Add {W}.
Add To Stack: Ai(2)-Jaymie_Ezio cast Ratonhnhaké:ton
Resolve Stack: Ratonhnhaké:ton - Creature 3 / 3
Mana: Forest (137) - {T}: Add {G}.
Mana: Plains (190) - {T}: Add {W}.
Add To Stack: Ai(2)-Jaymie_Ezio cast Sphere Grid
Resolve Stack: Sphere Grid
Phase: Ai(2)-Jaymie_Ezio's End step
Phase: Ai(2)-Jaymie_Ezio's Cleanup step
Turn: Turn 36 (Ai(3)-Gabe_Food)
Phase: Ai(3)-Gabe_Food's Untap step
Phase: Ai(3)-Gabe_Food's Upkeep step
Phase: Ai(3)-Gabe_Food's Draw step
Phase: Ai(3)-Gabe_Food's Main phase, precombat
Phase: Ai(3)-Gabe_Food's Beginning of Combat Step
Add To Stack: Ai(3)-Gabe_Food triggered Sam, Loyal Attendant
Resolve Stack: At the beginning of combat on your turn, create a Food token. (It's an artifact with "{2}, {T}, Sacrifice this token: You gain 3 life.") [Phase: Ai(3)-Gabe_Food]
Phase: Ai(3)-Gabe_Food's Declare Attackers Step
Phase: Ai(3)-Gabe_Food's Declare Blockers Step
Phase: Ai(3)-Gabe_Food's First Strike Damage Step
Phase: Ai(3)-Gabe_Food's Combat Damage Step
Phase: Ai(3)-Gabe_Food's End of Combat Step
Phase: Ai(3)-Gabe_Food's Main phase, postcombat
Mana: Isolated Chapel (245) - {T}: Add {W} or {B}.
Mana: Scattered Groves (248) - {T}: Add {G}.
Mana: Plains (290) - {T}: Add {W}.
Add To Stack: Ai(3)-Gabe_Food cast Bilbo, Birthday Celebrant
Resolve Stack: Bilbo, Birthday Celebrant - Creature 2 / 3
Mana: Path of Ancestry (213) - {T}: Add one mana of any color in your commander's color identity. When that mana is spent to cast a creature spell that shares a creature type with your commander, scry 1. (Look at the top card of your library. You may put that card on the bottom.)
Mana: Canopy Vista (272) - {T}: Add {G}.
Add To Stack: Ai(3)-Gabe_Food cast Gollum, Obsessed Stalker
Add To Stack: Ai(3)-Gabe_Food triggered Path of Ancestry
Resolve Stack: Ai(3)-Gabe_Food scried 1 card(s) to the top of the library
Resolve Stack: When mana produced by Path of Ancestry is spent to cast a creature spell that shares a creature type with your commander, scry 1. ([Gollum, Obsessed Stalker - Creature 1 / 1]) [Card: Gollum, Obsessed Stalker (244), Activator: Ai(3)-Gabe_Food, SpellAbility: Gollum, Obsessed Stalker - Creature 1 / 1]
Resolve Stack: Gollum, Obsessed Stalker - Creature 1 / 1
Phase: Ai(3)-Gabe_Food's End step
Add To Stack: Ai(3)-Gabe_Food triggered Gollum, Obsessed Stalker
Resolve Stack: At the beginning of your end step, each opponent dealt combat damage this game by a creature named Gollum, Obsessed Stalker loses life equal to the amount of life you gained this turn. [Phase: Ai(3)-Gabe_Food]
Phase: Ai(3)-Gabe_Food's Cleanup step
Turn: Turn 37 (Ai(4)-Destyn_Turtles)
Phase: Ai(4)-Destyn_Turtles' Untap step
Phase: Ai(4)-Destyn_Turtles' Upkeep step
Phase: Ai(4)-Destyn_Turtles' Draw step
Phase: Ai(4)-Destyn_Turtles' Main phase, precombat
Phase: Ai(4)-Destyn_Turtles' Beginning of Combat Step
Phase: Ai(4)-Destyn_Turtles' Declare Attackers Step
Phase: Ai(4)-Destyn_Turtles' Declare Blockers Step
Phase: Ai(4)-Destyn_Turtles' First Strike Damage Step
Phase: Ai(4)-Destyn_Turtles' Combat Damage Step
Phase: Ai(4)-Destyn_Turtles' End of Combat Step
Phase: Ai(4)-Destyn_Turtles' Main phase, postcombat
Add To Stack: Ai(4)-Destyn_Turtles triggered Ninja Pizza
Resolve Stack: At the beginning of your second main phase, create a Food token. (It's an artifact with "{2}, {T}, Sacrifice this token: You gain 3 life.") [Phase: Ai(4)-Destyn_Turtles]
Replacement Effect: Thriving Grove enters tapped.
Replacement Effect: As Thriving Grove enters, choose a color other than green.
Land: Ai(4)-Destyn_Turtles played Thriving Grove (328)
Mana: Thriving Moor (399) - {T}: Add {B} or one mana of the chosen color.
Mana: Island (332) - {T}: Add {U}.
Add To Stack: Ai(4)-Destyn_Turtles cast Bebop, Skull & Crossbones
Resolve Stack: Bebop, Skull & Crossbones - Creature 2 / 1
Add To Stack: Ai(4)-Destyn_Turtles triggered Bebop, Skull & Crossbones targeting [Ai(4)-Destyn_Turtles]
Add To Stack: Ai(4)-Destyn_Turtles triggered Rocksteady, Mutant Marauder targeting [Rocksteady, Mutant Marauder (385)]
Resolve Stack: Whenever another nontoken creature you control enters, put a +1/+1 counter on target creature. (Targeting: [[Rocksteady, Mutant Marauder (385)]]) [Zone Changer: Bebop, Skull & Crossbones (318)]
Resolve Stack: Partner with Rocksteady, Mutant Marauder (When this creature enters, target player may put Rocksteady into their hand from their library, then shuffle.) (Targeting: [[Ai(4)-Destyn_Turtles]]) [Zone Changer: Bebop, Skull & Crossbones (318)]
Mana: Spire Garden (392) - {T}: Add {R} or {G}.
Mana: Path of Ancestry (315) - {T}: Add one mana of any color in your commander's color identity. When that mana is spent to cast a creature spell that shares a creature type with your commander, scry 1. (Look at the top card of your library. You may put that card on the bottom.)
Mana: Command Tower (331) - {T}: Add one mana of any color in your commander's color identity.
Mana: Grand Coliseum (305) - {T}: Add {C}.
Add To Stack: Ai(4)-Destyn_Turtles cast Michelangelo, the Heart
Add To Stack: Ai(4)-Destyn_Turtles triggered Path of Ancestry
Resolve Stack: Ai(4)-Destyn_Turtles scried 1 card(s) to the top of the library
Resolve Stack: When mana produced by Path of Ancestry is spent to cast a creature spell that shares a creature type with your commander, scry 1. ([Michelangelo, the Heart - Creature 2 / 1]) [Card: Michelangelo, the Heart (402), Activator: Ai(4)-Destyn_Turtles, SpellAbility: Michelangelo, the Heart - Creature 2 / 1]
Resolve Stack: Michelangelo, the Heart - Creature 2 / 1
Add To Stack: Ai(4)-Destyn_Turtles triggered Rocksteady, Mutant Marauder targeting [Rocksteady, Mutant Marauder (385)]
Resolve Stack: Whenever another nontoken creature you control enters, put a +1/+1 counter on target creature. (Targeting: [[Rocksteady, Mutant Marauder (385)]]) [Zone Changer: Michelangelo, the Heart (402)]
Phase: Ai(4)-Destyn_Turtles' End step
Phase: Ai(4)-Destyn_Turtles' Cleanup step
Turn: Turn 38 (Ai(1)-GGS_Mission_diagnostic)
Phase: Ai(1)-GGS_Mission_diagnostic's Untap step
Phase: Ai(1)-GGS_Mission_diagnostic's Upkeep step
Phase: Ai(1)-GGS_Mission_diagnostic's Draw step
Phase: Ai(1)-GGS_Mission_diagnostic's Main phase, precombat
Add To Stack: Ai(1)-GGS_Mission_diagnostic cast Deadly Rollick targeting [Rocksteady, Mutant Marauder (385)]
Zone Change: Rocksteady, Mutant Marauder (385) was put into Exile from Battlefield.
Resolve Stack: Deadly Rollick (59) - Exile Rocksteady, Mutant Marauder (385).
Phase: Ai(1)-GGS_Mission_diagnostic's Beginning of Combat Step
Phase: Ai(1)-GGS_Mission_diagnostic's Declare Attackers Step
Combat: Ai(1)-GGS_Mission_diagnostic assigned Goldlust Triad (88), Goldlust Triad (49), Dragon Spirit Token (488) and Dragon Spirit Token (490) to attack Ai(3)-Gabe_Food.
Add To Stack: Ai(1)-GGS_Mission_diagnostic triggered Goldlust Triad
Add To Stack: Ai(1)-GGS_Mission_diagnostic triggered Goldlust Triad
Resolve Stack: Myriad (Whenever this creature attacks, for each opponent other than defending player, you may create a token that's a copy of this creature that's tapped and attacking that player or a planeswalker they control. Exile the tokens at end of combat.) [Attacker: Goldlust Triad (49)]
Resolve Stack: Myriad (Whenever this creature attacks, for each opponent other than defending player, you may create a token that's a copy of this creature that's tapped and attacking that player or a planeswalker they control. Exile the tokens at end of combat.) [Attacker: Goldlust Triad (88)]
Phase: Ai(1)-GGS_Mission_diagnostic's Declare Blockers Step
Combat: Ai(2)-Jaymie_Ezio didn't block Goldlust Triad (506).
Ai(2)-Jaymie_Ezio didn't block Goldlust Triad (510).
Combat: Ai(3)-Gabe_Food didn't block Goldlust Triad (88).
Ai(3)-Gabe_Food didn't block Goldlust Triad (49).
Ai(3)-Gabe_Food didn't block Dragon Spirit Token (488).
Ai(3)-Gabe_Food didn't block Dragon Spirit Token (490).
Combat: Ai(4)-Destyn_Turtles didn't block Goldlust Triad (507).
Ai(4)-Destyn_Turtles didn't block Goldlust Triad (511).
Phase: Ai(1)-GGS_Mission_diagnostic's First Strike Damage Step
Phase: Ai(1)-GGS_Mission_diagnostic's Combat Damage Step
Damage: Goldlust Triad (88) deals 7 combat damage to Ai(3)-Gabe_Food.
Damage: Goldlust Triad (49) deals 4 combat damage to Ai(3)-Gabe_Food.
Damage: Dragon Spirit Token (488) deals 5 combat damage to Ai(3)-Gabe_Food.
Damage: Dragon Spirit Token (490) deals 5 combat damage to Ai(3)-Gabe_Food.
Damage: Goldlust Triad (506) deals 4 combat damage to Ai(2)-Jaymie_Ezio.
Damage: Goldlust Triad (510) deals 4 combat damage to Ai(2)-Jaymie_Ezio.
Damage: Goldlust Triad (507) deals 4 combat damage to Ai(4)-Destyn_Turtles.
Damage: Goldlust Triad (511) deals 4 combat damage to Ai(4)-Destyn_Turtles.
Life: Life: Ai(2)-Jaymie_Ezio 33 > 25
Life: Life: Ai(3)-Gabe_Food 32 > 11
Life: Life: Ai(4)-Destyn_Turtles 17 > 9
Add To Stack: Ai(1)-GGS_Mission_diagnostic triggered Sword of Feast and Famine
Add To Stack: Ai(1)-GGS_Mission_diagnostic triggered Reconnaissance Mission
Add To Stack: Ai(1)-GGS_Mission_diagnostic triggered Reconnaissance Mission
Add To Stack: Ai(1)-GGS_Mission_diagnostic triggered Reconnaissance Mission
Add To Stack: Ai(1)-GGS_Mission_diagnostic triggered Reconnaissance Mission
Add To Stack: Ai(1)-GGS_Mission_diagnostic triggered Reconnaissance Mission
Add To Stack: Ai(1)-GGS_Mission_diagnostic triggered Reconnaissance Mission
Add To Stack: Ai(1)-GGS_Mission_diagnostic triggered Reconnaissance Mission
Add To Stack: Ai(1)-GGS_Mission_diagnostic triggered Reconnaissance Mission
Add To Stack: Ai(1)-GGS_Mission_diagnostic triggered Goldlust Triad
Add To Stack: Ai(1)-GGS_Mission_diagnostic triggered Goldlust Triad
Add To Stack: Ai(1)-GGS_Mission_diagnostic triggered Goldlust Triad
Add To Stack: Ai(1)-GGS_Mission_diagnostic triggered Goldlust Triad
Add To Stack: Ai(1)-GGS_Mission_diagnostic triggered Goldlust Triad
Add To Stack: Ai(1)-GGS_Mission_diagnostic triggered Goldlust Triad
Add To Stack: Ai(1)-GGS_Mission_diagnostic triggered Goro-Goro and Satoru
Add To Stack: Ai(1)-GGS_Mission_diagnostic triggered Goro-Goro and Satoru
Resolve Stack: Whenever one or more creatures you control that entered this turn deal combat damage to a player, create a 5/5 red Dragon Spirit creature token with flying. [Damaged: Ai(4)-Destyn_Turtles, Amount: 8]
Resolve Stack: Whenever one or more creatures you control that entered this turn deal combat damage to a player, create a 5/5 red Dragon Spirit creature token with flying. [Damaged: Ai(2)-Jaymie_Ezio, Amount: 8]
Resolve Stack: Whenever this creature deals combat damage to a player, create a Treasure token. [Damage Source: Goldlust Triad (511), Damaged: Ai(4)-Destyn_Turtles, Amount: 4]
Resolve Stack: Whenever this creature deals combat damage to a player, create a Treasure token. [Damage Source: Goldlust Triad (507), Damaged: Ai(4)-Destyn_Turtles, Amount: 4]
Resolve Stack: Whenever this creature deals combat damage to a player, create a Treasure token. [Damage Source: Goldlust Triad (510), Damaged: Ai(2)-Jaymie_Ezio, Amount: 4]
Resolve Stack: Whenever this creature deals combat damage to a player, create a Treasure token. [Damage Source: Goldlust Triad (506), Damaged: Ai(2)-Jaymie_Ezio, Amount: 4]
Resolve Stack: Whenever this creature deals combat damage to a player, create a Treasure token. [Damage Source: Goldlust Triad (49), Damaged: Ai(3)-Gabe_Food, Amount: 4]
Resolve Stack: Whenever this creature deals combat damage to a player, create a Treasure token. [Damage Source: Goldlust Triad (88), Damaged: Ai(3)-Gabe_Food, Amount: 7]
Resolve Stack: Whenever a creature you control deals combat damage to a player, you may draw a card. [Damage Source: Goldlust Triad (511), Damaged: Ai(4)-Destyn_Turtles, Amount: 4]
Resolve Stack: Whenever a creature you control deals combat damage to a player, you may draw a card. [Damage Source: Goldlust Triad (507), Damaged: Ai(4)-Destyn_Turtles, Amount: 4]
Resolve Stack: Whenever a creature you control deals combat damage to a player, you may draw a card. [Damage Source: Goldlust Triad (510), Damaged: Ai(2)-Jaymie_Ezio, Amount: 4]
Resolve Stack: Whenever a creature you control deals combat damage to a player, you may draw a card. [Damage Source: Goldlust Triad (506), Damaged: Ai(2)-Jaymie_Ezio, Amount: 4]
Resolve Stack: Whenever a creature you control deals combat damage to a player, you may draw a card. [Damage Source: Dragon Spirit Token (490), Damaged: Ai(3)-Gabe_Food, Amount: 5]
Resolve Stack: Whenever a creature you control deals combat damage to a player, you may draw a card. [Damage Source: Dragon Spirit Token (488), Damaged: Ai(3)-Gabe_Food, Amount: 5]
Resolve Stack: Whenever a creature you control deals combat damage to a player, you may draw a card. [Damage Source: Goldlust Triad (49), Damaged: Ai(3)-Gabe_Food, Amount: 4]
Resolve Stack: Whenever a creature you control deals combat damage to a player, you may draw a card. [Damage Source: Goldlust Triad (88), Damaged: Ai(3)-Gabe_Food, Amount: 7]
Discard: Ai(3)-Gabe_Food discards Woodfall Primus (297).
Resolve Stack: Whenever equipped creature deals combat damage to a player, that player discards a card and you untap all lands you control. [Damage Source: Goldlust Triad (88), Damaged: Ai(3)-Gabe_Food, Amount: 7]
Phase: Ai(1)-GGS_Mission_diagnostic's End of Combat Step
Add To Stack: Ai(1)-GGS_Mission_diagnostic triggered Goldlust Triad
Add To Stack: Ai(1)-GGS_Mission_diagnostic triggered Goldlust Triad
Zone Change: Goldlust Triad (510) was put into Exile from Battlefield.
Zone Change: Goldlust Triad (511) was put into Exile from Battlefield.
Resolve Stack: Exile Goldlust Triad (510) and Goldlust Triad (511) at the end of combat. ([Goldlust Triad (510), Goldlust Triad (511)]) [Phase: Ai(1)-GGS_Mission_diagnostic]
Zone Change: Goldlust Triad (506) was put into Exile from Battlefield.
Zone Change: Goldlust Triad (507) was put into Exile from Battlefield.
Resolve Stack: Exile Goldlust Triad (506) and Goldlust Triad (507) at the end of combat. ([Goldlust Triad (506), Goldlust Triad (507)]) [Phase: Ai(1)-GGS_Mission_diagnostic]
Phase: Ai(1)-GGS_Mission_diagnostic's Main phase, postcombat
Land: Ai(1)-GGS_Mission_diagnostic played Command Tower (73)
Mana: Swamp (82) - {T}: Add {B}.
Add To Stack: Ai(1)-GGS_Mission_diagnostic cast Hope of Ghirapur
Resolve Stack: Hope of Ghirapur - Creature 1 / 1
Phase: Ai(1)-GGS_Mission_diagnostic's End step
Phase: Ai(1)-GGS_Mission_diagnostic's Cleanup step
Turn: Turn 39 (Ai(2)-Jaymie_Ezio)
Phase: Ai(2)-Jaymie_Ezio's Untap step
Phase: Ai(2)-Jaymie_Ezio's Upkeep step
Phase: Ai(2)-Jaymie_Ezio's Draw step
Phase: Ai(2)-Jaymie_Ezio's Main phase, precombat
Mana: Swamp (162) - {T}: Add {B}.
Mana: Mountain (189) - {T}: Add {R}.
Mana: Plains (191) - {T}: Add {W}.
Mana: Island (134) - {T}: Add {U}.
Add To Stack: Ai(2)-Jaymie_Ezio cast Queen Marchesa
Mana: Morphic Pool (30) - {T}: Add {U} or {B}.
Mana: Riverpyre Verge (95) - {T}: Add {U}. Activate only if you control an Island or a Mountain.
Add To Stack: Ai(1)-GGS_Mission_diagnostic cast Mana Drain targeting [Queen Marchesa - Creature 3 / 3]
Zone Change: Send countered spell to Graveyard
Resolve Stack: Mana Drain (51) - Counter Queen Marchesa (132). At the beginning of your next main phase, add an amount of {C} equal to that spell's mana value. 
Phase: Ai(2)-Jaymie_Ezio's Beginning of Combat Step
Phase: Ai(2)-Jaymie_Ezio's Declare Attackers Step
Phase: Ai(2)-Jaymie_Ezio's Declare Blockers Step
Phase: Ai(2)-Jaymie_Ezio's First Strike Damage Step
Phase: Ai(2)-Jaymie_Ezio's Combat Damage Step
Phase: Ai(2)-Jaymie_Ezio's End of Combat Step
Phase: Ai(2)-Jaymie_Ezio's Main phase, postcombat
Phase: Ai(2)-Jaymie_Ezio's End step
Phase: Ai(2)-Jaymie_Ezio's Cleanup step
Turn: Turn 40 (Ai(3)-Gabe_Food)
Phase: Ai(3)-Gabe_Food's Untap step
Phase: Ai(3)-Gabe_Food's Upkeep step
Phase: Ai(3)-Gabe_Food's Draw step
Phase: Ai(3)-Gabe_Food's Main phase, precombat
Replacement Effect: As Murmuring Bosk enters, you may reveal a Treefolk card from your hand. If you don't, Murmuring Bosk enters tapped.
Land: Ai(3)-Gabe_Food played Murmuring Bosk (226)
Phase: Ai(3)-Gabe_Food's Beginning of Combat Step
Add To Stack: Ai(3)-Gabe_Food triggered Sam, Loyal Attendant
Resolve Stack: At the beginning of combat on your turn, create a Food token. (It's an artifact with "{2}, {T}, Sacrifice this token: You gain 3 life.") [Phase: Ai(3)-Gabe_Food]
Phase: Ai(3)-Gabe_Food's Declare Attackers Step
Phase: Ai(3)-Gabe_Food's Declare Blockers Step
Phase: Ai(3)-Gabe_Food's First Strike Damage Step
Phase: Ai(3)-Gabe_Food's Combat Damage Step
Phase: Ai(3)-Gabe_Food's End of Combat Step
Phase: Ai(3)-Gabe_Food's Main phase, postcombat
Mana: Isolated Chapel (245) - {T}: Add {W} or {B}.
Mana: Plains (290) - {T}: Add {W}.
Mana: Scattered Groves (248) - {T}: Add {G}.
Add To Stack: Ai(3)-Gabe_Food cast Lobelia, Defender of Bag End
Resolve Stack: Lobelia, Defender of Bag End - Creature 2 / 2
Add To Stack: Ai(3)-Gabe_Food triggered Lobelia, Defender of Bag End
Resolve Stack: When Lobelia enters, look at the top card of each opponent's library and exile those cards face down. [Zone Changer: Lobelia, Defender of Bag End (206)]
Mana: Canopy Vista (272) - {T}: Add {G}.
Mana: Path of Ancestry (213) - {T}: Add one mana of any color in your commander's color identity. When that mana is spent to cast a creature spell that shares a creature type with your commander, scry 1. (Look at the top card of your library. You may put that card on the bottom.)
Add To Stack: Ai(3)-Gabe_Food cast Prosperous Innkeeper
Add To Stack: Ai(3)-Gabe_Food triggered Path of Ancestry
Resolve Stack: Ai(3)-Gabe_Food scried 1 card(s) to the bottom of the library
Resolve Stack: When mana produced by Path of Ancestry is spent to cast a creature spell that shares a creature type with your commander, scry 1. ([Prosperous Innkeeper - Creature 1 / 1]) [Card: Prosperous Innkeeper (271), Activator: Ai(3)-Gabe_Food, SpellAbility: Prosperous Innkeeper - Creature 1 / 1]
Resolve Stack: Prosperous Innkeeper - Creature 1 / 1
Add To Stack: Ai(3)-Gabe_Food triggered Prosperous Innkeeper
Resolve Stack: When Prosperous Innkeeper enters, create a Treasure token. (It's an artifact with "{T}, Sacrifice this token: Add one mana of any color.") [Zone Changer: Prosperous Innkeeper (271)]
Phase: Ai(3)-Gabe_Food's End step
Add To Stack: Ai(3)-Gabe_Food triggered Gollum, Obsessed Stalker
Resolve Stack: At the beginning of your end step, each opponent dealt combat damage this game by a creature named Gollum, Obsessed Stalker loses life equal to the amount of life you gained this turn. [Phase: Ai(3)-Gabe_Food]
Phase: Ai(3)-Gabe_Food's Cleanup step
Turn: Turn 41 (Ai(4)-Destyn_Turtles)
Phase: Ai(4)-Destyn_Turtles' Untap step
Phase: Ai(4)-Destyn_Turtles' Upkeep step
Phase: Ai(4)-Destyn_Turtles' Draw step
Phase: Ai(4)-Destyn_Turtles' Main phase, precombat
Phase: Ai(4)-Destyn_Turtles' Beginning of Combat Step
Phase: Ai(4)-Destyn_Turtles' Declare Attackers Step
Phase: Ai(4)-Destyn_Turtles' Declare Blockers Step
Phase: Ai(4)-Destyn_Turtles' First Strike Damage Step
Phase: Ai(4)-Destyn_Turtles' Combat Damage Step
Phase: Ai(4)-Destyn_Turtles' End of Combat Step
Phase: Ai(4)-Destyn_Turtles' Main phase, postcombat
Add To Stack: Ai(4)-Destyn_Turtles triggered Ninja Pizza
Resolve Stack: At the beginning of your second main phase, create a Food token. (It's an artifact with "{2}, {T}, Sacrifice this token: You gain 3 life.") [Phase: Ai(4)-Destyn_Turtles]
Mana: Path of Ancestry (315) - {T}: Add one mana of any color in your commander's color identity. When that mana is spent to cast a creature spell that shares a creature type with your commander, scry 1. (Look at the top card of your library. You may put that card on the bottom.)
Mana: Island (332) - {T}: Add {U}.
Mana: Thriving Grove (328) - {T}: Add {G} or one mana of the chosen color.
Mana: Thriving Moor (399) - {T}: Add {B} or one mana of the chosen color.
Mana: Spire Garden (392) - {T}: Add {R} or {G}.
Mana: Command Tower (331) - {T}: Add one mana of any color in your commander's color identity.
Mana: Grand Coliseum (305) - {T}: Add {C}.
Zone Change: Food Token (545) was put into Graveyard from Battlefield.
Mana: Food Token (545) - {T}, Sacrifice this artifact: Add one mana of any color.
Add To Stack: Ai(4)-Destyn_Turtles cast Leonardo, the Balance
Add To Stack: Ai(4)-Destyn_Turtles triggered Path of Ancestry
Resolve Stack: Ai(4)-Destyn_Turtles scried 1 card(s) to the bottom of the library
Resolve Stack: When mana produced by Path of Ancestry is spent to cast a creature spell that shares a creature type with your commander, scry 1. ([Leonardo, the Balance - Creature 3 / 3]) [Card: Leonardo, the Balance (404), Activator: Ai(4)-Destyn_Turtles, SpellAbility: Leonardo, the Balance - Creature 3 / 3]
Resolve Stack: Leonardo, the Balance - Creature 3 / 3
Phase: Ai(4)-Destyn_Turtles' End step
Phase: Ai(4)-Destyn_Turtles' Cleanup step
Turn: Turn 42 (Ai(1)-GGS_Mission_diagnostic)
Phase: Ai(1)-GGS_Mission_diagnostic's Untap step
Phase: Ai(1)-GGS_Mission_diagnostic's Upkeep step
Phase: Ai(1)-GGS_Mission_diagnostic's Draw step
Phase: Ai(1)-GGS_Mission_diagnostic's Main phase, precombat
Add To Stack: Ai(1)-GGS_Mission_diagnostic triggered Mana Drain
Resolve Stack: At the beginning of your next main phase, add an amount of {C} equal to that spell's mana value. ([4]) [Phase: Ai(1)-GGS_Mission_diagnostic]
Land: Ai(1)-GGS_Mission_diagnostic played Otawara, Soaring City (10)
Phase: Ai(1)-GGS_Mission_diagnostic's Beginning of Combat Step
Phase: Ai(1)-GGS_Mission_diagnostic's Declare Attackers Step
Combat: Ai(1)-GGS_Mission_diagnostic assigned Goldlust Triad (88), Dragon Spirit Token (488), Dragon Spirit Token (490), Dragon Spirit Token (521), Dragon Spirit Token (523), Goldlust Triad (49), Goro-Goro and Satoru (100) and Hope of Ghirapur (47) to attack Ai(4)-Destyn_Turtles.
Add To Stack: Ai(1)-GGS_Mission_diagnostic triggered Goldlust Triad
Add To Stack: Ai(1)-GGS_Mission_diagnostic triggered Goldlust Triad
Resolve Stack: Myriad (Whenever this creature attacks, for each opponent other than defending player, you may create a token that's a copy of this creature that's tapped and attacking that player or a planeswalker they control. Exile the tokens at end of combat.) [Attacker: Goldlust Triad (49)]
Resolve Stack: Myriad (Whenever this creature attacks, for each opponent other than defending player, you may create a token that's a copy of this creature that's tapped and attacking that player or a planeswalker they control. Exile the tokens at end of combat.) [Attacker: Goldlust Triad (88)]
Zone Change: Treasure Token (542) was put into Graveyard from Battlefield.
Mana: Treasure Token (542) - {T}, Sacrifice this token: Add one mana of any color.
Zone Change: Food Token (440) was put into Graveyard from Battlefield.
Add To Stack: Ai(3)-Gabe_Food activated Food Token
Replacement Effect: If you would gain life, you gain that much life plus 1 instead.
Life: Life: Ai(3)-Gabe_Food 11 > 15
Resolve Stack: Food Token (440) - Ai(3)-Gabe_Food gains 3 life.
Phase: Ai(1)-GGS_Mission_diagnostic's Declare Blockers Step
Combat: Ai(2)-Jaymie_Ezio didn't block Goldlust Triad (548).
Ai(2)-Jaymie_Ezio didn't block Goldlust Triad (552).
Combat: Ai(3)-Gabe_Food didn't block Goldlust Triad (549).
Ai(3)-Gabe_Food didn't block Goldlust Triad (553).
Combat: Ai(4)-Destyn_Turtles didn't block Goldlust Triad (88).
Ai(4)-Destyn_Turtles didn't block Dragon Spirit Token (488).
Ai(4)-Destyn_Turtles didn't block Dragon Spirit Token (490).
Ai(4)-Destyn_Turtles didn't block Dragon Spirit Token (521).
Ai(4)-Destyn_Turtles didn't block Dragon Spirit Token (523).
Ai(4)-Destyn_Turtles didn't block Goldlust Triad (49).
Ai(4)-Destyn_Turtles assigned Michelangelo, the Heart (402) and Bebop, Skull & Crossbones (318) to block Goro-Goro and Satoru (100).
Ai(4)-Destyn_Turtles didn't block Hope of Ghirapur (47).
Phase: Ai(1)-GGS_Mission_diagnostic's First Strike Damage Step
Phase: Ai(1)-GGS_Mission_diagnostic's Combat Damage Step
Damage: Goldlust Triad (88) deals 7 combat damage to Ai(4)-Destyn_Turtles.
Damage: Dragon Spirit Token (488) deals 5 combat damage to Ai(4)-Destyn_Turtles.
Damage: Dragon Spirit Token (490) deals 5 combat damage to Ai(4)-Destyn_Turtles.
Damage: Dragon Spirit Token (521) deals 5 combat damage to Ai(4)-Destyn_Turtles.
Damage: Dragon Spirit Token (523) deals 5 combat damage to Ai(4)-Destyn_Turtles.
Damage: Goldlust Triad (49) deals 4 combat damage to Ai(4)-Destyn_Turtles.
Damage: Goro-Goro and Satoru (100) deals 2 damage to Michelangelo, the Heart (402).
Damage: Goro-Goro and Satoru (100) deals 1 damage to Bebop, Skull & Crossbones (318).
Damage: Hope of Ghirapur (47) deals 1 combat damage to Ai(4)-Destyn_Turtles.
Damage: Goldlust Triad (548) deals 4 combat damage to Ai(2)-Jaymie_Ezio.
Damage: Goldlust Triad (552) deals 4 combat damage to Ai(2)-Jaymie_Ezio.
Damage: Goldlust Triad (549) deals 4 combat damage to Ai(3)-Gabe_Food.
Damage: Goldlust Triad (553) deals 4 combat damage to Ai(3)-Gabe_Food.
Damage: Michelangelo, the Heart (402) deals 2 damage to Goro-Goro and Satoru (100).
Damage: Bebop, Skull & Crossbones (318) deals 2 damage (Deathtouch) to Goro-Goro and Satoru (100).
Life: Life: Ai(2)-Jaymie_Ezio 25 > 17
Life: Life: Ai(3)-Gabe_Food 15 > 7
Life: Life: Ai(4)-Destyn_Turtles 9 > -23
Zone Change: Goro-Goro and Satoru (100) was put into Graveyard from Battlefield.
Add To Stack: Ai(1)-GGS_Mission_diagnostic triggered Sword of Feast and Famine
Add To Stack: Ai(1)-GGS_Mission_diagnostic triggered Reconnaissance Mission
Add To Stack: Ai(1)-GGS_Mission_diagnostic triggered Reconnaissance Mission
Add To Stack: Ai(1)-GGS_Mission_diagnostic triggered Reconnaissance Mission
Add To Stack: Ai(1)-GGS_Mission_diagnostic triggered Reconnaissance Mission
Add To Stack: Ai(1)-GGS_Mission_diagnostic triggered Reconnaissance Mission
Add To Stack: Ai(1)-GGS_Mission_diagnostic triggered Reconnaissance Mission
Add To Stack: Ai(1)-GGS_Mission_diagnostic triggered Reconnaissance Mission
Add To Stack: Ai(1)-GGS_Mission_diagnostic triggered Reconnaissance Mission
Add To Stack: Ai(1)-GGS_Mission_diagnostic triggered Reconnaissance Mission
Add To Stack: Ai(1)-GGS_Mission_diagnostic triggered Reconnaissance Mission
Add To Stack: Ai(1)-GGS_Mission_diagnostic triggered Reconnaissance Mission
Add To Stack: Ai(1)-GGS_Mission_diagnostic triggered Goldlust Triad
Add To Stack: Ai(1)-GGS_Mission_diagnostic triggered Goldlust Triad
Add To Stack: Ai(1)-GGS_Mission_diagnostic triggered Goldlust Triad
Add To Stack: Ai(1)-GGS_Mission_diagnostic triggered Goldlust Triad
Add To Stack: Ai(1)-GGS_Mission_diagnostic triggered Goldlust Triad
Add To Stack: Ai(1)-GGS_Mission_diagnostic triggered Goldlust Triad
Add To Stack: Ai(1)-GGS_Mission_diagnostic triggered Goro-Goro and Satoru
Add To Stack: Ai(1)-GGS_Mission_diagnostic triggered Goro-Goro and Satoru
Resolve Stack: Whenever one or more creatures you control that entered this turn deal combat damage to a player, create a 5/5 red Dragon Spirit creature token with flying. [Damaged: Ai(3)-Gabe_Food, Amount: 8]
Resolve Stack: Whenever one or more creatures you control that entered this turn deal combat damage to a player, create a 5/5 red Dragon Spirit creature token with flying. [Damaged: Ai(2)-Jaymie_Ezio, Amount: 8]
Resolve Stack: Whenever this creature deals combat damage to a player, create a Treasure token. [Damage Source: Goldlust Triad (553), Damaged: Ai(3)-Gabe_Food, Amount: 4]
Resolve Stack: Whenever this creature deals combat damage to a player, create a Treasure token. [Damage Source: Goldlust Triad (549), Damaged: Ai(3)-Gabe_Food, Amount: 4]
Resolve Stack: Whenever this creature deals combat damage to a player, create a Treasure token. [Damage Source: Goldlust Triad (552), Damaged: Ai(2)-Jaymie_Ezio, Amount: 4]
Resolve Stack: Whenever this creature deals combat damage to a player, create a Treasure token. [Damage Source: Goldlust Triad (548), Damaged: Ai(2)-Jaymie_Ezio, Amount: 4]
Resolve Stack: Whenever this creature deals combat damage to a player, create a Treasure token. [Damage Source: Goldlust Triad (49), Damaged: Ai(4)-Destyn_Turtles, Amount: 4]
Resolve Stack: Whenever this creature deals combat damage to a player, create a Treasure token. [Damage Source: Goldlust Triad (88), Damaged: Ai(4)-Destyn_Turtles, Amount: 7]
Resolve Stack: Whenever a creature you control deals combat damage to a player, you may draw a card. [Damage Source: Goldlust Triad (553), Damaged: Ai(3)-Gabe_Food, Amount: 4]
Resolve Stack: Whenever a creature you control deals combat damage to a player, you may draw a card. [Damage Source: Goldlust Triad (549), Damaged: Ai(3)-Gabe_Food, Amount: 4]
Resolve Stack: Whenever a creature you control deals combat damage to a player, you may draw a card. [Damage Source: Goldlust Triad (552), Damaged: Ai(2)-Jaymie_Ezio, Amount: 4]
Resolve Stack: Whenever a creature you control deals combat damage to a player, you may draw a card. [Damage Source: Goldlust Triad (548), Damaged: Ai(2)-Jaymie_Ezio, Amount: 4]
Resolve Stack: Whenever a creature you control deals combat damage to a player, you may draw a card. [Damage Source: Hope of Ghirapur (47), Damaged: Ai(4)-Destyn_Turtles, Amount: 1]
Resolve Stack: Whenever a creature you control deals combat damage to a player, you may draw a card. [Damage Source: Goldlust Triad (49), Damaged: Ai(4)-Destyn_Turtles, Amount: 4]
Resolve Stack: Whenever a creature you control deals combat damage to a player, you may draw a card. [Damage Source: Dragon Spirit Token (523), Damaged: Ai(4)-Destyn_Turtles, Amount: 5]
Resolve Stack: Whenever a creature you control deals combat damage to a player, you may draw a card. [Damage Source: Dragon Spirit Token (521), Damaged: Ai(4)-Destyn_Turtles, Amount: 5]
Resolve Stack: Whenever a creature you control deals combat damage to a player, you may draw a card. [Damage Source: Dragon Spirit Token (490), Damaged: Ai(4)-Destyn_Turtles, Amount: 5]
Resolve Stack: Whenever a creature you control deals combat damage to a player, you may draw a card. [Damage Source: Dragon Spirit Token (488), Damaged: Ai(4)-Destyn_Turtles, Amount: 5]
Resolve Stack: Whenever a creature you control deals combat damage to a player, you may draw a card. [Damage Source: Goldlust Triad (88), Damaged: Ai(4)-Destyn_Turtles, Amount: 7]
Resolve Stack: Whenever equipped creature deals combat damage to a player, that player discards a card and you untap all lands you control. [Damage Source: Goldlust Triad (88), Damaged: Ai(4)-Destyn_Turtles, Amount: 7]
Phase: Ai(1)-GGS_Mission_diagnostic's End of Combat Step
Add To Stack: Ai(1)-GGS_Mission_diagnostic triggered Goldlust Triad
Add To Stack: Ai(1)-GGS_Mission_diagnostic triggered Goldlust Triad
Zone Change: Goldlust Triad (552) was put into Exile from Battlefield.
Zone Change: Goldlust Triad (553) was put into Exile from Battlefield.
Resolve Stack: Exile Goldlust Triad (552) and Goldlust Triad (553) at the end of combat. ([Goldlust Triad (552), Goldlust Triad (553)]) [Phase: Ai(1)-GGS_Mission_diagnostic]
Zone Change: Goldlust Triad (548) was put into Exile from Battlefield.
Zone Change: Goldlust Triad (549) was put into Exile from Battlefield.
Resolve Stack: Exile Goldlust Triad (548) and Goldlust Triad (549) at the end of combat. ([Goldlust Triad (548), Goldlust Triad (549)]) [Phase: Ai(1)-GGS_Mission_diagnostic]
Phase: Ai(1)-GGS_Mission_diagnostic's Main phase, postcombat
Mana: Swamp (82) - {T}: Add {B}.
Mana: Morphic Pool (30) - {T}: Add {U} or {B}.
Mana: Otawara, Soaring City (10) - {T}: Add {U}.
Mana: Riverpyre Verge (95) - {T}: Add {U}. Activate only if you control an Island or a Mountain.
Mana: Watery Grave (72) - {T}: Add {B}.
Add To Stack: Ai(1)-GGS_Mission_diagnostic cast Crux of Fate
Zone Change: Hope of Ghirapur (47) was put into Graveyard from Battlefield.
Zone Change: Ezio, Blade of Vengeance (141) was put into Graveyard from Battlefield.
Zone Change: Achilles Davenport (144) was put into Graveyard from Battlefield.
Zone Change: Ratonhnhaké:ton (138) was put into Graveyard from Battlefield.
Zone Change: Motivated Pony (276) was put into Graveyard from Battlefield.
Zone Change: Sam, Loyal Attendant (303) was put into Graveyard from Battlefield.
Zone Change: Bilbo, Birthday Celebrant (282) was put into Graveyard from Battlefield.
Zone Change: Gollum, Obsessed Stalker (244) was put into Graveyard from Battlefield.
Zone Change: Lobelia, Defender of Bag End (206) was put into Graveyard from Battlefield.
Zone Change: Prosperous Innkeeper (271) was put into Graveyard from Battlefield.
Resolve Stack: Crux of Fate (16) -  Destroy all non-Dragon creatures.
Mana: Command Tower (73) - {T}: Add one mana of any color in your commander's color identity.
Damage: Talisman of Dominance (78) deals 1 non-combat damage to Ai(1)-GGS_Mission_diagnostic.
Life: Life: Ai(1)-GGS_Mission_diagnostic 35 > 34
Mana: Talisman of Dominance (78) - {T}: Add {U} or {B}. Talisman of Dominance deals 1 damage to you. 
Zone Change: Treasure Token (577) was put into Graveyard from Battlefield.
Mana: Treasure Token (577) - {T}, Sacrifice this token: Add one mana of any color.
Zone Change: Treasure Token (575) was put into Graveyard from Battlefield.
Mana: Treasure Token (575) - {T}, Sacrifice this token: Add one mana of any color.
Zone Change: Treasure Token (573) was put into Graveyard from Battlefield.
Mana: Treasure Token (573) - {T}, Sacrifice this token: Add one mana of any color.
Zone Change: Treasure Token (571) was put into Graveyard from Battlefield.
Mana: Treasure Token (571) - {T}, Sacrifice this token: Add one mana of any color.
Zone Change: Treasure Token (569) was put into Graveyard from Battlefield.
Mana: Treasure Token (569) - {T}, Sacrifice this token: Add one mana of any color.
Add To Stack: Ai(1)-GGS_Mission_diagnostic cast Goro-Goro and Satoru
Resolve Stack: Goro-Goro and Satoru - Creature 3 / 4
Zone Change: Treasure Token (567) was put into Graveyard from Battlefield.
Mana: Treasure Token (567) - {T}, Sacrifice this token: Add one mana of any color.
Zone Change: Treasure Token (535) was put into Graveyard from Battlefield.
Mana: Treasure Token (535) - {T}, Sacrifice this token: Add one mana of any color.
Add To Stack: Ai(1)-GGS_Mission_diagnostic cast Feed the Swarm targeting [Sphere Grid (120)]
Zone Change: Sphere Grid (120) was put into Graveyard from Battlefield.
Life: Life: Ai(1)-GGS_Mission_diagnostic 34 > 32
Resolve Stack: Feed the Swarm (44) - Destroy Sphere Grid (120). Ai(1)-GGS_Mission_diagnostic loses 2 life.
Phase: Ai(1)-GGS_Mission_diagnostic's End step
Phase: Ai(1)-GGS_Mission_diagnostic's Cleanup step
Turn: Turn 43 (Ai(2)-Jaymie_Ezio)
Phase: Ai(2)-Jaymie_Ezio's Untap step
Phase: Ai(2)-Jaymie_Ezio's Upkeep step
Phase: Ai(2)-Jaymie_Ezio's Draw step
Phase: Ai(2)-Jaymie_Ezio's Main phase, precombat
Phase: Ai(2)-Jaymie_Ezio's Beginning of Combat Step
Phase: Ai(2)-Jaymie_Ezio's Declare Attackers Step
Phase: Ai(2)-Jaymie_Ezio's Declare Blockers Step
Phase: Ai(2)-Jaymie_Ezio's First Strike Damage Step
Phase: Ai(2)-Jaymie_Ezio's Combat Damage Step
Phase: Ai(2)-Jaymie_Ezio's End of Combat Step
Phase: Ai(2)-Jaymie_Ezio's Main phase, postcombat
Mana: Swamp (162) - {T}: Add {B}.
Mana: Forest (137) - {T}: Add {G}.
Mana: Island (134) - {T}: Add {U}.
Discard: Ai(2)-Jaymie_Ezio discards Foreboding Landscape (122).
Add To Stack: Ai(2)-Jaymie_Ezio activated Foreboding Landscape
Resolve Stack: Foreboding Landscape (122) - Ai(2)-Jaymie_Ezio draws a card.
Mana: Plains (191) - {T}: Add {W}.
Mana: Plains (190) - {T}: Add {W}.
Add To Stack: Ai(2)-Jaymie_Ezio cast Arcane Signet
Resolve Stack: Arcane Signet
Mana: Arcane Signet (151) - {T}: Add one mana of any color in your commander's color identity.
Mana: Mountain (189) - {T}: Add {R}.
Add To Stack: Ai(2)-Jaymie_Ezio cast Ezio Auditore da Firenze
Resolve Stack: Ezio Auditore da Firenze - Creature 3 / 2
Phase: Ai(2)-Jaymie_Ezio's End step
Phase: Ai(2)-Jaymie_Ezio's Cleanup step
Turn: Turn 44 (Ai(3)-Gabe_Food)
Phase: Ai(3)-Gabe_Food's Untap step
Phase: Ai(3)-Gabe_Food's Upkeep step
Phase: Ai(3)-Gabe_Food's Draw step
Phase: Ai(3)-Gabe_Food's Main phase, precombat
Phase: Ai(3)-Gabe_Food's Beginning of Combat Step
Phase: Ai(3)-Gabe_Food's Declare Attackers Step
Phase: Ai(3)-Gabe_Food's Declare Blockers Step
Phase: Ai(3)-Gabe_Food's First Strike Damage Step
Phase: Ai(3)-Gabe_Food's Combat Damage Step
Phase: Ai(3)-Gabe_Food's End of Combat Step
Phase: Ai(3)-Gabe_Food's Main phase, postcombat
Mana: Scattered Groves (248) - {T}: Add {G}.
Mana: Plains (290) - {T}: Add {W}.
Mana: Isolated Chapel (245) - {T}: Add {W} or {B}.
Add To Stack: Ai(3)-Gabe_Food cast Cultivate
Resolve Stack: Cultivate (205) - Search your library for up to two basic land cards, reveal those cards, put one onto the battlefield tapped and the other into your hand, then shuffle.   
Land: Ai(3)-Gabe_Food played Swamp (262)
Mana: Canopy Vista (272) - {T}: Add {W}.
Mana: Swamp (262) - {T}: Add {B}.
Mana: Path of Ancestry (213) - {T}: Add one mana of any color in your commander's color identity. When that mana is spent to cast a creature spell that shares a creature type with your commander, scry 1. (Look at the top card of your library. You may put that card on the bottom.)
Mana: Murmuring Bosk (226) - {T}: Add {G}.
Add To Stack: Ai(3)-Gabe_Food cast Frodo, Adventurous Hobbit
Add To Stack: Ai(3)-Gabe_Food triggered Path of Ancestry
Resolve Stack: Ai(3)-Gabe_Food scried 1 card(s) to the top of the library
Resolve Stack: When mana produced by Path of Ancestry is spent to cast a creature spell that shares a creature type with your commander, scry 1. ([Frodo, Adventurous Hobbit - Creature 1 / 3]) [Card: Frodo, Adventurous Hobbit (301), Activator: Ai(3)-Gabe_Food, SpellAbility: Frodo, Adventurous Hobbit - Creature 1 / 3]
Resolve Stack: Frodo, Adventurous Hobbit - Creature 1 / 3
Add To Stack: Ai(3)-Gabe_Food triggered Frodo, Adventurous Hobbit targeting [Ai(3)-Gabe_Food]
Resolve Stack: Partner with Sam, Loyal Attendant (When this creature enters, target player may put Sam into their hand from their library, then shuffle.) (Targeting: [[Ai(3)-Gabe_Food]]) [Zone Changer: Frodo, Adventurous Hobbit (301)]
Phase: Ai(3)-Gabe_Food's End step
Phase: Ai(3)-Gabe_Food's Cleanup step
Turn: Turn 45 (Ai(1)-GGS_Mission_diagnostic)
Phase: Ai(1)-GGS_Mission_diagnostic's Untap step
Phase: Ai(1)-GGS_Mission_diagnostic's Upkeep step
Phase: Ai(1)-GGS_Mission_diagnostic's Draw step
Phase: Ai(1)-GGS_Mission_diagnostic's Main phase, precombat
Land: Ai(1)-GGS_Mission_diagnostic played Mountain (94)
Phase: Ai(1)-GGS_Mission_diagnostic's Beginning of Combat Step
Phase: Ai(1)-GGS_Mission_diagnostic's Declare Attackers Step
Combat: Ai(1)-GGS_Mission_diagnostic assigned Goldlust Triad (88), Dragon Spirit Token (488), Dragon Spirit Token (490), Dragon Spirit Token (521), Dragon Spirit Token (523), Dragon Spirit Token (563), Dragon Spirit Token (565), Goldlust Triad (49) and Goro-Goro and Satoru (100) to attack Ai(3)-Gabe_Food.
Add To Stack: Ai(1)-GGS_Mission_diagnostic triggered Goldlust Triad
Add To Stack: Ai(1)-GGS_Mission_diagnostic triggered Goldlust Triad
Resolve Stack: Myriad (Whenever this creature attacks, for each opponent other than defending player, you may create a token that's a copy of this creature that's tapped and attacking that player or a planeswalker they control. Exile the tokens at end of combat.) [Attacker: Goldlust Triad (49)]
Resolve Stack: Myriad (Whenever this creature attacks, for each opponent other than defending player, you may create a token that's a copy of this creature that's tapped and attacking that player or a planeswalker they control. Exile the tokens at end of combat.) [Attacker: Goldlust Triad (88)]
Phase: Ai(1)-GGS_Mission_diagnostic's Declare Blockers Step
Combat: Ai(2)-Jaymie_Ezio didn't block Goldlust Triad (579).
Ai(2)-Jaymie_Ezio didn't block Goldlust Triad (581).
Combat: Ai(3)-Gabe_Food didn't block Goldlust Triad (88).
Ai(3)-Gabe_Food didn't block Dragon Spirit Token (488).
Ai(3)-Gabe_Food didn't block Dragon Spirit Token (490).
Ai(3)-Gabe_Food didn't block Dragon Spirit Token (521).
Ai(3)-Gabe_Food didn't block Dragon Spirit Token (523).
Ai(3)-Gabe_Food didn't block Dragon Spirit Token (563).
Ai(3)-Gabe_Food didn't block Dragon Spirit Token (565).
Ai(3)-Gabe_Food didn't block Goldlust Triad (49).
Ai(3)-Gabe_Food assigned Frodo, Adventurous Hobbit (301) to block Goro-Goro and Satoru (100).
Phase: Ai(1)-GGS_Mission_diagnostic's First Strike Damage Step
Phase: Ai(1)-GGS_Mission_diagnostic's Combat Damage Step
Damage: Goldlust Triad (88) deals 7 combat damage to Ai(3)-Gabe_Food.
Damage: Dragon Spirit Token (488) deals 5 combat damage to Ai(3)-Gabe_Food.
Damage: Dragon Spirit Token (490) deals 5 combat damage to Ai(3)-Gabe_Food.
Damage: Dragon Spirit Token (521) deals 5 combat damage to Ai(3)-Gabe_Food.
Damage: Dragon Spirit Token (523) deals 5 combat damage to Ai(3)-Gabe_Food.
Damage: Dragon Spirit Token (563) deals 5 combat damage to Ai(3)-Gabe_Food.
Damage: Dragon Spirit Token (565) deals 5 combat damage to Ai(3)-Gabe_Food.
Damage: Goldlust Triad (49) deals 4 combat damage to Ai(3)-Gabe_Food.
Damage: Goro-Goro and Satoru (100) deals 3 damage to Frodo, Adventurous Hobbit (301).
Damage: Goldlust Triad (579) deals 4 combat damage to Ai(2)-Jaymie_Ezio.
Damage: Goldlust Triad (581) deals 4 combat damage to Ai(2)-Jaymie_Ezio.
Damage: Frodo, Adventurous Hobbit (301) deals 1 damage to Goro-Goro and Satoru (100).
Life: Life: Ai(2)-Jaymie_Ezio 17 > 9
Life: Life: Ai(3)-Gabe_Food 7 > -34
Add To Stack: Ai(1)-GGS_Mission_diagnostic triggered Sword of Feast and Famine
Add To Stack: Ai(1)-GGS_Mission_diagnostic triggered Reconnaissance Mission
Add To Stack: Ai(1)-GGS_Mission_diagnostic triggered Reconnaissance Mission
Add To Stack: Ai(1)-GGS_Mission_diagnostic triggered Reconnaissance Mission
Add To Stack: Ai(1)-GGS_Mission_diagnostic triggered Reconnaissance Mission
Add To Stack: Ai(1)-GGS_Mission_diagnostic triggered Reconnaissance Mission
Add To Stack: Ai(1)-GGS_Mission_diagnostic triggered Reconnaissance Mission
Add To Stack: Ai(1)-GGS_Mission_diagnostic triggered Reconnaissance Mission
Add To Stack: Ai(1)-GGS_Mission_diagnostic triggered Reconnaissance Mission
Add To Stack: Ai(1)-GGS_Mission_diagnostic triggered Reconnaissance Mission
Add To Stack: Ai(1)-GGS_Mission_diagnostic triggered Reconnaissance Mission
Add To Stack: Ai(1)-GGS_Mission_diagnostic triggered Goldlust Triad
Add To Stack: Ai(1)-GGS_Mission_diagnostic triggered Goldlust Triad
Add To Stack: Ai(1)-GGS_Mission_diagnostic triggered Goldlust Triad
Add To Stack: Ai(1)-GGS_Mission_diagnostic triggered Goldlust Triad
Add To Stack: Ai(1)-GGS_Mission_diagnostic triggered Goro-Goro and Satoru
Resolve Stack: Whenever one or more creatures you control that entered this turn deal combat damage to a player, create a 5/5 red Dragon Spirit creature token with flying. [Damaged: Ai(2)-Jaymie_Ezio, Amount: 8]
Resolve Stack: Whenever this creature deals combat damage to a player, create a Treasure token. [Damage Source: Goldlust Triad (581), Damaged: Ai(2)-Jaymie_Ezio, Amount: 4]
Resolve Stack: Whenever this creature deals combat damage to a player, create a Treasure token. [Damage Source: Goldlust Triad (579), Damaged: Ai(2)-Jaymie_Ezio, Amount: 4]
Resolve Stack: Whenever this creature deals combat damage to a player, create a Treasure token. [Damage Source: Goldlust Triad (49), Damaged: Ai(3)-Gabe_Food, Amount: 4]
Resolve Stack: Whenever this creature deals combat damage to a player, create a Treasure token. [Damage Source: Goldlust Triad (88), Damaged: Ai(3)-Gabe_Food, Amount: 7]
Resolve Stack: Whenever a creature you control deals combat damage to a player, you may draw a card. [Damage Source: Goldlust Triad (581), Damaged: Ai(2)-Jaymie_Ezio, Amount: 4]
Resolve Stack: Whenever a creature you control deals combat damage to a player, you may draw a card. [Damage Source: Goldlust Triad (579), Damaged: Ai(2)-Jaymie_Ezio, Amount: 4]
Resolve Stack: Whenever a creature you control deals combat damage to a player, you may draw a card. [Damage Source: Goldlust Triad (49), Damaged: Ai(3)-Gabe_Food, Amount: 4]
Resolve Stack: Whenever a creature you control deals combat damage to a player, you may draw a card. [Damage Source: Dragon Spirit Token (565), Damaged: Ai(3)-Gabe_Food, Amount: 5]
Resolve Stack: Whenever a creature you control deals combat damage to a player, you may draw a card. [Damage Source: Dragon Spirit Token (563), Damaged: Ai(3)-Gabe_Food, Amount: 5]
Resolve Stack: Whenever a creature you control deals combat damage to a player, you may draw a card. [Damage Source: Dragon Spirit Token (523), Damaged: Ai(3)-Gabe_Food, Amount: 5]
Resolve Stack: Whenever a creature you control deals combat damage to a player, you may draw a card. [Damage Source: Dragon Spirit Token (521), Damaged: Ai(3)-Gabe_Food, Amount: 5]
Resolve Stack: Whenever a creature you control deals combat damage to a player, you may draw a card. [Damage Source: Dragon Spirit Token (490), Damaged: Ai(3)-Gabe_Food, Amount: 5]
Resolve Stack: Whenever a creature you control deals combat damage to a player, you may draw a card. [Damage Source: Dragon Spirit Token (488), Damaged: Ai(3)-Gabe_Food, Amount: 5]
Resolve Stack: Whenever a creature you control deals combat damage to a player, you may draw a card. [Damage Source: Goldlust Triad (88), Damaged: Ai(3)-Gabe_Food, Amount: 7]
Resolve Stack: Whenever equipped creature deals combat damage to a player, that player discards a card and you untap all lands you control. [Damage Source: Goldlust Triad (88), Damaged: Ai(3)-Gabe_Food, Amount: 7]
Mana: Otawara, Soaring City (10) - {T}: Add {U}.
Mana: Mountain (94) - {T}: Add {R}.
Add To Stack: Ai(1)-GGS_Mission_diagnostic activated Prosperous Thief
Resolve Stack: Prosperous Thief (26) - Ai(1)-GGS_Mission_diagnostic puts Prosperous Thief (26) from their hand onto the battlefield tapped and attacking.
Mana: Morphic Pool (30) - {T}: Add {U} or {B}.
Mana: Swamp (82) - {T}: Add {B}.
Add To Stack: Ai(1)-GGS_Mission_diagnostic activated Sakashima's Student
Replacement Effect: You may have Goldlust Triad enter as a copy of any creature on the battlefield, except it's a Ninja in addition to its other creature types.
Resolve Stack: Goldlust Triad (49) - Ai(1)-GGS_Mission_diagnostic puts Goldlust Triad (49) from their hand onto the battlefield tapped and attacking.
Mana: Riverpyre Verge (95) - {T}: Add {U}. Activate only if you control an Island or a Mountain.
Mana: Watery Grave (72) - {T}: Add {B}.
Add To Stack: Ai(1)-GGS_Mission_diagnostic activated Prosperous Thief
Resolve Stack: Prosperous Thief (26) - Ai(1)-GGS_Mission_diagnostic puts Prosperous Thief (26) from their hand onto the battlefield tapped and attacking.
Phase: Ai(1)-GGS_Mission_diagnostic's End of Combat Step
Add To Stack: Ai(1)-GGS_Mission_diagnostic triggered Goldlust Triad
Add To Stack: Ai(1)-GGS_Mission_diagnostic triggered Goldlust Triad
Zone Change: Goldlust Triad (581) was put into Exile from Battlefield.
Resolve Stack: Exile Goldlust Triad (581) at the end of combat. ([Goldlust Triad (581)]) [Phase: Ai(1)-GGS_Mission_diagnostic]
Resolve Stack: Exile Goldlust Triad (579) at the end of combat. ([Goldlust Triad (579)]) [Phase: Ai(1)-GGS_Mission_diagnostic]
Phase: Ai(1)-GGS_Mission_diagnostic's Main phase, postcombat
Mana: Command Tower (73) - {T}: Add one mana of any color in your commander's color identity.
Damage: Talisman of Dominance (78) deals 1 non-combat damage to Ai(1)-GGS_Mission_diagnostic.
Life: Life: Ai(1)-GGS_Mission_diagnostic 32 > 31
Mana: Talisman of Dominance (78) - {T}: Add {U} or {B}. Talisman of Dominance deals 1 damage to you. 
Add To Stack: Ai(1)-GGS_Mission_diagnostic cast Dauthi Voidwalker
Resolve Stack: Dauthi Voidwalker - Creature 3 / 2
Phase: Ai(1)-GGS_Mission_diagnostic's End step
Phase: Ai(1)-GGS_Mission_diagnostic's Cleanup step
Turn: Turn 46 (Ai(2)-Jaymie_Ezio)
Phase: Ai(2)-Jaymie_Ezio's Untap step
Phase: Ai(2)-Jaymie_Ezio's Upkeep step
Phase: Ai(2)-Jaymie_Ezio's Draw step
Phase: Ai(2)-Jaymie_Ezio's Main phase, precombat
Phase: Ai(2)-Jaymie_Ezio's Beginning of Combat Step
Phase: Ai(2)-Jaymie_Ezio's Declare Attackers Step
Phase: Ai(2)-Jaymie_Ezio's Declare Blockers Step
Phase: Ai(2)-Jaymie_Ezio's First Strike Damage Step
Phase: Ai(2)-Jaymie_Ezio's Combat Damage Step
Phase: Ai(2)-Jaymie_Ezio's End of Combat Step
Phase: Ai(2)-Jaymie_Ezio's Main phase, postcombat
Mana: Mountain (189) - {T}: Add {R}.
Mana: Arcane Signet (151) - {T}: Add one mana of any color in your commander's color identity.
Mana: Island (134) - {T}: Add {U}.
Mana: Forest (137) - {T}: Add {G}.
Mana: Swamp (162) - {T}: Add {B}.
Add To Stack: Ai(2)-Jaymie_Ezio cast Combustion Man
Resolve Stack: Combustion Man - Creature 4 / 6
Phase: Ai(2)-Jaymie_Ezio's End step
Phase: Ai(2)-Jaymie_Ezio's Cleanup step
Turn: Turn 47 (Ai(1)-GGS_Mission_diagnostic)
Phase: Ai(1)-GGS_Mission_diagnostic's Untap step
Phase: Ai(1)-GGS_Mission_diagnostic's Upkeep step
Phase: Ai(1)-GGS_Mission_diagnostic's Draw step
Phase: Ai(1)-GGS_Mission_diagnostic's Main phase, precombat
Land: Ai(1)-GGS_Mission_diagnostic played Misty Rainforest (14)
Life: Life: Ai(1)-GGS_Mission_diagnostic 31 > 30
Zone Change: Misty Rainforest (14) was put into Graveyard from Battlefield.
Add To Stack: Ai(1)-GGS_Mission_diagnostic activated Misty Rainforest
Replacement Effect: Undercity Sewers enters tapped.
Resolve Stack: Misty Rainforest (14) - Ai(1)-GGS_Mission_diagnostic searches their library for a Forest or Island card, puts it onto the battlefield, then shuffles.
Add To Stack: Ai(1)-GGS_Mission_diagnostic triggered Undercity Sewers
Resolve Stack: Ai(1)-GGS_Mission_diagnostic surveiled 1 card(s) to the top of the library
Resolve Stack: When Undercity Sewers enters, surveil 1. (Look at the top card of your library. You may put it into your graveyard.) [Zone Changer: Undercity Sewers (3)]
Phase: Ai(1)-GGS_Mission_diagnostic's Beginning of Combat Step
Phase: Ai(1)-GGS_Mission_diagnostic's Declare Attackers Step
Combat: Ai(1)-GGS_Mission_diagnostic assigned Goldlust Triad (88), Dragon Spirit Token (488), Dragon Spirit Token (490), Dragon Spirit Token (521), Dragon Spirit Token (523), Dragon Spirit Token (563), Dragon Spirit Token (565), Dragon Spirit Token (588), Goldlust Triad (49), Goro-Goro and Satoru (100), Prosperous Thief (26) and Dauthi Voidwalker (54) to attack Ai(2)-Jaymie_Ezio.
Add To Stack: Ai(1)-GGS_Mission_diagnostic triggered Goldlust Triad
Add To Stack: Ai(1)-GGS_Mission_diagnostic triggered Goldlust Triad
Resolve Stack: Myriad (Whenever this creature attacks, for each opponent other than defending player, you may create a token that's a copy of this creature that's tapped and attacking that player or a planeswalker they control. Exile the tokens at end of combat.) [Attacker: Goldlust Triad (49)]
Resolve Stack: Myriad (Whenever this creature attacks, for each opponent other than defending player, you may create a token that's a copy of this creature that's tapped and attacking that player or a planeswalker they control. Exile the tokens at end of combat.) [Attacker: Goldlust Triad (88)]
Phase: Ai(1)-GGS_Mission_diagnostic's Declare Blockers Step
Combat: Ai(2)-Jaymie_Ezio didn't block Goldlust Triad (88).
Ai(2)-Jaymie_Ezio didn't block Dragon Spirit Token (488).
Ai(2)-Jaymie_Ezio didn't block Dragon Spirit Token (490).
Ai(2)-Jaymie_Ezio didn't block Dragon Spirit Token (521).
Ai(2)-Jaymie_Ezio didn't block Dragon Spirit Token (523).
Ai(2)-Jaymie_Ezio didn't block Dragon Spirit Token (563).
Ai(2)-Jaymie_Ezio didn't block Dragon Spirit Token (565).
Ai(2)-Jaymie_Ezio didn't block Dragon Spirit Token (588).
Ai(2)-Jaymie_Ezio didn't block Goldlust Triad (49).
Ai(2)-Jaymie_Ezio assigned Ezio Auditore da Firenze (201) to block Goro-Goro and Satoru (100).
Ai(2)-Jaymie_Ezio assigned Combustion Man (185) to block Prosperous Thief (26).
Ai(2)-Jaymie_Ezio didn't block Dauthi Voidwalker (54).
Phase: Ai(1)-GGS_Mission_diagnostic's First Strike Damage Step
Phase: Ai(1)-GGS_Mission_diagnostic's Combat Damage Step
Damage: Goldlust Triad (88) deals 7 combat damage to Ai(2)-Jaymie_Ezio.
Damage: Dragon Spirit Token (488) deals 5 combat damage to Ai(2)-Jaymie_Ezio.
Damage: Dragon Spirit Token (490) deals 5 combat damage to Ai(2)-Jaymie_Ezio.
Damage: Dragon Spirit Token (521) deals 5 combat damage to Ai(2)-Jaymie_Ezio.
Damage: Dragon Spirit Token (523) deals 5 combat damage to Ai(2)-Jaymie_Ezio.
Damage: Dragon Spirit Token (563) deals 5 combat damage to Ai(2)-Jaymie_Ezio.
Damage: Dragon Spirit Token (565) deals 5 combat damage to Ai(2)-Jaymie_Ezio.
Damage: Dragon Spirit Token (588) deals 5 combat damage to Ai(2)-Jaymie_Ezio.
Damage: Goldlust Triad (49) deals 4 combat damage to Ai(2)-Jaymie_Ezio.
Damage: Goro-Goro and Satoru (100) deals 3 damage to Ezio Auditore da Firenze (201).
Damage: Prosperous Thief (26) deals 3 damage to Combustion Man (185).
Damage: Dauthi Voidwalker (54) deals 3 combat damage to Ai(2)-Jaymie_Ezio.
Damage: Ezio Auditore da Firenze (201) deals 3 damage to Goro-Goro and Satoru (100).
Damage: Combustion Man (185) deals 4 damage to Prosperous Thief (26).
Life: Life: Ai(2)-Jaymie_Ezio 9 > -40
Player Control: Ai(1)-GGS_Mission_diagnostic has restored control over themself
Player Control: Ai(2)-Jaymie_Ezio has restored control over themself
Player Control: Ai(3)-Gabe_Food has restored control over themself
Player Control: Ai(4)-Destyn_Turtles has restored control over themself
Game Outcome: Match Duration 1m : 31s
Game Outcome: Turn 24
Game Outcome: Ai(1)-GGS_Mission_diagnostic has won because all opponents have lost
Game Outcome: Ai(2)-Jaymie_Ezio has lost because life total reached 0
Game Outcome: Ai(3)-Gabe_Food has lost because life total reached 0
Game Outcome: Ai(4)-Destyn_Turtles has lost because life total reached 0
Match Result: Ai(1)-GGS_Mission_diagnostic: 1 Ai(2)-Jaymie_Ezio: 0 Ai(3)-Gabe_Food: 0 Ai(4)-Destyn_Turtles: 0 

Game Result: Game 1 ended in 92966 ms. Ai(1)-GGS_Mission_diagnostic has won!

