Error handling registered!
20:47:28 [INFO ] GuiBase: ##########################################
20:47:28 [INFO ] GuiBase: APP: Forge v.2.0.15-SNAPSHOT-09.28
20:47:28 [INFO ] GuiBase: Java: 17.0.20 (Ubuntu)
20:47:28 [INFO ] GuiBase: OS: Linux 6.18.44 amd64
20:47:28 [INFO ] GuiBase: RAM: 1536 MB max, 8 CPUs
20:47:28 [INFO ] GuiBase: ##########################################
Language 'en-US' loaded successfully.
(ThreadUtil first call): Running with priority 5
Read cards: 34010 archived files in 1 ms (25 parts) using thread pool
Upcoming set Star Trek (TRK) dated in the future. All `upcoming` cards will be added to this set with unknown rarity.
The card A-Alrund's Epiphany was not assigned to any set. Adding it to UNKNOWN set... to fix see res/editions/ folder. 
The card A-Baba Lysaga, Night Witch was not assigned to any set. Adding it to UNKNOWN set... to fix see res/editions/ folder. 
The card A-Divide by Zero was not assigned to any set. Adding it to UNKNOWN set... to fix see res/editions/ folder. 
The card A-Esika's Chariot was not assigned to any set. Adding it to UNKNOWN set... to fix see res/editions/ folder. 
The card A-Faceless Haven was not assigned to any set. Adding it to UNKNOWN set... to fix see res/editions/ folder. 
The card A-Fires of Invention was not assigned to any set. Adding it to UNKNOWN set... to fix see res/editions/ folder. 
The card A-Goldspan Dragon was not assigned to any set. Adding it to UNKNOWN set... to fix see res/editions/ folder. 
The card A-Hullbreaker Horror was not assigned to any set. Adding it to UNKNOWN set... to fix see res/editions/ folder. 
The card A-Kumano Faces Kakkazan was not assigned to any set. Adding it to UNKNOWN set... to fix see res/editions/ folder. 
The card A-Luminarch Aspirant was not assigned to any set. Adding it to UNKNOWN set... to fix see res/editions/ folder. 
The card A-Monster Manual was not assigned to any set. Adding it to UNKNOWN set... to fix see res/editions/ folder. 
The card A-Omnath, Locus of Creation was not assigned to any set. Adding it to UNKNOWN set... to fix see res/editions/ folder. 
The card A-The Meathook Massacre was not assigned to any set. Adding it to UNKNOWN set... to fix see res/editions/ folder. 
The card A-Unholy Heat was not assigned to any set. Adding it to UNKNOWN set... to fix see res/editions/ folder. 
The card Blinding Radiance was not assigned to any set. Adding it to UNKNOWN set... to fix see res/editions/ folder. 
The card Goblin Bruiser was not assigned to any set. Adding it to UNKNOWN set... to fix see res/editions/ folder. 
The card Ogre Painbringer was not assigned to any set. Adding it to UNKNOWN set... to fix see res/editions/ folder. 
The card Titanic Pelagosaur was not assigned to any set. Adding it to UNKNOWN set... to fix see res/editions/ folder. 
The card Treetop Recluse was not assigned to any set. Adding it to UNKNOWN set... to fix see res/editions/ folder. 
Upcoming set Star Trek (TRK) dated in the future. All `upcoming` cards will be added to this set with unknown rarity.
Read cards: 854 files in 0 ms (8 parts) using thread pool
Simulation mode
Ai(1)-Jaymie_Ezio vs Ai(2)-Gabe_Food vs Ai(3)-Destyn_Turtles vs Ai(4)-GGS_Herald_diagnostic - one game of Commander seed 20260930
Watery Grave Did not have activator set in SpellAbility_Condition.checkConditions()
Watery Grave Did not have activator set in SpellAbility_Condition.checkConditions()
Watery Grave Did not have activator set in SpellAbility_Condition.checkConditions()
Watery Grave Did not have activator set in SpellAbility_Condition.checkConditions()
Watery Grave Did not have activator set in SpellAbility_Condition.checkConditions()
Watery Grave Did not have activator set in SpellAbility_Condition.checkConditions()
Watery Grave Did not have activator set in SpellAbility_Condition.checkConditions()
Watery Grave Did not have activator set in SpellAbility_Condition.checkConditions()
Watery Grave Did not have activator set in SpellAbility_Condition.checkConditions()
Watery Grave Did not have activator set in SpellAbility_Condition.checkConditions()
Watery Grave Did not have activator set in SpellAbility_Condition.checkConditions()
Watery Grave Did not have activator set in SpellAbility_Condition.checkConditions()
Warning: default (ie. inherited from base class) implementation of confirmAction is used by Goro-Goro and Satoru for forge.ai.ability.PermanentCreatureAi. Consider declaring an overloaded method
Warning: default (ie. inherited from base class) implementation of confirmAction is used by Sam, Loyal Attendant for forge.ai.ability.PermanentCreatureAi. Consider declaring an overloaded method
Warning: default (ie. inherited from base class) implementation of confirmAction is used by Frodo, Adventurous Hobbit for forge.ai.ability.PermanentCreatureAi. Consider declaring an overloaded method
Warning: default (ie. inherited from base class) implementation of confirmAction is used by Sam, Loyal Attendant for forge.ai.ability.PermanentCreatureAi. Consider declaring an overloaded method
Warning: default (ie. inherited from base class) implementation of confirmAction is used by Ezio Auditore da Firenze for forge.ai.ability.PermanentCreatureAi. Consider declaring an overloaded method
Warning: default (ie. inherited from base class) implementation of confirmAction is used by Leonardo, the Balance for forge.ai.ability.PermanentCreatureAi. Consider declaring an overloaded method
Warning: default (ie. inherited from base class) implementation of confirmAction is used by Michelangelo, the Heart for forge.ai.ability.PermanentCreatureAi. Consider declaring an overloaded method
Mulligan: Ai(4)-GGS_Herald_diagnostic has kept a hand of 7 cards
Mulligan: Ai(1)-Jaymie_Ezio has kept a hand of 7 cards
Mulligan: Ai(2)-Gabe_Food has kept a hand of 7 cards
Mulligan: Ai(3)-Destyn_Turtles has kept a hand of 7 cards
Turn: Turn 1 (Ai(4)-GGS_Herald_diagnostic)
Phase: Ai(4)-GGS_Herald_diagnostic's Untap step
Phase: Ai(4)-GGS_Herald_diagnostic's Upkeep step
Phase: Ai(4)-GGS_Herald_diagnostic's Draw step
Phase: Ai(4)-GGS_Herald_diagnostic's Main phase, precombat
Replacement Effect: Luxury Suite enters tapped unless you have two or more opponents.
Land: Ai(4)-GGS_Herald_diagnostic played Luxury Suite (378)
Phase: Ai(4)-GGS_Herald_diagnostic's Beginning of Combat Step
Phase: Ai(4)-GGS_Herald_diagnostic's Declare Attackers Step
Phase: Ai(4)-GGS_Herald_diagnostic's Declare Blockers Step
Phase: Ai(4)-GGS_Herald_diagnostic's First Strike Damage Step
Phase: Ai(4)-GGS_Herald_diagnostic's Combat Damage Step
Phase: Ai(4)-GGS_Herald_diagnostic's End of Combat Step
Phase: Ai(4)-GGS_Herald_diagnostic's Main phase, postcombat
Phase: Ai(4)-GGS_Herald_diagnostic's End step
Phase: Ai(4)-GGS_Herald_diagnostic's Cleanup step
Turn: Turn 2 (Ai(1)-Jaymie_Ezio)
Phase: Ai(1)-Jaymie_Ezio's Untap step
Phase: Ai(1)-Jaymie_Ezio's Upkeep step
Phase: Ai(1)-Jaymie_Ezio's Draw step
Phase: Ai(1)-Jaymie_Ezio's Main phase, precombat
Land: Ai(1)-Jaymie_Ezio played Command Tower (32)
Phase: Ai(1)-Jaymie_Ezio's Beginning of Combat Step
Phase: Ai(1)-Jaymie_Ezio's Declare Attackers Step
Phase: Ai(1)-Jaymie_Ezio's Declare Blockers Step
Phase: Ai(1)-Jaymie_Ezio's First Strike Damage Step
Phase: Ai(1)-Jaymie_Ezio's Combat Damage Step
Phase: Ai(1)-Jaymie_Ezio's End of Combat Step
Phase: Ai(1)-Jaymie_Ezio's Main phase, postcombat
Mana: Command Tower (32) - {T}: Add one mana of any color in your commander's color identity.
Add To Stack: Ai(1)-Jaymie_Ezio cast Assassin Initiate
Resolve Stack: Assassin Initiate - Creature 1 / 1
Phase: Ai(1)-Jaymie_Ezio's End step
Phase: Ai(1)-Jaymie_Ezio's Cleanup step
Turn: Turn 3 (Ai(2)-Gabe_Food)
Phase: Ai(2)-Gabe_Food's Untap step
Phase: Ai(2)-Gabe_Food's Upkeep step
Phase: Ai(2)-Gabe_Food's Draw step
Phase: Ai(2)-Gabe_Food's Main phase, precombat
Land: Ai(2)-Gabe_Food played Forest (140)
Phase: Ai(2)-Gabe_Food's Beginning of Combat Step
Phase: Ai(2)-Gabe_Food's Declare Attackers Step
Phase: Ai(2)-Gabe_Food's Declare Blockers Step
Phase: Ai(2)-Gabe_Food's First Strike Damage Step
Phase: Ai(2)-Gabe_Food's Combat Damage Step
Phase: Ai(2)-Gabe_Food's End of Combat Step
Phase: Ai(2)-Gabe_Food's Main phase, postcombat
Phase: Ai(2)-Gabe_Food's End step
Phase: Ai(2)-Gabe_Food's Cleanup step
Turn: Turn 4 (Ai(3)-Destyn_Turtles)
Phase: Ai(3)-Destyn_Turtles' Untap step
Phase: Ai(3)-Destyn_Turtles' Upkeep step
Phase: Ai(3)-Destyn_Turtles' Draw step
Phase: Ai(3)-Destyn_Turtles' Main phase, precombat
Replacement Effect: This land enters tapped unless you control two or more basic lands.
Land: Ai(3)-Destyn_Turtles played Sodden Verdure (283)
Phase: Ai(3)-Destyn_Turtles' Beginning of Combat Step
Phase: Ai(3)-Destyn_Turtles' Declare Attackers Step
Phase: Ai(3)-Destyn_Turtles' Declare Blockers Step
Phase: Ai(3)-Destyn_Turtles' First Strike Damage Step
Phase: Ai(3)-Destyn_Turtles' Combat Damage Step
Phase: Ai(3)-Destyn_Turtles' End of Combat Step
Phase: Ai(3)-Destyn_Turtles' Main phase, postcombat
Phase: Ai(3)-Destyn_Turtles' End step
Phase: Ai(3)-Destyn_Turtles' Cleanup step
Turn: Turn 5 (Ai(4)-GGS_Herald_diagnostic)
Phase: Ai(4)-GGS_Herald_diagnostic's Untap step
Phase: Ai(4)-GGS_Herald_diagnostic's Upkeep step
Phase: Ai(4)-GGS_Herald_diagnostic's Draw step
Phase: Ai(4)-GGS_Herald_diagnostic's Main phase, precombat
Land: Ai(4)-GGS_Herald_diagnostic played Polluted Delta (315)
Life: Life: Ai(4)-GGS_Herald_diagnostic 40 > 39
Zone Change: Polluted Delta (315) was put into Graveyard from Battlefield.
Add To Stack: Ai(4)-GGS_Herald_diagnostic activated Polluted Delta
Replacement Effect: As Watery Grave enters, you may pay 2 life. If you don't, it enters tapped.
Resolve Stack: Polluted Delta (315) - Ai(4)-GGS_Herald_diagnostic searches their library for an Island or Swamp card, puts it onto the battlefield, then shuffles.
Phase: Ai(4)-GGS_Herald_diagnostic's Beginning of Combat Step
Phase: Ai(4)-GGS_Herald_diagnostic's Declare Attackers Step
Phase: Ai(4)-GGS_Herald_diagnostic's Declare Blockers Step
Phase: Ai(4)-GGS_Herald_diagnostic's First Strike Damage Step
Phase: Ai(4)-GGS_Herald_diagnostic's Combat Damage Step
Phase: Ai(4)-GGS_Herald_diagnostic's End of Combat Step
Phase: Ai(4)-GGS_Herald_diagnostic's Main phase, postcombat
Phase: Ai(4)-GGS_Herald_diagnostic's End step
Phase: Ai(4)-GGS_Herald_diagnostic's Cleanup step
Turn: Turn 6 (Ai(1)-Jaymie_Ezio)
Phase: Ai(1)-Jaymie_Ezio's Untap step
Phase: Ai(1)-Jaymie_Ezio's Upkeep step
Phase: Ai(1)-Jaymie_Ezio's Draw step
Phase: Ai(1)-Jaymie_Ezio's Main phase, precombat
Phase: Ai(1)-Jaymie_Ezio's Beginning of Combat Step
Phase: Ai(1)-Jaymie_Ezio's Declare Attackers Step
Combat: Ai(1)-Jaymie_Ezio assigned Assassin Initiate (51) to attack Ai(4)-GGS_Herald_diagnostic.
Phase: Ai(1)-Jaymie_Ezio's Declare Blockers Step
Combat: Ai(4)-GGS_Herald_diagnostic didn't block Assassin Initiate (51).
Phase: Ai(1)-Jaymie_Ezio's First Strike Damage Step
Phase: Ai(1)-Jaymie_Ezio's Combat Damage Step
Damage: Assassin Initiate (51) deals 1 combat damage to Ai(4)-GGS_Herald_diagnostic.
Life: Life: Ai(4)-GGS_Herald_diagnostic 39 > 38
Phase: Ai(1)-Jaymie_Ezio's End of Combat Step
Phase: Ai(1)-Jaymie_Ezio's Main phase, postcombat
Replacement Effect: Path of Ancestry enters tapped.
Land: Ai(1)-Jaymie_Ezio played Path of Ancestry (8)
Mana: Command Tower (32) - {T}: Add one mana of any color in your commander's color identity.
Add To Stack: Ai(1)-Jaymie_Ezio cast Changeling Outcast
Resolve Stack: Changeling Outcast - Creature 1 / 1
Phase: Ai(1)-Jaymie_Ezio's End step
Phase: Ai(1)-Jaymie_Ezio's Cleanup step
Turn: Turn 7 (Ai(2)-Gabe_Food)
Phase: Ai(2)-Gabe_Food's Untap step
Phase: Ai(2)-Gabe_Food's Upkeep step
Phase: Ai(2)-Gabe_Food's Draw step
Phase: Ai(2)-Gabe_Food's Main phase, precombat
Land: Ai(2)-Gabe_Food played Swamp (163)
Phase: Ai(2)-Gabe_Food's Beginning of Combat Step
Phase: Ai(2)-Gabe_Food's Declare Attackers Step
Phase: Ai(2)-Gabe_Food's Declare Blockers Step
Phase: Ai(2)-Gabe_Food's First Strike Damage Step
Phase: Ai(2)-Gabe_Food's Combat Damage Step
Phase: Ai(2)-Gabe_Food's End of Combat Step
Phase: Ai(2)-Gabe_Food's Main phase, postcombat
Mana: Forest (140) - {T}: Add {G}.
Mana: Swamp (163) - {T}: Add {B}.
Add To Stack: Ai(2)-Gabe_Food cast Prize Pig
Resolve Stack: Prize Pig - Creature 0 / 3
Phase: Ai(2)-Gabe_Food's End step
Phase: Ai(2)-Gabe_Food's Cleanup step
Turn: Turn 8 (Ai(3)-Destyn_Turtles)
Phase: Ai(3)-Destyn_Turtles' Untap step
Phase: Ai(3)-Destyn_Turtles' Upkeep step
Phase: Ai(3)-Destyn_Turtles' Draw step
Phase: Ai(3)-Destyn_Turtles' Main phase, precombat
Land: Ai(3)-Destyn_Turtles played City of Brass (247)
Phase: Ai(3)-Destyn_Turtles' Beginning of Combat Step
Phase: Ai(3)-Destyn_Turtles' Declare Attackers Step
Phase: Ai(3)-Destyn_Turtles' Declare Blockers Step
Phase: Ai(3)-Destyn_Turtles' First Strike Damage Step
Phase: Ai(3)-Destyn_Turtles' Combat Damage Step
Phase: Ai(3)-Destyn_Turtles' End of Combat Step
Phase: Ai(3)-Destyn_Turtles' Main phase, postcombat
Mana: Sodden Verdure (283) - {T}: Add {G}.
Mana: City of Brass (247) - {T}: Add one mana of any color.
Add To Stack: Ai(3)-Destyn_Turtles cast Michelangelo, the Heart
Add To Stack: Ai(3)-Destyn_Turtles triggered City of Brass
Damage: City of Brass (247) deals 1 non-combat damage to Ai(3)-Destyn_Turtles.
Life: Life: Ai(3)-Destyn_Turtles 40 > 39
Resolve Stack: Whenever City of Brass becomes tapped, it deals 1 damage to you. [Tapped: City of Brass (247)]
Resolve Stack: Michelangelo, the Heart - Creature 2 / 1
Phase: Ai(3)-Destyn_Turtles' End step
Phase: Ai(3)-Destyn_Turtles' Cleanup step
Turn: Turn 9 (Ai(4)-GGS_Herald_diagnostic)
Phase: Ai(4)-GGS_Herald_diagnostic's Untap step
Phase: Ai(4)-GGS_Herald_diagnostic's Upkeep step
Phase: Ai(4)-GGS_Herald_diagnostic's Draw step
Phase: Ai(4)-GGS_Herald_diagnostic's Main phase, precombat
Land: Ai(4)-GGS_Herald_diagnostic played Exotic Orchard (332)
Phase: Ai(4)-GGS_Herald_diagnostic's Beginning of Combat Step
Phase: Ai(4)-GGS_Herald_diagnostic's Declare Attackers Step
Phase: Ai(4)-GGS_Herald_diagnostic's Declare Blockers Step
Phase: Ai(4)-GGS_Herald_diagnostic's First Strike Damage Step
Phase: Ai(4)-GGS_Herald_diagnostic's Combat Damage Step
Phase: Ai(4)-GGS_Herald_diagnostic's End of Combat Step
Phase: Ai(4)-GGS_Herald_diagnostic's Main phase, postcombat
Mana: Exotic Orchard (332) - {T}: Add one mana of any color that a land an opponent controls could produce.
Mana: Luxury Suite (378) - {T}: Add {B} or {R}.
Mana: Watery Grave (374) - {T}: Add {B}.
Add To Stack: Ai(4)-GGS_Herald_diagnostic cast Goro-Goro and Satoru
Resolve Stack: Goro-Goro and Satoru - Creature 3 / 4
Phase: Ai(4)-GGS_Herald_diagnostic's End step
Phase: Ai(4)-GGS_Herald_diagnostic's Cleanup step
Turn: Turn 10 (Ai(1)-Jaymie_Ezio)
Phase: Ai(1)-Jaymie_Ezio's Untap step
Phase: Ai(1)-Jaymie_Ezio's Upkeep step
Phase: Ai(1)-Jaymie_Ezio's Draw step
Phase: Ai(1)-Jaymie_Ezio's Main phase, precombat
Replacement Effect: Smoldering Marsh enters tapped unless you control two or more basic lands.
Land: Ai(1)-Jaymie_Ezio played Smoldering Marsh (71)
Mana: Command Tower (32) - {T}: Add one mana of any color in your commander's color identity.
Mana: Path of Ancestry (8) - {T}: Add one mana of any color in your commander's color identity. When that mana is spent to cast a creature spell that shares a creature type with your commander, scry 1. (Look at the top card of your library. You may put that card on the bottom.)
Add To Stack: Ai(1)-Jaymie_Ezio cast Rampant Growth
Resolve Stack: Rampant Growth (78) - Search your library for a basic land card, put that card onto the battlefield tapped, then shuffle.
Phase: Ai(1)-Jaymie_Ezio's Beginning of Combat Step
Phase: Ai(1)-Jaymie_Ezio's Declare Attackers Step
Combat: Ai(1)-Jaymie_Ezio assigned Changeling Outcast (14) to attack Ai(4)-GGS_Herald_diagnostic.
Phase: Ai(1)-Jaymie_Ezio's Declare Blockers Step
Combat: Ai(4)-GGS_Herald_diagnostic didn't block Changeling Outcast (14).
Phase: Ai(1)-Jaymie_Ezio's First Strike Damage Step
Phase: Ai(1)-Jaymie_Ezio's Combat Damage Step
Damage: Changeling Outcast (14) deals 1 combat damage to Ai(4)-GGS_Herald_diagnostic.
Life: Life: Ai(4)-GGS_Herald_diagnostic 38 > 37
Phase: Ai(1)-Jaymie_Ezio's End of Combat Step
Phase: Ai(1)-Jaymie_Ezio's Main phase, postcombat
Phase: Ai(1)-Jaymie_Ezio's End step
Phase: Ai(1)-Jaymie_Ezio's Cleanup step
Turn: Turn 11 (Ai(2)-Gabe_Food)
Phase: Ai(2)-Gabe_Food's Untap step
Phase: Ai(2)-Gabe_Food's Upkeep step
Mana: Prize Pig (130) - {T}: Add one mana of any color.
Add To Stack: Ai(2)-Gabe_Food cast Swords to Plowshares targeting [Goro-Goro and Satoru (403)]
Zone Change: Goro-Goro and Satoru (403) was put into Exile from Battlefield.
Life: Life: Ai(4)-GGS_Herald_diagnostic 37 > 40
Resolve Stack: Swords to Plowshares (185) - Exile Goro-Goro and Satoru (403). Ai(4)-GGS_Herald_diagnostic gains life equal to its power.
Phase: Ai(2)-Gabe_Food's Draw step
Phase: Ai(2)-Gabe_Food's Main phase, precombat
Land: Ai(2)-Gabe_Food played Command Tower (131)
Mana: Command Tower (131) - {T}: Add one mana of any color in your commander's color identity.
Mana: Forest (140) - {T}: Add {G}.
Mana: Swamp (163) - {T}: Add {B}.
Add To Stack: Ai(2)-Gabe_Food cast Sam, Loyal Attendant
Resolve Stack: Sam, Loyal Attendant - Creature 2 / 4
Add To Stack: Ai(2)-Gabe_Food triggered Sam, Loyal Attendant targeting [Ai(2)-Gabe_Food]
Resolve Stack: Partner with Frodo, Adventurous Hobbit (When this creature enters, target player may put Frodo into their hand from their library, then shuffle.) (Targeting: [[Ai(2)-Gabe_Food]]) [Zone Changer: Sam, Loyal Attendant (202)]
Phase: Ai(2)-Gabe_Food's Beginning of Combat Step
Add To Stack: Ai(2)-Gabe_Food triggered Sam, Loyal Attendant
Resolve Stack: At the beginning of combat on your turn, create a Food token. (It's an artifact with "{2}, {T}, Sacrifice this token: You gain 3 life.") [Phase: Ai(2)-Gabe_Food]
Phase: Ai(2)-Gabe_Food's Declare Attackers Step
Phase: Ai(2)-Gabe_Food's Declare Blockers Step
Phase: Ai(2)-Gabe_Food's First Strike Damage Step
Phase: Ai(2)-Gabe_Food's Combat Damage Step
Phase: Ai(2)-Gabe_Food's End of Combat Step
Phase: Ai(2)-Gabe_Food's Main phase, postcombat
Phase: Ai(2)-Gabe_Food's End step
Phase: Ai(2)-Gabe_Food's Cleanup step
Turn: Turn 12 (Ai(3)-Destyn_Turtles)
Phase: Ai(3)-Destyn_Turtles' Untap step
Phase: Ai(3)-Destyn_Turtles' Upkeep step
Phase: Ai(3)-Destyn_Turtles' Draw step
Phase: Ai(3)-Destyn_Turtles' Main phase, precombat
Replacement Effect: Cinder Glade enters tapped unless you control two or more basic lands.
Land: Ai(3)-Destyn_Turtles played Cinder Glade (218)
Phase: Ai(3)-Destyn_Turtles' Beginning of Combat Step
Phase: Ai(3)-Destyn_Turtles' Declare Attackers Step
Phase: Ai(3)-Destyn_Turtles' Declare Blockers Step
Phase: Ai(3)-Destyn_Turtles' First Strike Damage Step
Phase: Ai(3)-Destyn_Turtles' Combat Damage Step
Phase: Ai(3)-Destyn_Turtles' End of Combat Step
Phase: Ai(3)-Destyn_Turtles' Main phase, postcombat
Mana: Sodden Verdure (283) - {T}: Add {G}.
Mana: City of Brass (247) - {T}: Add one mana of any color.
Add To Stack: Ai(3)-Destyn_Turtles cast Everything Pizza
Add To Stack: Ai(3)-Destyn_Turtles triggered City of Brass
Damage: City of Brass (247) deals 1 non-combat damage to Ai(3)-Destyn_Turtles.
Life: Life: Ai(3)-Destyn_Turtles 39 > 38
Resolve Stack: Whenever City of Brass becomes tapped, it deals 1 damage to you. [Tapped: City of Brass (247)]
Resolve Stack: Everything Pizza
Add To Stack: Ai(3)-Destyn_Turtles triggered Everything Pizza
Resolve Stack: When this artifact enters, search your library for a basic land card, reveal it, put it into your hand, then shuffle. [Zone Changer: Everything Pizza (268)]
Phase: Ai(3)-Destyn_Turtles' End step
Phase: Ai(3)-Destyn_Turtles' Cleanup step
Turn: Turn 13 (Ai(4)-GGS_Herald_diagnostic)
Phase: Ai(4)-GGS_Herald_diagnostic's Untap step
Phase: Ai(4)-GGS_Herald_diagnostic's Upkeep step
Phase: Ai(4)-GGS_Herald_diagnostic's Draw step
Phase: Ai(4)-GGS_Herald_diagnostic's Main phase, precombat
Mana: Exotic Orchard (332) - {T}: Add one mana of any color that a land an opponent controls could produce.
Add To Stack: Ai(4)-GGS_Herald_diagnostic cast Phoenix Chick
Resolve Stack: Phoenix Chick - Creature 1 / 1
Phase: Ai(4)-GGS_Herald_diagnostic's Beginning of Combat Step
Phase: Ai(4)-GGS_Herald_diagnostic's Declare Attackers Step
Combat: Ai(4)-GGS_Herald_diagnostic assigned Phoenix Chick (372) to attack Ai(2)-Gabe_Food.
Phase: Ai(4)-GGS_Herald_diagnostic's Declare Blockers Step
Combat: Ai(2)-Gabe_Food didn't block Phoenix Chick (372).
Mana: Watery Grave (374) - {T}: Add {U}.
Add To Stack: Ai(4)-GGS_Herald_diagnostic activated Moon-Circuit Hacker
Resolve Stack: Moon-Circuit Hacker (392) - Ai(4)-GGS_Herald_diagnostic puts Moon-Circuit Hacker (392) from their hand onto the battlefield tapped and attacking.
Phase: Ai(4)-GGS_Herald_diagnostic's First Strike Damage Step
Phase: Ai(4)-GGS_Herald_diagnostic's Combat Damage Step
Damage: Moon-Circuit Hacker (392) deals 2 combat damage to Ai(2)-Gabe_Food.
Life: Life: Ai(2)-Gabe_Food 40 > 38
Add To Stack: Ai(4)-GGS_Herald_diagnostic triggered Moon-Circuit Hacker
Resolve Stack: Whenever Moon-Circuit Hacker deals combat damage to a player, you may draw a card. If you do, discard a card unless Moon-Circuit Hacker entered this turn. [Damage Source: Moon-Circuit Hacker (392), Damaged: Ai(2)-Gabe_Food, Amount: 2]
Phase: Ai(4)-GGS_Herald_diagnostic's End of Combat Step
Phase: Ai(4)-GGS_Herald_diagnostic's Main phase, postcombat
Mana: Luxury Suite (378) - {T}: Add {B} or {R}.
Add To Stack: Ai(4)-GGS_Herald_diagnostic cast Phoenix Chick
Resolve Stack: Phoenix Chick - Creature 1 / 1
Phase: Ai(4)-GGS_Herald_diagnostic's End step
Phase: Ai(4)-GGS_Herald_diagnostic's Cleanup step
Turn: Turn 14 (Ai(1)-Jaymie_Ezio)
Phase: Ai(1)-Jaymie_Ezio's Untap step
Phase: Ai(1)-Jaymie_Ezio's Upkeep step
Phase: Ai(1)-Jaymie_Ezio's Draw step
Phase: Ai(1)-Jaymie_Ezio's Main phase, precombat
Mana: Command Tower (32) - {T}: Add one mana of any color in your commander's color identity.
Mana: Path of Ancestry (8) - {T}: Add one mana of any color in your commander's color identity. When that mana is spent to cast a creature spell that shares a creature type with your commander, scry 1. (Look at the top card of your library. You may put that card on the bottom.)
Mana: Plains (89) - {T}: Add {W}.
Mana: Smoldering Marsh (71) - {T}: Add {R}.
Add To Stack: Ai(1)-Jaymie_Ezio cast Coastal Piracy
Resolve Stack: Coastal Piracy
Phase: Ai(1)-Jaymie_Ezio's Beginning of Combat Step
Phase: Ai(1)-Jaymie_Ezio's Declare Attackers Step
Combat: Ai(1)-Jaymie_Ezio assigned Changeling Outcast (14) to attack Ai(2)-Gabe_Food.
Phase: Ai(1)-Jaymie_Ezio's Declare Blockers Step
Combat: Ai(2)-Gabe_Food didn't block Changeling Outcast (14).
Phase: Ai(1)-Jaymie_Ezio's First Strike Damage Step
Phase: Ai(1)-Jaymie_Ezio's Combat Damage Step
Damage: Changeling Outcast (14) deals 1 combat damage to Ai(2)-Gabe_Food.
Life: Life: Ai(2)-Gabe_Food 38 > 37
Add To Stack: Ai(1)-Jaymie_Ezio triggered Coastal Piracy
Resolve Stack: Whenever a creature you control deals combat damage to an opponent, you may draw a card. [Damage Source: Changeling Outcast (14), Damaged: Ai(2)-Gabe_Food, Amount: 1]
Phase: Ai(1)-Jaymie_Ezio's End of Combat Step
Phase: Ai(1)-Jaymie_Ezio's Main phase, postcombat
Replacement Effect: Thriving Grove enters tapped.
Replacement Effect: As Thriving Grove enters, choose a color other than green.
Land: Ai(1)-Jaymie_Ezio played Thriving Grove (27)
Phase: Ai(1)-Jaymie_Ezio's End step
Phase: Ai(1)-Jaymie_Ezio's Cleanup step
Turn: Turn 15 (Ai(2)-Gabe_Food)
Phase: Ai(2)-Gabe_Food's Untap step
Phase: Ai(2)-Gabe_Food's Upkeep step
Phase: Ai(2)-Gabe_Food's Draw step
Phase: Ai(2)-Gabe_Food's Main phase, precombat
Land: Ai(2)-Gabe_Food played Shire Terrace (172)
Mana: Forest (140) - {T}: Add {G}.
Mana: Swamp (163) - {T}: Add {B}.
Mana: Command Tower (131) - {T}: Add one mana of any color in your commander's color identity.
Mana: Shire Terrace (172) - {T}: Add {C}.
Add To Stack: Ai(2)-Gabe_Food cast Assemble the Entmoot
Resolve Stack: Assemble the Entmoot
Phase: Ai(2)-Gabe_Food's Beginning of Combat Step
Add To Stack: Ai(2)-Gabe_Food triggered Sam, Loyal Attendant
Resolve Stack: At the beginning of combat on your turn, create a Food token. (It's an artifact with "{2}, {T}, Sacrifice this token: You gain 3 life.") [Phase: Ai(2)-Gabe_Food]
Phase: Ai(2)-Gabe_Food's Declare Attackers Step
Combat: Ai(2)-Gabe_Food assigned Sam, Loyal Attendant (202) to attack Ai(1)-Jaymie_Ezio.
Phase: Ai(2)-Gabe_Food's Declare Blockers Step
Combat: Ai(1)-Jaymie_Ezio didn't block Sam, Loyal Attendant (202).
Phase: Ai(2)-Gabe_Food's First Strike Damage Step
Phase: Ai(2)-Gabe_Food's Combat Damage Step
Damage: Sam, Loyal Attendant (202) deals 2 combat damage to Ai(1)-Jaymie_Ezio.
Life: Life: Ai(1)-Jaymie_Ezio 40 > 38
Phase: Ai(2)-Gabe_Food's End of Combat Step
Phase: Ai(2)-Gabe_Food's Main phase, postcombat
Phase: Ai(2)-Gabe_Food's End step
Phase: Ai(2)-Gabe_Food's Cleanup step
Turn: Turn 16 (Ai(3)-Destyn_Turtles)
Phase: Ai(3)-Destyn_Turtles' Untap step
Phase: Ai(3)-Destyn_Turtles' Upkeep step
Phase: Ai(3)-Destyn_Turtles' Draw step
Phase: Ai(3)-Destyn_Turtles' Main phase, precombat
Land: Ai(3)-Destyn_Turtles played Plains (290)
Phase: Ai(3)-Destyn_Turtles' Beginning of Combat Step
Phase: Ai(3)-Destyn_Turtles' Declare Attackers Step
Zone Change: Assemble the Entmoot (102) was put into Graveyard from Battlefield.
Add To Stack: Ai(2)-Gabe_Food activated Assemble the Entmoot
Resolve Stack: Assemble the Entmoot (102) - Ai(2)-Gabe_Food creates three tapped X/X green Treefolk creature tokens, where X is the amount of life you gained this turn. Put a reach counter on each of them. Ai(2)-Gabe_Food puts a reach counter on . 
Zone Change: Treefolk Token (426) was put into Graveyard from Battlefield.
Zone Change: Treefolk Token (427) was put into Graveyard from Battlefield.
Zone Change: Treefolk Token (428) was put into Graveyard from Battlefield.
Phase: Ai(3)-Destyn_Turtles' Declare Blockers Step
Phase: Ai(3)-Destyn_Turtles' First Strike Damage Step
Phase: Ai(3)-Destyn_Turtles' Combat Damage Step
Phase: Ai(3)-Destyn_Turtles' End of Combat Step
Phase: Ai(3)-Destyn_Turtles' Main phase, postcombat
Mana: Cinder Glade (218) - {T}: Add {R}.
Mana: Plains (290) - {T}: Add {W}.
Mana: Sodden Verdure (283) - {T}: Add {G}.
Mana: City of Brass (247) - {T}: Add one mana of any color.
Add To Stack: Ai(3)-Destyn_Turtles cast Casey Jones, Back Alley Brute
Add To Stack: Ai(3)-Destyn_Turtles triggered City of Brass
Damage: City of Brass (247) deals 1 non-combat damage to Ai(3)-Destyn_Turtles.
Life: Life: Ai(3)-Destyn_Turtles 38 > 37
Resolve Stack: Whenever City of Brass becomes tapped, it deals 1 damage to you. [Tapped: City of Brass (247)]
Resolve Stack: Casey Jones, Back Alley Brute - Creature 4 / 2
Phase: Ai(3)-Destyn_Turtles' End step
Mana: Prize Pig (130) - {T}: Add one mana of any color.
Discard: Ai(2)-Gabe_Food discards Eagles of the North (179).
Add To Stack: Ai(2)-Gabe_Food activated Eagles of the North
Resolve Stack: Eagles of the North (179) - Ai(2)-Gabe_Food searches their library for a Plains card, reveals it, puts it into their hand, then shuffles.
Phase: Ai(3)-Destyn_Turtles' Cleanup step
Turn: Turn 17 (Ai(4)-GGS_Herald_diagnostic)
Phase: Ai(4)-GGS_Herald_diagnostic's Untap step
Phase: Ai(4)-GGS_Herald_diagnostic's Upkeep step
Phase: Ai(4)-GGS_Herald_diagnostic's Draw step
Phase: Ai(4)-GGS_Herald_diagnostic's Main phase, precombat
Phase: Ai(4)-GGS_Herald_diagnostic's Beginning of Combat Step
Phase: Ai(4)-GGS_Herald_diagnostic's Declare Attackers Step
Combat: Ai(4)-GGS_Herald_diagnostic assigned Phoenix Chick (372) to attack Ai(3)-Destyn_Turtles.
Phase: Ai(4)-GGS_Herald_diagnostic's Declare Blockers Step
Combat: Ai(3)-Destyn_Turtles didn't block Phoenix Chick (372).
Phase: Ai(4)-GGS_Herald_diagnostic's First Strike Damage Step
Phase: Ai(4)-GGS_Herald_diagnostic's Combat Damage Step
Damage: Phoenix Chick (372) deals 1 combat damage to Ai(3)-Destyn_Turtles.
Life: Life: Ai(3)-Destyn_Turtles 37 > 36
Phase: Ai(4)-GGS_Herald_diagnostic's End of Combat Step
Phase: Ai(4)-GGS_Herald_diagnostic's Main phase, postcombat
Mana: Exotic Orchard (332) - {T}: Add one mana of any color that a land an opponent controls could produce.
Mana: Luxury Suite (378) - {T}: Add {B} or {R}.
Mana: Watery Grave (374) - {T}: Add {B}.
Add To Stack: Ai(4)-GGS_Herald_diagnostic cast Satoru Umezawa
Resolve Stack: Satoru Umezawa - Creature 2 / 4
Phase: Ai(4)-GGS_Herald_diagnostic's End step
Phase: Ai(4)-GGS_Herald_diagnostic's Cleanup step
Turn: Turn 18 (Ai(1)-Jaymie_Ezio)
Phase: Ai(1)-Jaymie_Ezio's Untap step
Phase: Ai(1)-Jaymie_Ezio's Upkeep step
Phase: Ai(1)-Jaymie_Ezio's Draw step
Phase: Ai(1)-Jaymie_Ezio's Main phase, precombat
Mana: Plains (89) - {T}: Add {W}.
Mana: Thriving Grove (27) - {T}: Add {G} or one mana of the chosen color.
Mana: Smoldering Marsh (71) - {T}: Add {R}.
Add To Stack: Ai(1)-Jaymie_Ezio cast 
Resolve Stack: Disguise - Creature 2/2
Mana: Command Tower (32) - {T}: Add one mana of any color in your commander's color identity.
Mana: Path of Ancestry (8) - {T}: Add one mana of any color in your commander's color identity. When that mana is spent to cast a creature spell that shares a creature type with your commander, scry 1. (Look at the top card of your library. You may put that card on the bottom.)
Resolve Stack: Ai(1)-Jaymie_Ezio has undisguised Arno Dorian
Phase: Ai(1)-Jaymie_Ezio's Beginning of Combat Step
Phase: Ai(1)-Jaymie_Ezio's Declare Attackers Step
Combat: Ai(1)-Jaymie_Ezio assigned Changeling Outcast (14) to attack Ai(4)-GGS_Herald_diagnostic.
Phase: Ai(1)-Jaymie_Ezio's Declare Blockers Step
Combat: Ai(4)-GGS_Herald_diagnostic didn't block Changeling Outcast (14).
Phase: Ai(1)-Jaymie_Ezio's First Strike Damage Step
Phase: Ai(1)-Jaymie_Ezio's Combat Damage Step
Damage: Changeling Outcast (14) deals 3 combat damage to Ai(4)-GGS_Herald_diagnostic.
Life: Life: Ai(4)-GGS_Herald_diagnostic 40 > 37
Add To Stack: Ai(1)-Jaymie_Ezio triggered Coastal Piracy
Resolve Stack: Whenever a creature you control deals combat damage to an opponent, you may draw a card. [Damage Source: Changeling Outcast (14), Damaged: Ai(4)-GGS_Herald_diagnostic, Amount: 3]
Phase: Ai(1)-Jaymie_Ezio's End of Combat Step
Phase: Ai(1)-Jaymie_Ezio's Main phase, postcombat
Land: Ai(1)-Jaymie_Ezio played Abstergo Entertainment (20)
Phase: Ai(1)-Jaymie_Ezio's End step
Phase: Ai(1)-Jaymie_Ezio's Cleanup step
Turn: Turn 19 (Ai(2)-Gabe_Food)
Phase: Ai(2)-Gabe_Food's Untap step
Phase: Ai(2)-Gabe_Food's Upkeep step
Mana: Forest (140) - {T}: Add {G}.
Zone Change: Shire Terrace (172) was put into Graveyard from Battlefield.
Add To Stack: Ai(2)-Gabe_Food activated Shire Terrace
Resolve Stack: Shire Terrace (172) - Ai(2)-Gabe_Food searches their library for a basic land card, puts it onto the battlefield tapped, then shuffles.
Phase: Ai(2)-Gabe_Food's Draw step
Phase: Ai(2)-Gabe_Food's Main phase, precombat
Phase: Ai(2)-Gabe_Food's Beginning of Combat Step
Add To Stack: Ai(2)-Gabe_Food triggered Sam, Loyal Attendant
Resolve Stack: At the beginning of combat on your turn, create a Food token. (It's an artifact with "{2}, {T}, Sacrifice this token: You gain 3 life.") [Phase: Ai(2)-Gabe_Food]
Phase: Ai(2)-Gabe_Food's Declare Attackers Step
Phase: Ai(2)-Gabe_Food's Declare Blockers Step
Phase: Ai(2)-Gabe_Food's First Strike Damage Step
Phase: Ai(2)-Gabe_Food's Combat Damage Step
Phase: Ai(2)-Gabe_Food's End of Combat Step
Phase: Ai(2)-Gabe_Food's Main phase, postcombat
Replacement Effect: Scattered Groves enters tapped.
Land: Ai(2)-Gabe_Food played Scattered Groves (147)
Mana: Command Tower (131) - {T}: Add one mana of any color in your commander's color identity.
Mana: Swamp (163) - {T}: Add {B}.
Add To Stack: Ai(2)-Gabe_Food cast Frodo, Adventurous Hobbit
Resolve Stack: Frodo, Adventurous Hobbit - Creature 1 / 3
Add To Stack: Ai(2)-Gabe_Food triggered Frodo, Adventurous Hobbit targeting [Ai(2)-Gabe_Food]
Resolve Stack: Partner with Sam, Loyal Attendant (When this creature enters, target player may put Sam into their hand from their library, then shuffle.) (Targeting: [[Ai(2)-Gabe_Food]]) [Zone Changer: Frodo, Adventurous Hobbit (200)]
Mana: Prize Pig (130) - {T}: Add one mana of any color.
Add To Stack: Ai(2)-Gabe_Food cast Sol Ring
Resolve Stack: Sol Ring
Phase: Ai(2)-Gabe_Food's End step
Phase: Ai(2)-Gabe_Food's Cleanup step
Turn: Turn 20 (Ai(3)-Destyn_Turtles)
Phase: Ai(3)-Destyn_Turtles' Untap step
Phase: Ai(3)-Destyn_Turtles' Upkeep step
Phase: Ai(3)-Destyn_Turtles' Draw step
Phase: Ai(3)-Destyn_Turtles' Main phase, precombat
Replacement Effect: Spire Garden enters tapped unless you have two or more opponents.
Land: Ai(3)-Destyn_Turtles played Spire Garden (291)
Mana: Spire Garden (291) - {T}: Add {R} or {G}.
Mana: Sodden Verdure (283) - {T}: Add {G}.
Mana: Plains (290) - {T}: Add {W}.
Mana: Cinder Glade (218) - {T}: Add {G}.
Mana: City of Brass (247) - {T}: Add one mana of any color.
Add To Stack: Ai(3)-Destyn_Turtles cast Acidic Slime
Add To Stack: Ai(3)-Destyn_Turtles triggered City of Brass
Damage: City of Brass (247) deals 1 non-combat damage to Ai(3)-Destyn_Turtles.
Life: Life: Ai(3)-Destyn_Turtles 36 > 35
Resolve Stack: Whenever City of Brass becomes tapped, it deals 1 damage to you. [Tapped: City of Brass (247)]
Resolve Stack: Acidic Slime - Creature 2 / 2
Add To Stack: Ai(3)-Destyn_Turtles triggered Acidic Slime targeting [Coastal Piracy (1)]
Zone Change: Coastal Piracy (1) was put into Graveyard from Battlefield.
Resolve Stack: When Acidic Slime enters, destroy target artifact, enchantment, or land. (Targeting: [[Coastal Piracy (1)]]) [Zone Changer: Acidic Slime (264)]
Phase: Ai(3)-Destyn_Turtles' Beginning of Combat Step
Phase: Ai(3)-Destyn_Turtles' Declare Attackers Step
Combat: Ai(3)-Destyn_Turtles assigned Casey Jones, Back Alley Brute (208) to attack Ai(2)-Gabe_Food.
Add To Stack: Ai(3)-Destyn_Turtles triggered Casey Jones, Back Alley Brute targeting [Casey Jones, Back Alley Brute (208)]
Resolve Stack: Whenever Casey Jones attacks, put a +1/+1 counter on target attacking creature. (Targeting: [[Casey Jones, Back Alley Brute (208)]]) [Attacker: Casey Jones, Back Alley Brute (208)]
Add To Stack: Ai(3)-Destyn_Turtles triggered Casey Jones, Back Alley Brute targeting [Ai(4)-GGS_Herald_diagnostic]
Damage: Casey Jones, Back Alley Brute (208) deals 1 non-combat damage to Ai(4)-GGS_Herald_diagnostic.
Life: Life: Ai(4)-GGS_Herald_diagnostic 37 > 36
Resolve Stack: Whenever you put one or more +1/+1 counters on a creature you control, Casey Jones deals that much damage to target opponent. (Targeting: [[Ai(4)-GGS_Herald_diagnostic]]) [Added once: Casey Jones, Back Alley Brute (208) Amount: 1]
Phase: Ai(3)-Destyn_Turtles' Declare Blockers Step
Combat: Ai(2)-Gabe_Food didn't block Casey Jones, Back Alley Brute (208).
Phase: Ai(3)-Destyn_Turtles' First Strike Damage Step
Phase: Ai(3)-Destyn_Turtles' Combat Damage Step
Damage: Casey Jones, Back Alley Brute (208) deals 5 combat damage to Ai(2)-Gabe_Food.
Life: Life: Ai(2)-Gabe_Food 37 > 32
Phase: Ai(3)-Destyn_Turtles' End of Combat Step
Phase: Ai(3)-Destyn_Turtles' Main phase, postcombat
Add To Stack: Ai(3)-Destyn_Turtles triggered Michelangelo, the Heart targeting [Casey Jones, Back Alley Brute (208)]
Resolve Stack: Raid (the Fridge) — At the beginning of your second main phase, if you attacked this turn, put a +1/+1 counter on target creature and create a Food token. (Targeting: [[Casey Jones, Back Alley Brute (208)]]) [Phase: Ai(3)-Destyn_Turtles]
Add To Stack: Ai(3)-Destyn_Turtles triggered Casey Jones, Back Alley Brute targeting [Ai(2)-Gabe_Food]
Damage: Casey Jones, Back Alley Brute (208) deals 1 non-combat damage to Ai(2)-Gabe_Food.
Life: Life: Ai(2)-Gabe_Food 32 > 31
Resolve Stack: Whenever you put one or more +1/+1 counters on a creature you control, Casey Jones deals that much damage to target opponent. (Targeting: [[Ai(2)-Gabe_Food]]) [Added once: Casey Jones, Back Alley Brute (208) Amount: 1]
Phase: Ai(3)-Destyn_Turtles' End step
Phase: Ai(3)-Destyn_Turtles' Cleanup step
Turn: Turn 21 (Ai(4)-GGS_Herald_diagnostic)
Phase: Ai(4)-GGS_Herald_diagnostic's Untap step
Phase: Ai(4)-GGS_Herald_diagnostic's Upkeep step
Phase: Ai(4)-GGS_Herald_diagnostic's Draw step
Phase: Ai(4)-GGS_Herald_diagnostic's Main phase, precombat
Phase: Ai(4)-GGS_Herald_diagnostic's Beginning of Combat Step
Phase: Ai(4)-GGS_Herald_diagnostic's Declare Attackers Step
Combat: Ai(4)-GGS_Herald_diagnostic assigned Phoenix Chick (372) to attack Ai(3)-Destyn_Turtles.
Phase: Ai(4)-GGS_Herald_diagnostic's Declare Blockers Step
Combat: Ai(3)-Destyn_Turtles didn't block Phoenix Chick (372).
Phase: Ai(4)-GGS_Herald_diagnostic's First Strike Damage Step
Phase: Ai(4)-GGS_Herald_diagnostic's Combat Damage Step
Damage: Phoenix Chick (372) deals 1 combat damage to Ai(3)-Destyn_Turtles.
Life: Life: Ai(3)-Destyn_Turtles 35 > 34
Phase: Ai(4)-GGS_Herald_diagnostic's End of Combat Step
Phase: Ai(4)-GGS_Herald_diagnostic's Main phase, postcombat
Mana: Exotic Orchard (332) - {T}: Add one mana of any color that a land an opponent controls could produce.
Mana: Luxury Suite (378) - {T}: Add {B} or {R}.
Mana: Watery Grave (374) - {T}: Add {B}.
Add To Stack: Ai(4)-GGS_Herald_diagnostic cast Krenko, Tin Street Kingpin
Resolve Stack: Krenko, Tin Street Kingpin - Creature 1 / 2
Phase: Ai(4)-GGS_Herald_diagnostic's End step
Phase: Ai(4)-GGS_Herald_diagnostic's Cleanup step
Turn: Turn 22 (Ai(1)-Jaymie_Ezio)
Phase: Ai(1)-Jaymie_Ezio's Untap step
Phase: Ai(1)-Jaymie_Ezio's Upkeep step
Phase: Ai(1)-Jaymie_Ezio's Draw step
Phase: Ai(1)-Jaymie_Ezio's Main phase, precombat
Phase: Ai(1)-Jaymie_Ezio's Beginning of Combat Step
Phase: Ai(1)-Jaymie_Ezio's Declare Attackers Step
Combat: Ai(1)-Jaymie_Ezio assigned Changeling Outcast (14) to attack Ai(3)-Destyn_Turtles.
Phase: Ai(1)-Jaymie_Ezio's Declare Blockers Step
Combat: Ai(3)-Destyn_Turtles didn't block Changeling Outcast (14).
Phase: Ai(1)-Jaymie_Ezio's First Strike Damage Step
Phase: Ai(1)-Jaymie_Ezio's Combat Damage Step
Damage: Changeling Outcast (14) deals 3 combat damage to Ai(3)-Destyn_Turtles.
Life: Life: Ai(3)-Destyn_Turtles 34 > 31
Phase: Ai(1)-Jaymie_Ezio's End of Combat Step
Phase: Ai(1)-Jaymie_Ezio's Main phase, postcombat
Mana: Command Tower (32) - {T}: Add one mana of any color in your commander's color identity.
Mana: Smoldering Marsh (71) - {T}: Add {R}.
Mana: Thriving Grove (27) - {T}: Add {G} or one mana of the chosen color.
Mana: Plains (89) - {T}: Add {W}.
Mana: Path of Ancestry (8) - {T}: Add one mana of any color in your commander's color identity. When that mana is spent to cast a creature spell that shares a creature type with your commander, scry 1. (Look at the top card of your library. You may put that card on the bottom.)
Add To Stack: Ai(1)-Jaymie_Ezio cast Edward Kenway
Add To Stack: Ai(1)-Jaymie_Ezio triggered Path of Ancestry
Resolve Stack: Ai(1)-Jaymie_Ezio scried 1 card(s) to the top of the library
Resolve Stack: When mana produced by Path of Ancestry is spent to cast a creature spell that shares a creature type with your commander, scry 1. ([Edward Kenway - Creature 5 / 5]) [Card: Edward Kenway (5), Activator: Ai(1)-Jaymie_Ezio, SpellAbility: Edward Kenway - Creature 5 / 5]
Resolve Stack: Edward Kenway - Creature 5 / 5
Phase: Ai(1)-Jaymie_Ezio's End step
Add To Stack: Ai(1)-Jaymie_Ezio triggered Edward Kenway
Resolve Stack: At the beginning of your end step, create a Treasure token for each tapped Assassin, Pirate, and/or Vehicle you control. [Phase: Ai(1)-Jaymie_Ezio]
Phase: Ai(1)-Jaymie_Ezio's Cleanup step
Turn: Turn 23 (Ai(2)-Gabe_Food)
Phase: Ai(2)-Gabe_Food's Untap step
Phase: Ai(2)-Gabe_Food's Upkeep step
Phase: Ai(2)-Gabe_Food's Draw step
Phase: Ai(2)-Gabe_Food's Main phase, precombat
Phase: Ai(2)-Gabe_Food's Beginning of Combat Step
Add To Stack: Ai(2)-Gabe_Food triggered Sam, Loyal Attendant
Resolve Stack: At the beginning of combat on your turn, create a Food token. (It's an artifact with "{2}, {T}, Sacrifice this token: You gain 3 life.") [Phase: Ai(2)-Gabe_Food]
Phase: Ai(2)-Gabe_Food's Declare Attackers Step
Phase: Ai(2)-Gabe_Food's Declare Blockers Step
Phase: Ai(2)-Gabe_Food's First Strike Damage Step
Phase: Ai(2)-Gabe_Food's Combat Damage Step
Phase: Ai(2)-Gabe_Food's End of Combat Step
Phase: Ai(2)-Gabe_Food's Main phase, postcombat
Mana: Plains (190) - {T}: Add {W}.
Mana: Scattered Groves (147) - {T}: Add {W}.
Mana: Sol Ring (160) - {T}: Add {C}{C}.
Mana: Forest (140) - {T}: Add {G}.
Add To Stack: Ai(2)-Gabe_Food cast Call for Unity
Resolve Stack: Call for Unity
Mana: Command Tower (131) - {T}: Add one mana of any color in your commander's color identity.
Mana: Prize Pig (130) - {T}: Add one mana of any color.
Mana: Swamp (163) - {T}: Add {B}.
Add To Stack: Ai(2)-Gabe_Food cast Bilbo, Birthday Celebrant
Resolve Stack: Bilbo, Birthday Celebrant - Creature 2 / 3
Phase: Ai(2)-Gabe_Food's End step
Phase: Ai(2)-Gabe_Food's Cleanup step
Turn: Turn 24 (Ai(3)-Destyn_Turtles)
Phase: Ai(3)-Destyn_Turtles' Untap step
Phase: Ai(3)-Destyn_Turtles' Upkeep step
Phase: Ai(3)-Destyn_Turtles' Draw step
Phase: Ai(3)-Destyn_Turtles' Main phase, precombat
Replacement Effect: Sunken Hollow enters tapped unless you control two or more basic lands.
Land: Ai(3)-Destyn_Turtles played Sunken Hollow (226)
Phase: Ai(3)-Destyn_Turtles' Beginning of Combat Step
Phase: Ai(3)-Destyn_Turtles' Declare Attackers Step
Combat: Ai(3)-Destyn_Turtles assigned Casey Jones, Back Alley Brute (208) to attack Ai(2)-Gabe_Food.
Add To Stack: Ai(3)-Destyn_Turtles triggered Casey Jones, Back Alley Brute targeting [Casey Jones, Back Alley Brute (208)]
Resolve Stack: Whenever Casey Jones attacks, put a +1/+1 counter on target attacking creature. (Targeting: [[Casey Jones, Back Alley Brute (208)]]) [Attacker: Casey Jones, Back Alley Brute (208)]
Add To Stack: Ai(3)-Destyn_Turtles triggered Casey Jones, Back Alley Brute targeting [Ai(2)-Gabe_Food]
Damage: Casey Jones, Back Alley Brute (208) deals 1 non-combat damage to Ai(2)-Gabe_Food.
Life: Life: Ai(2)-Gabe_Food 31 > 30
Resolve Stack: Whenever you put one or more +1/+1 counters on a creature you control, Casey Jones deals that much damage to target opponent. (Targeting: [[Ai(2)-Gabe_Food]]) [Added once: Casey Jones, Back Alley Brute (208) Amount: 1]
Phase: Ai(3)-Destyn_Turtles' Declare Blockers Step
Combat: Ai(2)-Gabe_Food didn't block Casey Jones, Back Alley Brute (208).
Phase: Ai(3)-Destyn_Turtles' First Strike Damage Step
Phase: Ai(3)-Destyn_Turtles' Combat Damage Step
Damage: Casey Jones, Back Alley Brute (208) deals 7 combat damage to Ai(2)-Gabe_Food.
Life: Life: Ai(2)-Gabe_Food 30 > 23
Phase: Ai(3)-Destyn_Turtles' End of Combat Step
Phase: Ai(3)-Destyn_Turtles' Main phase, postcombat
Add To Stack: Ai(3)-Destyn_Turtles triggered Michelangelo, the Heart targeting [Casey Jones, Back Alley Brute (208)]
Resolve Stack: Raid (the Fridge) — At the beginning of your second main phase, if you attacked this turn, put a +1/+1 counter on target creature and create a Food token. (Targeting: [[Casey Jones, Back Alley Brute (208)]]) [Phase: Ai(3)-Destyn_Turtles]
Add To Stack: Ai(3)-Destyn_Turtles triggered Casey Jones, Back Alley Brute targeting [Ai(2)-Gabe_Food]
Damage: Casey Jones, Back Alley Brute (208) deals 1 non-combat damage to Ai(2)-Gabe_Food.
Life: Life: Ai(2)-Gabe_Food 23 > 22
Resolve Stack: Whenever you put one or more +1/+1 counters on a creature you control, Casey Jones deals that much damage to target opponent. (Targeting: [[Ai(2)-Gabe_Food]]) [Added once: Casey Jones, Back Alley Brute (208) Amount: 1]
Mana: Plains (290) - {T}: Add {W}.
Mana: Spire Garden (291) - {T}: Add {R} or {G}.
Mana: Cinder Glade (218) - {T}: Add {G}.
Mana: Sodden Verdure (283) - {T}: Add {G}.
Add To Stack: Ai(3)-Destyn_Turtles cast Leonardo, the Balance
Resolve Stack: Leonardo, the Balance - Creature 3 / 3
Phase: Ai(3)-Destyn_Turtles' End step
Phase: Ai(3)-Destyn_Turtles' Cleanup step
Turn: Turn 25 (Ai(4)-GGS_Herald_diagnostic)
Phase: Ai(4)-GGS_Herald_diagnostic's Untap step
Phase: Ai(4)-GGS_Herald_diagnostic's Upkeep step
Phase: Ai(4)-GGS_Herald_diagnostic's Draw step
Phase: Ai(4)-GGS_Herald_diagnostic's Main phase, precombat
Land: Ai(4)-GGS_Herald_diagnostic played Mountain (397)
Mana: Exotic Orchard (332) - {T}: Add one mana of any color that a land an opponent controls could produce.
Mana: Mountain (397) - {T}: Add {R}.
Mana: Luxury Suite (378) - {T}: Add {B} or {R}.
Mana: Watery Grave (374) - {T}: Add {B}.
Add To Stack: Ai(4)-GGS_Herald_diagnostic cast Purphoros, God of the Forge
Resolve Stack: Purphoros, God of the Forge - Creature 6 / 5
Phase: Ai(4)-GGS_Herald_diagnostic's Beginning of Combat Step
Phase: Ai(4)-GGS_Herald_diagnostic's Declare Attackers Step
Combat: Ai(4)-GGS_Herald_diagnostic assigned Phoenix Chick (372) to attack Ai(3)-Destyn_Turtles.
Phase: Ai(4)-GGS_Herald_diagnostic's Declare Blockers Step
Combat: Ai(3)-Destyn_Turtles didn't block Phoenix Chick (372).
Phase: Ai(4)-GGS_Herald_diagnostic's First Strike Damage Step
Phase: Ai(4)-GGS_Herald_diagnostic's Combat Damage Step
Damage: Phoenix Chick (372) deals 1 combat damage to Ai(3)-Destyn_Turtles.
Life: Life: Ai(3)-Destyn_Turtles 31 > 30
Phase: Ai(4)-GGS_Herald_diagnostic's End of Combat Step
Phase: Ai(4)-GGS_Herald_diagnostic's Main phase, postcombat
Phase: Ai(4)-GGS_Herald_diagnostic's End step
Phase: Ai(4)-GGS_Herald_diagnostic's Cleanup step
Turn: Turn 26 (Ai(1)-Jaymie_Ezio)
Phase: Ai(1)-Jaymie_Ezio's Untap step
Phase: Ai(1)-Jaymie_Ezio's Upkeep step
Phase: Ai(1)-Jaymie_Ezio's Draw step
Phase: Ai(1)-Jaymie_Ezio's Main phase, precombat
Phase: Ai(1)-Jaymie_Ezio's Beginning of Combat Step
Phase: Ai(1)-Jaymie_Ezio's Declare Attackers Step
Combat: Ai(1)-Jaymie_Ezio assigned Changeling Outcast (14) to attack Ai(3)-Destyn_Turtles.
Phase: Ai(1)-Jaymie_Ezio's Declare Blockers Step
Combat: Ai(3)-Destyn_Turtles didn't block Changeling Outcast (14).
Phase: Ai(1)-Jaymie_Ezio's First Strike Damage Step
Phase: Ai(1)-Jaymie_Ezio's Combat Damage Step
Damage: Changeling Outcast (14) deals 3 combat damage to Ai(3)-Destyn_Turtles.
Life: Life: Ai(3)-Destyn_Turtles 30 > 27
Phase: Ai(1)-Jaymie_Ezio's End of Combat Step
Phase: Ai(1)-Jaymie_Ezio's Main phase, postcombat
Mana: Thriving Grove (27) - {T}: Add {G} or one mana of the chosen color.
Mana: Smoldering Marsh (71) - {T}: Add {B}.
Mana: Command Tower (32) - {T}: Add one mana of any color in your commander's color identity.
Mana: Plains (89) - {T}: Add {W}.
Mana: Path of Ancestry (8) - {T}: Add one mana of any color in your commander's color identity. When that mana is spent to cast a creature spell that shares a creature type with your commander, scry 1. (Look at the top card of your library. You may put that card on the bottom.)
Mana: Abstergo Entertainment (20) - {T}: Add {C}.
Add To Stack: Ai(1)-Jaymie_Ezio cast Sorin Markov
Replacement Effect: Sorin Markov enters with four loyalty counters on it.
Resolve Stack: Sorin Markov
Add To Stack: Ai(1)-Jaymie_Ezio activated Sorin Markov targeting [Ai(4)-GGS_Herald_diagnostic]
Life: Life: Ai(4)-GGS_Herald_diagnostic 36 > 10
Resolve Stack: Sorin Markov (29) - Ai(4)-GGS_Herald_diagnostic life total becomes 10.
Phase: Ai(1)-Jaymie_Ezio's End step
Add To Stack: Ai(1)-Jaymie_Ezio triggered Edward Kenway
Resolve Stack: At the beginning of your end step, create a Treasure token for each tapped Assassin, Pirate, and/or Vehicle you control. [Phase: Ai(1)-Jaymie_Ezio]
Phase: Ai(1)-Jaymie_Ezio's Cleanup step
Turn: Turn 27 (Ai(2)-Gabe_Food)
Phase: Ai(2)-Gabe_Food's Untap step
Phase: Ai(2)-Gabe_Food's Upkeep step
Phase: Ai(2)-Gabe_Food's Draw step
Phase: Ai(2)-Gabe_Food's Main phase, precombat
Phase: Ai(2)-Gabe_Food's Beginning of Combat Step
Add To Stack: Ai(2)-Gabe_Food triggered Sam, Loyal Attendant
Resolve Stack: At the beginning of combat on your turn, create a Food token. (It's an artifact with "{2}, {T}, Sacrifice this token: You gain 3 life.") [Phase: Ai(2)-Gabe_Food]
Phase: Ai(2)-Gabe_Food's Declare Attackers Step
Phase: Ai(2)-Gabe_Food's Declare Blockers Step
Phase: Ai(2)-Gabe_Food's First Strike Damage Step
Phase: Ai(2)-Gabe_Food's Combat Damage Step
Phase: Ai(2)-Gabe_Food's End of Combat Step
Phase: Ai(2)-Gabe_Food's Main phase, postcombat
Replacement Effect: Path of Ancestry enters tapped.
Land: Ai(2)-Gabe_Food played Path of Ancestry (112)
Mana: Sol Ring (160) - {T}: Add {C}{C}.
Mana: Forest (140) - {T}: Add {G}.
Mana: Plains (190) - {T}: Add {W}.
Add To Stack: Ai(2)-Gabe_Food cast Well of Lost Dreams
Resolve Stack: Well of Lost Dreams
Mana: Swamp (163) - {T}: Add {B}.
Mana: Scattered Groves (147) - {T}: Add {G}.
Add To Stack: Ai(2)-Gabe_Food cast Night's Whisper
Life: Life: Ai(2)-Gabe_Food 22 > 20
Resolve Stack: Night's Whisper (151) - Ai(2)-Gabe_Food draws two cards. Ai(2)-Gabe_Food loses 2 life.
Phase: Ai(2)-Gabe_Food's End step
Phase: Ai(2)-Gabe_Food's Cleanup step
Turn: Turn 28 (Ai(3)-Destyn_Turtles)
Phase: Ai(3)-Destyn_Turtles' Untap step
Phase: Ai(3)-Destyn_Turtles' Upkeep step
Phase: Ai(3)-Destyn_Turtles' Draw step
Phase: Ai(3)-Destyn_Turtles' Main phase, precombat
Replacement Effect: Undergrowth Stadium enters tapped unless you have two or more opponents.
Land: Ai(3)-Destyn_Turtles played Undergrowth Stadium (285)
Phase: Ai(3)-Destyn_Turtles' Beginning of Combat Step
Phase: Ai(3)-Destyn_Turtles' Declare Attackers Step
Phase: Ai(3)-Destyn_Turtles' Declare Blockers Step
Phase: Ai(3)-Destyn_Turtles' First Strike Damage Step
Phase: Ai(3)-Destyn_Turtles' Combat Damage Step
Phase: Ai(3)-Destyn_Turtles' End of Combat Step
Phase: Ai(3)-Destyn_Turtles' Main phase, postcombat
Mana: Sodden Verdure (283) - {T}: Add {U}.
Mana: Plains (290) - {T}: Add {W}.
Mana: Spire Garden (291) - {T}: Add {R} or {G}.
Add To Stack: Ai(3)-Destyn_Turtles cast Donatello, the Brains
Resolve Stack: Donatello, the Brains - Creature 2 / 4
Mana: Sunken Hollow (226) - {T}: Add {U}.
Mana: Undergrowth Stadium (285) - {T}: Add {B} or {G}.
Mana: Cinder Glade (218) - {T}: Add {G}.
Add To Stack: Ai(3)-Destyn_Turtles cast Ray Fillet, Wave Warrior
Resolve Stack: Ray Fillet, Wave Warrior - Creature 0 / 2
Phase: Ai(3)-Destyn_Turtles' End step
Phase: Ai(3)-Destyn_Turtles' Cleanup step
Turn: Turn 29 (Ai(4)-GGS_Herald_diagnostic)
Phase: Ai(4)-GGS_Herald_diagnostic's Untap step
Phase: Ai(4)-GGS_Herald_diagnostic's Upkeep step
Mana: Exotic Orchard (332) - {T}: Add one mana of any color that a land an opponent controls could produce.
Mana: Mountain (397) - {T}: Add {R}.
Mana: Luxury Suite (378) - {T}: Add {B} or {R}.
Mana: Watery Grave (374) - {T}: Add {B}.
Add To Stack: Ai(4)-GGS_Herald_diagnostic cast Deadly Rollick targeting [Casey Jones, Back Alley Brute (208)]
Zone Change: Casey Jones, Back Alley Brute (208) was put into Exile from Battlefield.
Resolve Stack: Deadly Rollick (363) - Exile Casey Jones, Back Alley Brute (208).
Phase: Ai(4)-GGS_Herald_diagnostic's Draw step
Phase: Ai(4)-GGS_Herald_diagnostic's Main phase, precombat
Phase: Ai(4)-GGS_Herald_diagnostic's Beginning of Combat Step
Phase: Ai(4)-GGS_Herald_diagnostic's Declare Attackers Step
Combat: Ai(4)-GGS_Herald_diagnostic assigned Phoenix Chick (372) to attack Sorin Markov (29).
Phase: Ai(4)-GGS_Herald_diagnostic's Declare Blockers Step
Combat: Ai(1)-Jaymie_Ezio didn't block Phoenix Chick (372).
Phase: Ai(4)-GGS_Herald_diagnostic's First Strike Damage Step
Phase: Ai(4)-GGS_Herald_diagnostic's Combat Damage Step
Zone Change: Sorin Markov (29) was put into Graveyard from Battlefield.
Phase: Ai(4)-GGS_Herald_diagnostic's End of Combat Step
Phase: Ai(4)-GGS_Herald_diagnostic's Main phase, postcombat
Phase: Ai(4)-GGS_Herald_diagnostic's End step
Phase: Ai(4)-GGS_Herald_diagnostic's Cleanup step
Turn: Turn 30 (Ai(1)-Jaymie_Ezio)
Phase: Ai(1)-Jaymie_Ezio's Untap step
Phase: Ai(1)-Jaymie_Ezio's Upkeep step
Phase: Ai(1)-Jaymie_Ezio's Draw step
Phase: Ai(1)-Jaymie_Ezio's Main phase, precombat
Phase: Ai(1)-Jaymie_Ezio's Beginning of Combat Step
Phase: Ai(1)-Jaymie_Ezio's Declare Attackers Step
Combat: Ai(1)-Jaymie_Ezio assigned Changeling Outcast (14), Edward Kenway (5) and Arno Dorian (24) to attack Ai(2)-Gabe_Food.
Phase: Ai(1)-Jaymie_Ezio's Declare Blockers Step
Combat: Ai(2)-Gabe_Food didn't block Changeling Outcast (14).
Ai(2)-Gabe_Food didn't block Edward Kenway (5).
Ai(2)-Gabe_Food didn't block Arno Dorian (24).
Phase: Ai(1)-Jaymie_Ezio's First Strike Damage Step
Phase: Ai(1)-Jaymie_Ezio's Combat Damage Step
Damage: Changeling Outcast (14) deals 3 combat damage to Ai(2)-Gabe_Food.
Damage: Edward Kenway (5) deals 7 combat damage to Ai(2)-Gabe_Food.
Damage: Arno Dorian (24) deals 3 combat damage to Ai(2)-Gabe_Food.
Life: Life: Ai(2)-Gabe_Food 20 > 7
Phase: Ai(1)-Jaymie_Ezio's End of Combat Step
Phase: Ai(1)-Jaymie_Ezio's Main phase, postcombat
Replacement Effect: Tranquil Cove enters tapped.
Land: Ai(1)-Jaymie_Ezio played Tranquil Cove (77)
Add To Stack: Ai(1)-Jaymie_Ezio triggered Tranquil Cove
Life: Life: Ai(1)-Jaymie_Ezio 38 > 39
Resolve Stack: When Tranquil Cove enters, you gain 1 life. [Zone Changer: Tranquil Cove (77)]
Mana: Command Tower (32) - {T}: Add one mana of any color in your commander's color identity.
Mana: Thriving Grove (27) - {T}: Add {G} or one mana of the chosen color.
Mana: Plains (89) - {T}: Add {W}.
Mana: Smoldering Marsh (71) - {T}: Add {R}.
Add To Stack: Ai(1)-Jaymie_Ezio cast Ramses, Assassin Lord
Resolve Stack: Ramses, Assassin Lord - Creature 4 / 4
Mana: Path of Ancestry (8) - {T}: Add one mana of any color in your commander's color identity. When that mana is spent to cast a creature spell that shares a creature type with your commander, scry 1. (Look at the top card of your library. You may put that card on the bottom.)
Zone Change: Treasure Token (444) was put into Graveyard from Battlefield.
Mana: Treasure Token (444) - {T}, Sacrifice this token: Add one mana of any color.
Zone Change: Treasure Token (436) was put into Graveyard from Battlefield.
Mana: Treasure Token (436) - {T}, Sacrifice this token: Add one mana of any color.
Mana: Abstergo Entertainment (20) - {T}: Add {C}.
Add To Stack: Ai(1)-Jaymie_Ezio cast Annie Joins Up
Resolve Stack: Annie Joins Up
Add To Stack: Ai(1)-Jaymie_Ezio triggered Annie Joins Up targeting [Sam, Loyal Attendant (202)]
Damage: Annie Joins Up (23) deals 5 damage to Sam, Loyal Attendant (202).
Resolve Stack: When Annie Joins Up enters, it deals 5 damage to target creature or planeswalker an opponent controls. (Targeting: [[Sam, Loyal Attendant (202)]]) [Zone Changer: Annie Joins Up (23)]
Zone Change: Sam, Loyal Attendant (202) was put into Graveyard from Battlefield.
Phase: Ai(1)-Jaymie_Ezio's End step
Add To Stack: Ai(1)-Jaymie_Ezio triggered Edward Kenway
Add To Stack: Ai(1)-Jaymie_Ezio triggered Edward Kenway
Resolve Stack: At the beginning of your end step, create a Treasure token for each tapped Assassin, Pirate, and/or Vehicle you control. [Phase: Ai(1)-Jaymie_Ezio]
Resolve Stack: At the beginning of your end step, create a Treasure token for each tapped Assassin, Pirate, and/or Vehicle you control. [Phase: Ai(1)-Jaymie_Ezio]
Phase: Ai(1)-Jaymie_Ezio's Cleanup step
Turn: Turn 31 (Ai(2)-Gabe_Food)
Phase: Ai(2)-Gabe_Food's Untap step
Phase: Ai(2)-Gabe_Food's Upkeep step
Phase: Ai(2)-Gabe_Food's Draw step
Phase: Ai(2)-Gabe_Food's Main phase, precombat
Land: Ai(2)-Gabe_Food played Brushland (197)
Mana: Plains (190) - {T}: Add {W}.
Mana: Forest (140) - {T}: Add {G}.
Mana: Sol Ring (160) - {T}: Add {C}{C}.
Mana: Swamp (163) - {T}: Add {B}.
Add To Stack: Ai(2)-Gabe_Food cast Sam, Loyal Attendant
Resolve Stack: Sam, Loyal Attendant - Creature 2 / 4
Add To Stack: Ai(2)-Gabe_Food triggered Sam, Loyal Attendant targeting [Ai(2)-Gabe_Food]
Resolve Stack: Partner with Frodo, Adventurous Hobbit (When this creature enters, target player may put Frodo into their hand from their library, then shuffle.) (Targeting: [[Ai(2)-Gabe_Food]]) [Zone Changer: Sam, Loyal Attendant (202)]
Phase: Ai(2)-Gabe_Food's Beginning of Combat Step
Add To Stack: Ai(2)-Gabe_Food triggered Sam, Loyal Attendant
Resolve Stack: At the beginning of combat on your turn, create a Food token. (It's an artifact with "{2}, {T}, Sacrifice this token: You gain 3 life.") [Phase: Ai(2)-Gabe_Food]
Phase: Ai(2)-Gabe_Food's Declare Attackers Step
Phase: Ai(2)-Gabe_Food's Declare Blockers Step
Phase: Ai(2)-Gabe_Food's First Strike Damage Step
Phase: Ai(2)-Gabe_Food's Combat Damage Step
Phase: Ai(2)-Gabe_Food's End of Combat Step
Phase: Ai(2)-Gabe_Food's Main phase, postcombat
Phase: Ai(2)-Gabe_Food's End step
Phase: Ai(2)-Gabe_Food's Cleanup step
Turn: Turn 32 (Ai(3)-Destyn_Turtles)
Phase: Ai(3)-Destyn_Turtles' Untap step
Phase: Ai(3)-Destyn_Turtles' Upkeep step
Phase: Ai(3)-Destyn_Turtles' Draw step
Phase: Ai(3)-Destyn_Turtles' Main phase, precombat
Phase: Ai(3)-Destyn_Turtles' Beginning of Combat Step
Phase: Ai(3)-Destyn_Turtles' Declare Attackers Step
Phase: Ai(3)-Destyn_Turtles' Declare Blockers Step
Phase: Ai(3)-Destyn_Turtles' First Strike Damage Step
Phase: Ai(3)-Destyn_Turtles' Combat Damage Step
Phase: Ai(3)-Destyn_Turtles' End of Combat Step
Phase: Ai(3)-Destyn_Turtles' Main phase, postcombat
Mana: Plains (290) - {T}: Add {W}.
Mana: Spire Garden (291) - {T}: Add {R} or {G}.
Mana: Undergrowth Stadium (285) - {T}: Add {B} or {G}.
Mana: Sunken Hollow (226) - {T}: Add {B}.
Mana: Sodden Verdure (283) - {T}: Add {G}.
Add To Stack: Ai(3)-Destyn_Turtles cast Mole Module
Resolve Stack: Mole Module
Phase: Ai(3)-Destyn_Turtles' End step
Phase: Ai(3)-Destyn_Turtles' Cleanup step
Turn: Turn 33 (Ai(4)-GGS_Herald_diagnostic)
Phase: Ai(4)-GGS_Herald_diagnostic's Untap step
Phase: Ai(4)-GGS_Herald_diagnostic's Upkeep step
Phase: Ai(4)-GGS_Herald_diagnostic's Draw step
Phase: Ai(4)-GGS_Herald_diagnostic's Main phase, precombat
Mana: Exotic Orchard (332) - {T}: Add one mana of any color that a land an opponent controls could produce.
Mana: Mountain (397) - {T}: Add {R}.
Mana: Luxury Suite (378) - {T}: Add {B} or {R}.
Add To Stack: Ai(4)-GGS_Herald_diagnostic cast War Cadence
Resolve Stack: War Cadence
Phase: Ai(4)-GGS_Herald_diagnostic's Beginning of Combat Step
Phase: Ai(4)-GGS_Herald_diagnostic's Declare Attackers Step
Combat: Ai(4)-GGS_Herald_diagnostic assigned Phoenix Chick (372) to attack Ai(2)-Gabe_Food.
Phase: Ai(4)-GGS_Herald_diagnostic's Declare Blockers Step
Combat: Ai(2)-Gabe_Food didn't block Phoenix Chick (372).
Phase: Ai(4)-GGS_Herald_diagnostic's First Strike Damage Step
Phase: Ai(4)-GGS_Herald_diagnostic's Combat Damage Step
Damage: Phoenix Chick (372) deals 1 combat damage to Ai(2)-Gabe_Food.
Life: Life: Ai(2)-Gabe_Food 7 > 6
Phase: Ai(4)-GGS_Herald_diagnostic's End of Combat Step
Phase: Ai(4)-GGS_Herald_diagnostic's Main phase, postcombat
Phase: Ai(4)-GGS_Herald_diagnostic's End step
Phase: Ai(4)-GGS_Herald_diagnostic's Cleanup step
Turn: Turn 34 (Ai(1)-Jaymie_Ezio)
Phase: Ai(1)-Jaymie_Ezio's Untap step
Phase: Ai(1)-Jaymie_Ezio's Upkeep step
Phase: Ai(1)-Jaymie_Ezio's Draw step
Phase: Ai(1)-Jaymie_Ezio's Main phase, precombat
Phase: Ai(1)-Jaymie_Ezio's Beginning of Combat Step
Phase: Ai(1)-Jaymie_Ezio's Declare Attackers Step
Combat: Ai(1)-Jaymie_Ezio assigned Changeling Outcast (14), Edward Kenway (5), Ramses, Assassin Lord (13), Assassin Initiate (51) and Arno Dorian (24) to attack Ai(2)-Gabe_Food.
Mana: Scattered Groves (147) - {T}: Add {G}.
Zone Change: Food Token (407) was put into Graveyard from Battlefield.
Add To Stack: Ai(2)-Gabe_Food activated Food Token
Replacement Effect: If you would gain life, you gain that much life plus 1 instead.
Life: Life: Ai(2)-Gabe_Food 6 > 10
Resolve Stack: Food Token (407) - Ai(2)-Gabe_Food gains 3 life.
Add To Stack: Ai(2)-Gabe_Food triggered Well of Lost Dreams
Add To Stack: Ai(2)-Gabe_Food triggered Prize Pig
Resolve Stack: Whenever you gain life, put that many ribbon counters on Prize Pig. Then if there are three or more ribbon counters on Prize Pig, remove those counters and untap it. [Player: Ai(2)-Gabe_Food, Gained Amount: 4]
Mana: Command Tower (131) - {T}: Add one mana of any color in your commander's color identity.
Mana: Path of Ancestry (112) - {T}: Add one mana of any color in your commander's color identity. When that mana is spent to cast a creature spell that shares a creature type with your commander, scry 1. (Look at the top card of your library. You may put that card on the bottom.)
Mana: Brushland (197) - {T}: Add {C}.
Mana: Prize Pig (130) - {T}: Add one mana of any color.
Resolve Stack: Whenever you gain life, you may pay {X}, where X is less than or equal to the amount of life you gained. If you do, draw X cards. [Player: Ai(2)-Gabe_Food, Gained Amount: 4]
Phase: Ai(1)-Jaymie_Ezio's Declare Blockers Step
Combat: Ai(2)-Gabe_Food didn't block Changeling Outcast (14).
Ai(2)-Gabe_Food assigned Frodo, Adventurous Hobbit (200) to block Edward Kenway (5).
Ai(2)-Gabe_Food assigned Sam, Loyal Attendant (202) to block Ramses, Assassin Lord (13).
Ai(2)-Gabe_Food assigned Bilbo, Birthday Celebrant (181) to block Assassin Initiate (51).
Ai(2)-Gabe_Food didn't block Arno Dorian (24).
Phase: Ai(1)-Jaymie_Ezio's First Strike Damage Step
Phase: Ai(1)-Jaymie_Ezio's Combat Damage Step
Damage: Changeling Outcast (14) deals 4 combat damage to Ai(2)-Gabe_Food.
Damage: Edward Kenway (5) deals 8 damage to Frodo, Adventurous Hobbit (200).
Damage: Ramses, Assassin Lord (13) deals 6 damage (Deathtouch) to Sam, Loyal Attendant (202).
Damage: Assassin Initiate (51) deals 4 damage to Bilbo, Birthday Celebrant (181).
Damage: Arno Dorian (24) deals 4 combat damage to Ai(2)-Gabe_Food.
Damage: Bilbo, Birthday Celebrant (181) deals 2 damage to Assassin Initiate (51).
Damage: Frodo, Adventurous Hobbit (200) deals 1 damage to Edward Kenway (5).
Damage: Sam, Loyal Attendant (202) deals 2 damage to Ramses, Assassin Lord (13).
Life: Life: Ai(2)-Gabe_Food 10 > 2
Zone Change: Assassin Initiate (51) was put into Graveyard from Battlefield.
Zone Change: Frodo, Adventurous Hobbit (200) was put into Graveyard from Battlefield.
Zone Change: Bilbo, Birthday Celebrant (181) was put into Graveyard from Battlefield.
Zone Change: Sam, Loyal Attendant (202) was put into Graveyard from Battlefield.
Phase: Ai(1)-Jaymie_Ezio's End of Combat Step
Phase: Ai(1)-Jaymie_Ezio's Main phase, postcombat
Mana: Thriving Grove (27) - {T}: Add {G} or one mana of the chosen color.
Mana: Plains (89) - {T}: Add {W}.
Add To Stack: Ai(1)-Jaymie_Ezio cast Ezio Auditore da Firenze
Resolve Stack: Ezio Auditore da Firenze - Creature 3 / 2
Mana: Smoldering Marsh (71) - {T}: Add {B}.
Mana: Tranquil Cove (77) - {T}: Add {W} or {U}.
Add To Stack: Ai(1)-Jaymie_Ezio cast Desmond Miles
Resolve Stack: Desmond Miles - Creature 1 / 3
Mana: Command Tower (32) - {T}: Add one mana of any color in your commander's color identity.
Mana: Path of Ancestry (8) - {T}: Add one mana of any color in your commander's color identity. When that mana is spent to cast a creature spell that shares a creature type with your commander, scry 1. (Look at the top card of your library. You may put that card on the bottom.)
Zone Change: Treasure Token (457) was put into Graveyard from Battlefield.
Mana: Treasure Token (457) - {T}, Sacrifice this token: Add one mana of any color.
Discard: Ai(1)-Jaymie_Ezio discards Twisted Landscape (9).
Add To Stack: Ai(1)-Jaymie_Ezio activated Twisted Landscape
Resolve Stack: Twisted Landscape (9) - Ai(1)-Jaymie_Ezio draws a card.
Zone Change: Treasure Token (456) was put into Graveyard from Battlefield.
Mana: Treasure Token (456) - {T}, Sacrifice this token: Add one mana of any color.
Zone Change: Treasure Token (455) was put into Graveyard from Battlefield.
Mana: Treasure Token (455) - {T}, Sacrifice this token: Add one mana of any color.
Zone Change: Treasure Token (453) was put into Graveyard from Battlefield.
Mana: Treasure Token (453) - {T}, Sacrifice this token: Add one mana of any color.
Zone Change: Abstergo Entertainment (20) was put into Exile from Battlefield.
Add To Stack: Ai(1)-Jaymie_Ezio activated Abstergo Entertainment targeting [Sorin Markov (29)]
Resolve Stack: Abstergo Entertainment (20) - Return Sorin Markov (29) from the graveyard to its owner's hand. 
Zone Change: Treasure Token (452) was put into Graveyard from Battlefield.
Mana: Treasure Token (452) - {T}, Sacrifice this token: Add one mana of any color.
Zone Change: Treasure Token (451) was put into Graveyard from Battlefield.
Mana: Treasure Token (451) - {T}, Sacrifice this token: Add one mana of any color.
Add To Stack: Ai(1)-Jaymie_Ezio cast Arcane Signet
Resolve Stack: Arcane Signet
Phase: Ai(1)-Jaymie_Ezio's End step
Add To Stack: Ai(1)-Jaymie_Ezio triggered Edward Kenway
Add To Stack: Ai(1)-Jaymie_Ezio triggered Edward Kenway
Resolve Stack: At the beginning of your end step, create a Treasure token for each tapped Assassin, Pirate, and/or Vehicle you control. [Phase: Ai(1)-Jaymie_Ezio]
Resolve Stack: At the beginning of your end step, create a Treasure token for each tapped Assassin, Pirate, and/or Vehicle you control. [Phase: Ai(1)-Jaymie_Ezio]
Phase: Ai(1)-Jaymie_Ezio's Cleanup step
Turn: Turn 35 (Ai(2)-Gabe_Food)
Phase: Ai(2)-Gabe_Food's Untap step
Phase: Ai(2)-Gabe_Food's Upkeep step
Mana: Sol Ring (160) - {T}: Add {C}{C}.
Zone Change: Food Token (411) was put into Graveyard from Battlefield.
Add To Stack: Ai(2)-Gabe_Food activated Food Token
Life: Life: Ai(2)-Gabe_Food 2 > 5
Resolve Stack: Food Token (411) - Ai(2)-Gabe_Food gains 3 life.
Add To Stack: Ai(2)-Gabe_Food triggered Well of Lost Dreams
Add To Stack: Ai(2)-Gabe_Food triggered Prize Pig
Resolve Stack: Whenever you gain life, put that many ribbon counters on Prize Pig. Then if there are three or more ribbon counters on Prize Pig, remove those counters and untap it. [Player: Ai(2)-Gabe_Food, Gained Amount: 3]
Mana: Swamp (163) - {T}: Add {B}.
Mana: Forest (140) - {T}: Add {G}.
Mana: Plains (190) - {T}: Add {W}.
Resolve Stack: Whenever you gain life, you may pay {X}, where X is less than or equal to the amount of life you gained. If you do, draw X cards. [Player: Ai(2)-Gabe_Food, Gained Amount: 3]
Mana: Scattered Groves (147) - {T}: Add {G}.
Mana: Command Tower (131) - {T}: Add one mana of any color in your commander's color identity.
Zone Change: Food Token (431) was put into Graveyard from Battlefield.
Add To Stack: Ai(2)-Gabe_Food activated Food Token
Life: Life: Ai(2)-Gabe_Food 5 > 8
Resolve Stack: Food Token (431) - Ai(2)-Gabe_Food gains 3 life.
Add To Stack: Ai(2)-Gabe_Food triggered Well of Lost Dreams
Add To Stack: Ai(2)-Gabe_Food triggered Prize Pig
Resolve Stack: Whenever you gain life, put that many ribbon counters on Prize Pig. Then if there are three or more ribbon counters on Prize Pig, remove those counters and untap it. [Player: Ai(2)-Gabe_Food, Gained Amount: 3]
Resolve Stack: Whenever you gain life, you may pay {X}, where X is less than or equal to the amount of life you gained. If you do, draw X cards. [Player: Ai(2)-Gabe_Food, Gained Amount: 3]
Phase: Ai(2)-Gabe_Food's Draw step
Phase: Ai(2)-Gabe_Food's Main phase, precombat
Phase: Ai(2)-Gabe_Food's Beginning of Combat Step
Phase: Ai(2)-Gabe_Food's Declare Attackers Step
Phase: Ai(2)-Gabe_Food's Declare Blockers Step
Phase: Ai(2)-Gabe_Food's First Strike Damage Step
Phase: Ai(2)-Gabe_Food's Combat Damage Step
Phase: Ai(2)-Gabe_Food's End of Combat Step
Phase: Ai(2)-Gabe_Food's Main phase, postcombat
Replacement Effect: Sandsteppe Citadel enters tapped.
Land: Ai(2)-Gabe_Food played Sandsteppe Citadel (118)
Mana: Path of Ancestry (112) - {T}: Add one mana of any color in your commander's color identity. When that mana is spent to cast a creature spell that shares a creature type with your commander, scry 1. (Look at the top card of your library. You may put that card on the bottom.)
Mana: Prize Pig (130) - {T}: Add one mana of any color.
Mana: Brushland (197) - {T}: Add {C}.
Add To Stack: Ai(2)-Gabe_Food cast The Gaffer
Add To Stack: Ai(2)-Gabe_Food triggered Path of Ancestry
Resolve Stack: Ai(2)-Gabe_Food scried 1 card(s) to the top of the library
Resolve Stack: When mana produced by Path of Ancestry is spent to cast a creature spell that shares a creature type with your commander, scry 1. ([The Gaffer - Creature 2 / 3]) [Card: The Gaffer (106), Activator: Ai(2)-Gabe_Food, SpellAbility: The Gaffer - Creature 2 / 3]
Resolve Stack: The Gaffer - Creature 2 / 3
Phase: Ai(2)-Gabe_Food's End step
Add To Stack: Ai(2)-Gabe_Food triggered The Gaffer
Add To Stack: Ai(2)-Gabe_Food triggered Call for Unity
Resolve Stack: Revolt — At the beginning of your end step, if a permanent you controlled left the battlefield this turn, put a unity counter on Call for Unity. [Phase: Ai(2)-Gabe_Food]
Resolve Stack: At the beginning of each end step, if you gained 3 or more life this turn, draw a card. [Phase: Ai(2)-Gabe_Food]
Phase: Ai(2)-Gabe_Food's Cleanup step
Discard: Ai(2)-Gabe_Food discards Plains (189).
Discard: Ai(2)-Gabe_Food discards Plains (187).
Turn: Turn 36 (Ai(3)-Destyn_Turtles)
Phase: Ai(3)-Destyn_Turtles' Untap step
Phase: Ai(3)-Destyn_Turtles' Upkeep step
Phase: Ai(3)-Destyn_Turtles' Draw step
Phase: Ai(3)-Destyn_Turtles' Main phase, precombat
Land: Ai(3)-Destyn_Turtles played Island (231)
Phase: Ai(3)-Destyn_Turtles' Beginning of Combat Step
Phase: Ai(3)-Destyn_Turtles' Declare Attackers Step
Phase: Ai(3)-Destyn_Turtles' Declare Blockers Step
Phase: Ai(3)-Destyn_Turtles' First Strike Damage Step
Phase: Ai(3)-Destyn_Turtles' Combat Damage Step
Phase: Ai(3)-Destyn_Turtles' End of Combat Step
Phase: Ai(3)-Destyn_Turtles' Main phase, postcombat
Mana: Spire Garden (291) - {T}: Add {R} or {G}.
Mana: Undergrowth Stadium (285) - {T}: Add {B} or {G}.
Mana: Plains (290) - {T}: Add {W}.
Mana: Island (231) - {T}: Add {U}.
Add To Stack: Ai(3)-Destyn_Turtles cast Harmonize
Mana: Watery Grave (374) - {T}: Add {U}.
Add To Stack: Ai(4)-GGS_Herald_diagnostic cast Swan Song targeting [Draw three cards.]
Zone Change: Send countered spell to Graveyard
Replacement Effect: If one or more tokens would be created under your control, those tokens plus an additional Mutagen token are created instead.
Resolve Stack: Swan Song (343) - Counter Harmonize (265). 
Add To Stack: Ai(3)-Destyn_Turtles triggered Leonardo, the Balance
Add To Stack: Ai(3)-Destyn_Turtles triggered Leonardo, the Balance
Add To Stack: Ai(3)-Destyn_Turtles triggered Ray Fillet, Wave Warrior
Resolve Stack: Evolve (Whenever a creature you control enters, if that creature has greater power or toughness than this creature, put a +1/+1 counter on this creature.) [Zone Changer: Bird Token (475)]
Resolve Stack: Whenever a token you control enters, you may put a +1/+1 counter on each creature you control. Do this only once each turn. [Zone Changer: Mutagen Token (476)]
Resolve Stack: Whenever a token you control enters, you may put a +1/+1 counter on each creature you control. Do this only once each turn. [Zone Changer: Bird Token (475)]
Mana: Sodden Verdure (283) - {T}: Add {G}.
Mana: Cinder Glade (218) - {T}: Add {G}.
Mana: Sunken Hollow (226) - {T}: Add {B}.
Add To Stack: Ai(3)-Destyn_Turtles cast High Score
Resolve Stack: High Score
Phase: Ai(3)-Destyn_Turtles' End step
Add To Stack: Ai(3)-Destyn_Turtles triggered High Score
Resolve Stack: At the beginning of your end step, draw a card if you control a creature with the greatest power among creatures on the battlefield. [Phase: Ai(3)-Destyn_Turtles]
Phase: Ai(3)-Destyn_Turtles' Cleanup step
Turn: Turn 37 (Ai(4)-GGS_Herald_diagnostic)
Phase: Ai(4)-GGS_Herald_diagnostic's Untap step
Phase: Ai(4)-GGS_Herald_diagnostic's Upkeep step
Phase: Ai(4)-GGS_Herald_diagnostic's Draw step
Phase: Ai(4)-GGS_Herald_diagnostic's Main phase, precombat
Mana: Mountain (397) - {T}: Add {R}.
Mana: Exotic Orchard (332) - {T}: Add one mana of any color that a land an opponent controls could produce.
Mana: Luxury Suite (378) - {T}: Add {B} or {R}.
Add To Stack: Ai(4)-GGS_Herald_diagnostic cast Sword of Feast and Famine
Resolve Stack: Sword of Feast and Famine
Phase: Ai(4)-GGS_Herald_diagnostic's Beginning of Combat Step
Phase: Ai(4)-GGS_Herald_diagnostic's Declare Attackers Step
Combat: Ai(4)-GGS_Herald_diagnostic assigned Phoenix Chick (372) to attack Ai(1)-Jaymie_Ezio.
Phase: Ai(4)-GGS_Herald_diagnostic's Declare Blockers Step
Combat: Ai(1)-Jaymie_Ezio didn't block Phoenix Chick (372).
Phase: Ai(4)-GGS_Herald_diagnostic's First Strike Damage Step
Phase: Ai(4)-GGS_Herald_diagnostic's Combat Damage Step
Damage: Phoenix Chick (372) deals 1 combat damage to Ai(1)-Jaymie_Ezio.
Life: Life: Ai(1)-Jaymie_Ezio 39 > 38
Phase: Ai(4)-GGS_Herald_diagnostic's End of Combat Step
Phase: Ai(4)-GGS_Herald_diagnostic's Main phase, postcombat
Phase: Ai(4)-GGS_Herald_diagnostic's End step
Phase: Ai(4)-GGS_Herald_diagnostic's Cleanup step
Turn: Turn 38 (Ai(1)-Jaymie_Ezio)
Phase: Ai(1)-Jaymie_Ezio's Untap step
Phase: Ai(1)-Jaymie_Ezio's Upkeep step
Phase: Ai(1)-Jaymie_Ezio's Draw step
Phase: Ai(1)-Jaymie_Ezio's Main phase, precombat
Mana: Tranquil Cove (77) - {T}: Add {W} or {U}.
Mana: Plains (89) - {T}: Add {W}.
Add To Stack: Ai(1)-Jaymie_Ezio cast Security Bypass targeting [Desmond Miles (46)]
Resolve Stack: Security Bypass (92) -  Attach to Desmond Miles (46)
Phase: Ai(1)-Jaymie_Ezio's Beginning of Combat Step
Phase: Ai(1)-Jaymie_Ezio's Declare Attackers Step
Combat: Ai(1)-Jaymie_Ezio assigned Changeling Outcast (14), Desmond Miles (46), Edward Kenway (5), Ramses, Assassin Lord (13), Ezio Auditore da Firenze (100) and Arno Dorian (24) to attack Ai(3)-Destyn_Turtles.
Phase: Ai(1)-Jaymie_Ezio's Declare Blockers Step
Combat: Ai(3)-Destyn_Turtles didn't block Changeling Outcast (14).
Ai(3)-Destyn_Turtles didn't block Desmond Miles (46).
Ai(3)-Destyn_Turtles assigned Acidic Slime (264) to block Edward Kenway (5).
Ai(3)-Destyn_Turtles assigned Leonardo, the Balance (303) to block Ramses, Assassin Lord (13).
Ai(3)-Destyn_Turtles assigned Bird Token (475) and Ray Fillet, Wave Warrior (269) to block Ezio Auditore da Firenze (100).
Ai(3)-Destyn_Turtles didn't block Arno Dorian (24).
Phase: Ai(1)-Jaymie_Ezio's First Strike Damage Step
Phase: Ai(1)-Jaymie_Ezio's Combat Damage Step
Damage: Changeling Outcast (14) deals 4 combat damage to Ai(3)-Destyn_Turtles.
Damage: Desmond Miles (46) deals 9 combat damage to Ai(3)-Destyn_Turtles.
Damage: Edward Kenway (5) deals 8 damage to Acidic Slime (264).
Damage: Ramses, Assassin Lord (13) deals 6 damage (Deathtouch) to Leonardo, the Balance (303).
Damage: Ezio Auditore da Firenze (100) deals 2 damage to Bird Token (475).
Damage: Ezio Auditore da Firenze (100) deals 4 damage to Ray Fillet, Wave Warrior (269).
Damage: Arno Dorian (24) deals 4 combat damage to Ai(3)-Destyn_Turtles.
Damage: Acidic Slime (264) deals 3 damage (Deathtouch) to Edward Kenway (5).
Damage: Bird Token (475) deals 3 damage to Ezio Auditore da Firenze (100).
Damage: Ray Fillet, Wave Warrior (269) deals 2 damage to Ezio Auditore da Firenze (100).
Damage: Leonardo, the Balance (303) deals 4 damage to Ramses, Assassin Lord (13).
Life: Life: Ai(3)-Destyn_Turtles 27 > 10
Zone Change: Edward Kenway (5) was put into Graveyard from Battlefield.
Zone Change: Ramses, Assassin Lord (13) was put into Graveyard from Battlefield.
Zone Change: Ezio Auditore da Firenze (100) was put into Graveyard from Battlefield.
Zone Change: Acidic Slime (264) was put into Graveyard from Battlefield.
Zone Change: Leonardo, the Balance (303) was put into Graveyard from Battlefield.
Zone Change: Ray Fillet, Wave Warrior (269) was put into Graveyard from Battlefield.
Add To Stack: Ai(1)-Jaymie_Ezio triggered Desmond Miles
Add To Stack: Ai(1)-Jaymie_Ezio triggered Desmond Miles
Add To Stack: Ai(1)-Jaymie_Ezio triggered Desmond Miles
Add To Stack: Ai(1)-Jaymie_Ezio triggered Desmond Miles
Discard: Ai(1)-Jaymie_Ezio discards Boros Garrison (80).
Resolve Stack: Whenever this creature deals combat damage to a player, it connives. [Damage Source: Desmond Miles (46), Damaged: Ai(3)-Destyn_Turtles, Amount: 9]
Discard: Ai(1)-Jaymie_Ezio discards Excalibur, Sword of Eden (38).
Resolve Stack: Whenever this creature deals combat damage to a player, it connives. [Damage Source: Desmond Miles (46), Damaged: Ai(3)-Destyn_Turtles, Amount: 9]
Resolve Stack: Ai(1)-Jaymie_Ezio surveiled 9 card(s) to the top of the library
Resolve Stack: Whenever Desmond Miles deals combat damage to a player, surveil X, where X is the amount of damage it dealt to that player. [Damage Source: Desmond Miles (46), Damaged: Ai(3)-Destyn_Turtles, Amount: 9]
Resolve Stack: Ai(1)-Jaymie_Ezio surveiled 9 card(s) to the top of the library
Resolve Stack: Whenever Desmond Miles deals combat damage to a player, surveil X, where X is the amount of damage it dealt to that player. [Damage Source: Desmond Miles (46), Damaged: Ai(3)-Destyn_Turtles, Amount: 9]
Phase: Ai(1)-Jaymie_Ezio's End of Combat Step
Phase: Ai(1)-Jaymie_Ezio's Main phase, postcombat
Mana: Thriving Grove (27) - {T}: Add {G} or one mana of the chosen color.
Mana: Smoldering Marsh (71) - {T}: Add {B}.
Mana: Command Tower (32) - {T}: Add one mana of any color in your commander's color identity.
Mana: Path of Ancestry (8) - {T}: Add one mana of any color in your commander's color identity. When that mana is spent to cast a creature spell that shares a creature type with your commander, scry 1. (Look at the top card of your library. You may put that card on the bottom.)
Mana: Arcane Signet (50) - {T}: Add one mana of any color in your commander's color identity.
Zone Change: Treasure Token (472) was put into Graveyard from Battlefield.
Mana: Treasure Token (472) - {T}, Sacrifice this token: Add one mana of any color.
Add To Stack: Ai(1)-Jaymie_Ezio cast Sorin Markov
Replacement Effect: Sorin Markov enters with four loyalty counters on it.
Resolve Stack: Sorin Markov
Add To Stack: Ai(1)-Jaymie_Ezio activated Sorin Markov targeting [Ai(3)-Destyn_Turtles]
Resolve Stack: Sorin Markov (29) - Ai(3)-Destyn_Turtles life total becomes 10.
Zone Change: Treasure Token (471) was put into Graveyard from Battlefield.
Mana: Treasure Token (471) - {T}, Sacrifice this token: Add one mana of any color.
Zone Change: Treasure Token (470) was put into Graveyard from Battlefield.
Mana: Treasure Token (470) - {T}, Sacrifice this token: Add one mana of any color.
Zone Change: Treasure Token (469) was put into Graveyard from Battlefield.
Mana: Treasure Token (469) - {T}, Sacrifice this token: Add one mana of any color.
Zone Change: Treasure Token (467) was put into Graveyard from Battlefield.
Mana: Treasure Token (467) - {T}, Sacrifice this token: Add one mana of any color.
Add To Stack: Ai(1)-Jaymie_Ezio cast Origin of the Hidden Ones
Replacement Effect: Origin of the Hidden Ones enters with a lore counter on it.
Resolve Stack: Origin of the Hidden Ones
Add To Stack: Ai(1)-Jaymie_Ezio triggered Origin of the Hidden Ones targeting [Ai(2)-Gabe_Food]
Damage: Origin of the Hidden Ones (86) deals 4 non-combat damage to Ai(2)-Gabe_Food.
Life: Life: Ai(2)-Gabe_Food 8 > 4
Resolve Stack: I — Origin of the Hidden Ones deals 4 damage to any target. (Targeting: [[Ai(2)-Gabe_Food]]) [Added once: Origin of the Hidden Ones (86)]
Phase: Ai(1)-Jaymie_Ezio's End step
Phase: Ai(1)-Jaymie_Ezio's Cleanup step
Turn: Turn 39 (Ai(2)-Gabe_Food)
Phase: Ai(2)-Gabe_Food's Untap step
Phase: Ai(2)-Gabe_Food's Upkeep step
Mana: Sol Ring (160) - {T}: Add {C}{C}.
Zone Change: Food Token (439) was put into Graveyard from Battlefield.
Add To Stack: Ai(2)-Gabe_Food activated Food Token
Life: Life: Ai(2)-Gabe_Food 4 > 7
Resolve Stack: Food Token (439) - Ai(2)-Gabe_Food gains 3 life.
Add To Stack: Ai(2)-Gabe_Food triggered Well of Lost Dreams
Add To Stack: Ai(2)-Gabe_Food triggered Prize Pig
Resolve Stack: Whenever you gain life, put that many ribbon counters on Prize Pig. Then if there are three or more ribbon counters on Prize Pig, remove those counters and untap it. [Player: Ai(2)-Gabe_Food, Gained Amount: 3]
Mana: Swamp (163) - {T}: Add {B}.
Mana: Plains (190) - {T}: Add {W}.
Resolve Stack: Whenever you gain life, you may pay {X}, where X is less than or equal to the amount of life you gained. If you do, draw X cards. [Player: Ai(2)-Gabe_Food, Gained Amount: 3]
Phase: Ai(2)-Gabe_Food's Draw step
Phase: Ai(2)-Gabe_Food's Main phase, precombat
Land: Ai(2)-Gabe_Food played Ash Barrens (173)
Mana: Scattered Groves (147) - {T}: Add {W}.
Mana: Command Tower (131) - {T}: Add one mana of any color in your commander's color identity.
Mana: Ash Barrens (173) - {T}: Add {C}.
Mana: Forest (140) - {T}: Add {G}.
Mana: Path of Ancestry (112) - {T}: Add one mana of any color in your commander's color identity. When that mana is spent to cast a creature spell that shares a creature type with your commander, scry 1. (Look at the top card of your library. You may put that card on the bottom.)
Add To Stack: Ai(2)-Gabe_Food cast Fumigate
Zone Change: Prize Pig (130) was put into Graveyard from Battlefield.
Zone Change: The Gaffer (106) was put into Graveyard from Battlefield.
Zone Change: Michelangelo, the Heart (301) was put into Graveyard from Battlefield.
Zone Change: Donatello, the Brains (282) was put into Graveyard from Battlefield.
Zone Change: Bird Token (475) was put into Graveyard from Battlefield.
Zone Change: Moon-Circuit Hacker (392) was put into Graveyard from Battlefield.
Zone Change: Phoenix Chick (372) was put into Graveyard from Battlefield.
Zone Change: Satoru Umezawa (324) was put into Graveyard from Battlefield.
Zone Change: Krenko, Tin Street Kingpin (337) was put into Graveyard from Battlefield.
Zone Change: Changeling Outcast (14) was put into Graveyard from Battlefield.
Zone Change: Arno Dorian (24) was put into Graveyard from Battlefield.
Zone Change: Desmond Miles (46) was put into Graveyard from Battlefield.
Life: Life: Ai(2)-Gabe_Food 7 > 19
Resolve Stack: Fumigate (157) - Destroy all creatures. You gain 1 life for each creature destroyed this way. Ai(2)-Gabe_Food gains 0 life. 
Zone Change: Security Bypass (92) was put into Graveyard from Battlefield.
Add To Stack: Ai(2)-Gabe_Food triggered Well of Lost Dreams
Mana: Sandsteppe Citadel (118) - {T}: Add {W}, {B}, or {G}.
Resolve Stack: Whenever you gain life, you may pay {X}, where X is less than or equal to the amount of life you gained. If you do, draw X cards. [Player: Ai(2)-Gabe_Food, Gained Amount: 12]
Phase: Ai(2)-Gabe_Food's Beginning of Combat Step
Phase: Ai(2)-Gabe_Food's Declare Attackers Step
Phase: Ai(2)-Gabe_Food's Declare Blockers Step
Phase: Ai(2)-Gabe_Food's First Strike Damage Step
Phase: Ai(2)-Gabe_Food's Combat Damage Step
Phase: Ai(2)-Gabe_Food's End of Combat Step
Phase: Ai(2)-Gabe_Food's Main phase, postcombat
Damage: Brushland (197) deals 1 non-combat damage to Ai(2)-Gabe_Food.
Life: Life: Ai(2)-Gabe_Food 19 > 18
Mana: Brushland (197) - {T}: Add {G} or {W}. Brushland deals 1 damage to you. 
Add To Stack: Ai(2)-Gabe_Food cast Birds of Paradise
Resolve Stack: Birds of Paradise - Creature 0 / 1
Phase: Ai(2)-Gabe_Food's End step
Add To Stack: Ai(2)-Gabe_Food triggered Call for Unity
Resolve Stack: Revolt — At the beginning of your end step, if a permanent you controlled left the battlefield this turn, put a unity counter on Call for Unity. [Phase: Ai(2)-Gabe_Food]
Phase: Ai(2)-Gabe_Food's Cleanup step
Discard: Ai(2)-Gabe_Food discards Forest (137).
Turn: Turn 40 (Ai(3)-Destyn_Turtles)
Phase: Ai(3)-Destyn_Turtles' Untap step
Phase: Ai(3)-Destyn_Turtles' Upkeep step
Phase: Ai(3)-Destyn_Turtles' Draw step
Phase: Ai(3)-Destyn_Turtles' Main phase, precombat
Phase: Ai(3)-Destyn_Turtles' Beginning of Combat Step
Phase: Ai(3)-Destyn_Turtles' Declare Attackers Step
Phase: Ai(3)-Destyn_Turtles' Declare Blockers Step
Phase: Ai(3)-Destyn_Turtles' First Strike Damage Step
Phase: Ai(3)-Destyn_Turtles' Combat Damage Step
Phase: Ai(3)-Destyn_Turtles' End of Combat Step
Phase: Ai(3)-Destyn_Turtles' Main phase, postcombat
Mana: Plains (290) - {T}: Add {W}.
Mana: Island (231) - {T}: Add {U}.
Mana: Spire Garden (291) - {T}: Add {R} or {G}.
Mana: Undergrowth Stadium (285) - {T}: Add {B} or {G}.
Mana: Sunken Hollow (226) - {T}: Add {B}.
Mana: Sodden Verdure (283) - {T}: Add {G}.
Add To Stack: Ai(3)-Destyn_Turtles cast Leonardo, the Balance
Resolve Stack: Leonardo, the Balance - Creature 3 / 3
Mana: Cinder Glade (218) - {T}: Add {G}.
Mana: City of Brass (247) - {T}: Add one mana of any color.
Add To Stack: Ai(3)-Destyn_Turtles cast Super Combo targeting [Leonardo, the Balance (303)] [Birds of Paradise (156)]
Add To Stack: Ai(3)-Destyn_Turtles triggered City of Brass
Damage: City of Brass (247) deals 1 non-combat damage to Ai(3)-Destyn_Turtles.
Life: Life: Ai(3)-Destyn_Turtles 10 > 9
Resolve Stack: Whenever City of Brass becomes tapped, it deals 1 damage to you. [Tapped: City of Brass (247)]
Damage: Leonardo, the Balance (303) deals 3 damage to Birds of Paradise (156).
Resolve Stack: Super Combo (246) -  Leonardo, the Balance (303) deals 3 damage to Birds of Paradise (156).
Zone Change: Birds of Paradise (156) was put into Graveyard from Battlefield.
Phase: Ai(3)-Destyn_Turtles' End step
Add To Stack: Ai(3)-Destyn_Turtles triggered High Score
Resolve Stack: At the beginning of your end step, draw a card if you control a creature with the greatest power among creatures on the battlefield. [Phase: Ai(3)-Destyn_Turtles]
Phase: Ai(3)-Destyn_Turtles' Cleanup step
Turn: Turn 41 (Ai(4)-GGS_Herald_diagnostic)
Phase: Ai(4)-GGS_Herald_diagnostic's Untap step
Phase: Ai(4)-GGS_Herald_diagnostic's Upkeep step
Phase: Ai(4)-GGS_Herald_diagnostic's Draw step
Phase: Ai(4)-GGS_Herald_diagnostic's Main phase, precombat
Phase: Ai(4)-GGS_Herald_diagnostic's Beginning of Combat Step
Phase: Ai(4)-GGS_Herald_diagnostic's Declare Attackers Step
Phase: Ai(4)-GGS_Herald_diagnostic's Declare Blockers Step
Phase: Ai(4)-GGS_Herald_diagnostic's First Strike Damage Step
Phase: Ai(4)-GGS_Herald_diagnostic's Combat Damage Step
Phase: Ai(4)-GGS_Herald_diagnostic's End of Combat Step
Phase: Ai(4)-GGS_Herald_diagnostic's Main phase, postcombat
Mana: Exotic Orchard (332) - {T}: Add one mana of any color that a land an opponent controls could produce.
Mana: Luxury Suite (378) - {T}: Add {B} or {R}.
Add To Stack: Ai(4)-GGS_Herald_diagnostic cast Satoru, the Infiltrator
Resolve Stack: Satoru, the Infiltrator - Creature 2 / 3
Add To Stack: Ai(4)-GGS_Herald_diagnostic triggered Purphoros, God of the Forge
Damage: Purphoros, God of the Forge (366) deals 2 non-combat damage to Ai(1)-Jaymie_Ezio.
Damage: Purphoros, God of the Forge (366) deals 2 non-combat damage to Ai(2)-Gabe_Food.
Damage: Purphoros, God of the Forge (366) deals 2 non-combat damage to Ai(3)-Destyn_Turtles.
Life: Life: Ai(1)-Jaymie_Ezio 38 > 36
Life: Life: Ai(2)-Gabe_Food 18 > 16
Life: Life: Ai(3)-Destyn_Turtles 9 > 7
Resolve Stack: Whenever another creature you control enters, Purphoros, God of the Forge deals 2 damage to each opponent. [Zone Changer: Satoru, the Infiltrator (356)]
Mana: Mountain (397) - {T}: Add {R}.
Mana: Watery Grave (374) - {T}: Add {B}.
Add To Stack: Ai(4)-GGS_Herald_diagnostic cast Talisman of Indulgence
Resolve Stack: Talisman of Indulgence
Phase: Ai(4)-GGS_Herald_diagnostic's End step
Phase: Ai(4)-GGS_Herald_diagnostic's Cleanup step
Turn: Turn 42 (Ai(1)-Jaymie_Ezio)
Phase: Ai(1)-Jaymie_Ezio's Untap step
Phase: Ai(1)-Jaymie_Ezio's Upkeep step
Phase: Ai(1)-Jaymie_Ezio's Draw step
Phase: Ai(1)-Jaymie_Ezio's Main phase, precombat
Add To Stack: Ai(1)-Jaymie_Ezio triggered Origin of the Hidden Ones
Resolve Stack: II — Create two 1/1 black Assassin creature tokens with menace. [Added once: Origin of the Hidden Ones (86)]
Phase: Ai(1)-Jaymie_Ezio's Beginning of Combat Step
Phase: Ai(1)-Jaymie_Ezio's Declare Attackers Step
Phase: Ai(1)-Jaymie_Ezio's Declare Blockers Step
Phase: Ai(1)-Jaymie_Ezio's First Strike Damage Step
Phase: Ai(1)-Jaymie_Ezio's Combat Damage Step
Phase: Ai(1)-Jaymie_Ezio's End of Combat Step
Phase: Ai(1)-Jaymie_Ezio's Main phase, postcombat
Land: Ai(1)-Jaymie_Ezio played Forest (36)
Add To Stack: Ai(1)-Jaymie_Ezio activated Sorin Markov targeting [Ai(3)-Destyn_Turtles]
Damage: Sorin Markov (29) deals 2 non-combat damage to Ai(3)-Destyn_Turtles.
Life: Life: Ai(3)-Destyn_Turtles 7 > 5
Life: Life: Ai(1)-Jaymie_Ezio 36 > 38
Resolve Stack: Sorin Markov (29) - Sorin Markov (29) deals 2 damage to Ai(3)-Destyn_Turtles. Ai(1)-Jaymie_Ezio gains 2 life.
Mana: Thriving Grove (27) - {T}: Add {G} or one mana of the chosen color.
Mana: Plains (89) - {T}: Add {W}.
Mana: Forest (36) - {T}: Add {G}.
Mana: Tranquil Cove (77) - {T}: Add {W} or {U}.
Add To Stack: Ai(1)-Jaymie_Ezio cast Ezio Auditore da Firenze
Resolve Stack: Ezio Auditore da Firenze - Creature 3 / 2
Phase: Ai(1)-Jaymie_Ezio's End step
Phase: Ai(1)-Jaymie_Ezio's Cleanup step
Turn: Turn 43 (Ai(2)-Gabe_Food)
Phase: Ai(2)-Gabe_Food's Untap step
Phase: Ai(2)-Gabe_Food's Upkeep step
Phase: Ai(2)-Gabe_Food's Draw step
Phase: Ai(2)-Gabe_Food's Main phase, precombat
Mana: Forest (140) - {T}: Add {G}.
Mana: Sol Ring (160) - {T}: Add {C}{C}.
Mana: Ash Barrens (173) - {T}: Add {C}.
Mana: Swamp (163) - {T}: Add {B}.
Mana: Plains (190) - {T}: Add {W}.
Add To Stack: Ai(2)-Gabe_Food cast Great Oak Guardian
Resolve Stack: Great Oak Guardian - Creature 4 / 5
Add To Stack: Ai(2)-Gabe_Food triggered Great Oak Guardian targeting [Ai(2)-Gabe_Food]
Resolve Stack: When Great Oak Guardian enters, creatures target player controls get +2/+2 until end of turn. Untap them. (Targeting: [[Ai(2)-Gabe_Food]]) [Zone Changer: Great Oak Guardian (122)]
Mana: Scattered Groves (147) - {T}: Add {G}.
Mana: Command Tower (131) - {T}: Add one mana of any color in your commander's color identity.
Mana: Path of Ancestry (112) - {T}: Add one mana of any color in your commander's color identity. When that mana is spent to cast a creature spell that shares a creature type with your commander, scry 1. (Look at the top card of your library. You may put that card on the bottom.)
Mana: Sandsteppe Citadel (118) - {T}: Add {W}, {B}, or {G}.
Mana: Brushland (197) - {T}: Add {C}.
Add To Stack: Ai(2)-Gabe_Food cast Motivated Pony
Resolve Stack: Motivated Pony - Creature 3 / 3
Phase: Ai(2)-Gabe_Food's Beginning of Combat Step
Phase: Ai(2)-Gabe_Food's Declare Attackers Step
Combat: Ai(2)-Gabe_Food assigned Motivated Pony (175) to attack Sorin Markov (29).
Add To Stack: Ai(2)-Gabe_Food triggered Motivated Pony
Resolve Stack: Whenever Motivated Pony attacks, attacking creatures get +1/+1 until end of turn. If a Food entered under your control this turn, untap those creatures and they get an additional +2/+2 until end of turn. [Attacker: Motivated Pony (175)]
Phase: Ai(2)-Gabe_Food's Declare Blockers Step
Combat: Ai(1)-Jaymie_Ezio didn't block Motivated Pony (175).
Phase: Ai(2)-Gabe_Food's First Strike Damage Step
Phase: Ai(2)-Gabe_Food's Combat Damage Step
Zone Change: Sorin Markov (29) was put into Graveyard from Battlefield.
Phase: Ai(2)-Gabe_Food's End of Combat Step
Phase: Ai(2)-Gabe_Food's Main phase, postcombat
Phase: Ai(2)-Gabe_Food's End step
Phase: Ai(2)-Gabe_Food's Cleanup step
Turn: Turn 44 (Ai(3)-Destyn_Turtles)
Phase: Ai(3)-Destyn_Turtles' Untap step
Phase: Ai(3)-Destyn_Turtles' Upkeep step
Mana: Plains (290) - {T}: Add {W}.
Mana: Undergrowth Stadium (285) - {T}: Add {B} or {G}.
Mana: Spire Garden (291) - {T}: Add {R} or {G}.
Mana: Sodden Verdure (283) - {T}: Add {G}.
Mana: Island (231) - {T}: Add {U}.
Mana: Cinder Glade (218) - {T}: Add {G}.
Mana: Sunken Hollow (226) - {T}: Add {B}.
Zone Change: Everything Pizza (268) was put into Graveyard from Battlefield.
Add To Stack: Ai(3)-Destyn_Turtles activated Everything Pizza targeting [Ai(3)-Destyn_Turtles] [Satoru, the Infiltrator (356)] [Leonardo, the Balance (303)]
Life: Life: Ai(3)-Destyn_Turtles 5 > 8
Discard: Ai(2)-Gabe_Food discards Dawn of Hope (193).
Discard: Ai(4)-GGS_Herald_diagnostic discards Breath of Fury (331).
Damage: Everything Pizza (268) deals 3 damage to Satoru, the Infiltrator (356).
Replacement Effect: If one or more +1/+1 counters would be put on a creature you control, that many plus one +1/+1 counters are put on it instead.
Resolve Stack: Everything Pizza (268) - Ai(3)-Destyn_Turtles gains 3 life. Ai(3)-Destyn_Turtles draws a card. Ai(4)-GGS_Herald_diagnostic, Ai(1)-Jaymie_Ezio and Ai(2)-Gabe_Food discard a card. Everything Pizza (268) deals 3 damage to Satoru, the Infiltrator (356). Ai(3)-Destyn_Turtles puts three +1/+1 counters on Leonardo, the Balance (303).
Zone Change: Satoru, the Infiltrator (356) was put into Graveyard from Battlefield.
Phase: Ai(3)-Destyn_Turtles' Draw step
Phase: Ai(3)-Destyn_Turtles' Main phase, precombat
Land: Ai(3)-Destyn_Turtles played Forest (237)
Phase: Ai(3)-Destyn_Turtles' Beginning of Combat Step
Add To Stack: Ai(3)-Destyn_Turtles activated Mole Module
Resolve Stack: Mole Module (266) - Mole Module (266) becomes an artifact creature until end of turn.
Phase: Ai(3)-Destyn_Turtles' Declare Attackers Step
Phase: Ai(3)-Destyn_Turtles' Declare Blockers Step
Phase: Ai(3)-Destyn_Turtles' First Strike Damage Step
Phase: Ai(3)-Destyn_Turtles' Combat Damage Step
Phase: Ai(3)-Destyn_Turtles' End of Combat Step
Phase: Ai(3)-Destyn_Turtles' Main phase, postcombat
Phase: Ai(3)-Destyn_Turtles' End step
Add To Stack: Ai(3)-Destyn_Turtles triggered High Score
Resolve Stack: At the beginning of your end step, draw a card if you control a creature with the greatest power among creatures on the battlefield. [Phase: Ai(3)-Destyn_Turtles]
Phase: Ai(3)-Destyn_Turtles' Cleanup step
Turn: Turn 45 (Ai(4)-GGS_Herald_diagnostic)
Phase: Ai(4)-GGS_Herald_diagnostic's Untap step
Phase: Ai(4)-GGS_Herald_diagnostic's Upkeep step
Phase: Ai(4)-GGS_Herald_diagnostic's Draw step
Phase: Ai(4)-GGS_Herald_diagnostic's Main phase, precombat
Mana: Exotic Orchard (332) - {T}: Add one mana of any color that a land an opponent controls could produce.
Mana: Luxury Suite (378) - {T}: Add {B} or {R}.
Mana: Mountain (397) - {T}: Add {R}.
Mana: Watery Grave (374) - {T}: Add {B}.
Mana: Talisman of Indulgence (316) - {T}: Add {C}.
Add To Stack: Ai(4)-GGS_Herald_diagnostic cast Goro-Goro and Satoru
Resolve Stack: Goro-Goro and Satoru - Creature 3 / 4
Add To Stack: Ai(4)-GGS_Herald_diagnostic triggered Purphoros, God of the Forge
Damage: Purphoros, God of the Forge (366) deals 2 non-combat damage to Ai(1)-Jaymie_Ezio.
Damage: Purphoros, God of the Forge (366) deals 2 non-combat damage to Ai(2)-Gabe_Food.
Damage: Purphoros, God of the Forge (366) deals 2 non-combat damage to Ai(3)-Destyn_Turtles.
Life: Life: Ai(1)-Jaymie_Ezio 38 > 36
Life: Life: Ai(2)-Gabe_Food 16 > 14
Life: Life: Ai(3)-Destyn_Turtles 8 > 6
Resolve Stack: Whenever another creature you control enters, Purphoros, God of the Forge deals 2 damage to each opponent. [Zone Changer: Goro-Goro and Satoru (403)]
Phase: Ai(4)-GGS_Herald_diagnostic's Beginning of Combat Step
Phase: Ai(4)-GGS_Herald_diagnostic's Declare Attackers Step
Phase: Ai(4)-GGS_Herald_diagnostic's Declare Blockers Step
Phase: Ai(4)-GGS_Herald_diagnostic's First Strike Damage Step
Phase: Ai(4)-GGS_Herald_diagnostic's Combat Damage Step
Phase: Ai(4)-GGS_Herald_diagnostic's End of Combat Step
Phase: Ai(4)-GGS_Herald_diagnostic's Main phase, postcombat
Phase: Ai(4)-GGS_Herald_diagnostic's End step
Phase: Ai(4)-GGS_Herald_diagnostic's Cleanup step
Turn: Turn 46 (Ai(1)-Jaymie_Ezio)
Phase: Ai(1)-Jaymie_Ezio's Untap step
Phase: Ai(1)-Jaymie_Ezio's Upkeep step
Phase: Ai(1)-Jaymie_Ezio's Draw step
Phase: Ai(1)-Jaymie_Ezio's Main phase, precombat
Add To Stack: Ai(1)-Jaymie_Ezio triggered Origin of the Hidden Ones
Resolve Stack: III — Whenever an Assassin you control attacks this turn, create a 1/1 black Assassin creature token with menace that's tapped and attacking. [Added once: Origin of the Hidden Ones (86)]
Zone Change: Origin of the Hidden Ones (86) was put into Graveyard from Battlefield.
Phase: Ai(1)-Jaymie_Ezio's Beginning of Combat Step
Phase: Ai(1)-Jaymie_Ezio's Declare Attackers Step
Combat: Ai(1)-Jaymie_Ezio assigned Ezio Auditore da Firenze (100), Assassin Token (479) and Assassin Token (480) to attack Ai(2)-Gabe_Food.
Add To Stack: Ai(1)-Jaymie_Ezio triggered Origin of the Hidden Ones (86)'s Effect
Add To Stack: Ai(1)-Jaymie_Ezio triggered Origin of the Hidden Ones (86)'s Effect
Add To Stack: Ai(1)-Jaymie_Ezio triggered Origin of the Hidden Ones (86)'s Effect
Resolve Stack: Whenever an Assassin you control attacks this turn, create a 1/1 black Assassin creature token with menace that's tapped and attacking. [Attacker: Assassin Token (480)]
Resolve Stack: Whenever an Assassin you control attacks this turn, create a 1/1 black Assassin creature token with menace that's tapped and attacking. [Attacker: Assassin Token (479)]
Resolve Stack: Whenever an Assassin you control attacks this turn, create a 1/1 black Assassin creature token with menace that's tapped and attacking. [Attacker: Ezio Auditore da Firenze (100)]
Phase: Ai(1)-Jaymie_Ezio's Declare Blockers Step
Combat: Ai(2)-Gabe_Food didn't block Ezio Auditore da Firenze (100).
Ai(2)-Gabe_Food didn't block Assassin Token (479).
Ai(2)-Gabe_Food didn't block Assassin Token (480).
Ai(2)-Gabe_Food didn't block Assassin Token (486).
Ai(2)-Gabe_Food didn't block Assassin Token (488).
Ai(2)-Gabe_Food didn't block Assassin Token (490).
Phase: Ai(1)-Jaymie_Ezio's First Strike Damage Step
Phase: Ai(1)-Jaymie_Ezio's Combat Damage Step
Damage: Ezio Auditore da Firenze (100) deals 3 combat damage to Ai(2)-Gabe_Food.
Damage: Assassin Token (479) deals 1 combat damage to Ai(2)-Gabe_Food.
Damage: Assassin Token (480) deals 1 combat damage to Ai(2)-Gabe_Food.
Damage: Assassin Token (486) deals 1 combat damage to Ai(2)-Gabe_Food.
Damage: Assassin Token (488) deals 1 combat damage to Ai(2)-Gabe_Food.
Damage: Assassin Token (490) deals 1 combat damage to Ai(2)-Gabe_Food.
Life: Life: Ai(2)-Gabe_Food 14 > 6
Add To Stack: Ai(1)-Jaymie_Ezio triggered Ezio Auditore da Firenze
Add To Stack: Ai(1)-Jaymie_Ezio triggered Ezio Auditore da Firenze
Mana: Tranquil Cove (77) - {T}: Add {W} or {U}.
Mana: Plains (89) - {T}: Add {W}.
Mana: Smoldering Marsh (71) - {T}: Add {R}.
Mana: Thriving Grove (27) - {T}: Add {G} or one mana of the chosen color.
Mana: Forest (36) - {T}: Add {G}.
Resolve Stack: Whenever Ezio deals combat damage to a player, you may pay {W}{U}{B}{R}{G} if that player has 10 or less life. When you do, that player loses the game. [Damage Source: Ezio Auditore da Firenze (100), Damaged: Ai(2)-Gabe_Food, Amount: 3]
Add To Stack: Ai(1)-Jaymie_Ezio triggered Ezio Auditore da Firenze
Resolve Stack: When you do, that player loses the game.
Mana: Command Tower (32) - {T}: Add one mana of any color in your commander's color identity.
Mana: Path of Ancestry (8) - {T}: Add one mana of any color in your commander's color identity. When that mana is spent to cast a creature spell that shares a creature type with your commander, scry 1. (Look at the top card of your library. You may put that card on the bottom.)
Mana: Arcane Signet (50) - {T}: Add one mana of any color in your commander's color identity.
Zone Change: Treasure Token (466) was put into Graveyard from Battlefield.
Mana: Treasure Token (466) - {T}, Sacrifice this token: Add one mana of any color.
Zone Change: Treasure Token (465) was put into Graveyard from Battlefield.
Mana: Treasure Token (465) - {T}, Sacrifice this token: Add one mana of any color.
Resolve Stack: Whenever Ezio deals combat damage to a player, you may pay {W}{U}{B}{R}{G} if that player has 10 or less life. When you do, that player loses the game. [Damage Source: Ezio Auditore da Firenze (100), Damaged: Ai(2)-Gabe_Food, Amount: 3]
Add To Stack: Ai(1)-Jaymie_Ezio triggered Ezio Auditore da Firenze
Resolve Stack: When you do, that player loses the game.
Phase: Ai(1)-Jaymie_Ezio's End of Combat Step
Phase: Ai(1)-Jaymie_Ezio's Main phase, postcombat
Phase: Ai(1)-Jaymie_Ezio's End step
Phase: Ai(1)-Jaymie_Ezio's Cleanup step
Turn: Turn 47 (Ai(3)-Destyn_Turtles)
Phase: Ai(3)-Destyn_Turtles' Untap step
Phase: Ai(3)-Destyn_Turtles' Upkeep step
Phase: Ai(3)-Destyn_Turtles' Draw step
Phase: Ai(3)-Destyn_Turtles' Main phase, precombat
Replacement Effect: This land enters tapped.
Replacement Effect: As this land enters, choose a color.
Land: Ai(3)-Destyn_Turtles played Big Apple, 3 a.m. (273)
Mana: Island (231) - {T}: Add {U}.
Mana: Forest (237) - {T}: Add {G}.
Mana: Plains (290) - {T}: Add {W}.
Mana: Spire Garden (291) - {T}: Add {R} or {G}.
Add To Stack: Ai(3)-Destyn_Turtles cast Baxter, Fly in the Ointment
Resolve Stack: Baxter, Fly in the Ointment - Creature 2 / 2
Add To Stack: Ai(3)-Destyn_Turtles triggered Baxter, Fly in the Ointment
Resolve Stack: Whenever Baxter enters or attacks, each creature you control with a counter on it gains flying until end of turn. [Zone Changer: Baxter, Fly in the Ointment (229)]
Phase: Ai(3)-Destyn_Turtles' Beginning of Combat Step
Add To Stack: Ai(3)-Destyn_Turtles activated Mole Module
Resolve Stack: Mole Module (266) - Mole Module (266) becomes an artifact creature until end of turn.
Phase: Ai(3)-Destyn_Turtles' Declare Attackers Step
Combat: Ai(3)-Destyn_Turtles assigned Leonardo, the Balance (303) and Mole Module (266) to attack Ai(4)-GGS_Herald_diagnostic.
Phase: Ai(3)-Destyn_Turtles' Declare Blockers Step
Combat: Ai(4)-GGS_Herald_diagnostic didn't block Leonardo, the Balance (303).
Ai(4)-GGS_Herald_diagnostic didn't block Mole Module (266).
Mana: City of Brass (247) - {T}: Add one mana of any color.
Mana: Cinder Glade (218) - {T}: Add {R}.
Mana: Sodden Verdure (283) - {T}: Add {U}.
Mana: Undergrowth Stadium (285) - {T}: Add {B} or {G}.
Mana: Sunken Hollow (226) - {T}: Add {B}.
Add To Stack: Ai(3)-Destyn_Turtles activated Leonardo, the Balance
Add To Stack: Ai(3)-Destyn_Turtles triggered City of Brass
Damage: City of Brass (247) deals 1 non-combat damage to Ai(3)-Destyn_Turtles.
Life: Life: Ai(3)-Destyn_Turtles 6 > 5
Resolve Stack: Whenever City of Brass becomes tapped, it deals 1 damage to you. [Tapped: City of Brass (247)]
Resolve Stack: Leonardo, the Balance (303) - Creatures you control gain menace, trample, and lifelink until end of turn.
Phase: Ai(3)-Destyn_Turtles' First Strike Damage Step
Phase: Ai(3)-Destyn_Turtles' Combat Damage Step
Damage: Leonardo, the Balance (303) deals 7 combat damage to Ai(4)-GGS_Herald_diagnostic.
Life: Life: Ai(3)-Destyn_Turtles 5 > 12
Damage: Mole Module (266) deals 6 combat damage to Ai(4)-GGS_Herald_diagnostic.
Life: Life: Ai(3)-Destyn_Turtles 12 > 18
Life: Life: Ai(4)-GGS_Herald_diagnostic 10 > -3
Add To Stack: Ai(3)-Destyn_Turtles triggered Mole Module
Zone Change: Ai(3)-Destyn_Turtles milled Thriving Grove (227), Turtle Lair (271), Heroes in a Half Shell (274) and Grand Coliseum (204).
Resolve Stack: Whenever this Vehicle deals combat damage to a player, mill four cards. You may put a permanent card from among them onto the battlefield. [Damage Source: Mole Module (266), Damaged: Ai(4)-GGS_Herald_diagnostic, Amount: 6]
Phase: Ai(3)-Destyn_Turtles' End of Combat Step
Phase: Ai(3)-Destyn_Turtles' Main phase, postcombat
Phase: Ai(3)-Destyn_Turtles' End step
Add To Stack: Ai(3)-Destyn_Turtles triggered High Score
Resolve Stack: At the beginning of your end step, draw a card if you control a creature with the greatest power among creatures on the battlefield. [Phase: Ai(3)-Destyn_Turtles]
Add To Stack: Ai(3)-Destyn_Turtles triggered Baxter, Fly in the Ointment
Replacement Effect: If one or more +1/+1 counters would be put on a creature you control, that many plus one +1/+1 counters are put on it instead.
Resolve Stack: Whenever you draw a card, put a +1/+1 counter on Baxter. [Player: Ai(3)-Destyn_Turtles]
Phase: Ai(3)-Destyn_Turtles' Cleanup step
Turn: Turn 48 (Ai(1)-Jaymie_Ezio)
Phase: Ai(1)-Jaymie_Ezio's Untap step
Phase: Ai(1)-Jaymie_Ezio's Upkeep step
Phase: Ai(1)-Jaymie_Ezio's Draw step
Phase: Ai(1)-Jaymie_Ezio's Main phase, precombat
Phase: Ai(1)-Jaymie_Ezio's Beginning of Combat Step
Phase: Ai(1)-Jaymie_Ezio's Declare Attackers Step
Combat: Ai(1)-Jaymie_Ezio assigned Ezio Auditore da Firenze (100), Assassin Token (479), Assassin Token (480), Assassin Token (486), Assassin Token (488) and Assassin Token (490) to attack Ai(3)-Destyn_Turtles.
Phase: Ai(1)-Jaymie_Ezio's Declare Blockers Step
Combat: Ai(3)-Destyn_Turtles didn't block Ezio Auditore da Firenze (100).
Ai(3)-Destyn_Turtles didn't block Assassin Token (479).
Ai(3)-Destyn_Turtles didn't block Assassin Token (480).
Ai(3)-Destyn_Turtles didn't block Assassin Token (486).
Ai(3)-Destyn_Turtles didn't block Assassin Token (488).
Ai(3)-Destyn_Turtles didn't block Assassin Token (490).
Phase: Ai(1)-Jaymie_Ezio's First Strike Damage Step
Phase: Ai(1)-Jaymie_Ezio's Combat Damage Step
Damage: Ezio Auditore da Firenze (100) deals 3 combat damage to Ai(3)-Destyn_Turtles.
Damage: Assassin Token (479) deals 1 combat damage to Ai(3)-Destyn_Turtles.
Damage: Assassin Token (480) deals 1 combat damage to Ai(3)-Destyn_Turtles.
Damage: Assassin Token (486) deals 1 combat damage to Ai(3)-Destyn_Turtles.
Damage: Assassin Token (488) deals 1 combat damage to Ai(3)-Destyn_Turtles.
Damage: Assassin Token (490) deals 1 combat damage to Ai(3)-Destyn_Turtles.
Life: Life: Ai(3)-Destyn_Turtles 18 > 10
Add To Stack: Ai(1)-Jaymie_Ezio triggered Ezio Auditore da Firenze
Add To Stack: Ai(1)-Jaymie_Ezio triggered Ezio Auditore da Firenze
Mana: Tranquil Cove (77) - {T}: Add {W} or {U}.
Mana: Plains (89) - {T}: Add {W}.
Mana: Smoldering Marsh (71) - {T}: Add {R}.
Mana: Thriving Grove (27) - {T}: Add {G} or one mana of the chosen color.
Mana: Forest (36) - {T}: Add {G}.
Resolve Stack: Whenever Ezio deals combat damage to a player, you may pay {W}{U}{B}{R}{G} if that player has 10 or less life. When you do, that player loses the game. [Damage Source: Ezio Auditore da Firenze (100), Damaged: Ai(3)-Destyn_Turtles, Amount: 3]
Add To Stack: Ai(1)-Jaymie_Ezio triggered Ezio Auditore da Firenze
Player Control: Ai(1)-Jaymie_Ezio has restored control over themself
Player Control: Ai(2)-Gabe_Food has restored control over themself
Player Control: Ai(3)-Destyn_Turtles has restored control over themself
Player Control: Ai(4)-GGS_Herald_diagnostic has restored control over themself
Game Outcome: Match Duration 2m : 29s
Game Outcome: Turn 24
Game Outcome: Ai(1)-Jaymie_Ezio has won because all opponents have lost
Game Outcome: Ai(2)-Gabe_Food has lost due to effect of spell 'Ezio Auditore da Firenze'
Game Outcome: Ai(3)-Destyn_Turtles has lost due to effect of spell 'Ezio Auditore da Firenze'
Game Outcome: Ai(4)-GGS_Herald_diagnostic has lost because life total reached 0
Match Result: Ai(1)-Jaymie_Ezio: 1 Ai(2)-Gabe_Food: 0 Ai(3)-Destyn_Turtles: 0 Ai(4)-GGS_Herald_diagnostic: 0 
Resolve Stack: When you do, that player loses the game.

Game Result: Game 1 ended in 151382 ms. Ai(1)-Jaymie_Ezio has won!

