Error handling registered!
20:26:35 [INFO ] GuiBase: ##########################################
20:26:35 [INFO ] GuiBase: APP: Forge v.2.0.15-SNAPSHOT-09.28
20:26:35 [INFO ] GuiBase: Java: 17.0.20 (Ubuntu)
20:26:35 [INFO ] GuiBase: OS: Linux 6.18.44 amd64
20:26:35 [INFO ] GuiBase: RAM: 1536 MB max, 8 CPUs
20:26:35 [INFO ] GuiBase: ##########################################
Language 'en-US' loaded successfully.
(ThreadUtil first call): Running with priority 5
Read cards: 34010 archived files in 1 ms (25 parts) using thread pool
Upcoming set Star Trek (TRK) dated in the future. All `upcoming` cards will be added to this set with unknown rarity.
The card A-Alrund's Epiphany was not assigned to any set. Adding it to UNKNOWN set... to fix see res/editions/ folder. 
The card A-Baba Lysaga, Night Witch was not assigned to any set. Adding it to UNKNOWN set... to fix see res/editions/ folder. 
The card A-Divide by Zero was not assigned to any set. Adding it to UNKNOWN set... to fix see res/editions/ folder. 
The card A-Esika's Chariot was not assigned to any set. Adding it to UNKNOWN set... to fix see res/editions/ folder. 
The card A-Faceless Haven was not assigned to any set. Adding it to UNKNOWN set... to fix see res/editions/ folder. 
The card A-Fires of Invention was not assigned to any set. Adding it to UNKNOWN set... to fix see res/editions/ folder. 
The card A-Goldspan Dragon was not assigned to any set. Adding it to UNKNOWN set... to fix see res/editions/ folder. 
The card A-Hullbreaker Horror was not assigned to any set. Adding it to UNKNOWN set... to fix see res/editions/ folder. 
The card A-Kumano Faces Kakkazan was not assigned to any set. Adding it to UNKNOWN set... to fix see res/editions/ folder. 
The card A-Luminarch Aspirant was not assigned to any set. Adding it to UNKNOWN set... to fix see res/editions/ folder. 
The card A-Monster Manual was not assigned to any set. Adding it to UNKNOWN set... to fix see res/editions/ folder. 
The card A-Omnath, Locus of Creation was not assigned to any set. Adding it to UNKNOWN set... to fix see res/editions/ folder. 
The card A-The Meathook Massacre was not assigned to any set. Adding it to UNKNOWN set... to fix see res/editions/ folder. 
The card A-Unholy Heat was not assigned to any set. Adding it to UNKNOWN set... to fix see res/editions/ folder. 
The card Blinding Radiance was not assigned to any set. Adding it to UNKNOWN set... to fix see res/editions/ folder. 
The card Goblin Bruiser was not assigned to any set. Adding it to UNKNOWN set... to fix see res/editions/ folder. 
The card Ogre Painbringer was not assigned to any set. Adding it to UNKNOWN set... to fix see res/editions/ folder. 
The card Titanic Pelagosaur was not assigned to any set. Adding it to UNKNOWN set... to fix see res/editions/ folder. 
The card Treetop Recluse was not assigned to any set. Adding it to UNKNOWN set... to fix see res/editions/ folder. 
Upcoming set Star Trek (TRK) dated in the future. All `upcoming` cards will be added to this set with unknown rarity.
Read cards: 854 files in 0 ms (8 parts) using thread pool
Simulation mode
Ai(1)-Destyn_Turtles vs Ai(2)-GGS_Orochi_only vs Ai(3)-Jaymie_Ezio vs Ai(4)-Gabe_Food - one game of Commander seed 20260930
Warning: default (ie. inherited from base class) implementation of confirmAction is used by Goro-Goro and Satoru for forge.ai.ability.PermanentCreatureAi. Consider declaring an overloaded method
Warning: default (ie. inherited from base class) implementation of confirmAction is used by Ezio Auditore da Firenze for forge.ai.ability.PermanentCreatureAi. Consider declaring an overloaded method
Warning: default (ie. inherited from base class) implementation of confirmAction is used by Ezio Auditore da Firenze for forge.ai.ability.PermanentCreatureAi. Consider declaring an overloaded method
Warning: default (ie. inherited from base class) implementation of confirmAction is used by Michelangelo, the Heart for forge.ai.ability.PermanentCreatureAi. Consider declaring an overloaded method
Warning: default (ie. inherited from base class) implementation of confirmAction is used by Leonardo, the Balance for forge.ai.ability.PermanentCreatureAi. Consider declaring an overloaded method
Warning: default (ie. inherited from base class) implementation of confirmAction is used by Goro-Goro and Satoru for forge.ai.ability.PermanentCreatureAi. Consider declaring an overloaded method
Warning: default (ie. inherited from base class) implementation of confirmAction is used by Ezio Auditore da Firenze for forge.ai.ability.PermanentCreatureAi. Consider declaring an overloaded method
Warning: default (ie. inherited from base class) implementation of confirmAction is used by Frodo, Adventurous Hobbit for forge.ai.ability.PermanentCreatureAi. Consider declaring an overloaded method
Warning: default (ie. inherited from base class) implementation of confirmAction is used by Sam, Loyal Attendant for forge.ai.ability.PermanentCreatureAi. Consider declaring an overloaded method
Mulligan: Ai(2)-GGS_Orochi_only has mulliganed down to 7 cards.
Mulligan: Ai(2)-GGS_Orochi_only has mulliganed down to 6 cards.
Mulligan: Ai(2)-GGS_Orochi_only has mulliganed down to 5 cards.
Mulligan: Ai(4)-Gabe_Food has kept a hand of 7 cards
Mulligan: Ai(1)-Destyn_Turtles has kept a hand of 7 cards
Mulligan: Ai(2)-GGS_Orochi_only has kept a hand of 5 cards
Mulligan: Ai(3)-Jaymie_Ezio has kept a hand of 7 cards
Turn: Turn 1 (Ai(4)-Gabe_Food)
Phase: Ai(4)-Gabe_Food's Untap step
Phase: Ai(4)-Gabe_Food's Upkeep step
Phase: Ai(4)-Gabe_Food's Draw step
Phase: Ai(4)-Gabe_Food's Main phase, precombat
Land: Ai(4)-Gabe_Food played Swamp (365)
Phase: Ai(4)-Gabe_Food's Beginning of Combat Step
Phase: Ai(4)-Gabe_Food's Declare Attackers Step
Phase: Ai(4)-Gabe_Food's Declare Blockers Step
Phase: Ai(4)-Gabe_Food's First Strike Damage Step
Phase: Ai(4)-Gabe_Food's Combat Damage Step
Phase: Ai(4)-Gabe_Food's End of Combat Step
Phase: Ai(4)-Gabe_Food's Main phase, postcombat
Phase: Ai(4)-Gabe_Food's End step
Phase: Ai(4)-Gabe_Food's Cleanup step
Turn: Turn 2 (Ai(1)-Destyn_Turtles)
Phase: Ai(1)-Destyn_Turtles' Untap step
Phase: Ai(1)-Destyn_Turtles' Upkeep step
Phase: Ai(1)-Destyn_Turtles' Draw step
Phase: Ai(1)-Destyn_Turtles' Main phase, precombat
Replacement Effect: Sunken Hollow enters tapped unless you control two or more basic lands.
Land: Ai(1)-Destyn_Turtles played Sunken Hollow (24)
Phase: Ai(1)-Destyn_Turtles' Beginning of Combat Step
Phase: Ai(1)-Destyn_Turtles' Declare Attackers Step
Phase: Ai(1)-Destyn_Turtles' Declare Blockers Step
Phase: Ai(1)-Destyn_Turtles' First Strike Damage Step
Phase: Ai(1)-Destyn_Turtles' Combat Damage Step
Phase: Ai(1)-Destyn_Turtles' End of Combat Step
Phase: Ai(1)-Destyn_Turtles' Main phase, postcombat
Phase: Ai(1)-Destyn_Turtles' End step
Phase: Ai(1)-Destyn_Turtles' Cleanup step
Turn: Turn 3 (Ai(2)-GGS_Orochi_only)
Phase: Ai(2)-GGS_Orochi_only's Untap step
Phase: Ai(2)-GGS_Orochi_only's Upkeep step
Phase: Ai(2)-GGS_Orochi_only's Draw step
Phase: Ai(2)-GGS_Orochi_only's Main phase, precombat
Land: Ai(2)-GGS_Orochi_only played Mountain (195)
Phase: Ai(2)-GGS_Orochi_only's Beginning of Combat Step
Phase: Ai(2)-GGS_Orochi_only's Declare Attackers Step
Phase: Ai(2)-GGS_Orochi_only's Declare Blockers Step
Phase: Ai(2)-GGS_Orochi_only's First Strike Damage Step
Phase: Ai(2)-GGS_Orochi_only's Combat Damage Step
Phase: Ai(2)-GGS_Orochi_only's End of Combat Step
Phase: Ai(2)-GGS_Orochi_only's Main phase, postcombat
Mana: Mountain (195) - {T}: Add {R}.
Add To Stack: Ai(2)-GGS_Orochi_only cast Ragavan, Nimble Pilferer
Resolve Stack: Ragavan, Nimble Pilferer - Creature 2 / 1
Phase: Ai(2)-GGS_Orochi_only's End step
Phase: Ai(2)-GGS_Orochi_only's Cleanup step
Turn: Turn 4 (Ai(3)-Jaymie_Ezio)
Phase: Ai(3)-Jaymie_Ezio's Untap step
Phase: Ai(3)-Jaymie_Ezio's Upkeep step
Phase: Ai(3)-Jaymie_Ezio's Draw step
Phase: Ai(3)-Jaymie_Ezio's Main phase, precombat
Land: Ai(3)-Jaymie_Ezio played Command Tower (234)
Phase: Ai(3)-Jaymie_Ezio's Beginning of Combat Step
Phase: Ai(3)-Jaymie_Ezio's Declare Attackers Step
Phase: Ai(3)-Jaymie_Ezio's Declare Blockers Step
Phase: Ai(3)-Jaymie_Ezio's First Strike Damage Step
Phase: Ai(3)-Jaymie_Ezio's Combat Damage Step
Phase: Ai(3)-Jaymie_Ezio's End of Combat Step
Phase: Ai(3)-Jaymie_Ezio's Main phase, postcombat
Phase: Ai(3)-Jaymie_Ezio's End step
Phase: Ai(3)-Jaymie_Ezio's Cleanup step
Turn: Turn 5 (Ai(4)-Gabe_Food)
Phase: Ai(4)-Gabe_Food's Untap step
Phase: Ai(4)-Gabe_Food's Upkeep step
Phase: Ai(4)-Gabe_Food's Draw step
Phase: Ai(4)-Gabe_Food's Main phase, precombat
Land: Ai(4)-Gabe_Food played Rogue's Passage (331)
Phase: Ai(4)-Gabe_Food's Beginning of Combat Step
Phase: Ai(4)-Gabe_Food's Declare Attackers Step
Phase: Ai(4)-Gabe_Food's Declare Blockers Step
Phase: Ai(4)-Gabe_Food's First Strike Damage Step
Phase: Ai(4)-Gabe_Food's Combat Damage Step
Phase: Ai(4)-Gabe_Food's End of Combat Step
Phase: Ai(4)-Gabe_Food's Main phase, postcombat
Phase: Ai(4)-Gabe_Food's End step
Phase: Ai(4)-Gabe_Food's Cleanup step
Turn: Turn 6 (Ai(1)-Destyn_Turtles)
Phase: Ai(1)-Destyn_Turtles' Untap step
Phase: Ai(1)-Destyn_Turtles' Upkeep step
Phase: Ai(1)-Destyn_Turtles' Draw step
Phase: Ai(1)-Destyn_Turtles' Main phase, precombat
Replacement Effect: Path of Ancestry enters tapped.
Land: Ai(1)-Destyn_Turtles played Path of Ancestry (12)
Phase: Ai(1)-Destyn_Turtles' Beginning of Combat Step
Phase: Ai(1)-Destyn_Turtles' Declare Attackers Step
Phase: Ai(1)-Destyn_Turtles' Declare Blockers Step
Phase: Ai(1)-Destyn_Turtles' First Strike Damage Step
Phase: Ai(1)-Destyn_Turtles' Combat Damage Step
Phase: Ai(1)-Destyn_Turtles' End of Combat Step
Phase: Ai(1)-Destyn_Turtles' Main phase, postcombat
Phase: Ai(1)-Destyn_Turtles' End step
Phase: Ai(1)-Destyn_Turtles' Cleanup step
Turn: Turn 7 (Ai(2)-GGS_Orochi_only)
Phase: Ai(2)-GGS_Orochi_only's Untap step
Phase: Ai(2)-GGS_Orochi_only's Upkeep step
Phase: Ai(2)-GGS_Orochi_only's Draw step
Phase: Ai(2)-GGS_Orochi_only's Main phase, precombat
Replacement Effect: Training Center enters tapped unless you have two or more opponents.
Land: Ai(2)-GGS_Orochi_only played Training Center (130)
Phase: Ai(2)-GGS_Orochi_only's Beginning of Combat Step
Phase: Ai(2)-GGS_Orochi_only's Declare Attackers Step
Combat: Ai(2)-GGS_Orochi_only assigned Ragavan, Nimble Pilferer (186) to attack Ai(1)-Destyn_Turtles.
Mana: Command Tower (234) - {T}: Add one mana of any color in your commander's color identity.
Add To Stack: Ai(3)-Jaymie_Ezio cast Swords to Plowshares targeting [Ragavan, Nimble Pilferer (186)]
Zone Change: Ragavan, Nimble Pilferer (186) was put into Exile from Battlefield.
Life: Life: Ai(2)-GGS_Orochi_only 40 > 42
Resolve Stack: Swords to Plowshares (285) - Exile Ragavan, Nimble Pilferer (186). Ai(2)-GGS_Orochi_only gains life equal to its power.
Phase: Ai(2)-GGS_Orochi_only's Declare Blockers Step
Phase: Ai(2)-GGS_Orochi_only's First Strike Damage Step
Phase: Ai(2)-GGS_Orochi_only's Combat Damage Step
Phase: Ai(2)-GGS_Orochi_only's End of Combat Step
Phase: Ai(2)-GGS_Orochi_only's Main phase, postcombat
Phase: Ai(2)-GGS_Orochi_only's End step
Phase: Ai(2)-GGS_Orochi_only's Cleanup step
Turn: Turn 8 (Ai(3)-Jaymie_Ezio)
Phase: Ai(3)-Jaymie_Ezio's Untap step
Phase: Ai(3)-Jaymie_Ezio's Upkeep step
Phase: Ai(3)-Jaymie_Ezio's Draw step
Phase: Ai(3)-Jaymie_Ezio's Main phase, precombat
Land: Ai(3)-Jaymie_Ezio played Twilight Mire (271)
Phase: Ai(3)-Jaymie_Ezio's Beginning of Combat Step
Phase: Ai(3)-Jaymie_Ezio's Declare Attackers Step
Phase: Ai(3)-Jaymie_Ezio's Declare Blockers Step
Phase: Ai(3)-Jaymie_Ezio's First Strike Damage Step
Phase: Ai(3)-Jaymie_Ezio's Combat Damage Step
Phase: Ai(3)-Jaymie_Ezio's End of Combat Step
Phase: Ai(3)-Jaymie_Ezio's Main phase, postcombat
Mana: Command Tower (234) - {T}: Add one mana of any color in your commander's color identity.
Mana: Twilight Mire (271) - {T}: Add {C}.
Add To Stack: Ai(3)-Jaymie_Ezio cast Ezio Auditore da Firenze
Resolve Stack: Ezio Auditore da Firenze - Creature 3 / 2
Phase: Ai(3)-Jaymie_Ezio's End step
Phase: Ai(3)-Jaymie_Ezio's Cleanup step
Turn: Turn 9 (Ai(4)-Gabe_Food)
Phase: Ai(4)-Gabe_Food's Untap step
Phase: Ai(4)-Gabe_Food's Upkeep step
Phase: Ai(4)-Gabe_Food's Draw step
Phase: Ai(4)-Gabe_Food's Main phase, precombat
Land: Ai(4)-Gabe_Food played Plains (392)
Phase: Ai(4)-Gabe_Food's Beginning of Combat Step
Phase: Ai(4)-Gabe_Food's Declare Attackers Step
Phase: Ai(4)-Gabe_Food's Declare Blockers Step
Phase: Ai(4)-Gabe_Food's First Strike Damage Step
Phase: Ai(4)-Gabe_Food's Combat Damage Step
Phase: Ai(4)-Gabe_Food's End of Combat Step
Phase: Ai(4)-Gabe_Food's Main phase, postcombat
Mana: Plains (392) - {T}: Add {W}.
Mana: Swamp (365) - {T}: Add {B}.
Add To Stack: Ai(4)-Gabe_Food cast Frodo, Adventurous Hobbit
Resolve Stack: Frodo, Adventurous Hobbit - Creature 1 / 3
Add To Stack: Ai(4)-Gabe_Food triggered Frodo, Adventurous Hobbit targeting [Ai(4)-Gabe_Food]
Resolve Stack: Partner with Sam, Loyal Attendant (When this creature enters, target player may put Sam into their hand from their library, then shuffle.) (Targeting: [[Ai(4)-Gabe_Food]]) [Zone Changer: Frodo, Adventurous Hobbit (402)]
Phase: Ai(4)-Gabe_Food's End step
Phase: Ai(4)-Gabe_Food's Cleanup step
Turn: Turn 10 (Ai(1)-Destyn_Turtles)
Phase: Ai(1)-Destyn_Turtles' Untap step
Phase: Ai(1)-Destyn_Turtles' Upkeep step
Phase: Ai(1)-Destyn_Turtles' Draw step
Phase: Ai(1)-Destyn_Turtles' Main phase, precombat
Replacement Effect: Hinterland Harbor enters tapped unless you control a Forest or an Island.
Land: Ai(1)-Destyn_Turtles played Hinterland Harbor (23)
Phase: Ai(1)-Destyn_Turtles' Beginning of Combat Step
Phase: Ai(1)-Destyn_Turtles' Declare Attackers Step
Phase: Ai(1)-Destyn_Turtles' Declare Blockers Step
Phase: Ai(1)-Destyn_Turtles' First Strike Damage Step
Phase: Ai(1)-Destyn_Turtles' Combat Damage Step
Phase: Ai(1)-Destyn_Turtles' End of Combat Step
Phase: Ai(1)-Destyn_Turtles' Main phase, postcombat
Mana: Hinterland Harbor (23) - {T}: Add {G} or {U}.
Mana: Sunken Hollow (24) - {T}: Add {B}.
Mana: Path of Ancestry (12) - {T}: Add one mana of any color in your commander's color identity. When that mana is spent to cast a creature spell that shares a creature type with your commander, scry 1. (Look at the top card of your library. You may put that card on the bottom.)
Add To Stack: Ai(1)-Destyn_Turtles cast Mona Lisa, Science Geek
Add To Stack: Ai(1)-Destyn_Turtles triggered Path of Ancestry
Resolve Stack: Ai(1)-Destyn_Turtles scried 1 card(s) to the bottom of the library
Resolve Stack: When mana produced by Path of Ancestry is spent to cast a creature spell that shares a creature type with your commander, scry 1. ([Mona Lisa, Science Geek - Creature 1 / 3]) [Card: Mona Lisa, Science Geek (61), Activator: Ai(1)-Destyn_Turtles, SpellAbility: Mona Lisa, Science Geek - Creature 1 / 3]
Resolve Stack: Mona Lisa, Science Geek - Creature 1 / 3
Phase: Ai(1)-Destyn_Turtles' End step
Phase: Ai(1)-Destyn_Turtles' Cleanup step
Turn: Turn 11 (Ai(2)-GGS_Orochi_only)
Phase: Ai(2)-GGS_Orochi_only's Untap step
Phase: Ai(2)-GGS_Orochi_only's Upkeep step
Phase: Ai(2)-GGS_Orochi_only's Draw step
Phase: Ai(2)-GGS_Orochi_only's Main phase, precombat
Land: Ai(2)-GGS_Orochi_only played Polluted Delta (112)
Life: Life: Ai(2)-GGS_Orochi_only 42 > 41
Zone Change: Polluted Delta (112) was put into Graveyard from Battlefield.
Add To Stack: Ai(2)-GGS_Orochi_only activated Polluted Delta
Replacement Effect: Undercity Sewers enters tapped.
Resolve Stack: Polluted Delta (112) - Ai(2)-GGS_Orochi_only searches their library for an Island or Swamp card, puts it onto the battlefield, then shuffles.
Add To Stack: Ai(2)-GGS_Orochi_only triggered Undercity Sewers
Resolve Stack: Ai(2)-GGS_Orochi_only surveiled 1 card(s) to the top of the library
Resolve Stack: When Undercity Sewers enters, surveil 1. (Look at the top card of your library. You may put it into your graveyard.) [Zone Changer: Undercity Sewers (103)]
Phase: Ai(2)-GGS_Orochi_only's Beginning of Combat Step
Phase: Ai(2)-GGS_Orochi_only's Declare Attackers Step
Phase: Ai(2)-GGS_Orochi_only's Declare Blockers Step
Phase: Ai(2)-GGS_Orochi_only's First Strike Damage Step
Phase: Ai(2)-GGS_Orochi_only's Combat Damage Step
Phase: Ai(2)-GGS_Orochi_only's End of Combat Step
Phase: Ai(2)-GGS_Orochi_only's Main phase, postcombat
Phase: Ai(2)-GGS_Orochi_only's End step
Phase: Ai(2)-GGS_Orochi_only's Cleanup step
Turn: Turn 12 (Ai(3)-Jaymie_Ezio)
Phase: Ai(3)-Jaymie_Ezio's Untap step
Phase: Ai(3)-Jaymie_Ezio's Upkeep step
Phase: Ai(3)-Jaymie_Ezio's Draw step
Phase: Ai(3)-Jaymie_Ezio's Main phase, precombat
Land: Ai(3)-Jaymie_Ezio played Kessig Wolf Run (206)
Mana: Command Tower (234) - {T}: Add one mana of any color in your commander's color identity.
Mana: Twilight Mire (271) - {T}: Add {C}.
Add To Stack: Ai(3)-Jaymie_Ezio cast Security Bypass targeting [Ezio Auditore da Firenze (302)]
Resolve Stack: Security Bypass (294) -  Attach to Ezio Auditore da Firenze (302)
Phase: Ai(3)-Jaymie_Ezio's Beginning of Combat Step
Phase: Ai(3)-Jaymie_Ezio's Declare Attackers Step
Combat: Ai(3)-Jaymie_Ezio assigned Ezio Auditore da Firenze (302) to attack Ai(1)-Destyn_Turtles.
Phase: Ai(3)-Jaymie_Ezio's Declare Blockers Step
Combat: Ai(1)-Destyn_Turtles didn't block Ezio Auditore da Firenze (302).
Phase: Ai(3)-Jaymie_Ezio's First Strike Damage Step
Phase: Ai(3)-Jaymie_Ezio's Combat Damage Step
Damage: Ezio Auditore da Firenze (302) deals 3 combat damage to Ai(1)-Destyn_Turtles.
Life: Life: Ai(1)-Destyn_Turtles 40 > 37
Add To Stack: Ai(3)-Jaymie_Ezio triggered Ezio Auditore da Firenze
Add To Stack: Ai(3)-Jaymie_Ezio triggered Ezio Auditore da Firenze
Discard: Ai(3)-Jaymie_Ezio discards Cinder Glade (220).
Resolve Stack: Whenever this creature deals combat damage to a player, it connives. [Damage Source: Ezio Auditore da Firenze (302), Damaged: Ai(1)-Destyn_Turtles, Amount: 3]
Resolve Stack: Whenever Ezio deals combat damage to a player, you may pay {W}{U}{B}{R}{G} if that player has 10 or less life. When you do, that player loses the game. [Damage Source: Ezio Auditore da Firenze (302), Damaged: Ai(1)-Destyn_Turtles, Amount: 3]
Phase: Ai(3)-Jaymie_Ezio's End of Combat Step
Phase: Ai(3)-Jaymie_Ezio's Main phase, postcombat
Phase: Ai(3)-Jaymie_Ezio's End step
Phase: Ai(3)-Jaymie_Ezio's Cleanup step
Turn: Turn 13 (Ai(4)-Gabe_Food)
Phase: Ai(4)-Gabe_Food's Untap step
Phase: Ai(4)-Gabe_Food's Upkeep step
Phase: Ai(4)-Gabe_Food's Draw step
Phase: Ai(4)-Gabe_Food's Main phase, precombat
Land: Ai(4)-Gabe_Food played Plains (391)
Phase: Ai(4)-Gabe_Food's Beginning of Combat Step
Phase: Ai(4)-Gabe_Food's Declare Attackers Step
Combat: Ai(4)-Gabe_Food assigned Frodo, Adventurous Hobbit (402) to attack Ai(3)-Jaymie_Ezio.
Phase: Ai(4)-Gabe_Food's Declare Blockers Step
Combat: Ai(3)-Jaymie_Ezio didn't block Frodo, Adventurous Hobbit (402).
Phase: Ai(4)-Gabe_Food's First Strike Damage Step
Phase: Ai(4)-Gabe_Food's Combat Damage Step
Damage: Frodo, Adventurous Hobbit (402) deals 1 combat damage to Ai(3)-Jaymie_Ezio.
Life: Life: Ai(3)-Jaymie_Ezio 40 > 39
Phase: Ai(4)-Gabe_Food's End of Combat Step
Phase: Ai(4)-Gabe_Food's Main phase, postcombat
Mana: Swamp (365) - {T}: Add {B}.
Mana: Plains (392) - {T}: Add {W}.
Mana: Plains (391) - {T}: Add {W}.
Add To Stack: Ai(4)-Gabe_Food cast Commander's Sphere
Resolve Stack: Commander's Sphere
Mana: Commander's Sphere (321) - {T}: Add one mana of any color in your commander's color identity.
Mana: Rogue's Passage (331) - {T}: Add {C}.
Add To Stack: Ai(4)-Gabe_Food cast Prize Pig
Resolve Stack: Prize Pig - Creature 0 / 3
Phase: Ai(4)-Gabe_Food's End step
Phase: Ai(4)-Gabe_Food's Cleanup step
Turn: Turn 14 (Ai(1)-Destyn_Turtles)
Phase: Ai(1)-Destyn_Turtles' Untap step
Phase: Ai(1)-Destyn_Turtles' Upkeep step
Phase: Ai(1)-Destyn_Turtles' Draw step
Phase: Ai(1)-Destyn_Turtles' Main phase, precombat
Land: Ai(1)-Destyn_Turtles played Evolving Wilds (32)
Zone Change: Evolving Wilds (32) was put into Graveyard from Battlefield.
Add To Stack: Ai(1)-Destyn_Turtles activated Evolving Wilds
Resolve Stack: Evolving Wilds (32) - Ai(1)-Destyn_Turtles searches their library for a basic land card, puts it onto the battlefield tapped, then shuffles.
Mana: Hinterland Harbor (23) - {T}: Add {G} or {U}.
Mana: Sunken Hollow (24) - {T}: Add {B}.
Mana: Path of Ancestry (12) - {T}: Add one mana of any color in your commander's color identity. When that mana is spent to cast a creature spell that shares a creature type with your commander, scry 1. (Look at the top card of your library. You may put that card on the bottom.)
Add To Stack: Ai(1)-Destyn_Turtles cast Irma, Part-Time Mutant
Add To Stack: Ai(1)-Destyn_Turtles triggered Path of Ancestry
Resolve Stack: Ai(1)-Destyn_Turtles scried 1 card(s) to the top of the library
Resolve Stack: When mana produced by Path of Ancestry is spent to cast a creature spell that shares a creature type with your commander, scry 1. ([Irma, Part-Time Mutant - Creature 1 / 1]) [Card: Irma, Part-Time Mutant (7), Activator: Ai(1)-Destyn_Turtles, SpellAbility: Irma, Part-Time Mutant - Creature 1 / 1]
Resolve Stack: Irma, Part-Time Mutant - Creature 1 / 1
Phase: Ai(1)-Destyn_Turtles' Beginning of Combat Step
Add To Stack: Ai(1)-Destyn_Turtles triggered Irma, Part-Time Mutant targeting [Mona Lisa, Science Geek (61)]
Resolve Stack: At the beginning of combat on your turn, Irma becomes a copy of up to one other target creature you control, except her name is Irma, Part-Time Mutant and she has this ability. Then put a +1/+1 counter on her. (Targeting: [[Mona Lisa, Science Geek (61)]]) [Phase: Ai(1)-Destyn_Turtles]
Phase: Ai(1)-Destyn_Turtles' Declare Attackers Step
Phase: Ai(1)-Destyn_Turtles' Declare Blockers Step
Phase: Ai(1)-Destyn_Turtles' First Strike Damage Step
Phase: Ai(1)-Destyn_Turtles' Combat Damage Step
Phase: Ai(1)-Destyn_Turtles' End of Combat Step
Phase: Ai(1)-Destyn_Turtles' Main phase, postcombat
Phase: Ai(1)-Destyn_Turtles' End step
Phase: Ai(1)-Destyn_Turtles' Cleanup step
Turn: Turn 15 (Ai(2)-GGS_Orochi_only)
Phase: Ai(2)-GGS_Orochi_only's Untap step
Phase: Ai(2)-GGS_Orochi_only's Upkeep step
Phase: Ai(2)-GGS_Orochi_only's Draw step
Phase: Ai(2)-GGS_Orochi_only's Main phase, precombat
Land: Ai(2)-GGS_Orochi_only played Otawara, Soaring City (111)
Phase: Ai(2)-GGS_Orochi_only's Beginning of Combat Step
Phase: Ai(2)-GGS_Orochi_only's Declare Attackers Step
Phase: Ai(2)-GGS_Orochi_only's Declare Blockers Step
Phase: Ai(2)-GGS_Orochi_only's First Strike Damage Step
Phase: Ai(2)-GGS_Orochi_only's Combat Damage Step
Phase: Ai(2)-GGS_Orochi_only's End of Combat Step
Phase: Ai(2)-GGS_Orochi_only's Main phase, postcombat
Mana: Undercity Sewers (103) - {T}: Add {B}.
Mana: Otawara, Soaring City (111) - {T}: Add {U}.
Mana: Mountain (195) - {T}: Add {R}.
Add To Stack: Ai(2)-GGS_Orochi_only cast Goro-Goro and Satoru
Resolve Stack: Goro-Goro and Satoru - Creature 3 / 4
Phase: Ai(2)-GGS_Orochi_only's End step
Phase: Ai(2)-GGS_Orochi_only's Cleanup step
Turn: Turn 16 (Ai(3)-Jaymie_Ezio)
Phase: Ai(3)-Jaymie_Ezio's Untap step
Phase: Ai(3)-Jaymie_Ezio's Upkeep step
Phase: Ai(3)-Jaymie_Ezio's Draw step
Phase: Ai(3)-Jaymie_Ezio's Main phase, precombat
Land: Ai(3)-Jaymie_Ezio played Mountain (289)
Phase: Ai(3)-Jaymie_Ezio's Beginning of Combat Step
Phase: Ai(3)-Jaymie_Ezio's Declare Attackers Step
Combat: Ai(3)-Jaymie_Ezio assigned Ezio Auditore da Firenze (302) to attack Ai(4)-Gabe_Food.
Phase: Ai(3)-Jaymie_Ezio's Declare Blockers Step
Combat: Ai(4)-Gabe_Food didn't block Ezio Auditore da Firenze (302).
Phase: Ai(3)-Jaymie_Ezio's First Strike Damage Step
Phase: Ai(3)-Jaymie_Ezio's Combat Damage Step
Damage: Ezio Auditore da Firenze (302) deals 3 combat damage to Ai(4)-Gabe_Food.
Life: Life: Ai(4)-Gabe_Food 40 > 37
Add To Stack: Ai(3)-Jaymie_Ezio triggered Ezio Auditore da Firenze
Add To Stack: Ai(3)-Jaymie_Ezio triggered Ezio Auditore da Firenze
Discard: Ai(3)-Jaymie_Ezio discards Thriving Grove (229).
Resolve Stack: Whenever this creature deals combat damage to a player, it connives. [Damage Source: Ezio Auditore da Firenze (302), Damaged: Ai(4)-Gabe_Food, Amount: 3]
Resolve Stack: Whenever Ezio deals combat damage to a player, you may pay {W}{U}{B}{R}{G} if that player has 10 or less life. When you do, that player loses the game. [Damage Source: Ezio Auditore da Firenze (302), Damaged: Ai(4)-Gabe_Food, Amount: 3]
Phase: Ai(3)-Jaymie_Ezio's End of Combat Step
Phase: Ai(3)-Jaymie_Ezio's Main phase, postcombat
Mana: Mountain (289) - {T}: Add {R}.
Mana: Twilight Mire (271) - {T}: Add {C}.
Mana: Command Tower (234) - {T}: Add one mana of any color in your commander's color identity.
Add To Stack: Ai(3)-Jaymie_Ezio cast Chromatic Lantern
Resolve Stack: Chromatic Lantern
Mana: Chromatic Lantern (299) - {T}: Add one mana of any color.
Mana: Kessig Wolf Run (206) - {T}: Add one mana of any color.
Add To Stack: Ai(3)-Jaymie_Ezio cast Shay Cormac
Resolve Stack: Shay Cormac - Creature 1 / 1
Phase: Ai(3)-Jaymie_Ezio's End step
Zone Change: Commander's Sphere (321) was put into Graveyard from Battlefield.
Add To Stack: Ai(4)-Gabe_Food activated Commander's Sphere
Resolve Stack: Commander's Sphere (321) - Ai(4)-Gabe_Food draws a card.
Phase: Ai(3)-Jaymie_Ezio's Cleanup step
Turn: Turn 17 (Ai(4)-Gabe_Food)
Phase: Ai(4)-Gabe_Food's Untap step
Phase: Ai(4)-Gabe_Food's Upkeep step
Phase: Ai(4)-Gabe_Food's Draw step
Phase: Ai(4)-Gabe_Food's Main phase, precombat
Land: Ai(4)-Gabe_Food played Forest (339)
Mana: Forest (339) - {T}: Add {G}.
Mana: Swamp (365) - {T}: Add {B}.
Mana: Plains (392) - {T}: Add {W}.
Mana: Plains (391) - {T}: Add {W}.
Mana: Rogue's Passage (331) - {T}: Add {C}.
Mana: Prize Pig (332) - {T}: Add one mana of any color.
Add To Stack: Ai(4)-Gabe_Food cast Great Oak Guardian
Resolve Stack: Great Oak Guardian - Creature 4 / 5
Add To Stack: Ai(4)-Gabe_Food triggered Great Oak Guardian targeting [Ai(4)-Gabe_Food]
Resolve Stack: When Great Oak Guardian enters, creatures target player controls get +2/+2 until end of turn. Untap them. (Targeting: [[Ai(4)-Gabe_Food]]) [Zone Changer: Great Oak Guardian (324)]
Phase: Ai(4)-Gabe_Food's Beginning of Combat Step
Phase: Ai(4)-Gabe_Food's Declare Attackers Step
Combat: Ai(4)-Gabe_Food assigned Frodo, Adventurous Hobbit (402) and Prize Pig (332) to attack Ai(3)-Jaymie_Ezio.
Phase: Ai(4)-Gabe_Food's Declare Blockers Step
Combat: Ai(3)-Jaymie_Ezio didn't block Frodo, Adventurous Hobbit (402).
Ai(3)-Jaymie_Ezio didn't block Prize Pig (332).
Phase: Ai(4)-Gabe_Food's First Strike Damage Step
Phase: Ai(4)-Gabe_Food's Combat Damage Step
Damage: Frodo, Adventurous Hobbit (402) deals 3 combat damage to Ai(3)-Jaymie_Ezio.
Damage: Prize Pig (332) deals 2 combat damage to Ai(3)-Jaymie_Ezio.
Life: Life: Ai(3)-Jaymie_Ezio 39 > 34
Phase: Ai(4)-Gabe_Food's End of Combat Step
Phase: Ai(4)-Gabe_Food's Main phase, postcombat
Phase: Ai(4)-Gabe_Food's End step
Phase: Ai(4)-Gabe_Food's Cleanup step
Turn: Turn 18 (Ai(1)-Destyn_Turtles)
Phase: Ai(1)-Destyn_Turtles' Untap step
Phase: Ai(1)-Destyn_Turtles' Upkeep step
Phase: Ai(1)-Destyn_Turtles' Draw step
Phase: Ai(1)-Destyn_Turtles' Main phase, precombat
Phase: Ai(1)-Destyn_Turtles' Beginning of Combat Step
Add To Stack: Ai(1)-Destyn_Turtles triggered Irma, Part-Time Mutant targeting [Mona Lisa, Science Geek (61)]
Resolve Stack: At the beginning of combat on your turn, Irma becomes a copy of up to one other target creature you control, except her name is Irma, Part-Time Mutant and she has this ability. Then put a +1/+1 counter on her. (Targeting: [[Mona Lisa, Science Geek (61)]]) [Phase: Ai(1)-Destyn_Turtles]
Phase: Ai(1)-Destyn_Turtles' Declare Attackers Step
Phase: Ai(1)-Destyn_Turtles' Declare Blockers Step
Phase: Ai(1)-Destyn_Turtles' First Strike Damage Step
Phase: Ai(1)-Destyn_Turtles' Combat Damage Step
Phase: Ai(1)-Destyn_Turtles' End of Combat Step
Phase: Ai(1)-Destyn_Turtles' Main phase, postcombat
Mana: Hinterland Harbor (23) - {T}: Add {G} or {U}.
Mana: Plains (87) - {T}: Add {W}.
Mana: Sunken Hollow (24) - {T}: Add {B}.
Mana: Path of Ancestry (12) - {T}: Add one mana of any color in your commander's color identity. When that mana is spent to cast a creature spell that shares a creature type with your commander, scry 1. (Look at the top card of your library. You may put that card on the bottom.)
Mana: Mona Lisa, Science Geek (61) - {T}: Add X mana of any one color, where X is Mona Lisa's power.
Add To Stack: Ai(1)-Destyn_Turtles cast Krang, the All-Powerful
Resolve Stack: Krang, the All-Powerful - Creature 3 / 3
Mana: Irma, Part-Time Mutant (7) - {T}: Add X mana of any one color, where X is Irma's power.
Add To Stack: Ai(1)-Destyn_Turtles cast Michelangelo, the Heart
Resolve Stack: Michelangelo, the Heart - Creature 2 / 1
Phase: Ai(1)-Destyn_Turtles' End step
Phase: Ai(1)-Destyn_Turtles' Cleanup step
Turn: Turn 19 (Ai(2)-GGS_Orochi_only)
Phase: Ai(2)-GGS_Orochi_only's Untap step
Phase: Ai(2)-GGS_Orochi_only's Upkeep step
Phase: Ai(2)-GGS_Orochi_only's Draw step
Phase: Ai(2)-GGS_Orochi_only's Main phase, precombat
Mana: Mountain (195) - {T}: Add {R}.
Mana: Otawara, Soaring City (111) - {T}: Add {U}.
Add To Stack: Ai(2)-GGS_Orochi_only cast Loyal Apprentice
Resolve Stack: Loyal Apprentice - Creature 2 / 1
Phase: Ai(2)-GGS_Orochi_only's Beginning of Combat Step
Add To Stack: Ai(2)-GGS_Orochi_only triggered Loyal Apprentice
Resolve Stack: Lieutenant — At the beginning of combat on your turn, if you control your commander, create a 1/1 colorless Thopter artifact creature token with flying. That token gains haste until end of turn. [Phase: Ai(2)-GGS_Orochi_only]
Phase: Ai(2)-GGS_Orochi_only's Declare Attackers Step
Combat: Ai(2)-GGS_Orochi_only assigned Thopter Token (407) to attack Ai(1)-Destyn_Turtles.
Phase: Ai(2)-GGS_Orochi_only's Declare Blockers Step
Combat: Ai(1)-Destyn_Turtles didn't block Thopter Token (407).
Mana: Undercity Sewers (103) - {T}: Add {B}.
Mana: Training Center (130) - {T}: Add {U} or {R}.
Add To Stack: Ai(2)-GGS_Orochi_only activated Yuriko, the Tiger's Shadow
Resolve Stack: Yuriko, the Tiger's Shadow (199) - Ai(2)-GGS_Orochi_only puts Yuriko, the Tiger's Shadow (199) from their hand onto the battlefield tapped and attacking.
Phase: Ai(2)-GGS_Orochi_only's First Strike Damage Step
Phase: Ai(2)-GGS_Orochi_only's Combat Damage Step
Damage: Yuriko, the Tiger's Shadow (199) deals 1 combat damage to Ai(1)-Destyn_Turtles.
Life: Life: Ai(1)-Destyn_Turtles 37 > 36
Add To Stack: Ai(2)-GGS_Orochi_only triggered Yuriko, the Tiger's Shadow
Add To Stack: Ai(2)-GGS_Orochi_only triggered Goro-Goro and Satoru
Resolve Stack: Whenever one or more creatures you control that entered this turn deal combat damage to a player, create a 5/5 red Dragon Spirit creature token with flying. [Damaged: Ai(1)-Destyn_Turtles, Amount: 1]
Life: Life: Ai(3)-Jaymie_Ezio 34 > 31
Life: Life: Ai(4)-Gabe_Food 37 > 34
Life: Life: Ai(1)-Destyn_Turtles 36 > 33
Resolve Stack: Whenever a Ninja you control deals combat damage to a player, reveal the top card of your library and put that card into your hand. Each opponent loses life equal to that card's mana value. [Damage Source: Yuriko, the Tiger's Shadow (199), Damaged: Ai(1)-Destyn_Turtles, Amount: 1]
Phase: Ai(2)-GGS_Orochi_only's End of Combat Step
Phase: Ai(2)-GGS_Orochi_only's Main phase, postcombat
Phase: Ai(2)-GGS_Orochi_only's End step
Phase: Ai(2)-GGS_Orochi_only's Cleanup step
Turn: Turn 20 (Ai(3)-Jaymie_Ezio)
Phase: Ai(3)-Jaymie_Ezio's Untap step
Phase: Ai(3)-Jaymie_Ezio's Upkeep step
Phase: Ai(3)-Jaymie_Ezio's Draw step
Phase: Ai(3)-Jaymie_Ezio's Main phase, precombat
Replacement Effect: Smoldering Marsh enters tapped unless you control two or more basic lands.
Land: Ai(3)-Jaymie_Ezio played Smoldering Marsh (273)
Mana: Chromatic Lantern (299) - {T}: Add one mana of any color.
Add To Stack: Ai(3)-Jaymie_Ezio cast Vorpal Sword
Resolve Stack: Vorpal Sword
Mana: Mountain (289) - {T}: Add one mana of any color.
Mana: Command Tower (234) - {T}: Add one mana of any color in your commander's color identity.
Add To Stack: Ai(3)-Jaymie_Ezio activated Vorpal Sword targeting [Ezio Auditore da Firenze (302)]
Resolve Stack: Vorpal Sword (212) -  Attach to Ezio Auditore da Firenze (302)
Phase: Ai(3)-Jaymie_Ezio's Beginning of Combat Step
Phase: Ai(3)-Jaymie_Ezio's Declare Attackers Step
Phase: Ai(3)-Jaymie_Ezio's Declare Blockers Step
Phase: Ai(3)-Jaymie_Ezio's First Strike Damage Step
Phase: Ai(3)-Jaymie_Ezio's Combat Damage Step
Phase: Ai(3)-Jaymie_Ezio's End of Combat Step
Phase: Ai(3)-Jaymie_Ezio's Main phase, postcombat
Mana: Twilight Mire (271) - {T}: Add one mana of any color.
Mana: Kessig Wolf Run (206) - {T}: Add one mana of any color.
Add To Stack: Ai(3)-Jaymie_Ezio cast Vraska Joins Up
Resolve Stack: Vraska Joins Up
Add To Stack: Ai(3)-Jaymie_Ezio triggered Vraska Joins Up
Resolve Stack: When Vraska Joins Up enters, put a deathtouch counter on each creature you control. [Zone Changer: Vraska Joins Up (213)]
Phase: Ai(3)-Jaymie_Ezio's End step
Phase: Ai(3)-Jaymie_Ezio's Cleanup step
Turn: Turn 21 (Ai(4)-Gabe_Food)
Phase: Ai(4)-Gabe_Food's Untap step
Phase: Ai(4)-Gabe_Food's Upkeep step
Phase: Ai(4)-Gabe_Food's Draw step
Phase: Ai(4)-Gabe_Food's Main phase, precombat
Land: Ai(4)-Gabe_Food played Swamp (364)
Mana: Plains (392) - {T}: Add {W}.
Mana: Plains (391) - {T}: Add {W}.
Mana: Forest (339) - {T}: Add {G}.
Mana: Swamp (365) - {T}: Add {B}.
Add To Stack: Ai(4)-Gabe_Food cast Dusk
Zone Change: Great Oak Guardian (324) was put into Graveyard from Battlefield.
Zone Change: Irma, Part-Time Mutant (7) was put into Graveyard from Battlefield.
Zone Change: Krang, the All-Powerful (22) was put into Graveyard from Battlefield.
Zone Change: Goro-Goro and Satoru (201) was put into Graveyard from Battlefield.
Zone Change: Dragon Spirit Token (410) was put into Graveyard from Battlefield.
Zone Change: Ezio Auditore da Firenze (302) was put into Graveyard from Battlefield.
Resolve Stack: Dusk (315) - Destroy all creatures with power 3 or greater.
Zone Change: Security Bypass (294) was put into Graveyard from Battlefield.
Mana: Prize Pig (332) - {T}: Add one mana of any color.
Mana: Swamp (364) - {T}: Add {B}.
Add To Stack: Ai(4)-Gabe_Food cast Pippin, Warden of Isengard
Resolve Stack: Pippin, Warden of Isengard - Creature 2 / 2
Add To Stack: Ai(4)-Gabe_Food triggered Pippin, Warden of Isengard targeting [Ai(4)-Gabe_Food]
Resolve Stack: Partner with Merry, Warden of Isengard (When this creature enters, target player may put Merry into their hand from their library, then shuffle.) (Targeting: [[Ai(4)-Gabe_Food]]) [Zone Changer: Pippin, Warden of Isengard (343)]
Phase: Ai(4)-Gabe_Food's Beginning of Combat Step
Phase: Ai(4)-Gabe_Food's Declare Attackers Step
Phase: Ai(4)-Gabe_Food's Declare Blockers Step
Phase: Ai(4)-Gabe_Food's First Strike Damage Step
Phase: Ai(4)-Gabe_Food's Combat Damage Step
Phase: Ai(4)-Gabe_Food's End of Combat Step
Phase: Ai(4)-Gabe_Food's Main phase, postcombat
Phase: Ai(4)-Gabe_Food's End step
Phase: Ai(4)-Gabe_Food's Cleanup step
Turn: Turn 22 (Ai(1)-Destyn_Turtles)
Phase: Ai(1)-Destyn_Turtles' Untap step
Phase: Ai(1)-Destyn_Turtles' Upkeep step
Phase: Ai(1)-Destyn_Turtles' Draw step
Phase: Ai(1)-Destyn_Turtles' Main phase, precombat
Phase: Ai(1)-Destyn_Turtles' Beginning of Combat Step
Phase: Ai(1)-Destyn_Turtles' Declare Attackers Step
Phase: Ai(1)-Destyn_Turtles' Declare Blockers Step
Phase: Ai(1)-Destyn_Turtles' First Strike Damage Step
Phase: Ai(1)-Destyn_Turtles' Combat Damage Step
Phase: Ai(1)-Destyn_Turtles' End of Combat Step
Phase: Ai(1)-Destyn_Turtles' Main phase, postcombat
Mana: Plains (87) - {T}: Add {W}.
Mana: Hinterland Harbor (23) - {T}: Add {G} or {U}.
Mana: Sunken Hollow (24) - {T}: Add {B}.
Mana: Path of Ancestry (12) - {T}: Add one mana of any color in your commander's color identity. When that mana is spent to cast a creature spell that shares a creature type with your commander, scry 1. (Look at the top card of your library. You may put that card on the bottom.)
Mana: Mona Lisa, Science Geek (61) - {T}: Add X mana of any one color, where X is Mona Lisa's power.
Add To Stack: Ai(1)-Destyn_Turtles cast Mole Module
Resolve Stack: Mole Module
Phase: Ai(1)-Destyn_Turtles' End step
Phase: Ai(1)-Destyn_Turtles' Cleanup step
Turn: Turn 23 (Ai(2)-GGS_Orochi_only)
Phase: Ai(2)-GGS_Orochi_only's Untap step
Phase: Ai(2)-GGS_Orochi_only's Upkeep step
Phase: Ai(2)-GGS_Orochi_only's Draw step
Phase: Ai(2)-GGS_Orochi_only's Main phase, precombat
Phase: Ai(2)-GGS_Orochi_only's Beginning of Combat Step
Phase: Ai(2)-GGS_Orochi_only's Declare Attackers Step
Phase: Ai(2)-GGS_Orochi_only's Declare Blockers Step
Phase: Ai(2)-GGS_Orochi_only's First Strike Damage Step
Phase: Ai(2)-GGS_Orochi_only's Combat Damage Step
Phase: Ai(2)-GGS_Orochi_only's End of Combat Step
Phase: Ai(2)-GGS_Orochi_only's Main phase, postcombat
Mana: Mountain (195) - {T}: Add {R}.
Mana: Otawara, Soaring City (111) - {T}: Add {U}.
Mana: Training Center (130) - {T}: Add {U} or {R}.
Add To Stack: Ai(2)-GGS_Orochi_only cast Aggravated Assault
Resolve Stack: Aggravated Assault
Phase: Ai(2)-GGS_Orochi_only's End step
Phase: Ai(2)-GGS_Orochi_only's Cleanup step
Turn: Turn 24 (Ai(3)-Jaymie_Ezio)
Phase: Ai(3)-Jaymie_Ezio's Untap step
Phase: Ai(3)-Jaymie_Ezio's Upkeep step
Phase: Ai(3)-Jaymie_Ezio's Draw step
Phase: Ai(3)-Jaymie_Ezio's Main phase, precombat
Mana: Chromatic Lantern (299) - {T}: Add one mana of any color.
Mana: Mountain (289) - {T}: Add {R}.
Mana: Smoldering Marsh (273) - {T}: Add {R}.
Add To Stack: Ai(3)-Jaymie_Ezio cast 
Resolve Stack: Disguise - Creature 2/2
Mana: Command Tower (234) - {T}: Add one mana of any color in your commander's color identity.
Mana: Twilight Mire (271) - {T}: Add one mana of any color.
Resolve Stack: Ai(3)-Jaymie_Ezio has undisguised Arno Dorian
Phase: Ai(3)-Jaymie_Ezio's Beginning of Combat Step
Phase: Ai(3)-Jaymie_Ezio's Declare Attackers Step
Phase: Ai(3)-Jaymie_Ezio's Declare Blockers Step
Phase: Ai(3)-Jaymie_Ezio's First Strike Damage Step
Phase: Ai(3)-Jaymie_Ezio's Combat Damage Step
Phase: Ai(3)-Jaymie_Ezio's End of Combat Step
Phase: Ai(3)-Jaymie_Ezio's Main phase, postcombat
Phase: Ai(3)-Jaymie_Ezio's End step
Phase: Ai(3)-Jaymie_Ezio's Cleanup step
Turn: Turn 25 (Ai(4)-Gabe_Food)
Phase: Ai(4)-Gabe_Food's Untap step
Phase: Ai(4)-Gabe_Food's Upkeep step
Phase: Ai(4)-Gabe_Food's Draw step
Phase: Ai(4)-Gabe_Food's Main phase, precombat
Mana: Forest (339) - {T}: Add {G}.
Mana: Swamp (365) - {T}: Add {B}.
Mana: Swamp (364) - {T}: Add {B}.
Mana: Plains (392) - {T}: Add {W}.
Mana: Plains (391) - {T}: Add {W}.
Add To Stack: Ai(4)-Gabe_Food cast Motivated Pony
Resolve Stack: Motivated Pony - Creature 3 / 3
Phase: Ai(4)-Gabe_Food's Beginning of Combat Step
Phase: Ai(4)-Gabe_Food's Declare Attackers Step
Combat: Ai(4)-Gabe_Food assigned Motivated Pony (377) to attack Ai(3)-Jaymie_Ezio.
Add To Stack: Ai(4)-Gabe_Food triggered Motivated Pony
Resolve Stack: Whenever Motivated Pony attacks, attacking creatures get +1/+1 until end of turn. If a Food entered under your control this turn, untap those creatures and they get an additional +2/+2 until end of turn. [Attacker: Motivated Pony (377)]
Phase: Ai(4)-Gabe_Food's Declare Blockers Step
Combat: Ai(3)-Jaymie_Ezio assigned Shay Cormac (274) to block Motivated Pony (377).
Phase: Ai(4)-Gabe_Food's First Strike Damage Step
Phase: Ai(4)-Gabe_Food's Combat Damage Step
Damage: Motivated Pony (377) deals 3 combat damage to Ai(3)-Jaymie_Ezio.
Damage: Motivated Pony (377) deals 1 damage to Shay Cormac (274).
Damage: Shay Cormac (274) deals 1 damage (Deathtouch) to Motivated Pony (377).
Life: Life: Ai(3)-Jaymie_Ezio 31 > 28
Zone Change: Motivated Pony (377) was put into Graveyard from Battlefield.
Zone Change: Shay Cormac (274) was put into Graveyard from Battlefield.
Phase: Ai(4)-Gabe_Food's End of Combat Step
Phase: Ai(4)-Gabe_Food's Main phase, postcombat
Phase: Ai(4)-Gabe_Food's End step
Phase: Ai(4)-Gabe_Food's Cleanup step
Turn: Turn 26 (Ai(1)-Destyn_Turtles)
Phase: Ai(1)-Destyn_Turtles' Untap step
Phase: Ai(1)-Destyn_Turtles' Upkeep step
Phase: Ai(1)-Destyn_Turtles' Draw step
Phase: Ai(1)-Destyn_Turtles' Main phase, precombat
Phase: Ai(1)-Destyn_Turtles' Beginning of Combat Step
Add To Stack: Ai(1)-Destyn_Turtles activated Mole Module
Resolve Stack: Mole Module (64) - Mole Module (64) becomes an artifact creature until end of turn.
Phase: Ai(1)-Destyn_Turtles' Declare Attackers Step
Combat: Ai(1)-Destyn_Turtles assigned Mole Module (64) to attack Ai(4)-Gabe_Food.
Mana: Rogue's Passage (331) - {T}: Add {C}.
Add To Stack: Ai(4)-Gabe_Food activated Pippin, Warden of Isengard
Resolve Stack: Pippin, Warden of Isengard (343) - Ai(4)-Gabe_Food creates a Food Token.
Phase: Ai(1)-Destyn_Turtles' Declare Blockers Step
Combat: Ai(4)-Gabe_Food didn't block Mole Module (64).
Phase: Ai(1)-Destyn_Turtles' First Strike Damage Step
Phase: Ai(1)-Destyn_Turtles' Combat Damage Step
Damage: Mole Module (64) deals 6 combat damage to Ai(4)-Gabe_Food.
Life: Life: Ai(4)-Gabe_Food 34 > 28
Add To Stack: Ai(1)-Destyn_Turtles triggered Mole Module
Zone Change: Ai(1)-Destyn_Turtles milled Assassin's Trophy (42), Voracious Hydra (20), Corpsejack Menace (50) and Heroes in a Half Shell (72).
Resolve Stack: Whenever this Vehicle deals combat damage to a player, mill four cards. You may put a permanent card from among them onto the battlefield. [Damage Source: Mole Module (64), Damaged: Ai(4)-Gabe_Food, Amount: 6]
Phase: Ai(1)-Destyn_Turtles' End of Combat Step
Phase: Ai(1)-Destyn_Turtles' Main phase, postcombat
Add To Stack: Ai(1)-Destyn_Turtles triggered Michelangelo, the Heart targeting [Heroes in a Half Shell (72)]
Resolve Stack: Raid (the Fridge) — At the beginning of your second main phase, if you attacked this turn, put a +1/+1 counter on target creature and create a Food token. (Targeting: [[Heroes in a Half Shell (72)]]) [Phase: Ai(1)-Destyn_Turtles]
Mana: Path of Ancestry (12) - {T}: Add one mana of any color in your commander's color identity. When that mana is spent to cast a creature spell that shares a creature type with your commander, scry 1. (Look at the top card of your library. You may put that card on the bottom.)
Mana: Plains (87) - {T}: Add {W}.
Mana: Hinterland Harbor (23) - {T}: Add {G} or {U}.
Mana: Sunken Hollow (24) - {T}: Add {B}.
Mana: Mona Lisa, Science Geek (61) - {T}: Add X mana of any one color, where X is Mona Lisa's power.
Add To Stack: Ai(1)-Destyn_Turtles cast Raphael, the Muscle
Add To Stack: Ai(1)-Destyn_Turtles triggered Path of Ancestry
Resolve Stack: Ai(1)-Destyn_Turtles scried 1 card(s) to the top of the library
Resolve Stack: When mana produced by Path of Ancestry is spent to cast a creature spell that shares a creature type with your commander, scry 1. ([Raphael, the Muscle - Creature 4 / 4]) [Card: Raphael, the Muscle (75), Activator: Ai(1)-Destyn_Turtles, SpellAbility: Raphael, the Muscle - Creature 4 / 4]
Resolve Stack: Raphael, the Muscle - Creature 4 / 4
Add To Stack: Ai(1)-Destyn_Turtles triggered Raphael, the Muscle
Resolve Stack: When Raphael enters, create a Mutagen token. [Zone Changer: Raphael, the Muscle (75)]
Phase: Ai(1)-Destyn_Turtles' End step
Phase: Ai(1)-Destyn_Turtles' Cleanup step
Turn: Turn 27 (Ai(2)-GGS_Orochi_only)
Phase: Ai(2)-GGS_Orochi_only's Untap step
Phase: Ai(2)-GGS_Orochi_only's Upkeep step
Phase: Ai(2)-GGS_Orochi_only's Draw step
Phase: Ai(2)-GGS_Orochi_only's Main phase, precombat
Land: Ai(2)-GGS_Orochi_only played Scalding Tarn (154)
Life: Life: Ai(2)-GGS_Orochi_only 41 > 40
Zone Change: Scalding Tarn (154) was put into Graveyard from Battlefield.
Add To Stack: Ai(2)-GGS_Orochi_only activated Scalding Tarn
Replacement Effect: As Watery Grave enters, you may pay 2 life. If you don't, it enters tapped.
Resolve Stack: Scalding Tarn (154) - Ai(2)-GGS_Orochi_only searches their library for an Island or Mountain card, puts it onto the battlefield, then shuffles.
Phase: Ai(2)-GGS_Orochi_only's Beginning of Combat Step
Phase: Ai(2)-GGS_Orochi_only's Declare Attackers Step
Phase: Ai(2)-GGS_Orochi_only's Declare Blockers Step
Phase: Ai(2)-GGS_Orochi_only's First Strike Damage Step
Phase: Ai(2)-GGS_Orochi_only's Combat Damage Step
Phase: Ai(2)-GGS_Orochi_only's End of Combat Step
Phase: Ai(2)-GGS_Orochi_only's Main phase, postcombat
Mana: Mountain (195) - {T}: Add {R}.
Mana: Otawara, Soaring City (111) - {T}: Add {U}.
Add To Stack: Ai(2)-GGS_Orochi_only cast Fellwar Stone
Resolve Stack: Fellwar Stone
Phase: Ai(2)-GGS_Orochi_only's End step
Phase: Ai(2)-GGS_Orochi_only's Cleanup step
Turn: Turn 28 (Ai(3)-Jaymie_Ezio)
Phase: Ai(3)-Jaymie_Ezio's Untap step
Phase: Ai(3)-Jaymie_Ezio's Upkeep step
Phase: Ai(3)-Jaymie_Ezio's Draw step
Phase: Ai(3)-Jaymie_Ezio's Main phase, precombat
Phase: Ai(3)-Jaymie_Ezio's Beginning of Combat Step
Phase: Ai(3)-Jaymie_Ezio's Declare Attackers Step
Phase: Ai(3)-Jaymie_Ezio's Declare Blockers Step
Phase: Ai(3)-Jaymie_Ezio's First Strike Damage Step
Phase: Ai(3)-Jaymie_Ezio's Combat Damage Step
Phase: Ai(3)-Jaymie_Ezio's End of Combat Step
Phase: Ai(3)-Jaymie_Ezio's Main phase, postcombat
Mana: Chromatic Lantern (299) - {T}: Add one mana of any color.
Mana: Mountain (289) - {T}: Add {R}.
Mana: Smoldering Marsh (273) - {T}: Add {R}.
Mana: Command Tower (234) - {T}: Add one mana of any color.
Add To Stack: Ai(3)-Jaymie_Ezio cast Ezio Auditore da Firenze
Mana: Fellwar Stone (193) - {T}: Add one mana of any color that a land an opponent controls could produce.
Mana: Training Center (130) - {T}: Add {U} or {R}.
Add To Stack: Ai(2)-GGS_Orochi_only cast Mana Drain targeting [Ezio Auditore da Firenze - Creature 3 / 2]
Zone Change: Send countered spell to Graveyard
Resolve Stack: Mana Drain (152) - Counter Ezio Auditore da Firenze (302). At the beginning of your next main phase, add an amount of {C} equal to that spell's mana value. 
Mana: Twilight Mire (271) - {T}: Add one mana of any color.
Mana: Kessig Wolf Run (206) - {T}: Add {C}.
Add To Stack: Ai(3)-Jaymie_Ezio cast Haystack
Resolve Stack: Haystack
Phase: Ai(3)-Jaymie_Ezio's End step
Phase: Ai(3)-Jaymie_Ezio's Cleanup step
Turn: Turn 29 (Ai(4)-Gabe_Food)
Phase: Ai(4)-Gabe_Food's Untap step
Phase: Ai(4)-Gabe_Food's Upkeep step
Phase: Ai(4)-Gabe_Food's Draw step
Mana: Swamp (365) - {T}: Add {B}.
Mana: Swamp (364) - {T}: Add {B}.
Add To Stack: Ai(4)-Gabe_Food cast Go for the Throat targeting [Heroes in a Half Shell (72)]
Zone Change: Heroes in a Half Shell (72) was put into Graveyard from Battlefield.
Resolve Stack: Go for the Throat (305) - Destroy Heroes in a Half Shell (72).
Phase: Ai(4)-Gabe_Food's Main phase, precombat
Mana: Forest (339) - {T}: Add {G}.
Mana: Plains (392) - {T}: Add {W}.
Mana: Plains (391) - {T}: Add {W}.
Add To Stack: Ai(4)-Gabe_Food cast Sam, Loyal Attendant
Resolve Stack: Sam, Loyal Attendant - Creature 2 / 4
Add To Stack: Ai(4)-Gabe_Food triggered Sam, Loyal Attendant targeting [Ai(4)-Gabe_Food]
Resolve Stack: Partner with Frodo, Adventurous Hobbit (When this creature enters, target player may put Frodo into their hand from their library, then shuffle.) (Targeting: [[Ai(4)-Gabe_Food]]) [Zone Changer: Sam, Loyal Attendant (404)]
Phase: Ai(4)-Gabe_Food's Beginning of Combat Step
Add To Stack: Ai(4)-Gabe_Food triggered Sam, Loyal Attendant
Resolve Stack: At the beginning of combat on your turn, create a Food token. (It's an artifact with "{2}, {T}, Sacrifice this token: You gain 3 life.") [Phase: Ai(4)-Gabe_Food]
Phase: Ai(4)-Gabe_Food's Declare Attackers Step
Phase: Ai(4)-Gabe_Food's Declare Blockers Step
Phase: Ai(4)-Gabe_Food's First Strike Damage Step
Phase: Ai(4)-Gabe_Food's Combat Damage Step
Phase: Ai(4)-Gabe_Food's End of Combat Step
Phase: Ai(4)-Gabe_Food's Main phase, postcombat
Phase: Ai(4)-Gabe_Food's End step
Phase: Ai(4)-Gabe_Food's Cleanup step
Turn: Turn 30 (Ai(1)-Destyn_Turtles)
Phase: Ai(1)-Destyn_Turtles' Untap step
Phase: Ai(1)-Destyn_Turtles' Upkeep step
Phase: Ai(1)-Destyn_Turtles' Draw step
Phase: Ai(1)-Destyn_Turtles' Main phase, precombat
Phase: Ai(1)-Destyn_Turtles' Beginning of Combat Step
Add To Stack: Ai(1)-Destyn_Turtles activated Mole Module
Resolve Stack: Mole Module (64) - Mole Module (64) becomes an artifact creature until end of turn.
Phase: Ai(1)-Destyn_Turtles' Declare Attackers Step
Combat: Ai(1)-Destyn_Turtles assigned Mole Module (64) and Raphael, the Muscle (75) to attack Ai(4)-Gabe_Food.
Mana: Rogue's Passage (331) - {T}: Add {C}.
Add To Stack: Ai(4)-Gabe_Food activated Pippin, Warden of Isengard
Resolve Stack: Pippin, Warden of Isengard (343) - Ai(4)-Gabe_Food creates a Food Token.
Phase: Ai(1)-Destyn_Turtles' Declare Blockers Step
Combat: Ai(4)-Gabe_Food didn't block Mole Module (64).
Ai(4)-Gabe_Food didn't block Raphael, the Muscle (75).
Phase: Ai(1)-Destyn_Turtles' First Strike Damage Step
Phase: Ai(1)-Destyn_Turtles' Combat Damage Step
Damage: Mole Module (64) deals 6 combat damage to Ai(4)-Gabe_Food.
Damage: Raphael, the Muscle (75) deals 4 combat damage to Ai(4)-Gabe_Food.
Life: Life: Ai(4)-Gabe_Food 28 > 18
Add To Stack: Ai(1)-Destyn_Turtles triggered Mole Module
Zone Change: Ai(1)-Destyn_Turtles milled Forest (37), Rain-Slicked Copse (57), Big Apple, 3 a.m. (71) and Thriving Isle (52).
Replacement Effect: This land enters tapped.
Replacement Effect: As this land enters, choose a color.
Resolve Stack: Whenever this Vehicle deals combat damage to a player, mill four cards. You may put a permanent card from among them onto the battlefield. [Damage Source: Mole Module (64), Damaged: Ai(4)-Gabe_Food, Amount: 6]
Phase: Ai(1)-Destyn_Turtles' End of Combat Step
Phase: Ai(1)-Destyn_Turtles' Main phase, postcombat
Add To Stack: Ai(1)-Destyn_Turtles triggered Michelangelo, the Heart targeting [Mole Module (64)]
Resolve Stack: Raid (the Fridge) — At the beginning of your second main phase, if you attacked this turn, put a +1/+1 counter on target creature and create a Food token. (Targeting: [[Mole Module (64)]]) [Phase: Ai(1)-Destyn_Turtles]
Mana: Plains (87) - {T}: Add {W}.
Mana: Hinterland Harbor (23) - {T}: Add {G} or {U}.
Mana: Sunken Hollow (24) - {T}: Add {B}.
Mana: Path of Ancestry (12) - {T}: Add one mana of any color in your commander's color identity. When that mana is spent to cast a creature spell that shares a creature type with your commander, scry 1. (Look at the top card of your library. You may put that card on the bottom.)
Add To Stack: Ai(1)-Destyn_Turtles cast Leonardo, the Balance
Add To Stack: Ai(1)-Destyn_Turtles triggered Path of Ancestry
Resolve Stack: Ai(1)-Destyn_Turtles scried 1 card(s) to the top of the library
Resolve Stack: When mana produced by Path of Ancestry is spent to cast a creature spell that shares a creature type with your commander, scry 1. ([Leonardo, the Balance - Creature 3 / 3]) [Card: Leonardo, the Balance (101), Activator: Ai(1)-Destyn_Turtles, SpellAbility: Leonardo, the Balance - Creature 3 / 3]
Resolve Stack: Leonardo, the Balance - Creature 3 / 3
Mana: Mona Lisa, Science Geek (61) - {T}: Add X mana of any one color, where X is Mona Lisa's power.
Add To Stack: Ai(1)-Destyn_Turtles cast Sol Ring
Resolve Stack: Sol Ring
Phase: Ai(1)-Destyn_Turtles' End step
Phase: Ai(1)-Destyn_Turtles' Cleanup step
Turn: Turn 31 (Ai(2)-GGS_Orochi_only)
Phase: Ai(2)-GGS_Orochi_only's Untap step
Phase: Ai(2)-GGS_Orochi_only's Upkeep step
Phase: Ai(2)-GGS_Orochi_only's Draw step
Phase: Ai(2)-GGS_Orochi_only's Main phase, precombat
Add To Stack: Ai(2)-GGS_Orochi_only triggered Mana Drain
Resolve Stack: At the beginning of your next main phase, add an amount of {C} equal to that spell's mana value. ([2]) [Phase: Ai(2)-GGS_Orochi_only]
Phase: Ai(2)-GGS_Orochi_only's Beginning of Combat Step
Phase: Ai(2)-GGS_Orochi_only's Declare Attackers Step
Phase: Ai(2)-GGS_Orochi_only's Declare Blockers Step
Phase: Ai(2)-GGS_Orochi_only's First Strike Damage Step
Phase: Ai(2)-GGS_Orochi_only's Combat Damage Step
Phase: Ai(2)-GGS_Orochi_only's End of Combat Step
Phase: Ai(2)-GGS_Orochi_only's Main phase, postcombat
Mana: Mountain (195) - {T}: Add {R}.
Mana: Otawara, Soaring City (111) - {T}: Add {U}.
Mana: Fellwar Stone (193) - {T}: Add one mana of any color that a land an opponent controls could produce.
Mana: Training Center (130) - {T}: Add {U} or {R}.
Mana: Undercity Sewers (103) - {T}: Add {B}.
Add To Stack: Ai(2)-GGS_Orochi_only cast Karlach, Fury of Avernus
Resolve Stack: Karlach, Fury of Avernus - Creature 5 / 4
Phase: Ai(2)-GGS_Orochi_only's End step
Phase: Ai(2)-GGS_Orochi_only's Cleanup step
Turn: Turn 32 (Ai(3)-Jaymie_Ezio)
Phase: Ai(3)-Jaymie_Ezio's Untap step
Phase: Ai(3)-Jaymie_Ezio's Upkeep step
Phase: Ai(3)-Jaymie_Ezio's Draw step
Phase: Ai(3)-Jaymie_Ezio's Main phase, precombat
Phase: Ai(3)-Jaymie_Ezio's Beginning of Combat Step
Phase: Ai(3)-Jaymie_Ezio's Declare Attackers Step
Phase: Ai(3)-Jaymie_Ezio's Declare Blockers Step
Phase: Ai(3)-Jaymie_Ezio's First Strike Damage Step
Phase: Ai(3)-Jaymie_Ezio's Combat Damage Step
Phase: Ai(3)-Jaymie_Ezio's End of Combat Step
Phase: Ai(3)-Jaymie_Ezio's Main phase, postcombat
Mana: Chromatic Lantern (299) - {T}: Add one mana of any color.
Mana: Mountain (289) - {T}: Add {R}.
Mana: Smoldering Marsh (273) - {T}: Add {R}.
Mana: Command Tower (234) - {T}: Add one mana of any color.
Mana: Twilight Mire (271) - {T}: Add {C}.
Mana: Kessig Wolf Run (206) - {T}: Add {C}.
Add To Stack: Ai(3)-Jaymie_Ezio cast Ezio Auditore da Firenze
Resolve Stack: Ezio Auditore da Firenze - Creature 3 / 2
Phase: Ai(3)-Jaymie_Ezio's End step
Phase: Ai(3)-Jaymie_Ezio's Cleanup step
Turn: Turn 33 (Ai(4)-Gabe_Food)
Phase: Ai(4)-Gabe_Food's Untap step
Phase: Ai(4)-Gabe_Food's Upkeep step
Phase: Ai(4)-Gabe_Food's Draw step
Phase: Ai(4)-Gabe_Food's Main phase, precombat
Mana: Swamp (365) - {T}: Add {B}.
Mana: Swamp (364) - {T}: Add {B}.
Mana: Forest (339) - {T}: Add {G}.
Mana: Plains (392) - {T}: Add {W}.
Add To Stack: Ai(4)-Gabe_Food activated Rogue's Passage targeting [Sam, Loyal Attendant (404)]
Resolve Stack: Rogue's Passage (331) - Sam, Loyal Attendant (404) can't be blocked this turn.
Phase: Ai(4)-Gabe_Food's Beginning of Combat Step
Add To Stack: Ai(4)-Gabe_Food triggered Sam, Loyal Attendant
Resolve Stack: At the beginning of combat on your turn, create a Food token. (It's an artifact with "{2}, {T}, Sacrifice this token: You gain 3 life.") [Phase: Ai(4)-Gabe_Food]
Phase: Ai(4)-Gabe_Food's Declare Attackers Step
Combat: Ai(4)-Gabe_Food assigned Sam, Loyal Attendant (404) to attack Ai(1)-Destyn_Turtles.
Phase: Ai(4)-Gabe_Food's Declare Blockers Step
Combat: Ai(1)-Destyn_Turtles didn't block Sam, Loyal Attendant (404).
Phase: Ai(4)-Gabe_Food's First Strike Damage Step
Phase: Ai(4)-Gabe_Food's Combat Damage Step
Damage: Sam, Loyal Attendant (404) deals 2 combat damage to Ai(1)-Destyn_Turtles.
Life: Life: Ai(1)-Destyn_Turtles 33 > 31
Phase: Ai(4)-Gabe_Food's End of Combat Step
Phase: Ai(4)-Gabe_Food's Main phase, postcombat
Mana: Prize Pig (332) - {T}: Add one mana of any color.
Mana: Plains (391) - {T}: Add {W}.
Add To Stack: Ai(4)-Gabe_Food cast Banquet Guests
Replacement Effect: Banquet Guests enters with twice X +1/+1 counters on it.
Resolve Stack: Banquet Guests - Creature 0 / 0 (X=4)
Phase: Ai(4)-Gabe_Food's End step
Phase: Ai(4)-Gabe_Food's Cleanup step
Turn: Turn 34 (Ai(1)-Destyn_Turtles)
Phase: Ai(1)-Destyn_Turtles' Untap step
Phase: Ai(1)-Destyn_Turtles' Upkeep step
Phase: Ai(1)-Destyn_Turtles' Draw step
Phase: Ai(1)-Destyn_Turtles' Main phase, precombat
Land: Ai(1)-Destyn_Turtles played Forest (35)
Phase: Ai(1)-Destyn_Turtles' Beginning of Combat Step
Phase: Ai(1)-Destyn_Turtles' Declare Attackers Step
Phase: Ai(1)-Destyn_Turtles' Declare Blockers Step
Phase: Ai(1)-Destyn_Turtles' First Strike Damage Step
Phase: Ai(1)-Destyn_Turtles' Combat Damage Step
Phase: Ai(1)-Destyn_Turtles' End of Combat Step
Phase: Ai(1)-Destyn_Turtles' Main phase, postcombat
Mana: Forest (35) - {T}: Add {G}.
Mana: Hinterland Harbor (23) - {T}: Add {G} or {U}.
Mana: Sol Ring (53) - {T}: Add {C}{C}.
Add To Stack: Ai(1)-Destyn_Turtles cast Harmonize
Resolve Stack: Harmonize (63) - Ai(1)-Destyn_Turtles draws three cards.
Mana: Sunken Hollow (24) - {T}: Add {B}.
Mana: Path of Ancestry (12) - {T}: Add one mana of any color in your commander's color identity. When that mana is spent to cast a creature spell that shares a creature type with your commander, scry 1. (Look at the top card of your library. You may put that card on the bottom.)
Mana: Plains (87) - {T}: Add {W}.
Mana: Big Apple, 3 a.m. (71) - {T}: Add one mana of the chosen color.
Mana: Mona Lisa, Science Geek (61) - {T}: Add X mana of any one color, where X is Mona Lisa's power.
Add To Stack: Ai(1)-Destyn_Turtles cast Shredder, Shadow Master
Add To Stack: Ai(1)-Destyn_Turtles triggered Path of Ancestry
Resolve Stack: Ai(1)-Destyn_Turtles scried 1 card(s) to the top of the library
Resolve Stack: When mana produced by Path of Ancestry is spent to cast a creature spell that shares a creature type with your commander, scry 1. ([Shredder, Shadow Master - Creature 5 / 5]) [Card: Shredder, Shadow Master (4), Activator: Ai(1)-Destyn_Turtles, SpellAbility: Shredder, Shadow Master - Creature 5 / 5]
Resolve Stack: Shredder, Shadow Master - Creature 5 / 5
Phase: Ai(1)-Destyn_Turtles' End step
Phase: Ai(1)-Destyn_Turtles' Cleanup step
Turn: Turn 35 (Ai(2)-GGS_Orochi_only)
Phase: Ai(2)-GGS_Orochi_only's Untap step
Phase: Ai(2)-GGS_Orochi_only's Upkeep step
Phase: Ai(2)-GGS_Orochi_only's Draw step
Phase: Ai(2)-GGS_Orochi_only's Main phase, precombat
Phase: Ai(2)-GGS_Orochi_only's Beginning of Combat Step
Phase: Ai(2)-GGS_Orochi_only's Declare Attackers Step
Phase: Ai(2)-GGS_Orochi_only's Declare Blockers Step
Phase: Ai(2)-GGS_Orochi_only's First Strike Damage Step
Phase: Ai(2)-GGS_Orochi_only's Combat Damage Step
Phase: Ai(2)-GGS_Orochi_only's End of Combat Step
Phase: Ai(2)-GGS_Orochi_only's Main phase, postcombat
Mana: Fellwar Stone (193) - {T}: Add one mana of any color that a land an opponent controls could produce.
Mana: Mountain (195) - {T}: Add {R}.
Mana: Otawara, Soaring City (111) - {T}: Add {U}.
Mana: Training Center (130) - {T}: Add {U} or {R}.
Mana: Undercity Sewers (103) - {T}: Add {B}.
Add To Stack: Ai(2)-GGS_Orochi_only cast Goro-Goro and Satoru
Resolve Stack: Goro-Goro and Satoru - Creature 3 / 4
Phase: Ai(2)-GGS_Orochi_only's End step
Phase: Ai(2)-GGS_Orochi_only's Cleanup step
Turn: Turn 36 (Ai(3)-Jaymie_Ezio)
Phase: Ai(3)-Jaymie_Ezio's Untap step
Phase: Ai(3)-Jaymie_Ezio's Upkeep step
Phase: Ai(3)-Jaymie_Ezio's Draw step
Phase: Ai(3)-Jaymie_Ezio's Main phase, precombat
Land: Ai(3)-Jaymie_Ezio played Mountain (290)
Mana: Chromatic Lantern (299) - {T}: Add one mana of any color.
Mana: Mountain (289) - {T}: Add one mana of any color.
Add To Stack: Ai(3)-Jaymie_Ezio activated Vorpal Sword targeting [Ezio Auditore da Firenze (302)]
Resolve Stack: Vorpal Sword (212) -  Attach to Ezio Auditore da Firenze (302)
Mana: Mountain (290) - {T}: Add {R}.
Mana: Smoldering Marsh (273) - {T}: Add {R}.
Mana: Command Tower (234) - {T}: Add one mana of any color.
Add To Stack: Ai(3)-Jaymie_Ezio cast Sword of Feast and Famine
Resolve Stack: Sword of Feast and Famine
Mana: Twilight Mire (271) - {T}: Add {C}.
Mana: Kessig Wolf Run (206) - {T}: Add {C}.
Add To Stack: Ai(3)-Jaymie_Ezio activated Sword of Feast and Famine targeting [Ezio Auditore da Firenze (302)]
Resolve Stack: Sword of Feast and Famine (296) -  Attach to Ezio Auditore da Firenze (302)
Phase: Ai(3)-Jaymie_Ezio's Beginning of Combat Step
Phase: Ai(3)-Jaymie_Ezio's Declare Attackers Step
Phase: Ai(3)-Jaymie_Ezio's Declare Blockers Step
Phase: Ai(3)-Jaymie_Ezio's First Strike Damage Step
Phase: Ai(3)-Jaymie_Ezio's Combat Damage Step
Phase: Ai(3)-Jaymie_Ezio's End of Combat Step
Phase: Ai(3)-Jaymie_Ezio's Main phase, postcombat
Phase: Ai(3)-Jaymie_Ezio's End step
Phase: Ai(3)-Jaymie_Ezio's Cleanup step
Turn: Turn 37 (Ai(4)-Gabe_Food)
Phase: Ai(4)-Gabe_Food's Untap step
Phase: Ai(4)-Gabe_Food's Upkeep step
Phase: Ai(4)-Gabe_Food's Draw step
Phase: Ai(4)-Gabe_Food's Main phase, precombat
Phase: Ai(4)-Gabe_Food's Beginning of Combat Step
Add To Stack: Ai(4)-Gabe_Food triggered Sam, Loyal Attendant
Resolve Stack: At the beginning of combat on your turn, create a Food token. (It's an artifact with "{2}, {T}, Sacrifice this token: You gain 3 life.") [Phase: Ai(4)-Gabe_Food]
Phase: Ai(4)-Gabe_Food's Declare Attackers Step
Phase: Ai(4)-Gabe_Food's Declare Blockers Step
Phase: Ai(4)-Gabe_Food's First Strike Damage Step
Phase: Ai(4)-Gabe_Food's Combat Damage Step
Phase: Ai(4)-Gabe_Food's End of Combat Step
Phase: Ai(4)-Gabe_Food's Main phase, postcombat
Mana: Forest (339) - {T}: Add {G}.
Mana: Plains (392) - {T}: Add {W}.
Mana: Plains (391) - {T}: Add {W}.
Add To Stack: Ai(4)-Gabe_Food cast Merry, Warden of Isengard
Resolve Stack: Merry, Warden of Isengard - Creature 1 / 4
Add To Stack: Ai(4)-Gabe_Food triggered Merry, Warden of Isengard targeting [Ai(4)-Gabe_Food]
Resolve Stack: Partner with Pippin, Warden of Isengard (When this creature enters, target player may put Pippin into their hand from their library, then shuffle.) (Targeting: [[Ai(4)-Gabe_Food]]) [Zone Changer: Merry, Warden of Isengard (309)]
Mana: Swamp (365) - {T}: Add {B}.
Mana: Swamp (364) - {T}: Add {B}.
Mana: Rogue's Passage (331) - {T}: Add {C}.
Add To Stack: Ai(4)-Gabe_Food cast Chromatic Lantern
Resolve Stack: Chromatic Lantern
Add To Stack: Ai(4)-Gabe_Food triggered Merry, Warden of Isengard
Resolve Stack: Whenever one or more artifacts you control enter, create a 1/1 white Soldier creature token with lifelink. This ability triggers only once each turn. [Amount: 1]
Mana: Chromatic Lantern (401) - {T}: Add one mana of any color.
Mana: Prize Pig (332) - {T}: Add one mana of any color.
Add To Stack: Ai(4)-Gabe_Food cast Arcane Signet
Resolve Stack: Arcane Signet
Phase: Ai(4)-Gabe_Food's End step
Phase: Ai(4)-Gabe_Food's Cleanup step
Turn: Turn 38 (Ai(1)-Destyn_Turtles)
Phase: Ai(1)-Destyn_Turtles' Untap step
Phase: Ai(1)-Destyn_Turtles' Upkeep step
Phase: Ai(1)-Destyn_Turtles' Draw step
Phase: Ai(1)-Destyn_Turtles' Main phase, precombat
Replacement Effect: This land enters tapped unless you control two or more basic lands.
Land: Ai(1)-Destyn_Turtles played Vernal Fen (58)
Phase: Ai(1)-Destyn_Turtles' Beginning of Combat Step
Phase: Ai(1)-Destyn_Turtles' Declare Attackers Step
Mana: Arcane Signet (354) - {T}: Add one mana of any color in your commander's color identity.
Add To Stack: Ai(4)-Gabe_Food activated Pippin, Warden of Isengard
Resolve Stack: Pippin, Warden of Isengard (343) - Ai(4)-Gabe_Food creates a Food Token.
Add To Stack: Ai(4)-Gabe_Food triggered Merry, Warden of Isengard
Resolve Stack: Whenever one or more artifacts you control enter, create a 1/1 white Soldier creature token with lifelink. This ability triggers only once each turn. [Amount: 1]
Phase: Ai(1)-Destyn_Turtles' Declare Blockers Step
Phase: Ai(1)-Destyn_Turtles' First Strike Damage Step
Phase: Ai(1)-Destyn_Turtles' Combat Damage Step
Phase: Ai(1)-Destyn_Turtles' End of Combat Step
Phase: Ai(1)-Destyn_Turtles' Main phase, postcombat
Mana: Sunken Hollow (24) - {T}: Add {B}.
Mana: Sol Ring (53) - {T}: Add {C}{C}.
Mana: Plains (87) - {T}: Add {W}.
Add To Stack: Ai(1)-Destyn_Turtles cast Dimension X Pizzasaur
Resolve Stack: Dimension X Pizzasaur - Creature 2 / 1
Add To Stack: Ai(1)-Destyn_Turtles triggered Dimension X Pizzasaur targeting [Shredder, Shadow Master (4)]
Resolve Stack: When this creature enters, put two +1/+1 counters on target creature. When you do, destroy up to one target creature with mana value less than or equal to the number of counters among permanents you control. (Targeting: [[Shredder, Shadow Master (4)]]) [Zone Changer: Dimension X Pizzasaur (39)]
Add To Stack: Ai(1)-Destyn_Turtles triggered Dimension X Pizzasaur targeting [Banquet Guests (378)]
Zone Change: Banquet Guests (378) was put into Graveyard from Battlefield.
Resolve Stack: When you do, destroy up to one target creature with mana value less than or equal to the number of counters among permanents you control. (Targeting: [[Banquet Guests (378)]])
Mana: Hinterland Harbor (23) - {T}: Add {G} or {U}.
Mana: Forest (35) - {T}: Add {G}.
Mana: Vernal Fen (58) - {T}: Add {G}.
Mana: Path of Ancestry (12) - {T}: Add one mana of any color in your commander's color identity. When that mana is spent to cast a creature spell that shares a creature type with your commander, scry 1. (Look at the top card of your library. You may put that card on the bottom.)
Add To Stack: Ai(1)-Destyn_Turtles cast Lessons from Life
Resolve Stack: Lessons from Life (73) - Ai(1)-Destyn_Turtles draws three cards. Ai(1)-Destyn_Turtles puts a Land.YouOwn card from their hand onto the battlefield tapped.
Mana: Mona Lisa, Science Geek (61) - {T}: Add X mana of any one color, where X is Mona Lisa's power.
Mana: Big Apple, 3 a.m. (71) - {T}: Add one mana of the chosen color.
Add To Stack: Ai(1)-Destyn_Turtles cast April O'Neil, Live on the Scene
Resolve Stack: April O'Neil, Live on the Scene - Creature 2 / 1
Phase: Ai(1)-Destyn_Turtles' End step
Phase: Ai(1)-Destyn_Turtles' Cleanup step
Turn: Turn 39 (Ai(2)-GGS_Orochi_only)
Phase: Ai(2)-GGS_Orochi_only's Untap step
Phase: Ai(2)-GGS_Orochi_only's Upkeep step
Phase: Ai(2)-GGS_Orochi_only's Draw step
Phase: Ai(2)-GGS_Orochi_only's Main phase, precombat
Phase: Ai(2)-GGS_Orochi_only's Beginning of Combat Step
Add To Stack: Ai(2)-GGS_Orochi_only triggered Loyal Apprentice
Resolve Stack: Lieutenant — At the beginning of combat on your turn, if you control your commander, create a 1/1 colorless Thopter artifact creature token with flying. That token gains haste until end of turn. [Phase: Ai(2)-GGS_Orochi_only]
Phase: Ai(2)-GGS_Orochi_only's Declare Attackers Step
Phase: Ai(2)-GGS_Orochi_only's Declare Blockers Step
Phase: Ai(2)-GGS_Orochi_only's First Strike Damage Step
Phase: Ai(2)-GGS_Orochi_only's Combat Damage Step
Phase: Ai(2)-GGS_Orochi_only's End of Combat Step
Phase: Ai(2)-GGS_Orochi_only's Main phase, postcombat
Mana: Fellwar Stone (193) - {T}: Add one mana of any color that a land an opponent controls could produce.
Mana: Otawara, Soaring City (111) - {T}: Add {U}.
Mana: Mountain (195) - {T}: Add {R}.
Add To Stack: Ai(2)-GGS_Orochi_only cast Fire Navy Trebuchet
Resolve Stack: Fire Navy Trebuchet - Creature 0 / 4
Phase: Ai(2)-GGS_Orochi_only's End step
Phase: Ai(2)-GGS_Orochi_only's Cleanup step
Turn: Turn 40 (Ai(3)-Jaymie_Ezio)
Phase: Ai(3)-Jaymie_Ezio's Untap step
Phase: Ai(3)-Jaymie_Ezio's Upkeep step
Phase: Ai(3)-Jaymie_Ezio's Draw step
Phase: Ai(3)-Jaymie_Ezio's Main phase, precombat
Phase: Ai(3)-Jaymie_Ezio's Beginning of Combat Step
Phase: Ai(3)-Jaymie_Ezio's Declare Attackers Step
Phase: Ai(3)-Jaymie_Ezio's Declare Blockers Step
Phase: Ai(3)-Jaymie_Ezio's First Strike Damage Step
Phase: Ai(3)-Jaymie_Ezio's Combat Damage Step
Phase: Ai(3)-Jaymie_Ezio's End of Combat Step
Phase: Ai(3)-Jaymie_Ezio's Main phase, postcombat
Mana: Chromatic Lantern (299) - {T}: Add one mana of any color.
Mana: Mountain (289) - {T}: Add {R}.
Mana: Mountain (290) - {T}: Add {R}.
Add To Stack: Ai(3)-Jaymie_Ezio cast Lydia Frye
Resolve Stack: Lydia Frye - Creature 3 / 2
Mana: Smoldering Marsh (273) - {T}: Add {B}.
Add To Stack: Ai(3)-Jaymie_Ezio cast Assassin Initiate
Resolve Stack: Assassin Initiate - Creature 1 / 1
Mana: Command Tower (234) - {T}: Add one mana of any color in your commander's color identity.
Mana: Twilight Mire (271) - {T}: Add one mana of any color.
Add To Stack: Ai(3)-Jaymie_Ezio activated Vorpal Sword targeting [Lydia Frye (287)]
Resolve Stack: Vorpal Sword (212) -  Attach to Lydia Frye (287)
Phase: Ai(3)-Jaymie_Ezio's End step
Add To Stack: Ai(3)-Jaymie_Ezio triggered Lydia Frye
Resolve Stack: At the beginning of your end step, surveil X, where X is the number of tapped Assassins you control. (Look at the top X cards of your library, then put any number of them into your graveyard and the rest on top of your library in any order.) [Phase: Ai(3)-Jaymie_Ezio]
Phase: Ai(3)-Jaymie_Ezio's Cleanup step
Turn: Turn 41 (Ai(4)-Gabe_Food)
Phase: Ai(4)-Gabe_Food's Untap step
Phase: Ai(4)-Gabe_Food's Upkeep step
Phase: Ai(4)-Gabe_Food's Draw step
Phase: Ai(4)-Gabe_Food's Main phase, precombat
Mana: Arcane Signet (354) - {T}: Add one mana of any color in your commander's color identity.
Mana: Chromatic Lantern (401) - {T}: Add one mana of any color.
Mana: Swamp (365) - {T}: Add {B}.
Mana: Plains (392) - {T}: Add {W}.
Mana: Plains (391) - {T}: Add {W}.
Add To Stack: Ai(4)-Gabe_Food cast Fumigate
Zone Change: Frodo, Adventurous Hobbit (402) was put into Graveyard from Battlefield.
Zone Change: Prize Pig (332) was put into Graveyard from Battlefield.
Zone Change: Pippin, Warden of Isengard (343) was put into Graveyard from Battlefield.
Zone Change: Sam, Loyal Attendant (404) was put into Graveyard from Battlefield.
Zone Change: Merry, Warden of Isengard (309) was put into Graveyard from Battlefield.
Zone Change: Soldier Token (537) was put into Graveyard from Battlefield.
Zone Change: Soldier Token (557) was put into Graveyard from Battlefield.
Zone Change: Mona Lisa, Science Geek (61) was put into Graveyard from Battlefield.
Zone Change: Michelangelo, the Heart (99) was put into Graveyard from Battlefield.
Zone Change: Raphael, the Muscle (75) was put into Graveyard from Battlefield.
Zone Change: Leonardo, the Balance (101) was put into Graveyard from Battlefield.
Zone Change: Shredder, Shadow Master (4) was put into Graveyard from Battlefield.
Zone Change: Dimension X Pizzasaur (39) was put into Graveyard from Battlefield.
Zone Change: April O'Neil, Live on the Scene (91) was put into Graveyard from Battlefield.
Zone Change: Loyal Apprentice (102) was put into Graveyard from Battlefield.
Zone Change: Yuriko, the Tiger's Shadow (199) was put into Graveyard from Battlefield.
Zone Change: Karlach, Fury of Avernus (110) was put into Graveyard from Battlefield.
Zone Change: Goro-Goro and Satoru (201) was put into Graveyard from Battlefield.
Zone Change: Thopter Token (564) was put into Graveyard from Battlefield.
Zone Change: Fire Navy Trebuchet (157) was put into Graveyard from Battlefield.
Zone Change: Arno Dorian (226) was put into Graveyard from Battlefield.
Zone Change: Ezio Auditore da Firenze (302) was put into Graveyard from Battlefield.
Zone Change: Lydia Frye (287) was put into Graveyard from Battlefield.
Zone Change: Assassin Initiate (253) was put into Graveyard from Battlefield.
Life: Life: Ai(4)-Gabe_Food 18 > 42
Resolve Stack: Fumigate (359) - Destroy all creatures. You gain 1 life for each creature destroyed this way. Ai(4)-Gabe_Food gains 0 life. 
Phase: Ai(4)-Gabe_Food's Beginning of Combat Step
Phase: Ai(4)-Gabe_Food's Declare Attackers Step
Phase: Ai(4)-Gabe_Food's Declare Blockers Step
Phase: Ai(4)-Gabe_Food's First Strike Damage Step
Phase: Ai(4)-Gabe_Food's Combat Damage Step
Phase: Ai(4)-Gabe_Food's End of Combat Step
Phase: Ai(4)-Gabe_Food's Main phase, postcombat
Mana: Forest (339) - {T}: Add {G}.
Mana: Swamp (364) - {T}: Add {B}.
Mana: Rogue's Passage (331) - {T}: Add {C}.
Add To Stack: Ai(4)-Gabe_Food cast Cultivate
Resolve Stack: Cultivate (306) - Search your library for up to two basic land cards, reveal those cards, put one onto the battlefield tapped and the other into your hand, then shuffle.   
Land: Ai(4)-Gabe_Food played Swamp (366)
Phase: Ai(4)-Gabe_Food's End step
Phase: Ai(4)-Gabe_Food's Cleanup step
Turn: Turn 42 (Ai(1)-Destyn_Turtles)
Phase: Ai(1)-Destyn_Turtles' Untap step
Phase: Ai(1)-Destyn_Turtles' Upkeep step
Phase: Ai(1)-Destyn_Turtles' Draw step
Phase: Ai(1)-Destyn_Turtles' Main phase, precombat
Land: Ai(1)-Destyn_Turtles played Ash Barrens (70)
Phase: Ai(1)-Destyn_Turtles' Beginning of Combat Step
Phase: Ai(1)-Destyn_Turtles' Declare Attackers Step
Phase: Ai(1)-Destyn_Turtles' Declare Blockers Step
Phase: Ai(1)-Destyn_Turtles' First Strike Damage Step
Phase: Ai(1)-Destyn_Turtles' Combat Damage Step
Phase: Ai(1)-Destyn_Turtles' End of Combat Step
Phase: Ai(1)-Destyn_Turtles' Main phase, postcombat
Mana: Plains (87) - {T}: Add {W}.
Mana: Sol Ring (53) - {T}: Add {C}{C}.
Mana: Ash Barrens (70) - {T}: Add {C}.
Mana: Forest (35) - {T}: Add {G}.
Mana: Hinterland Harbor (23) - {T}: Add {G} or {U}.
Add To Stack: Ai(1)-Destyn_Turtles cast Leonardo, the Balance
Resolve Stack: Leonardo, the Balance - Creature 3 / 3
Mana: Sunken Hollow (24) - {T}: Add {U}.
Mana: Vernal Fen (58) - {T}: Add {G}.
Mana: Path of Ancestry (12) - {T}: Add one mana of any color in your commander's color identity. When that mana is spent to cast a creature spell that shares a creature type with your commander, scry 1. (Look at the top card of your library. You may put that card on the bottom.)
Mana: Big Apple, 3 a.m. (71) - {T}: Add one mana of the chosen color.
Add To Stack: Ai(1)-Destyn_Turtles cast Baxter, Fly in the Ointment
Add To Stack: Ai(1)-Destyn_Turtles triggered Path of Ancestry
Resolve Stack: Ai(1)-Destyn_Turtles scried 1 card(s) to the bottom of the library
Resolve Stack: When mana produced by Path of Ancestry is spent to cast a creature spell that shares a creature type with your commander, scry 1. ([Baxter, Fly in the Ointment - Creature 2 / 2]) [Card: Baxter, Fly in the Ointment (27), Activator: Ai(1)-Destyn_Turtles, SpellAbility: Baxter, Fly in the Ointment - Creature 2 / 2]
Resolve Stack: Baxter, Fly in the Ointment - Creature 2 / 2
Add To Stack: Ai(1)-Destyn_Turtles triggered Baxter, Fly in the Ointment
Resolve Stack: Whenever Baxter enters or attacks, each creature you control with a counter on it gains flying until end of turn. [Zone Changer: Baxter, Fly in the Ointment (27)]
Phase: Ai(1)-Destyn_Turtles' End step
Phase: Ai(1)-Destyn_Turtles' Cleanup step
Turn: Turn 43 (Ai(2)-GGS_Orochi_only)
Phase: Ai(2)-GGS_Orochi_only's Untap step
Phase: Ai(2)-GGS_Orochi_only's Upkeep step
Phase: Ai(2)-GGS_Orochi_only's Draw step
Phase: Ai(2)-GGS_Orochi_only's Main phase, precombat
Phase: Ai(2)-GGS_Orochi_only's Beginning of Combat Step
Phase: Ai(2)-GGS_Orochi_only's Declare Attackers Step
Phase: Ai(2)-GGS_Orochi_only's Declare Blockers Step
Phase: Ai(2)-GGS_Orochi_only's First Strike Damage Step
Phase: Ai(2)-GGS_Orochi_only's Combat Damage Step
Phase: Ai(2)-GGS_Orochi_only's End of Combat Step
Phase: Ai(2)-GGS_Orochi_only's Main phase, postcombat
Mana: Fellwar Stone (193) - {T}: Add one mana of any color that a land an opponent controls could produce.
Mana: Otawara, Soaring City (111) - {T}: Add {U}.
Mana: Mountain (195) - {T}: Add {R}.
Mana: Training Center (130) - {T}: Add {U} or {R}.
Add To Stack: Ai(2)-GGS_Orochi_only cast Kaito, Bane of Nightmares
Replacement Effect: Kaito, Bane of Nightmares enters with four loyalty counters on it.
Resolve Stack: Kaito, Bane of Nightmares
Add To Stack: Ai(2)-GGS_Orochi_only activated Kaito, Bane of Nightmares
Resolve Stack: Ai(2)-GGS_Orochi_only surveiled 2 card(s) to the top of the library
Resolve Stack: Kaito, Bane of Nightmares (156) - Ai(2)-GGS_Orochi_only surveils (2). Ai(2)-GGS_Orochi_only draws zero cards.
Phase: Ai(2)-GGS_Orochi_only's End step
Phase: Ai(2)-GGS_Orochi_only's Cleanup step
Turn: Turn 44 (Ai(3)-Jaymie_Ezio)
Phase: Ai(3)-Jaymie_Ezio's Untap step
Phase: Ai(3)-Jaymie_Ezio's Upkeep step
Phase: Ai(3)-Jaymie_Ezio's Draw step
Phase: Ai(3)-Jaymie_Ezio's Main phase, precombat
Phase: Ai(3)-Jaymie_Ezio's Beginning of Combat Step
Phase: Ai(3)-Jaymie_Ezio's Declare Attackers Step
Phase: Ai(3)-Jaymie_Ezio's Declare Blockers Step
Phase: Ai(3)-Jaymie_Ezio's First Strike Damage Step
Phase: Ai(3)-Jaymie_Ezio's Combat Damage Step
Phase: Ai(3)-Jaymie_Ezio's End of Combat Step
Phase: Ai(3)-Jaymie_Ezio's Main phase, postcombat
Mana: Chromatic Lantern (299) - {T}: Add one mana of any color.
Mana: Mountain (289) - {T}: Add one mana of any color.
Mana: Mountain (290) - {T}: Add {R}.
Discard: Ai(3)-Jaymie_Ezio discards Twisted Landscape (211).
Add To Stack: Ai(3)-Jaymie_Ezio activated Twisted Landscape
Resolve Stack: Twisted Landscape (211) - Ai(3)-Jaymie_Ezio draws a card.
Mana: Smoldering Marsh (273) - {T}: Add one mana of any color.
Mana: Command Tower (234) - {T}: Add one mana of any color.
Mana: Twilight Mire (271) - {T}: Add {C}.
Add To Stack: Ai(3)-Jaymie_Ezio cast Caduceus, Staff of Hermes
Resolve Stack: Caduceus, Staff of Hermes
Phase: Ai(3)-Jaymie_Ezio's End step
Phase: Ai(3)-Jaymie_Ezio's Cleanup step
Turn: Turn 45 (Ai(4)-Gabe_Food)
Phase: Ai(4)-Gabe_Food's Untap step
Phase: Ai(4)-Gabe_Food's Upkeep step
Phase: Ai(4)-Gabe_Food's Draw step
Phase: Ai(4)-Gabe_Food's Main phase, precombat
Mana: Arcane Signet (354) - {T}: Add one mana of any color in your commander's color identity.
Mana: Chromatic Lantern (401) - {T}: Add one mana of any color.
Mana: Swamp (365) - {T}: Add {B}.
Mana: Plains (392) - {T}: Add {W}.
Mana: Plains (391) - {T}: Add {W}.
Add To Stack: Ai(4)-Gabe_Food cast Dawn
Resolve Stack: Dawn (315) - Return all creature cards with power 2 or less from your graveyard to your hand.
Replacement Effect: Aftermath (Cast this spell only from your graveyard. Then exile it.)
Phase: Ai(4)-Gabe_Food's Beginning of Combat Step
Phase: Ai(4)-Gabe_Food's Declare Attackers Step
Phase: Ai(4)-Gabe_Food's Declare Blockers Step
Phase: Ai(4)-Gabe_Food's First Strike Damage Step
Phase: Ai(4)-Gabe_Food's Combat Damage Step
Phase: Ai(4)-Gabe_Food's End of Combat Step
Phase: Ai(4)-Gabe_Food's Main phase, postcombat
Mana: Forest (339) - {T}: Add one mana of any color.
Mana: Swamp (364) - {T}: Add one mana of any color.
Mana: Swamp (363) - {T}: Add {B}.
Mana: Swamp (366) - {T}: Add {B}.
Mana: Rogue's Passage (331) - {T}: Add {C}.
Add To Stack: Ai(4)-Gabe_Food cast Sam, Loyal Attendant
Resolve Stack: Sam, Loyal Attendant - Creature 2 / 4
Add To Stack: Ai(4)-Gabe_Food triggered Sam, Loyal Attendant targeting [Ai(4)-Gabe_Food]
Resolve Stack: Partner with Frodo, Adventurous Hobbit (When this creature enters, target player may put Frodo into their hand from their library, then shuffle.) (Targeting: [[Ai(4)-Gabe_Food]]) [Zone Changer: Sam, Loyal Attendant (404)]
Phase: Ai(4)-Gabe_Food's End step
Phase: Ai(4)-Gabe_Food's Cleanup step
Turn: Turn 46 (Ai(1)-Destyn_Turtles)
Phase: Ai(1)-Destyn_Turtles' Untap step
Phase: Ai(1)-Destyn_Turtles' Upkeep step
Phase: Ai(1)-Destyn_Turtles' Draw step
Add To Stack: Ai(1)-Destyn_Turtles triggered Baxter, Fly in the Ointment
Resolve Stack: Whenever you draw a card, put a +1/+1 counter on Baxter. [Player: Ai(1)-Destyn_Turtles]
Phase: Ai(1)-Destyn_Turtles' Main phase, precombat
Phase: Ai(1)-Destyn_Turtles' Beginning of Combat Step
Phase: Ai(1)-Destyn_Turtles' Declare Attackers Step
Combat: Ai(1)-Destyn_Turtles assigned Baxter, Fly in the Ointment (27) and Leonardo, the Balance (101) to attack Kaito, Bane of Nightmares (156).
Add To Stack: Ai(1)-Destyn_Turtles triggered Baxter, Fly in the Ointment
Resolve Stack: Whenever Baxter enters or attacks, each creature you control with a counter on it gains flying until end of turn. [Attacker: Baxter, Fly in the Ointment (27)]
Phase: Ai(1)-Destyn_Turtles' Declare Blockers Step
Combat: Ai(2)-GGS_Orochi_only didn't block Baxter, Fly in the Ointment (27).
Ai(2)-GGS_Orochi_only didn't block Leonardo, the Balance (101).
Phase: Ai(1)-Destyn_Turtles' First Strike Damage Step
Phase: Ai(1)-Destyn_Turtles' Combat Damage Step
Zone Change: Kaito, Bane of Nightmares (156) was put into Graveyard from Battlefield.
Phase: Ai(1)-Destyn_Turtles' End of Combat Step
Phase: Ai(1)-Destyn_Turtles' Main phase, postcombat
Mana: Forest (35) - {T}: Add {G}.
Mana: Sol Ring (53) - {T}: Add {C}{C}.
Mana: Ash Barrens (70) - {T}: Add {C}.
Add To Stack: Ai(1)-Destyn_Turtles cast Michelangelo, the Heart
Resolve Stack: Michelangelo, the Heart - Creature 2 / 1
Mana: Plains (87) - {T}: Add {W}.
Mana: Hinterland Harbor (23) - {T}: Add {G} or {U}.
Add To Stack: Ai(1)-Destyn_Turtles cast Lita, Little Orphan Amphibian
Resolve Stack: Lita, Little Orphan Amphibian - Creature 2 / 1
Mana: Vernal Fen (58) - {T}: Add {G}.
Mana: Path of Ancestry (12) - {T}: Add one mana of any color in your commander's color identity. When that mana is spent to cast a creature spell that shares a creature type with your commander, scry 1. (Look at the top card of your library. You may put that card on the bottom.)
Mana: Sunken Hollow (24) - {T}: Add {B}.
Mana: Big Apple, 3 a.m. (71) - {T}: Add one mana of the chosen color.
Mana: Turtle Lair (69) - {T}: Add {C}.
Add To Stack: Ai(1)-Destyn_Turtles cast Steelbane Hydra
Add To Stack: Ai(1)-Destyn_Turtles triggered Path of Ancestry
Resolve Stack: Ai(1)-Destyn_Turtles scried 1 card(s) to the top of the library
Resolve Stack: When mana produced by Path of Ancestry is spent to cast a creature spell that shares a creature type with your commander, scry 1. ([Steelbane Hydra - Creature 0 / 0 (X=0)]) [Card: Steelbane Hydra (34), Activator: Ai(1)-Destyn_Turtles, SpellAbility: Steelbane Hydra - Creature 0 / 0 (X=0)]
Replacement Effect: Steelbane Hydra enters with X +1/+1 counters on it.
Resolve Stack: Steelbane Hydra - Creature 0 / 0 (X=3)
Add To Stack: Ai(1)-Destyn_Turtles triggered Lita, Little Orphan Amphibian
Resolve Stack: Ai(1)-Destyn_Turtles scried 1 card(s) to the bottom of the library
Resolve Stack: Alliance — Whenever another creature you control enters, scry 1. [Zone Changer: Steelbane Hydra (34)]
Phase: Ai(1)-Destyn_Turtles' End step
Phase: Ai(1)-Destyn_Turtles' Cleanup step
Turn: Turn 47 (Ai(2)-GGS_Orochi_only)
Phase: Ai(2)-GGS_Orochi_only's Untap step
Phase: Ai(2)-GGS_Orochi_only's Upkeep step
Phase: Ai(2)-GGS_Orochi_only's Draw step
Phase: Ai(2)-GGS_Orochi_only's Main phase, precombat
Phase: Ai(2)-GGS_Orochi_only's Beginning of Combat Step
Phase: Ai(2)-GGS_Orochi_only's Declare Attackers Step
Phase: Ai(2)-GGS_Orochi_only's Declare Blockers Step
Phase: Ai(2)-GGS_Orochi_only's First Strike Damage Step
Phase: Ai(2)-GGS_Orochi_only's Combat Damage Step
Phase: Ai(2)-GGS_Orochi_only's End of Combat Step
Phase: Ai(2)-GGS_Orochi_only's Main phase, postcombat
Mana: Otawara, Soaring City (111) - {T}: Add {U}.
Mana: Mountain (195) - {T}: Add {R}.
Mana: Fellwar Stone (193) - {T}: Add one mana of any color that a land an opponent controls could produce.
Add To Stack: Ai(2)-GGS_Orochi_only cast Prosperous Thief
Resolve Stack: Prosperous Thief - Creature 3 / 2
Mana: Undercity Sewers (103) - {T}: Add {B}.
Mana: Training Center (130) - {T}: Add {U} or {R}.
Add To Stack: Ai(2)-GGS_Orochi_only cast Satoru, the Infiltrator
Resolve Stack: Satoru, the Infiltrator - Creature 2 / 3
Phase: Ai(2)-GGS_Orochi_only's End step
Phase: Ai(2)-GGS_Orochi_only's Cleanup step
Turn: Turn 48 (Ai(3)-Jaymie_Ezio)
Phase: Ai(3)-Jaymie_Ezio's Untap step
Phase: Ai(3)-Jaymie_Ezio's Upkeep step
Phase: Ai(3)-Jaymie_Ezio's Draw step
Phase: Ai(3)-Jaymie_Ezio's Main phase, precombat
Phase: Ai(3)-Jaymie_Ezio's Beginning of Combat Step
Phase: Ai(3)-Jaymie_Ezio's Declare Attackers Step
Phase: Ai(3)-Jaymie_Ezio's Declare Blockers Step
Phase: Ai(3)-Jaymie_Ezio's First Strike Damage Step
Phase: Ai(3)-Jaymie_Ezio's Combat Damage Step
Phase: Ai(3)-Jaymie_Ezio's End of Combat Step
Phase: Ai(3)-Jaymie_Ezio's Main phase, postcombat
Mana: Chromatic Lantern (299) - {T}: Add one mana of any color.
Mana: Mountain (289) - {T}: Add {R}.
Add To Stack: Ai(3)-Jaymie_Ezio cast Cover of Darkness
Replacement Effect: As Cover of Darkness enters, choose a creature type.
Resolve Stack: Cover of Darkness
Phase: Ai(3)-Jaymie_Ezio's End step
Phase: Ai(3)-Jaymie_Ezio's Cleanup step
Turn: Turn 49 (Ai(4)-Gabe_Food)
Phase: Ai(4)-Gabe_Food's Untap step
Phase: Ai(4)-Gabe_Food's Upkeep step
Phase: Ai(4)-Gabe_Food's Draw step
Phase: Ai(4)-Gabe_Food's Main phase, precombat
Mana: Arcane Signet (354) - {T}: Add one mana of any color in your commander's color identity.
Mana: Chromatic Lantern (401) - {T}: Add one mana of any color.
Add To Stack: Ai(4)-Gabe_Food cast Pippin, Warden of Isengard
Resolve Stack: Pippin, Warden of Isengard - Creature 2 / 2
Add To Stack: Ai(4)-Gabe_Food triggered Pippin, Warden of Isengard targeting [Ai(4)-Gabe_Food]
Resolve Stack: Partner with Merry, Warden of Isengard (When this creature enters, target player may put Merry into their hand from their library, then shuffle.) (Targeting: [[Ai(4)-Gabe_Food]]) [Zone Changer: Pippin, Warden of Isengard (343)]
Mana: Swamp (365) - {T}: Add {B}.
Mana: Plains (392) - {T}: Add {W}.
Mana: Plains (391) - {T}: Add {W}.
Mana: Forest (339) - {T}: Add {G}.
Add To Stack: Ai(4)-Gabe_Food activated Rogue's Passage targeting [Sam, Loyal Attendant (404)]
Resolve Stack: Rogue's Passage (331) - Sam, Loyal Attendant (404) can't be blocked this turn.
Mana: Swamp (364) - {T}: Add {B}.
Mana: Swamp (363) - {T}: Add {B}.
Mana: Swamp (366) - {T}: Add {B}.
Add To Stack: Ai(4)-Gabe_Food cast Crypt Incursion targeting [Ai(1)-Destyn_Turtles]
Life: Life: Ai(4)-Gabe_Food 42 > 72
Resolve Stack: Crypt Incursion (361) - Exile all creature cards from target player's graveyard. You gain 3 life for each card exiled this way. Ai(4)-Gabe_Food gains 0 life. 
Phase: Ai(4)-Gabe_Food's Beginning of Combat Step
Add To Stack: Ai(4)-Gabe_Food triggered Sam, Loyal Attendant
Resolve Stack: At the beginning of combat on your turn, create a Food token. (It's an artifact with "{2}, {T}, Sacrifice this token: You gain 3 life.") [Phase: Ai(4)-Gabe_Food]
Phase: Ai(4)-Gabe_Food's Declare Attackers Step
Combat: Ai(4)-Gabe_Food assigned Sam, Loyal Attendant (404) to attack Ai(1)-Destyn_Turtles.
Phase: Ai(4)-Gabe_Food's Declare Blockers Step
Combat: Ai(1)-Destyn_Turtles didn't block Sam, Loyal Attendant (404).
Phase: Ai(4)-Gabe_Food's First Strike Damage Step
Phase: Ai(4)-Gabe_Food's Combat Damage Step
Damage: Sam, Loyal Attendant (404) deals 2 combat damage to Ai(1)-Destyn_Turtles.
Life: Life: Ai(1)-Destyn_Turtles 31 > 29
Phase: Ai(4)-Gabe_Food's End of Combat Step
Phase: Ai(4)-Gabe_Food's Main phase, postcombat
Phase: Ai(4)-Gabe_Food's End step
Phase: Ai(4)-Gabe_Food's Cleanup step
Turn: Turn 50 (Ai(1)-Destyn_Turtles)
Phase: Ai(1)-Destyn_Turtles' Untap step
Phase: Ai(1)-Destyn_Turtles' Upkeep step
Mana: Forest (35) - {T}: Add {G}.
Mana: Sol Ring (53) - {T}: Add {C}{C}.
Add To Stack: Ai(1)-Destyn_Turtles activated Steelbane Hydra targeting [Chromatic Lantern (401)]
Zone Change: Chromatic Lantern (401) was put into Graveyard from Battlefield.
Resolve Stack: Steelbane Hydra (34) - Destroy Chromatic Lantern (401).
Mana: Hinterland Harbor (23) - {T}: Add {G} or {U}.
Mana: Ash Barrens (70) - {T}: Add {C}.
Mana: Plains (87) - {T}: Add {W}.
Add To Stack: Ai(1)-Destyn_Turtles activated Steelbane Hydra targeting [Chromatic Lantern (299)]
Zone Change: Chromatic Lantern (299) was put into Graveyard from Battlefield.
Resolve Stack: Steelbane Hydra (34) - Destroy Chromatic Lantern (299).
Phase: Ai(1)-Destyn_Turtles' Draw step
Add To Stack: Ai(1)-Destyn_Turtles triggered Baxter, Fly in the Ointment
Resolve Stack: Whenever you draw a card, put a +1/+1 counter on Baxter. [Player: Ai(1)-Destyn_Turtles]
Phase: Ai(1)-Destyn_Turtles' Main phase, precombat
Mana: Path of Ancestry (12) - {T}: Add one mana of any color in your commander's color identity. When that mana is spent to cast a creature spell that shares a creature type with your commander, scry 1. (Look at the top card of your library. You may put that card on the bottom.)
Mana: Sunken Hollow (24) - {T}: Add {B}.
Add To Stack: Ai(1)-Destyn_Turtles cast Tempestra, Dame of Games
Resolve Stack: Tempestra, Dame of Games - Creature 1 / 3
Add To Stack: Ai(1)-Destyn_Turtles triggered Lita, Little Orphan Amphibian
Resolve Stack: Ai(1)-Destyn_Turtles scried 1 card(s) to the bottom of the library
Resolve Stack: Alliance — Whenever another creature you control enters, scry 1. [Zone Changer: Tempestra, Dame of Games (79)]
Phase: Ai(1)-Destyn_Turtles' Beginning of Combat Step
Add To Stack: Ai(1)-Destyn_Turtles activated Mole Module
Resolve Stack: Mole Module (64) - Mole Module (64) becomes an artifact creature until end of turn.
Phase: Ai(1)-Destyn_Turtles' Declare Attackers Step
Combat: Ai(1)-Destyn_Turtles assigned Baxter, Fly in the Ointment (27), Mole Module (64), Leonardo, the Balance (101) and Michelangelo, the Heart (99) to attack Ai(4)-Gabe_Food.
Add To Stack: Ai(1)-Destyn_Turtles triggered Baxter, Fly in the Ointment
Resolve Stack: Whenever Baxter enters or attacks, each creature you control with a counter on it gains flying until end of turn. [Attacker: Baxter, Fly in the Ointment (27)]
Phase: Ai(1)-Destyn_Turtles' Declare Blockers Step
Combat: Ai(4)-Gabe_Food didn't block Baxter, Fly in the Ointment (27).
Ai(4)-Gabe_Food didn't block Mole Module (64).
Ai(4)-Gabe_Food didn't block Leonardo, the Balance (101).
Ai(4)-Gabe_Food didn't block Michelangelo, the Heart (99).
Phase: Ai(1)-Destyn_Turtles' First Strike Damage Step
Phase: Ai(1)-Destyn_Turtles' Combat Damage Step
Damage: Baxter, Fly in the Ointment (27) deals 4 combat damage to Ai(4)-Gabe_Food.
Damage: Mole Module (64) deals 7 combat damage to Ai(4)-Gabe_Food.
Damage: Leonardo, the Balance (101) deals 3 combat damage to Ai(4)-Gabe_Food.
Damage: Michelangelo, the Heart (99) deals 2 combat damage to Ai(4)-Gabe_Food.
Life: Life: Ai(4)-Gabe_Food 72 > 56
Add To Stack: Ai(1)-Destyn_Turtles triggered Mole Module
Zone Change: Ai(1)-Destyn_Turtles milled Bebop, Skull & Crossbones (15), Mountain (86), Fabled Passage (76) and Ninja Pizza (98).
Resolve Stack: Whenever this Vehicle deals combat damage to a player, mill four cards. You may put a permanent card from among them onto the battlefield. [Damage Source: Mole Module (64), Damaged: Ai(4)-Gabe_Food, Amount: 7]
Phase: Ai(1)-Destyn_Turtles' End of Combat Step
Phase: Ai(1)-Destyn_Turtles' Main phase, postcombat
Add To Stack: Ai(1)-Destyn_Turtles triggered Michelangelo, the Heart targeting [Mole Module (64)]
Add To Stack: Ai(1)-Destyn_Turtles triggered Ninja Pizza
Resolve Stack: At the beginning of your second main phase, create a Food token. (It's an artifact with "{2}, {T}, Sacrifice this token: You gain 3 life.") [Phase: Ai(1)-Destyn_Turtles]
Add To Stack: Ai(1)-Destyn_Turtles triggered Leonardo, the Balance
Resolve Stack: Whenever a token you control enters, you may put a +1/+1 counter on each creature you control. Do this only once each turn. [Zone Changer: Food Token (603)]
Resolve Stack: Raid (the Fridge) — At the beginning of your second main phase, if you attacked this turn, put a +1/+1 counter on target creature and create a Food token. (Targeting: [[Mole Module (64)]]) [Phase: Ai(1)-Destyn_Turtles]
Mana: Vernal Fen (58) - {T}: Add {G}.
Mana: Big Apple, 3 a.m. (71) - {T}: Add one mana of the chosen color.
Mana: Turtle Lair (69) - {T}: Add {C}.
Add To Stack: Ai(1)-Destyn_Turtles activated Steelbane Hydra targeting [Arcane Signet (354)]
Zone Change: Arcane Signet (354) was put into Graveyard from Battlefield.
Resolve Stack: Steelbane Hydra (34) - Destroy Arcane Signet (354).
Zone Change: Food Token (605) was put into Graveyard from Battlefield.
Mana: Food Token (605) - {T}, Sacrifice this artifact: Add one mana of any color.
Zone Change: Food Token (603) was put into Graveyard from Battlefield.
Mana: Food Token (603) - {T}, Sacrifice this artifact: Add one mana of any color.
Zone Change: Food Token (457) was put into Graveyard from Battlefield.
Mana: Food Token (457) - {T}, Sacrifice this artifact: Add one mana of any color.
Add To Stack: Ai(1)-Destyn_Turtles cast High Score
Resolve Stack: High Score
Phase: Ai(1)-Destyn_Turtles' End step
Add To Stack: Ai(1)-Destyn_Turtles triggered High Score
Resolve Stack: At the beginning of your end step, draw a card if you control a creature with the greatest power among creatures on the battlefield. [Phase: Ai(1)-Destyn_Turtles]
Add To Stack: Ai(1)-Destyn_Turtles triggered Baxter, Fly in the Ointment
Replacement Effect: If one or more +1/+1 counters would be put on a creature you control, that many plus one +1/+1 counters are put on it instead.
Resolve Stack: Whenever you draw a card, put a +1/+1 counter on Baxter. [Player: Ai(1)-Destyn_Turtles]
Phase: Ai(1)-Destyn_Turtles' Cleanup step
Turn: Turn 51 (Ai(2)-GGS_Orochi_only)
Phase: Ai(2)-GGS_Orochi_only's Untap step
Phase: Ai(2)-GGS_Orochi_only's Upkeep step
Phase: Ai(2)-GGS_Orochi_only's Draw step
Phase: Ai(2)-GGS_Orochi_only's Main phase, precombat
Phase: Ai(2)-GGS_Orochi_only's Beginning of Combat Step
Phase: Ai(2)-GGS_Orochi_only's Declare Attackers Step
Phase: Ai(2)-GGS_Orochi_only's Declare Blockers Step
Phase: Ai(2)-GGS_Orochi_only's First Strike Damage Step
Phase: Ai(2)-GGS_Orochi_only's Combat Damage Step
Phase: Ai(2)-GGS_Orochi_only's End of Combat Step
Phase: Ai(2)-GGS_Orochi_only's Main phase, postcombat
Phase: Ai(2)-GGS_Orochi_only's End step
Phase: Ai(2)-GGS_Orochi_only's Cleanup step
Turn: Turn 52 (Ai(3)-Jaymie_Ezio)
Phase: Ai(3)-Jaymie_Ezio's Untap step
Phase: Ai(3)-Jaymie_Ezio's Upkeep step
Phase: Ai(3)-Jaymie_Ezio's Draw step
Phase: Ai(3)-Jaymie_Ezio's Main phase, precombat
Phase: Ai(3)-Jaymie_Ezio's Beginning of Combat Step
Phase: Ai(3)-Jaymie_Ezio's Declare Attackers Step
Phase: Ai(3)-Jaymie_Ezio's Declare Blockers Step
Phase: Ai(3)-Jaymie_Ezio's First Strike Damage Step
Phase: Ai(3)-Jaymie_Ezio's Combat Damage Step
Phase: Ai(3)-Jaymie_Ezio's End of Combat Step
Phase: Ai(3)-Jaymie_Ezio's Main phase, postcombat
Phase: Ai(3)-Jaymie_Ezio's End step
Phase: Ai(3)-Jaymie_Ezio's Cleanup step
Turn: Turn 53 (Ai(4)-Gabe_Food)
Phase: Ai(4)-Gabe_Food's Untap step
Phase: Ai(4)-Gabe_Food's Upkeep step
Phase: Ai(4)-Gabe_Food's Draw step
Mana: Plains (392) - {T}: Add {W}.
Add To Stack: Ai(4)-Gabe_Food cast Path to Exile targeting [Baxter, Fly in the Ointment (27)]
Mana: Otawara, Soaring City (111) - {T}: Add {U}.
Add To Stack: Ai(2)-GGS_Orochi_only cast Swan Song targeting [Exile target creature. Its controller may search their library for a basic land card, put that card onto the battlefield tapped, then shuffle. ]
Zone Change: Send countered spell to Graveyard
Resolve Stack: Swan Song (140) - Counter Path to Exile (310). 
Phase: Ai(4)-Gabe_Food's Main phase, precombat
Mana: Swamp (365) - {T}: Add {B}.
Mana: Swamp (364) - {T}: Add {B}.
Mana: Swamp (363) - {T}: Add {B}.
Mana: Swamp (366) - {T}: Add {B}.
Add To Stack: Ai(4)-Gabe_Food activated Rogue's Passage targeting [Sam, Loyal Attendant (404)]
Resolve Stack: Rogue's Passage (331) - Sam, Loyal Attendant (404) can't be blocked this turn.
Phase: Ai(4)-Gabe_Food's Beginning of Combat Step
Add To Stack: Ai(4)-Gabe_Food triggered Sam, Loyal Attendant
Resolve Stack: At the beginning of combat on your turn, create a Food token. (It's an artifact with "{2}, {T}, Sacrifice this token: You gain 3 life.") [Phase: Ai(4)-Gabe_Food]
Phase: Ai(4)-Gabe_Food's Declare Attackers Step
Combat: Ai(4)-Gabe_Food assigned Sam, Loyal Attendant (404) to attack Ai(1)-Destyn_Turtles.
Phase: Ai(4)-Gabe_Food's Declare Blockers Step
Combat: Ai(1)-Destyn_Turtles didn't block Sam, Loyal Attendant (404).
Phase: Ai(4)-Gabe_Food's First Strike Damage Step
Phase: Ai(4)-Gabe_Food's Combat Damage Step
Damage: Sam, Loyal Attendant (404) deals 2 combat damage to Ai(1)-Destyn_Turtles.
Life: Life: Ai(1)-Destyn_Turtles 29 > 27
Phase: Ai(4)-Gabe_Food's End of Combat Step
Phase: Ai(4)-Gabe_Food's Main phase, postcombat
Mana: Forest (339) - {T}: Add {G}.
Mana: Plains (391) - {T}: Add {W}.
Add To Stack: Ai(4)-Gabe_Food cast Prize Pig
Resolve Stack: Prize Pig - Creature 0 / 3
Phase: Ai(4)-Gabe_Food's End step
Phase: Ai(4)-Gabe_Food's Cleanup step
Turn: Turn 54 (Ai(1)-Destyn_Turtles)
Phase: Ai(1)-Destyn_Turtles' Untap step
Phase: Ai(1)-Destyn_Turtles' Upkeep step
Phase: Ai(1)-Destyn_Turtles' Draw step
Add To Stack: Ai(1)-Destyn_Turtles triggered Baxter, Fly in the Ointment
Replacement Effect: If one or more +1/+1 counters would be put on a creature you control, that many plus one +1/+1 counters are put on it instead.
Resolve Stack: Whenever you draw a card, put a +1/+1 counter on Baxter. [Player: Ai(1)-Destyn_Turtles]
Phase: Ai(1)-Destyn_Turtles' Main phase, precombat
Replacement Effect: Dragonskull Summit enters tapped unless you control a Swamp or a Mountain.
Land: Ai(1)-Destyn_Turtles played Dragonskull Summit (47)
Mana: Sol Ring (53) - {T}: Add {C}{C}.
Mana: Ash Barrens (70) - {T}: Add {C}.
Add To Stack: Ai(1)-Destyn_Turtles activated Turtle Lair targeting [Steelbane Hydra (34)]
Resolve Stack: Turtle Lair (69) - Steelbane Hydra (34) can't be blocked this turn.
Mana: Forest (35) - {T}: Add {G}.
Mana: Plains (87) - {T}: Add {W}.
Add To Stack: Ai(1)-Destyn_Turtles cast Level Up targeting [Baxter, Fly in the Ointment (27)]
Resolve Stack: Level Up (90) -  Attach to Baxter, Fly in the Ointment (27)
Add To Stack: Ai(1)-Destyn_Turtles triggered Level Up
Replacement Effect: If one or more +1/+1 counters would be put on a creature you control, that many plus one +1/+1 counters are put on it instead.
Resolve Stack: When this Aura enters, put a +1/+1 counter on enchanted creature. [Zone Changer: Level Up (90)]
Mana: Path of Ancestry (12) - {T}: Add one mana of any color in your commander's color identity. When that mana is spent to cast a creature spell that shares a creature type with your commander, scry 1. (Look at the top card of your library. You may put that card on the bottom.)
Mana: Dragonskull Summit (47) - {T}: Add {B} or {R}.
Mana: Hinterland Harbor (23) - {T}: Add {G} or {U}.
Mana: Sunken Hollow (24) - {T}: Add {B}.
Mana: Vernal Fen (58) - {T}: Add {G}.
Add To Stack: Ai(1)-Destyn_Turtles activated Leonardo, the Balance
Resolve Stack: Leonardo, the Balance (101) - Creatures you control gain menace, trample, and lifelink until end of turn.
Phase: Ai(1)-Destyn_Turtles' Beginning of Combat Step
Add To Stack: Ai(1)-Destyn_Turtles activated Mole Module
Resolve Stack: Mole Module (64) - Mole Module (64) becomes an artifact creature until end of turn.
Phase: Ai(1)-Destyn_Turtles' Declare Attackers Step
Combat: Ai(1)-Destyn_Turtles assigned Baxter, Fly in the Ointment (27), Mole Module (64), Leonardo, the Balance (101), Michelangelo, the Heart (99), Lita, Little Orphan Amphibian (46) and Steelbane Hydra (34) to attack Ai(4)-Gabe_Food.
Add To Stack: Ai(1)-Destyn_Turtles triggered Baxter, Fly in the Ointment
Add To Stack: Ai(1)-Destyn_Turtles triggered Baxter, Fly in the Ointment
Resolve Stack: Whenever Baxter enters or attacks, each creature you control with a counter on it gains flying until end of turn. [Attacker: Baxter, Fly in the Ointment (27)]
Replacement Effect: If one or more +1/+1 counters would be put on a creature you control, that many plus one +1/+1 counters are put on it instead.
Resolve Stack: Whenever this creature attacks, double the number of +1/+1 counters on it. Then if it has power 10 or greater, draw a card. [Attacker: Baxter, Fly in the Ointment (27)]
Add To Stack: Ai(1)-Destyn_Turtles triggered Baxter, Fly in the Ointment
Replacement Effect: If one or more +1/+1 counters would be put on a creature you control, that many plus one +1/+1 counters are put on it instead.
Resolve Stack: Whenever you draw a card, put a +1/+1 counter on Baxter. [Player: Ai(1)-Destyn_Turtles]
Phase: Ai(1)-Destyn_Turtles' Declare Blockers Step
Combat: Ai(4)-Gabe_Food didn't block Baxter, Fly in the Ointment (27).
Ai(4)-Gabe_Food didn't block Mole Module (64).
Ai(4)-Gabe_Food didn't block Leonardo, the Balance (101).
Ai(4)-Gabe_Food didn't block Michelangelo, the Heart (99).
Ai(4)-Gabe_Food didn't block Lita, Little Orphan Amphibian (46).
Ai(4)-Gabe_Food didn't block Steelbane Hydra (34).
Phase: Ai(1)-Destyn_Turtles' First Strike Damage Step
Phase: Ai(1)-Destyn_Turtles' Combat Damage Step
Damage: Baxter, Fly in the Ointment (27) deals 23 combat damage to Ai(4)-Gabe_Food.
Life: Life: Ai(1)-Destyn_Turtles 27 > 50
Damage: Mole Module (64) deals 9 combat damage to Ai(4)-Gabe_Food.
Damage: Leonardo, the Balance (101) deals 4 combat damage to Ai(4)-Gabe_Food.
Life: Life: Ai(1)-Destyn_Turtles 50 > 54
Damage: Michelangelo, the Heart (99) deals 3 combat damage to Ai(4)-Gabe_Food.
Life: Life: Ai(1)-Destyn_Turtles 54 > 57
Damage: Lita, Little Orphan Amphibian (46) deals 3 combat damage to Ai(4)-Gabe_Food.
Life: Life: Ai(1)-Destyn_Turtles 57 > 60
Damage: Steelbane Hydra (34) deals 1 combat damage to Ai(4)-Gabe_Food.
Life: Life: Ai(1)-Destyn_Turtles 60 > 61
Life: Life: Ai(4)-Gabe_Food 56 > 13
Add To Stack: Ai(1)-Destyn_Turtles triggered Mole Module
Zone Change: Ai(1)-Destyn_Turtles milled City of Brass (45), Command Tower (28), Vanquish the Horde (18) and Endless Foot Assault (94).
Resolve Stack: Whenever this Vehicle deals combat damage to a player, mill four cards. You may put a permanent card from among them onto the battlefield. [Damage Source: Mole Module (64), Damaged: Ai(4)-Gabe_Food, Amount: 9]
Phase: Ai(1)-Destyn_Turtles' End of Combat Step
Phase: Ai(1)-Destyn_Turtles' Main phase, postcombat
Add To Stack: Ai(1)-Destyn_Turtles triggered Michelangelo, the Heart targeting [Baxter, Fly in the Ointment (27)]
Add To Stack: Ai(1)-Destyn_Turtles triggered Ninja Pizza
Resolve Stack: At the beginning of your second main phase, create a Food token. (It's an artifact with "{2}, {T}, Sacrifice this token: You gain 3 life.") [Phase: Ai(1)-Destyn_Turtles]
Add To Stack: Ai(1)-Destyn_Turtles triggered Leonardo, the Balance
Replacement Effect: If one or more +1/+1 counters would be put on a creature you control, that many plus one +1/+1 counters are put on it instead.
Replacement Effect: If one or more +1/+1 counters would be put on a creature you control, that many plus one +1/+1 counters are put on it instead.
Replacement Effect: If one or more +1/+1 counters would be put on a creature you control, that many plus one +1/+1 counters are put on it instead.
Replacement Effect: If one or more +1/+1 counters would be put on a creature you control, that many plus one +1/+1 counters are put on it instead.
Replacement Effect: If one or more +1/+1 counters would be put on a creature you control, that many plus one +1/+1 counters are put on it instead.
Replacement Effect: If one or more +1/+1 counters would be put on a creature you control, that many plus one +1/+1 counters are put on it instead.
Replacement Effect: If one or more +1/+1 counters would be put on a creature you control, that many plus one +1/+1 counters are put on it instead.
Resolve Stack: Whenever a token you control enters, you may put a +1/+1 counter on each creature you control. Do this only once each turn. [Zone Changer: Food Token (666)]
Replacement Effect: If one or more +1/+1 counters would be put on a creature you control, that many plus one +1/+1 counters are put on it instead.
Resolve Stack: Raid (the Fridge) — At the beginning of your second main phase, if you attacked this turn, put a +1/+1 counter on target creature and create a Food token. (Targeting: [[Baxter, Fly in the Ointment (27)]]) [Phase: Ai(1)-Destyn_Turtles]
Mana: Big Apple, 3 a.m. (71) - {T}: Add one mana of the chosen color.
Zone Change: Food Token (672) was put into Graveyard from Battlefield.
Mana: Food Token (672) - {T}, Sacrifice this artifact: Add one mana of any color.
Zone Change: Food Token (666) was put into Graveyard from Battlefield.
Mana: Food Token (666) - {T}, Sacrifice this artifact: Add one mana of any color.
Zone Change: Food Token (431) was put into Graveyard from Battlefield.
Mana: Food Token (431) - {T}, Sacrifice this artifact: Add one mana of any color.
Add To Stack: Ai(1)-Destyn_Turtles cast Coin of Mastery
Resolve Stack: Coin of Mastery
Phase: Ai(1)-Destyn_Turtles' End step
Add To Stack: Ai(1)-Destyn_Turtles triggered High Score
Resolve Stack: At the beginning of your end step, draw a card if you control a creature with the greatest power among creatures on the battlefield. [Phase: Ai(1)-Destyn_Turtles]
Add To Stack: Ai(1)-Destyn_Turtles triggered Baxter, Fly in the Ointment
Replacement Effect: If one or more +1/+1 counters would be put on a creature you control, that many plus one +1/+1 counters are put on it instead.
Resolve Stack: Whenever you draw a card, put a +1/+1 counter on Baxter. [Player: Ai(1)-Destyn_Turtles]
Phase: Ai(1)-Destyn_Turtles' Cleanup step
Turn: Turn 55 (Ai(2)-GGS_Orochi_only)
Phase: Ai(2)-GGS_Orochi_only's Untap step
Phase: Ai(2)-GGS_Orochi_only's Upkeep step
Phase: Ai(2)-GGS_Orochi_only's Draw step
Phase: Ai(2)-GGS_Orochi_only's Main phase, precombat
Phase: Ai(2)-GGS_Orochi_only's Beginning of Combat Step
Phase: Ai(2)-GGS_Orochi_only's Declare Attackers Step
Combat: Ai(2)-GGS_Orochi_only assigned Prosperous Thief (127) to attack Ai(1)-Destyn_Turtles.
Add To Stack: Ai(1)-Destyn_Turtles activated Coin of Mastery
Resolve Stack: Coin of Mastery (21) - Ai(1)-Destyn_Turtles creates a Treasure token.
Add To Stack: Ai(1)-Destyn_Turtles triggered Leonardo, the Balance
Replacement Effect: If one or more +1/+1 counters would be put on a creature you control, that many plus one +1/+1 counters are put on it instead.
Replacement Effect: If one or more +1/+1 counters would be put on a creature you control, that many plus one +1/+1 counters are put on it instead.
Replacement Effect: If one or more +1/+1 counters would be put on a creature you control, that many plus one +1/+1 counters are put on it instead.
Replacement Effect: If one or more +1/+1 counters would be put on a creature you control, that many plus one +1/+1 counters are put on it instead.
Replacement Effect: If one or more +1/+1 counters would be put on a creature you control, that many plus one +1/+1 counters are put on it instead.
Replacement Effect: If one or more +1/+1 counters would be put on a creature you control, that many plus one +1/+1 counters are put on it instead.
Resolve Stack: Whenever a token you control enters, you may put a +1/+1 counter on each creature you control. Do this only once each turn. [Zone Changer: Treasure Token (701)]
Phase: Ai(2)-GGS_Orochi_only's Declare Blockers Step
Combat: Ai(1)-Destyn_Turtles didn't block Prosperous Thief (127).
Phase: Ai(2)-GGS_Orochi_only's First Strike Damage Step
Phase: Ai(2)-GGS_Orochi_only's Combat Damage Step
Damage: Prosperous Thief (127) deals 3 combat damage to Ai(1)-Destyn_Turtles.
Life: Life: Ai(1)-Destyn_Turtles 61 > 58
Add To Stack: Ai(2)-GGS_Orochi_only triggered Prosperous Thief
Resolve Stack: Whenever one or more Ninja or Rogue creatures you control deal combat damage to a player, create a Treasure token. (It's an artifact with "{T}, Sacrifice this token: Add one mana of any color.") [Damaged: Ai(1)-Destyn_Turtles, Amount: 3]
Phase: Ai(2)-GGS_Orochi_only's End of Combat Step
Phase: Ai(2)-GGS_Orochi_only's Main phase, postcombat
Mana: Mountain (195) - {T}: Add {R}.
Mana: Fellwar Stone (193) - {T}: Add one mana of any color that a land an opponent controls could produce.
Mana: Otawara, Soaring City (111) - {T}: Add {U}.
Mana: Training Center (130) - {T}: Add {U} or {R}.
Mana: Undercity Sewers (103) - {T}: Add {B}.
Add To Stack: Ai(2)-GGS_Orochi_only activated Aggravated Assault
Resolve Stack: Aggravated Assault (178) - Untap all creatures you control. After this main phase, there is an additional combat phase followed by an additional main phase. Activate only as a sorcery. 
Zone Change: Treasure Token (712) was put into Graveyard from Battlefield.
Mana: Treasure Token (712) - {T}, Sacrifice this token: Add one mana of any color.
Mana: Watery Grave (173) - {T}: Add {B}.
Add To Stack: Ai(2)-GGS_Orochi_only cast Determined Iteration
Resolve Stack: Determined Iteration
Phase: AdditionalAi(2)-GGS_Orochi_only's Beginning of Combat Step
Add To Stack: Ai(2)-GGS_Orochi_only triggered Determined Iteration
Resolve Stack: At the beginning of combat on your turn, populate. The token created this way gains haste. Sacrifice it at the beginning of the next end step. (To populate, create a token that's a copy of a creature token you control.) [Phase: Ai(2)-GGS_Orochi_only]
Phase: Ai(2)-GGS_Orochi_only's Declare Attackers Step
Combat: Ai(2)-GGS_Orochi_only assigned Prosperous Thief (127) to attack Ai(1)-Destyn_Turtles.
Phase: Ai(2)-GGS_Orochi_only's Declare Blockers Step
Combat: Ai(1)-Destyn_Turtles didn't block Prosperous Thief (127).
Phase: Ai(2)-GGS_Orochi_only's First Strike Damage Step
Phase: Ai(2)-GGS_Orochi_only's Combat Damage Step
Damage: Prosperous Thief (127) deals 3 combat damage to Ai(1)-Destyn_Turtles.
Life: Life: Ai(1)-Destyn_Turtles 58 > 55
Add To Stack: Ai(2)-GGS_Orochi_only triggered Prosperous Thief
Resolve Stack: Whenever one or more Ninja or Rogue creatures you control deal combat damage to a player, create a Treasure token. (It's an artifact with "{T}, Sacrifice this token: Add one mana of any color.") [Damaged: Ai(1)-Destyn_Turtles, Amount: 3]
Phase: Ai(2)-GGS_Orochi_only's End of Combat Step
Phase: Ai(2)-GGS_Orochi_only's Main phase, postcombat
Phase: Ai(2)-GGS_Orochi_only's End step
Add To Stack: Ai(2)-GGS_Orochi_only triggered Determined Iteration
Resolve Stack: Sacrifice  at the beginning of the next end step. [Phase: Ai(2)-GGS_Orochi_only]
Phase: Ai(2)-GGS_Orochi_only's Cleanup step
Turn: Turn 56 (Ai(3)-Jaymie_Ezio)
Phase: Ai(3)-Jaymie_Ezio's Untap step
Phase: Ai(3)-Jaymie_Ezio's Upkeep step
Phase: Ai(3)-Jaymie_Ezio's Draw step
Phase: Ai(3)-Jaymie_Ezio's Main phase, precombat
Phase: Ai(3)-Jaymie_Ezio's Beginning of Combat Step
Phase: Ai(3)-Jaymie_Ezio's Declare Attackers Step
Phase: Ai(3)-Jaymie_Ezio's Declare Blockers Step
Phase: Ai(3)-Jaymie_Ezio's First Strike Damage Step
Phase: Ai(3)-Jaymie_Ezio's Combat Damage Step
Phase: Ai(3)-Jaymie_Ezio's End of Combat Step
Phase: Ai(3)-Jaymie_Ezio's Main phase, postcombat
Mana: Command Tower (234) - {T}: Add one mana of any color in your commander's color identity.
Mana: Smoldering Marsh (273) - {T}: Add {B}.
Mana: Mountain (289) - {T}: Add {R}.
Add To Stack: Ai(3)-Jaymie_Ezio cast Rooftop Bypass
Resolve Stack: Rooftop Bypass
Phase: Ai(3)-Jaymie_Ezio's End step
Phase: Ai(3)-Jaymie_Ezio's Cleanup step
Turn: Turn 57 (Ai(4)-Gabe_Food)
Phase: Ai(4)-Gabe_Food's Untap step
Phase: Ai(4)-Gabe_Food's Upkeep step
Phase: Ai(4)-Gabe_Food's Draw step
Phase: Ai(4)-Gabe_Food's Main phase, precombat
Phase: Ai(4)-Gabe_Food's Beginning of Combat Step
Add To Stack: Ai(4)-Gabe_Food triggered Sam, Loyal Attendant
Resolve Stack: At the beginning of combat on your turn, create a Food token. (It's an artifact with "{2}, {T}, Sacrifice this token: You gain 3 life.") [Phase: Ai(4)-Gabe_Food]
Phase: Ai(4)-Gabe_Food's Declare Attackers Step
Phase: Ai(4)-Gabe_Food's Declare Blockers Step
Phase: Ai(4)-Gabe_Food's First Strike Damage Step
Phase: Ai(4)-Gabe_Food's Combat Damage Step
Phase: Ai(4)-Gabe_Food's End of Combat Step
Phase: Ai(4)-Gabe_Food's Main phase, postcombat
Mana: Plains (392) - {T}: Add {W}.
Mana: Plains (391) - {T}: Add {W}.
Mana: Swamp (365) - {T}: Add {B}.
Mana: Swamp (364) - {T}: Add {B}.
Mana: Swamp (363) - {T}: Add {B}.
Add To Stack: Ai(4)-Gabe_Food cast Call for Unity
Resolve Stack: Call for Unity
Mana: Prize Pig (332) - {T}: Add one mana of any color.
Mana: Forest (339) - {T}: Add {G}.
Mana: Swamp (366) - {T}: Add {B}.
Add To Stack: Ai(4)-Gabe_Food cast Merry, Warden of Isengard
Resolve Stack: Merry, Warden of Isengard - Creature 1 / 4
Add To Stack: Ai(4)-Gabe_Food triggered Merry, Warden of Isengard targeting [Ai(4)-Gabe_Food]
Resolve Stack: Partner with Pippin, Warden of Isengard (When this creature enters, target player may put Pippin into their hand from their library, then shuffle.) (Targeting: [[Ai(4)-Gabe_Food]]) [Zone Changer: Merry, Warden of Isengard (309)]
Phase: Ai(4)-Gabe_Food's End step
Phase: Ai(4)-Gabe_Food's Cleanup step
Turn: Turn 58 (Ai(1)-Destyn_Turtles)
Phase: Ai(1)-Destyn_Turtles' Untap step
Phase: Ai(1)-Destyn_Turtles' Upkeep step
Mana: Forest (35) - {T}: Add {G}.
Mana: Sol Ring (53) - {T}: Add {C}{C}.
Add To Stack: Ai(1)-Destyn_Turtles activated Steelbane Hydra targeting [Call for Unity (370)]
Zone Change: Call for Unity (370) was put into Graveyard from Battlefield.
Resolve Stack: Steelbane Hydra (34) - Destroy Call for Unity (370).
Mana: Hinterland Harbor (23) - {T}: Add {G} or {U}.
Mana: Ash Barrens (70) - {T}: Add {C}.
Mana: Plains (87) - {T}: Add {W}.
Add To Stack: Ai(1)-Destyn_Turtles activated Steelbane Hydra targeting [Sword of Feast and Famine (296)]
Zone Change: Sword of Feast and Famine (296) was put into Graveyard from Battlefield.
Resolve Stack: Steelbane Hydra (34) - Destroy Sword of Feast and Famine (296).
Mana: Vernal Fen (58) - {T}: Add {G}.
Mana: Dragonskull Summit (47) - {T}: Add {B} or {R}.
Mana: Sunken Hollow (24) - {T}: Add {B}.
Add To Stack: Ai(1)-Destyn_Turtles activated Steelbane Hydra targeting [Aggravated Assault (178)]
Zone Change: Aggravated Assault (178) was put into Graveyard from Battlefield.
Resolve Stack: Steelbane Hydra (34) - Destroy Aggravated Assault (178).
Mana: Path of Ancestry (12) - {T}: Add one mana of any color in your commander's color identity. When that mana is spent to cast a creature spell that shares a creature type with your commander, scry 1. (Look at the top card of your library. You may put that card on the bottom.)
Mana: Big Apple, 3 a.m. (71) - {T}: Add one mana of the chosen color.
Mana: Turtle Lair (69) - {T}: Add {C}.
Add To Stack: Ai(1)-Destyn_Turtles activated Steelbane Hydra targeting [Caduceus, Staff of Hermes (219)]
Zone Change: Caduceus, Staff of Hermes (219) was put into Graveyard from Battlefield.
Resolve Stack: Steelbane Hydra (34) - Destroy Caduceus, Staff of Hermes (219).
Phase: Ai(1)-Destyn_Turtles' Draw step
Add To Stack: Ai(1)-Destyn_Turtles triggered Baxter, Fly in the Ointment
Replacement Effect: If one or more +1/+1 counters would be put on a creature you control, that many plus one +1/+1 counters are put on it instead.
Resolve Stack: Whenever you draw a card, put a +1/+1 counter on Baxter. [Player: Ai(1)-Destyn_Turtles]
Phase: Ai(1)-Destyn_Turtles' Main phase, precombat
Phase: Ai(1)-Destyn_Turtles' Beginning of Combat Step
Add To Stack: Ai(1)-Destyn_Turtles activated Mole Module
Resolve Stack: Mole Module (64) - Mole Module (64) becomes an artifact creature until end of turn.
Phase: Ai(1)-Destyn_Turtles' Declare Attackers Step
Combat: Ai(1)-Destyn_Turtles assigned Baxter, Fly in the Ointment (27), Mole Module (64), Leonardo, the Balance (101), Michelangelo, the Heart (99), Tempestra, Dame of Games (79) and Steelbane Hydra (34) to attack Ai(4)-Gabe_Food.
Add To Stack: Ai(1)-Destyn_Turtles triggered Endless Foot Assault
Add To Stack: Ai(1)-Destyn_Turtles triggered Baxter, Fly in the Ointment
Add To Stack: Ai(1)-Destyn_Turtles triggered Baxter, Fly in the Ointment
Mana: Rogue's Passage (331) - {T}: Add {C}.
Zone Change: Food Token (429) was put into Graveyard from Battlefield.
Add To Stack: Ai(4)-Gabe_Food activated Food Token
Life: Life: Ai(4)-Gabe_Food 13 > 16
Resolve Stack: Food Token (429) - Ai(4)-Gabe_Food gains 3 life.
Add To Stack: Ai(4)-Gabe_Food triggered Prize Pig
Resolve Stack: Whenever you gain life, put that many ribbon counters on Prize Pig. Then if there are three or more ribbon counters on Prize Pig, remove those counters and untap it. [Player: Ai(4)-Gabe_Food, Gained Amount: 3]
Mana: Prize Pig (332) - {T}: Add one mana of any color.
Zone Change: Food Token (441) was put into Graveyard from Battlefield.
Add To Stack: Ai(4)-Gabe_Food activated Food Token
Life: Life: Ai(4)-Gabe_Food 16 > 19
Resolve Stack: Food Token (441) - Ai(4)-Gabe_Food gains 3 life.
Add To Stack: Ai(4)-Gabe_Food triggered Prize Pig
Resolve Stack: Whenever you gain life, put that many ribbon counters on Prize Pig. Then if there are three or more ribbon counters on Prize Pig, remove those counters and untap it. [Player: Ai(4)-Gabe_Food, Gained Amount: 3]
Mana: Prize Pig (332) - {T}: Add one mana of any color.
Zone Change: Food Token (455) was put into Graveyard from Battlefield.
Add To Stack: Ai(4)-Gabe_Food activated Food Token
Life: Life: Ai(4)-Gabe_Food 19 > 22
Resolve Stack: Food Token (455) - Ai(4)-Gabe_Food gains 3 life.
Add To Stack: Ai(4)-Gabe_Food triggered Prize Pig
Resolve Stack: Whenever you gain life, put that many ribbon counters on Prize Pig. Then if there are three or more ribbon counters on Prize Pig, remove those counters and untap it. [Player: Ai(4)-Gabe_Food, Gained Amount: 3]
Mana: Prize Pig (332) - {T}: Add one mana of any color.
Zone Change: Food Token (464) was put into Graveyard from Battlefield.
Add To Stack: Ai(4)-Gabe_Food activated Food Token
Life: Life: Ai(4)-Gabe_Food 22 > 25
Resolve Stack: Food Token (464) - Ai(4)-Gabe_Food gains 3 life.
Add To Stack: Ai(4)-Gabe_Food triggered Prize Pig
Resolve Stack: Whenever you gain life, put that many ribbon counters on Prize Pig. Then if there are three or more ribbon counters on Prize Pig, remove those counters and untap it. [Player: Ai(4)-Gabe_Food, Gained Amount: 3]
Mana: Prize Pig (332) - {T}: Add one mana of any color.
Zone Change: Food Token (531) was put into Graveyard from Battlefield.
Add To Stack: Ai(4)-Gabe_Food activated Food Token
Life: Life: Ai(4)-Gabe_Food 25 > 28
Resolve Stack: Food Token (531) - Ai(4)-Gabe_Food gains 3 life.
Add To Stack: Ai(4)-Gabe_Food triggered Prize Pig
Resolve Stack: Whenever you gain life, put that many ribbon counters on Prize Pig. Then if there are three or more ribbon counters on Prize Pig, remove those counters and untap it. [Player: Ai(4)-Gabe_Food, Gained Amount: 3]
Mana: Prize Pig (332) - {T}: Add one mana of any color.
Zone Change: Food Token (553) was put into Graveyard from Battlefield.
Add To Stack: Ai(4)-Gabe_Food activated Food Token
Life: Life: Ai(4)-Gabe_Food 28 > 31
Resolve Stack: Food Token (553) - Ai(4)-Gabe_Food gains 3 life.
Add To Stack: Ai(4)-Gabe_Food triggered Prize Pig
Resolve Stack: Whenever you gain life, put that many ribbon counters on Prize Pig. Then if there are three or more ribbon counters on Prize Pig, remove those counters and untap it. [Player: Ai(4)-Gabe_Food, Gained Amount: 3]
Mana: Prize Pig (332) - {T}: Add one mana of any color.
Add To Stack: Ai(4)-Gabe_Food activated Pippin, Warden of Isengard
Resolve Stack: Pippin, Warden of Isengard (343) - Ai(4)-Gabe_Food creates a Food Token.
Add To Stack: Ai(4)-Gabe_Food triggered Merry, Warden of Isengard
Resolve Stack: Whenever one or more artifacts you control enter, create a 1/1 white Soldier creature token with lifelink. This ability triggers only once each turn. [Amount: 1]
Resolve Stack: Whenever Baxter enters or attacks, each creature you control with a counter on it gains flying until end of turn. [Attacker: Baxter, Fly in the Ointment (27)]
Replacement Effect: If one or more +1/+1 counters would be put on a creature you control, that many plus one +1/+1 counters are put on it instead.
Resolve Stack: Whenever this creature attacks, double the number of +1/+1 counters on it. Then if it has power 10 or greater, draw a card. [Attacker: Baxter, Fly in the Ointment (27)]
Add To Stack: Ai(1)-Destyn_Turtles triggered Baxter, Fly in the Ointment
Replacement Effect: If one or more +1/+1 counters would be put on a creature you control, that many plus one +1/+1 counters are put on it instead.
Resolve Stack: Whenever you draw a card, put a +1/+1 counter on Baxter. [Player: Ai(1)-Destyn_Turtles]
Replacement Effect: Each creature you control enters with an additional +1/+1 counter on it for each mana from an artifact source spent to cast it.
Replacement Effect: Each creature you control enters with an additional +1/+1 counter on it for each mana from an artifact source spent to cast it.
Replacement Effect: Each creature you control enters with an additional +1/+1 counter on it for each mana from an artifact source spent to cast it.
Resolve Stack: Whenever you attack, for each opponent, create a 1/1 black Ninja creature token that's tapped and attacking that player. [Number Attackers: [Baxter, Fly in the Ointment (27), Mole Module (64), Leonardo, the Balance (101), Michelangelo, the Heart (99), Tempestra, Dame of Games (79), Steelbane Hydra (34)]]
Add To Stack: Ai(1)-Destyn_Turtles triggered Lita, Little Orphan Amphibian
Add To Stack: Ai(1)-Destyn_Turtles triggered Lita, Little Orphan Amphibian
Add To Stack: Ai(1)-Destyn_Turtles triggered Lita, Little Orphan Amphibian
Add To Stack: Ai(1)-Destyn_Turtles triggered Leonardo, the Balance
Add To Stack: Ai(1)-Destyn_Turtles triggered Leonardo, the Balance
Add To Stack: Ai(1)-Destyn_Turtles triggered Leonardo, the Balance
Replacement Effect: If one or more +1/+1 counters would be put on a creature you control, that many plus one +1/+1 counters are put on it instead.
Replacement Effect: If one or more +1/+1 counters would be put on a creature you control, that many plus one +1/+1 counters are put on it instead.
Replacement Effect: If one or more +1/+1 counters would be put on a creature you control, that many plus one +1/+1 counters are put on it instead.
Replacement Effect: If one or more +1/+1 counters would be put on a creature you control, that many plus one +1/+1 counters are put on it instead.
Replacement Effect: If one or more +1/+1 counters would be put on a creature you control, that many plus one +1/+1 counters are put on it instead.
Replacement Effect: If one or more +1/+1 counters would be put on a creature you control, that many plus one +1/+1 counters are put on it instead.
Replacement Effect: If one or more +1/+1 counters would be put on a creature you control, that many plus one +1/+1 counters are put on it instead.
Replacement Effect: If one or more +1/+1 counters would be put on a creature you control, that many plus one +1/+1 counters are put on it instead.
Replacement Effect: If one or more +1/+1 counters would be put on a creature you control, that many plus one +1/+1 counters are put on it instead.
Replacement Effect: If one or more +1/+1 counters would be put on a creature you control, that many plus one +1/+1 counters are put on it instead.
Resolve Stack: Whenever a token you control enters, you may put a +1/+1 counter on each creature you control. Do this only once each turn. [Zone Changer: Ninja Token (817)]
Resolve Stack: Whenever a token you control enters, you may put a +1/+1 counter on each creature you control. Do this only once each turn. [Zone Changer: Ninja Token (815)]
Resolve Stack: Whenever a token you control enters, you may put a +1/+1 counter on each creature you control. Do this only once each turn. [Zone Changer: Ninja Token (813)]
Resolve Stack: Ai(1)-Destyn_Turtles scried 1 card(s) to the bottom of the library
Resolve Stack: Alliance — Whenever another creature you control enters, scry 1. [Zone Changer: Ninja Token (817)]
Replacement Effect: If one or more +1/+1 counters would be put on a creature you control, that many plus one +1/+1 counters are put on it instead.
Resolve Stack: Alliance — Whenever another creature you control enters, put a +1/+1 counter on Lita. [Zone Changer: Ninja Token (815)]
Resolve Stack: Alliance — Whenever another creature you control enters, create a Food token. [Zone Changer: Ninja Token (813)]
Phase: Ai(1)-Destyn_Turtles' Declare Blockers Step
Combat: Ai(2)-GGS_Orochi_only didn't block Ninja Token (813).
Combat: Ai(3)-Jaymie_Ezio didn't block Ninja Token (815).
Combat: Ai(4)-Gabe_Food assigned Bird Token (611) to block Baxter, Fly in the Ointment (27).
Ai(4)-Gabe_Food didn't block Mole Module (64).
Ai(4)-Gabe_Food didn't block Leonardo, the Balance (101).
Ai(4)-Gabe_Food didn't block Michelangelo, the Heart (99).
Ai(4)-Gabe_Food didn't block Tempestra, Dame of Games (79).
Ai(4)-Gabe_Food didn't block Steelbane Hydra (34).
Ai(4)-Gabe_Food assigned Soldier Token (811) and Sam, Loyal Attendant (404) to block Ninja Token (817).
Phase: Ai(1)-Destyn_Turtles' First Strike Damage Step
Phase: Ai(1)-Destyn_Turtles' Combat Damage Step
Damage: Baxter, Fly in the Ointment (27) deals 69 damage to Bird Token (611).
Damage: Mole Module (64) deals 13 combat damage to Ai(4)-Gabe_Food.
Damage: Leonardo, the Balance (101) deals 10 combat damage to Ai(4)-Gabe_Food.
Damage: Michelangelo, the Heart (99) deals 9 combat damage to Ai(4)-Gabe_Food.
Damage: Tempestra, Dame of Games (79) deals 8 combat damage to Ai(4)-Gabe_Food.
Damage: Steelbane Hydra (34) deals 3 combat damage to Ai(4)-Gabe_Food.
Damage: Ninja Token (817) deals 2 damage to Sam, Loyal Attendant (404).
Damage: Ninja Token (817) deals 1 damage to Soldier Token (811).
Damage: Ninja Token (813) deals 3 combat damage to Ai(2)-GGS_Orochi_only.
Damage: Ninja Token (815) deals 3 combat damage to Ai(3)-Jaymie_Ezio.
Damage: Bird Token (611) deals 2 damage to Baxter, Fly in the Ointment (27).
Damage: Soldier Token (811) deals 1 damage to Ninja Token (817).
Life: Life: Ai(4)-Gabe_Food 31 > 32
Damage: Sam, Loyal Attendant (404) deals 2 damage to Ninja Token (817).
Life: Life: Ai(2)-GGS_Orochi_only 40 > 37
Life: Life: Ai(3)-Jaymie_Ezio 28 > 25
Life: Life: Ai(4)-Gabe_Food 32 > -11
Zone Change: Ninja Token (817) was put into Graveyard from Battlefield.
Add To Stack: Ai(1)-Destyn_Turtles triggered Mole Module
Zone Change: Ai(1)-Destyn_Turtles milled Ray Fillet, Wave Warrior (67), Super Combo (44), Casey Jones, Back Alley Brute (6) and Sodden Verdure (81).
Replacement Effect: Each creature you control enters with an additional +1/+1 counter on it for each mana from an artifact source spent to cast it.
Resolve Stack: Whenever this Vehicle deals combat damage to a player, mill four cards. You may put a permanent card from among them onto the battlefield. [Damage Source: Mole Module (64), Damaged: Ai(4)-Gabe_Food, Amount: 13]
Phase: Ai(1)-Destyn_Turtles' End of Combat Step
Phase: Ai(1)-Destyn_Turtles' Main phase, postcombat
Add To Stack: Ai(1)-Destyn_Turtles triggered Michelangelo, the Heart targeting [Baxter, Fly in the Ointment (27)]
Add To Stack: Ai(1)-Destyn_Turtles triggered Ninja Pizza
Resolve Stack: At the beginning of your second main phase, create a Food token. (It's an artifact with "{2}, {T}, Sacrifice this token: You gain 3 life.") [Phase: Ai(1)-Destyn_Turtles]
Replacement Effect: If one or more +1/+1 counters would be put on a creature you control, that many plus one +1/+1 counters are put on it instead.
Resolve Stack: Raid (the Fridge) — At the beginning of your second main phase, if you attacked this turn, put a +1/+1 counter on target creature and create a Food token. (Targeting: [[Baxter, Fly in the Ointment (27)]]) [Phase: Ai(1)-Destyn_Turtles]
Add To Stack: Ai(1)-Destyn_Turtles triggered Casey Jones, Back Alley Brute targeting [Ai(3)-Jaymie_Ezio]
Damage: Casey Jones, Back Alley Brute (6) deals 2 non-combat damage to Ai(3)-Jaymie_Ezio.
Life: Life: Ai(3)-Jaymie_Ezio 25 > 23
Resolve Stack: Whenever you put one or more +1/+1 counters on a creature you control, Casey Jones deals that much damage to target opponent. (Targeting: [[Ai(3)-Jaymie_Ezio]]) [Added once: Baxter, Fly in the Ointment (27) Amount: 2]
Zone Change: Treasure Token (701) was put into Graveyard from Battlefield.
Mana: Treasure Token (701) - {T}, Sacrifice this token: Add one mana of any color.
Zone Change: Food Token (830) was put into Graveyard from Battlefield.
Mana: Food Token (830) - {T}, Sacrifice this artifact: Add one mana of any color.
Zone Change: Food Token (828) was put into Graveyard from Battlefield.
Mana: Food Token (828) - {T}, Sacrifice this artifact: Add one mana of any color.
Add To Stack: Ai(1)-Destyn_Turtles cast Rocksteady, Mutant Marauder
Replacement Effect: Each creature you control enters with an additional +1/+1 counter on it for each mana from an artifact source spent to cast it.
Replacement Effect: If one or more +1/+1 counters would be put on a creature you control, that many plus one +1/+1 counters are put on it instead.
Resolve Stack: Rocksteady, Mutant Marauder - Creature 3 / 3
Add To Stack: Ai(1)-Destyn_Turtles triggered Casey Jones, Back Alley Brute targeting [Ai(3)-Jaymie_Ezio]
Add To Stack: Ai(1)-Destyn_Turtles triggered Rocksteady, Mutant Marauder targeting [Ai(1)-Destyn_Turtles]
Resolve Stack: Partner with Bebop, Skull & Crossbones (When this creature enters, target player may put Bebop into their hand from their library, then shuffle.) (Targeting: [[Ai(1)-Destyn_Turtles]]) [Zone Changer: Rocksteady, Mutant Marauder (82)]
Damage: Casey Jones, Back Alley Brute (6) deals 4 non-combat damage to Ai(3)-Jaymie_Ezio.
Life: Life: Ai(3)-Jaymie_Ezio 23 > 19
Resolve Stack: Whenever you put one or more +1/+1 counters on a creature you control, Casey Jones deals that much damage to target opponent. (Targeting: [[Ai(3)-Jaymie_Ezio]]) [Added once: Rocksteady, Mutant Marauder (82) Amount: 4]
Phase: Ai(1)-Destyn_Turtles' End step
Add To Stack: Ai(1)-Destyn_Turtles triggered High Score
Resolve Stack: At the beginning of your end step, draw a card if you control a creature with the greatest power among creatures on the battlefield. [Phase: Ai(1)-Destyn_Turtles]
Add To Stack: Ai(1)-Destyn_Turtles triggered Baxter, Fly in the Ointment
Replacement Effect: If one or more +1/+1 counters would be put on a creature you control, that many plus one +1/+1 counters are put on it instead.
Resolve Stack: Whenever you draw a card, put a +1/+1 counter on Baxter. [Player: Ai(1)-Destyn_Turtles]
Add To Stack: Ai(1)-Destyn_Turtles triggered Casey Jones, Back Alley Brute targeting [Ai(3)-Jaymie_Ezio]
Damage: Casey Jones, Back Alley Brute (6) deals 2 non-combat damage to Ai(3)-Jaymie_Ezio.
Life: Life: Ai(3)-Jaymie_Ezio 19 > 17
Resolve Stack: Whenever you put one or more +1/+1 counters on a creature you control, Casey Jones deals that much damage to target opponent. (Targeting: [[Ai(3)-Jaymie_Ezio]]) [Added once: Baxter, Fly in the Ointment (27) Amount: 2]
Phase: Ai(1)-Destyn_Turtles' Cleanup step
Turn: Turn 59 (Ai(2)-GGS_Orochi_only)
Phase: Ai(2)-GGS_Orochi_only's Untap step
Phase: Ai(2)-GGS_Orochi_only's Upkeep step
Phase: Ai(2)-GGS_Orochi_only's Draw step
Phase: Ai(2)-GGS_Orochi_only's Main phase, precombat
Phase: Ai(2)-GGS_Orochi_only's Beginning of Combat Step
Add To Stack: Ai(2)-GGS_Orochi_only triggered Determined Iteration
Resolve Stack: At the beginning of combat on your turn, populate. The token created this way gains haste. Sacrifice it at the beginning of the next end step. (To populate, create a token that's a copy of a creature token you control.) [Phase: Ai(2)-GGS_Orochi_only]
Phase: Ai(2)-GGS_Orochi_only's Declare Attackers Step
Add To Stack: Ai(1)-Destyn_Turtles activated Coin of Mastery
Resolve Stack: Coin of Mastery (21) - Ai(1)-Destyn_Turtles creates a Treasure token.
Add To Stack: Ai(1)-Destyn_Turtles triggered Leonardo, the Balance
Replacement Effect: If one or more +1/+1 counters would be put on a creature you control, that many plus one +1/+1 counters are put on it instead.
Replacement Effect: If one or more +1/+1 counters would be put on a creature you control, that many plus one +1/+1 counters are put on it instead.
Replacement Effect: If one or more +1/+1 counters would be put on a creature you control, that many plus one +1/+1 counters are put on it instead.
Replacement Effect: If one or more +1/+1 counters would be put on a creature you control, that many plus one +1/+1 counters are put on it instead.
Replacement Effect: If one or more +1/+1 counters would be put on a creature you control, that many plus one +1/+1 counters are put on it instead.
Replacement Effect: If one or more +1/+1 counters would be put on a creature you control, that many plus one +1/+1 counters are put on it instead.
Replacement Effect: If one or more +1/+1 counters would be put on a creature you control, that many plus one +1/+1 counters are put on it instead.
Replacement Effect: If one or more +1/+1 counters would be put on a creature you control, that many plus one +1/+1 counters are put on it instead.
Replacement Effect: If one or more +1/+1 counters would be put on a creature you control, that many plus one +1/+1 counters are put on it instead.
Replacement Effect: If one or more +1/+1 counters would be put on a creature you control, that many plus one +1/+1 counters are put on it instead.
Resolve Stack: Whenever a token you control enters, you may put a +1/+1 counter on each creature you control. Do this only once each turn. [Zone Changer: Treasure Token (842)]
Add To Stack: Ai(1)-Destyn_Turtles triggered Casey Jones, Back Alley Brute targeting [Ai(3)-Jaymie_Ezio]
Add To Stack: Ai(1)-Destyn_Turtles triggered Casey Jones, Back Alley Brute targeting [Ai(3)-Jaymie_Ezio]
Add To Stack: Ai(1)-Destyn_Turtles triggered Casey Jones, Back Alley Brute targeting [Ai(3)-Jaymie_Ezio]
Add To Stack: Ai(1)-Destyn_Turtles triggered Casey Jones, Back Alley Brute targeting [Ai(3)-Jaymie_Ezio]
Add To Stack: Ai(1)-Destyn_Turtles triggered Casey Jones, Back Alley Brute targeting [Ai(3)-Jaymie_Ezio]
Add To Stack: Ai(1)-Destyn_Turtles triggered Casey Jones, Back Alley Brute targeting [Ai(3)-Jaymie_Ezio]
Add To Stack: Ai(1)-Destyn_Turtles triggered Casey Jones, Back Alley Brute targeting [Ai(3)-Jaymie_Ezio]
Add To Stack: Ai(1)-Destyn_Turtles triggered Casey Jones, Back Alley Brute targeting [Ai(3)-Jaymie_Ezio]
Add To Stack: Ai(1)-Destyn_Turtles triggered Casey Jones, Back Alley Brute targeting [Ai(3)-Jaymie_Ezio]
Add To Stack: Ai(1)-Destyn_Turtles triggered Casey Jones, Back Alley Brute targeting [Ai(3)-Jaymie_Ezio]
Damage: Casey Jones, Back Alley Brute (6) deals 2 non-combat damage to Ai(3)-Jaymie_Ezio.
Life: Life: Ai(3)-Jaymie_Ezio 17 > 15
Resolve Stack: Whenever you put one or more +1/+1 counters on a creature you control, Casey Jones deals that much damage to target opponent. (Targeting: [[Ai(3)-Jaymie_Ezio]]) [Added once: Rocksteady, Mutant Marauder (82) Amount: 2]
Damage: Casey Jones, Back Alley Brute (6) deals 2 non-combat damage to Ai(3)-Jaymie_Ezio.
Life: Life: Ai(3)-Jaymie_Ezio 15 > 13
Resolve Stack: Whenever you put one or more +1/+1 counters on a creature you control, Casey Jones deals that much damage to target opponent. (Targeting: [[Ai(3)-Jaymie_Ezio]]) [Added once: Casey Jones, Back Alley Brute (6) Amount: 2]
Damage: Casey Jones, Back Alley Brute (6) deals 2 non-combat damage to Ai(3)-Jaymie_Ezio.
Life: Life: Ai(3)-Jaymie_Ezio 13 > 11
Resolve Stack: Whenever you put one or more +1/+1 counters on a creature you control, Casey Jones deals that much damage to target opponent. (Targeting: [[Ai(3)-Jaymie_Ezio]]) [Added once: Ninja Token (815) Amount: 2]
Damage: Casey Jones, Back Alley Brute (6) deals 2 non-combat damage to Ai(3)-Jaymie_Ezio.
Life: Life: Ai(3)-Jaymie_Ezio 11 > 9
Resolve Stack: Whenever you put one or more +1/+1 counters on a creature you control, Casey Jones deals that much damage to target opponent. (Targeting: [[Ai(3)-Jaymie_Ezio]]) [Added once: Ninja Token (813) Amount: 2]
Damage: Casey Jones, Back Alley Brute (6) deals 2 non-combat damage to Ai(3)-Jaymie_Ezio.
Life: Life: Ai(3)-Jaymie_Ezio 9 > 7
Resolve Stack: Whenever you put one or more +1/+1 counters on a creature you control, Casey Jones deals that much damage to target opponent. (Targeting: [[Ai(3)-Jaymie_Ezio]]) [Added once: Tempestra, Dame of Games (79) Amount: 2]
Damage: Casey Jones, Back Alley Brute (6) deals 2 non-combat damage to Ai(3)-Jaymie_Ezio.
Life: Life: Ai(3)-Jaymie_Ezio 7 > 5
Resolve Stack: Whenever you put one or more +1/+1 counters on a creature you control, Casey Jones deals that much damage to target opponent. (Targeting: [[Ai(3)-Jaymie_Ezio]]) [Added once: Steelbane Hydra (34) Amount: 2]
Damage: Casey Jones, Back Alley Brute (6) deals 2 non-combat damage to Ai(3)-Jaymie_Ezio.
Life: Life: Ai(3)-Jaymie_Ezio 5 > 3
Resolve Stack: Whenever you put one or more +1/+1 counters on a creature you control, Casey Jones deals that much damage to target opponent. (Targeting: [[Ai(3)-Jaymie_Ezio]]) [Added once: Lita, Little Orphan Amphibian (46) Amount: 2]
Damage: Casey Jones, Back Alley Brute (6) deals 2 non-combat damage to Ai(3)-Jaymie_Ezio.
Life: Life: Ai(3)-Jaymie_Ezio 3 > 1
Resolve Stack: Whenever you put one or more +1/+1 counters on a creature you control, Casey Jones deals that much damage to target opponent. (Targeting: [[Ai(3)-Jaymie_Ezio]]) [Added once: Michelangelo, the Heart (99) Amount: 2]
Damage: Casey Jones, Back Alley Brute (6) deals 2 non-combat damage to Ai(3)-Jaymie_Ezio.
Life: Life: Ai(3)-Jaymie_Ezio 1 > -1
Resolve Stack: Whenever you put one or more +1/+1 counters on a creature you control, Casey Jones deals that much damage to target opponent. (Targeting: [[Ai(3)-Jaymie_Ezio]]) [Added once: Baxter, Fly in the Ointment (27) Amount: 2]
Resolve Stack: Casey Jones, Back Alley Brute ability fizzles.
Phase: Ai(2)-GGS_Orochi_only's Declare Blockers Step
Phase: Ai(2)-GGS_Orochi_only's First Strike Damage Step
Phase: Ai(2)-GGS_Orochi_only's Combat Damage Step
Phase: Ai(2)-GGS_Orochi_only's End of Combat Step
Phase: Ai(2)-GGS_Orochi_only's Main phase, postcombat
Land: Ai(2)-GGS_Orochi_only played Gloomlake Verge (125)
Mana: Fellwar Stone (193) - {T}: Add one mana of any color that a land an opponent controls could produce.
Mana: Undercity Sewers (103) - {T}: Add {B}.
Mana: Otawara, Soaring City (111) - {T}: Add {U}.
Mana: Mountain (195) - {T}: Add {R}.
Mana: Training Center (130) - {T}: Add {U} or {R}.
Mana: Watery Grave (173) - {T}: Add {B}.
Mana: Gloomlake Verge (125) - {T}: Add {B}. Activate only if you control an Island or a Swamp.
Add To Stack: Ai(2)-GGS_Orochi_only cast Goro-Goro and Satoru
Resolve Stack: Goro-Goro and Satoru - Creature 3 / 4
Phase: Ai(2)-GGS_Orochi_only's End step
Add To Stack: Ai(2)-GGS_Orochi_only triggered Determined Iteration
Resolve Stack: Sacrifice  at the beginning of the next end step. [Phase: Ai(2)-GGS_Orochi_only]
Phase: Ai(2)-GGS_Orochi_only's Cleanup step
Turn: Turn 60 (Ai(1)-Destyn_Turtles)
Phase: Ai(1)-Destyn_Turtles' Untap step
Phase: Ai(1)-Destyn_Turtles' Upkeep step
Mana: Forest (35) - {T}: Add {G}.
Mana: Sol Ring (53) - {T}: Add {C}{C}.
Add To Stack: Ai(1)-Destyn_Turtles activated Steelbane Hydra targeting [Fellwar Stone (193)]
Zone Change: Fellwar Stone (193) was put into Graveyard from Battlefield.
Resolve Stack: Steelbane Hydra (34) - Destroy Fellwar Stone (193).
Mana: Hinterland Harbor (23) - {T}: Add {G} or {U}.
Mana: Ash Barrens (70) - {T}: Add {C}.
Mana: Plains (87) - {T}: Add {W}.
Add To Stack: Ai(1)-Destyn_Turtles activated Steelbane Hydra targeting [Determined Iteration (133)]
Zone Change: Determined Iteration (133) was put into Graveyard from Battlefield.
Resolve Stack: Steelbane Hydra (34) - Destroy Determined Iteration (133).
Phase: Ai(1)-Destyn_Turtles' Draw step
Add To Stack: Ai(1)-Destyn_Turtles triggered Baxter, Fly in the Ointment
Replacement Effect: If one or more +1/+1 counters would be put on a creature you control, that many plus one +1/+1 counters are put on it instead.
Resolve Stack: Whenever you draw a card, put a +1/+1 counter on Baxter. [Player: Ai(1)-Destyn_Turtles]
Add To Stack: Ai(1)-Destyn_Turtles triggered Casey Jones, Back Alley Brute targeting [Ai(2)-GGS_Orochi_only]
Damage: Casey Jones, Back Alley Brute (6) deals 2 non-combat damage to Ai(2)-GGS_Orochi_only.
Life: Life: Ai(2)-GGS_Orochi_only 37 > 35
Resolve Stack: Whenever you put one or more +1/+1 counters on a creature you control, Casey Jones deals that much damage to target opponent. (Targeting: [[Ai(2)-GGS_Orochi_only]]) [Added once: Baxter, Fly in the Ointment (27) Amount: 2]
Phase: Ai(1)-Destyn_Turtles' Main phase, precombat
Land: Ai(1)-Destyn_Turtles played Vibrant Cityscape (74)
Zone Change: Vibrant Cityscape (74) was put into Graveyard from Battlefield.
Add To Stack: Ai(1)-Destyn_Turtles activated Vibrant Cityscape
Resolve Stack: Vibrant Cityscape (74) - Ai(1)-Destyn_Turtles searches their library for a basic land card, puts it onto the battlefield tapped, then shuffles.
Mana: Vernal Fen (58) - {T}: Add {G}.
Mana: Path of Ancestry (12) - {T}: Add one mana of any color in your commander's color identity. When that mana is spent to cast a creature spell that shares a creature type with your commander, scry 1. (Look at the top card of your library. You may put that card on the bottom.)
Mana: Dragonskull Summit (47) - {T}: Add {B} or {R}.
Mana: Sunken Hollow (24) - {T}: Add {B}.
Mana: Big Apple, 3 a.m. (71) - {T}: Add one mana of the chosen color.
Mana: Turtle Lair (69) - {T}: Add {C}.
Zone Change: Treasure Token (842) was put into Graveyard from Battlefield.
Mana: Treasure Token (842) - {T}, Sacrifice this token: Add one mana of any color.
Add To Stack: Ai(1)-Destyn_Turtles cast Leatherhead, Iron Gator
Add To Stack: Ai(1)-Destyn_Turtles triggered Path of Ancestry
Resolve Stack: Ai(1)-Destyn_Turtles scried 1 card(s) to the bottom of the library
Resolve Stack: When mana produced by Path of Ancestry is spent to cast a creature spell that shares a creature type with your commander, scry 1. ([Leatherhead, Iron Gator - Creature 5 / 5]) [Card: Leatherhead, Iron Gator (78), Activator: Ai(1)-Destyn_Turtles, SpellAbility: Leatherhead, Iron Gator - Creature 5 / 5]
Replacement Effect: Each creature you control enters with an additional +1/+1 counter on it for each mana from an artifact source spent to cast it.
Replacement Effect: If one or more +1/+1 counters would be put on a creature you control, that many plus one +1/+1 counters are put on it instead.
Resolve Stack: Leatherhead, Iron Gator - Creature 5 / 5
Add To Stack: Ai(1)-Destyn_Turtles triggered Casey Jones, Back Alley Brute targeting [Ai(2)-GGS_Orochi_only]
Add To Stack: Ai(1)-Destyn_Turtles triggered Lita, Little Orphan Amphibian
Add To Stack: Ai(1)-Destyn_Turtles triggered Rocksteady, Mutant Marauder targeting [Baxter, Fly in the Ointment (27)]
Replacement Effect: If one or more +1/+1 counters would be put on a creature you control, that many plus one +1/+1 counters are put on it instead.
Resolve Stack: Whenever another nontoken creature you control enters, put a +1/+1 counter on target creature. (Targeting: [[Baxter, Fly in the Ointment (27)]]) [Zone Changer: Leatherhead, Iron Gator (78)]
Add To Stack: Ai(1)-Destyn_Turtles triggered Casey Jones, Back Alley Brute targeting [Ai(2)-GGS_Orochi_only]
Damage: Casey Jones, Back Alley Brute (6) deals 2 non-combat damage to Ai(2)-GGS_Orochi_only.
Life: Life: Ai(2)-GGS_Orochi_only 35 > 33
Resolve Stack: Whenever you put one or more +1/+1 counters on a creature you control, Casey Jones deals that much damage to target opponent. (Targeting: [[Ai(2)-GGS_Orochi_only]]) [Added once: Baxter, Fly in the Ointment (27) Amount: 2]
Resolve Stack: Ai(1)-Destyn_Turtles scried 1 card(s) to the bottom of the library
Resolve Stack: Alliance — Whenever another creature you control enters, scry 1. [Zone Changer: Leatherhead, Iron Gator (78)]
Damage: Casey Jones, Back Alley Brute (6) deals 2 non-combat damage to Ai(2)-GGS_Orochi_only.
Life: Life: Ai(2)-GGS_Orochi_only 33 > 31
Resolve Stack: Whenever you put one or more +1/+1 counters on a creature you control, Casey Jones deals that much damage to target opponent. (Targeting: [[Ai(2)-GGS_Orochi_only]]) [Added once: Leatherhead, Iron Gator (78) Amount: 2]
Phase: Ai(1)-Destyn_Turtles' Beginning of Combat Step
Add To Stack: Ai(1)-Destyn_Turtles activated Mole Module
Resolve Stack: Mole Module (64) - Mole Module (64) becomes an artifact creature until end of turn.
Phase: Ai(1)-Destyn_Turtles' Declare Attackers Step
Combat: Ai(1)-Destyn_Turtles assigned Baxter, Fly in the Ointment (27), Mole Module (64), Lita, Little Orphan Amphibian (46), Leonardo, the Balance (101), Michelangelo, the Heart (99), Tempestra, Dame of Games (79), Rocksteady, Mutant Marauder (82), Leatherhead, Iron Gator (78), Casey Jones, Back Alley Brute (6), Ninja Token (813) and Ninja Token (815) to attack Ai(2)-GGS_Orochi_only.
Add To Stack: Ai(1)-Destyn_Turtles triggered Endless Foot Assault
Add To Stack: Ai(1)-Destyn_Turtles triggered Baxter, Fly in the Ointment
Add To Stack: Ai(1)-Destyn_Turtles triggered Leatherhead, Iron Gator
Add To Stack: Ai(1)-Destyn_Turtles triggered Casey Jones, Back Alley Brute targeting [Baxter, Fly in the Ointment (27)]
Add To Stack: Ai(1)-Destyn_Turtles triggered Baxter, Fly in the Ointment
Resolve Stack: Whenever Baxter enters or attacks, each creature you control with a counter on it gains flying until end of turn. [Attacker: Baxter, Fly in the Ointment (27)]
Replacement Effect: If one or more +1/+1 counters would be put on a creature you control, that many plus one +1/+1 counters are put on it instead.
Resolve Stack: Whenever Casey Jones attacks, put a +1/+1 counter on target attacking creature. (Targeting: [[Baxter, Fly in the Ointment (27)]]) [Attacker: Casey Jones, Back Alley Brute (6)]
Add To Stack: Ai(1)-Destyn_Turtles triggered Casey Jones, Back Alley Brute targeting [Ai(2)-GGS_Orochi_only]
Damage: Casey Jones, Back Alley Brute (6) deals 2 non-combat damage to Ai(2)-GGS_Orochi_only.
Life: Life: Ai(2)-GGS_Orochi_only 31 > 29
Resolve Stack: Whenever you put one or more +1/+1 counters on a creature you control, Casey Jones deals that much damage to target opponent. (Targeting: [[Ai(2)-GGS_Orochi_only]]) [Added once: Baxter, Fly in the Ointment (27) Amount: 2]
Replacement Effect: If one or more +1/+1 counters would be put on a creature you control, that many plus one +1/+1 counters are put on it instead.
Replacement Effect: If one or more +1/+1 counters would be put on a creature you control, that many plus one +1/+1 counters are put on it instead.
Replacement Effect: If one or more +1/+1 counters would be put on a creature you control, that many plus one +1/+1 counters are put on it instead.
Replacement Effect: If one or more +1/+1 counters would be put on a creature you control, that many plus one +1/+1 counters are put on it instead.
Replacement Effect: If one or more +1/+1 counters would be put on a creature you control, that many plus one +1/+1 counters are put on it instead.
Replacement Effect: If one or more +1/+1 counters would be put on a creature you control, that many plus one +1/+1 counters are put on it instead.
Replacement Effect: If one or more +1/+1 counters would be put on a creature you control, that many plus one +1/+1 counters are put on it instead.
Replacement Effect: If one or more +1/+1 counters would be put on a creature you control, that many plus one +1/+1 counters are put on it instead.
Replacement Effect: If one or more +1/+1 counters would be put on a creature you control, that many plus one +1/+1 counters are put on it instead.
Replacement Effect: If one or more +1/+1 counters would be put on a creature you control, that many plus one +1/+1 counters are put on it instead.
Replacement Effect: If one or more +1/+1 counters would be put on a creature you control, that many plus one +1/+1 counters are put on it instead.
Replacement Effect: If one or more +1/+1 counters would be put on a creature you control, that many plus one +1/+1 counters are put on it instead.
Resolve Stack: Whenever Leatherhead attacks, put two +1/+1 counters on each creature you control. [Attacker: Leatherhead, Iron Gator (78)]
Add To Stack: Ai(1)-Destyn_Turtles triggered Casey Jones, Back Alley Brute targeting [Ai(2)-GGS_Orochi_only]
Add To Stack: Ai(1)-Destyn_Turtles triggered Casey Jones, Back Alley Brute targeting [Ai(2)-GGS_Orochi_only]
Add To Stack: Ai(1)-Destyn_Turtles triggered Casey Jones, Back Alley Brute targeting [Ai(2)-GGS_Orochi_only]
Add To Stack: Ai(1)-Destyn_Turtles triggered Casey Jones, Back Alley Brute targeting [Ai(2)-GGS_Orochi_only]
Add To Stack: Ai(1)-Destyn_Turtles triggered Casey Jones, Back Alley Brute targeting [Ai(2)-GGS_Orochi_only]
Add To Stack: Ai(1)-Destyn_Turtles triggered Casey Jones, Back Alley Brute targeting [Ai(2)-GGS_Orochi_only]
Add To Stack: Ai(1)-Destyn_Turtles triggered Casey Jones, Back Alley Brute targeting [Ai(2)-GGS_Orochi_only]
Add To Stack: Ai(1)-Destyn_Turtles triggered Casey Jones, Back Alley Brute targeting [Ai(2)-GGS_Orochi_only]
Add To Stack: Ai(1)-Destyn_Turtles triggered Casey Jones, Back Alley Brute targeting [Ai(2)-GGS_Orochi_only]
Add To Stack: Ai(1)-Destyn_Turtles triggered Casey Jones, Back Alley Brute targeting [Ai(2)-GGS_Orochi_only]
Add To Stack: Ai(1)-Destyn_Turtles triggered Casey Jones, Back Alley Brute targeting [Ai(2)-GGS_Orochi_only]
Add To Stack: Ai(1)-Destyn_Turtles triggered Casey Jones, Back Alley Brute targeting [Ai(2)-GGS_Orochi_only]
Damage: Casey Jones, Back Alley Brute (6) deals 3 non-combat damage to Ai(2)-GGS_Orochi_only.
Life: Life: Ai(2)-GGS_Orochi_only 29 > 26
Resolve Stack: Whenever you put one or more +1/+1 counters on a creature you control, Casey Jones deals that much damage to target opponent. (Targeting: [[Ai(2)-GGS_Orochi_only]]) [Added once: Leatherhead, Iron Gator (78) Amount: 3]
Damage: Casey Jones, Back Alley Brute (6) deals 3 non-combat damage to Ai(2)-GGS_Orochi_only.
Life: Life: Ai(2)-GGS_Orochi_only 26 > 23
Resolve Stack: Whenever you put one or more +1/+1 counters on a creature you control, Casey Jones deals that much damage to target opponent. (Targeting: [[Ai(2)-GGS_Orochi_only]]) [Added once: Rocksteady, Mutant Marauder (82) Amount: 3]
Damage: Casey Jones, Back Alley Brute (6) deals 3 non-combat damage to Ai(2)-GGS_Orochi_only.
Life: Life: Ai(2)-GGS_Orochi_only 23 > 20
Resolve Stack: Whenever you put one or more +1/+1 counters on a creature you control, Casey Jones deals that much damage to target opponent. (Targeting: [[Ai(2)-GGS_Orochi_only]]) [Added once: Casey Jones, Back Alley Brute (6) Amount: 3]
Damage: Casey Jones, Back Alley Brute (6) deals 3 non-combat damage to Ai(2)-GGS_Orochi_only.
Life: Life: Ai(2)-GGS_Orochi_only 20 > 17
Resolve Stack: Whenever you put one or more +1/+1 counters on a creature you control, Casey Jones deals that much damage to target opponent. (Targeting: [[Ai(2)-GGS_Orochi_only]]) [Added once: Ninja Token (815) Amount: 3]
Damage: Casey Jones, Back Alley Brute (6) deals 3 non-combat damage to Ai(2)-GGS_Orochi_only.
Life: Life: Ai(2)-GGS_Orochi_only 17 > 14
Resolve Stack: Whenever you put one or more +1/+1 counters on a creature you control, Casey Jones deals that much damage to target opponent. (Targeting: [[Ai(2)-GGS_Orochi_only]]) [Added once: Ninja Token (813) Amount: 3]
Damage: Casey Jones, Back Alley Brute (6) deals 3 non-combat damage to Ai(2)-GGS_Orochi_only.
Life: Life: Ai(2)-GGS_Orochi_only 14 > 11
Resolve Stack: Whenever you put one or more +1/+1 counters on a creature you control, Casey Jones deals that much damage to target opponent. (Targeting: [[Ai(2)-GGS_Orochi_only]]) [Added once: Tempestra, Dame of Games (79) Amount: 3]
Damage: Casey Jones, Back Alley Brute (6) deals 3 non-combat damage to Ai(2)-GGS_Orochi_only.
Life: Life: Ai(2)-GGS_Orochi_only 11 > 8
Resolve Stack: Whenever you put one or more +1/+1 counters on a creature you control, Casey Jones deals that much damage to target opponent. (Targeting: [[Ai(2)-GGS_Orochi_only]]) [Added once: Steelbane Hydra (34) Amount: 3]
Damage: Casey Jones, Back Alley Brute (6) deals 3 non-combat damage to Ai(2)-GGS_Orochi_only.
Life: Life: Ai(2)-GGS_Orochi_only 8 > 5
Resolve Stack: Whenever you put one or more +1/+1 counters on a creature you control, Casey Jones deals that much damage to target opponent. (Targeting: [[Ai(2)-GGS_Orochi_only]]) [Added once: Lita, Little Orphan Amphibian (46) Amount: 3]
Damage: Casey Jones, Back Alley Brute (6) deals 3 non-combat damage to Ai(2)-GGS_Orochi_only.
Life: Life: Ai(2)-GGS_Orochi_only 5 > 2
Resolve Stack: Whenever you put one or more +1/+1 counters on a creature you control, Casey Jones deals that much damage to target opponent. (Targeting: [[Ai(2)-GGS_Orochi_only]]) [Added once: Michelangelo, the Heart (99) Amount: 3]
Damage: Casey Jones, Back Alley Brute (6) deals 3 non-combat damage to Ai(2)-GGS_Orochi_only.
Life: Life: Ai(2)-GGS_Orochi_only 2 > -1
Resolve Stack: Whenever you put one or more +1/+1 counters on a creature you control, Casey Jones deals that much damage to target opponent. (Targeting: [[Ai(2)-GGS_Orochi_only]]) [Added once: Baxter, Fly in the Ointment (27) Amount: 3]
Player Control: Ai(1)-Destyn_Turtles has restored control over themself
Player Control: Ai(2)-GGS_Orochi_only has restored control over themself
Player Control: Ai(3)-Jaymie_Ezio has restored control over themself
Player Control: Ai(4)-Gabe_Food has restored control over themself
Game Outcome: Match Duration 3m : 37s
Game Outcome: Turn 30
Game Outcome: Ai(1)-Destyn_Turtles has won because all opponents have lost
Game Outcome: Ai(2)-GGS_Orochi_only has lost because life total reached 0
Game Outcome: Ai(3)-Jaymie_Ezio has lost because life total reached 0
Game Outcome: Ai(4)-Gabe_Food has lost because life total reached 0
Match Result: Ai(1)-Destyn_Turtles: 1 Ai(2)-GGS_Orochi_only: 0 Ai(3)-Jaymie_Ezio: 0 Ai(4)-Gabe_Food: 0 

Game Result: Game 1 ended in 219866 ms. Ai(1)-Destyn_Turtles has won!

