Error handling registered!
20:23:27 [INFO ] GuiBase: ##########################################
20:23:27 [INFO ] GuiBase: APP: Forge v.2.0.15-SNAPSHOT-09.28
20:23:27 [INFO ] GuiBase: Java: 17.0.20 (Ubuntu)
20:23:27 [INFO ] GuiBase: OS: Linux 6.18.44 amd64
20:23:27 [INFO ] GuiBase: RAM: 1536 MB max, 8 CPUs
20:23:27 [INFO ] GuiBase: ##########################################
Language 'en-US' loaded successfully.
(ThreadUtil first call): Running with priority 5
Read cards: 34010 archived files in 2 ms (25 parts) using thread pool
Upcoming set Star Trek (TRK) dated in the future. All `upcoming` cards will be added to this set with unknown rarity.
The card A-Alrund's Epiphany was not assigned to any set. Adding it to UNKNOWN set... to fix see res/editions/ folder. 
The card A-Baba Lysaga, Night Witch was not assigned to any set. Adding it to UNKNOWN set... to fix see res/editions/ folder. 
The card A-Divide by Zero was not assigned to any set. Adding it to UNKNOWN set... to fix see res/editions/ folder. 
The card A-Esika's Chariot was not assigned to any set. Adding it to UNKNOWN set... to fix see res/editions/ folder. 
The card A-Faceless Haven was not assigned to any set. Adding it to UNKNOWN set... to fix see res/editions/ folder. 
The card A-Fires of Invention was not assigned to any set. Adding it to UNKNOWN set... to fix see res/editions/ folder. 
The card A-Goldspan Dragon was not assigned to any set. Adding it to UNKNOWN set... to fix see res/editions/ folder. 
The card A-Hullbreaker Horror was not assigned to any set. Adding it to UNKNOWN set... to fix see res/editions/ folder. 
The card A-Kumano Faces Kakkazan was not assigned to any set. Adding it to UNKNOWN set... to fix see res/editions/ folder. 
The card A-Luminarch Aspirant was not assigned to any set. Adding it to UNKNOWN set... to fix see res/editions/ folder. 
The card A-Monster Manual was not assigned to any set. Adding it to UNKNOWN set... to fix see res/editions/ folder. 
The card A-Omnath, Locus of Creation was not assigned to any set. Adding it to UNKNOWN set... to fix see res/editions/ folder. 
The card A-The Meathook Massacre was not assigned to any set. Adding it to UNKNOWN set... to fix see res/editions/ folder. 
The card A-Unholy Heat was not assigned to any set. Adding it to UNKNOWN set... to fix see res/editions/ folder. 
The card Blinding Radiance was not assigned to any set. Adding it to UNKNOWN set... to fix see res/editions/ folder. 
The card Goblin Bruiser was not assigned to any set. Adding it to UNKNOWN set... to fix see res/editions/ folder. 
The card Ogre Painbringer was not assigned to any set. Adding it to UNKNOWN set... to fix see res/editions/ folder. 
The card Titanic Pelagosaur was not assigned to any set. Adding it to UNKNOWN set... to fix see res/editions/ folder. 
The card Treetop Recluse was not assigned to any set. Adding it to UNKNOWN set... to fix see res/editions/ folder. 
Upcoming set Star Trek (TRK) dated in the future. All `upcoming` cards will be added to this set with unknown rarity.
Read cards: 854 files in 0 ms (8 parts) using thread pool
Simulation mode
Ai(1)-Gabe_Food vs Ai(2)-Destyn_Turtles vs Ai(3)-GGS_Current vs Ai(4)-Jaymie_Ezio - one game of Commander seed 20260930
Watery Grave Did not have activator set in SpellAbility_Condition.checkConditions()
Watery Grave Did not have activator set in SpellAbility_Condition.checkConditions()
Watery Grave Did not have activator set in SpellAbility_Condition.checkConditions()
Watery Grave Did not have activator set in SpellAbility_Condition.checkConditions()
Watery Grave Did not have activator set in SpellAbility_Condition.checkConditions()
Watery Grave Did not have activator set in SpellAbility_Condition.checkConditions()
Watery Grave Did not have activator set in SpellAbility_Condition.checkConditions()
Watery Grave Did not have activator set in SpellAbility_Condition.checkConditions()
Watery Grave Did not have activator set in SpellAbility_Condition.checkConditions()
Watery Grave Did not have activator set in SpellAbility_Condition.checkConditions()
Watery Grave Did not have activator set in SpellAbility_Condition.checkConditions()
Watery Grave Did not have activator set in SpellAbility_Condition.checkConditions()
Warning: default (ie. inherited from base class) implementation of confirmAction is used by Michelangelo, the Heart for forge.ai.ability.PermanentCreatureAi. Consider declaring an overloaded method
Warning: default (ie. inherited from base class) implementation of confirmAction is used by Leonardo, the Balance for forge.ai.ability.PermanentCreatureAi. Consider declaring an overloaded method
Warning: default (ie. inherited from base class) implementation of confirmAction is used by Goro-Goro and Satoru for forge.ai.ability.PermanentCreatureAi. Consider declaring an overloaded method
Warning: default (ie. inherited from base class) implementation of confirmAction is used by Ezio Auditore da Firenze for forge.ai.ability.PermanentCreatureAi. Consider declaring an overloaded method
Warning: default (ie. inherited from base class) implementation of confirmAction is used by Goro-Goro and Satoru for forge.ai.ability.PermanentCreatureAi. Consider declaring an overloaded method
Warning: default (ie. inherited from base class) implementation of confirmAction is used by Goro-Goro and Satoru for forge.ai.ability.PermanentCreatureAi. Consider declaring an overloaded method
Warning: default (ie. inherited from base class) implementation of confirmAction is used by Goro-Goro and Satoru for forge.ai.ability.PermanentCreatureAi. Consider declaring an overloaded method
Mulligan: Ai(2)-Destyn_Turtles has mulliganed down to 7 cards.
Mulligan: Ai(4)-Jaymie_Ezio has kept a hand of 7 cards
Mulligan: Ai(1)-Gabe_Food has kept a hand of 7 cards
Mulligan: Ai(2)-Destyn_Turtles has kept a hand of 7 cards
Mulligan: Ai(3)-GGS_Current has kept a hand of 7 cards
Turn: Turn 1 (Ai(4)-Jaymie_Ezio)
Phase: Ai(4)-Jaymie_Ezio's Untap step
Phase: Ai(4)-Jaymie_Ezio's Upkeep step
Phase: Ai(4)-Jaymie_Ezio's Draw step
Phase: Ai(4)-Jaymie_Ezio's Main phase, precombat
Replacement Effect: Cinder Glade enters tapped unless you control two or more basic lands.
Land: Ai(4)-Jaymie_Ezio played Cinder Glade (321)
Phase: Ai(4)-Jaymie_Ezio's Beginning of Combat Step
Phase: Ai(4)-Jaymie_Ezio's Declare Attackers Step
Phase: Ai(4)-Jaymie_Ezio's Declare Blockers Step
Phase: Ai(4)-Jaymie_Ezio's First Strike Damage Step
Phase: Ai(4)-Jaymie_Ezio's Combat Damage Step
Phase: Ai(4)-Jaymie_Ezio's End of Combat Step
Phase: Ai(4)-Jaymie_Ezio's Main phase, postcombat
Phase: Ai(4)-Jaymie_Ezio's End step
Phase: Ai(4)-Jaymie_Ezio's Cleanup step
Turn: Turn 2 (Ai(1)-Gabe_Food)
Phase: Ai(1)-Gabe_Food's Untap step
Phase: Ai(1)-Gabe_Food's Upkeep step
Phase: Ai(1)-Gabe_Food's Draw step
Phase: Ai(1)-Gabe_Food's Main phase, precombat
Land: Ai(1)-Gabe_Food played Forest (32)
Phase: Ai(1)-Gabe_Food's Beginning of Combat Step
Phase: Ai(1)-Gabe_Food's Declare Attackers Step
Phase: Ai(1)-Gabe_Food's Declare Blockers Step
Phase: Ai(1)-Gabe_Food's First Strike Damage Step
Phase: Ai(1)-Gabe_Food's Combat Damage Step
Phase: Ai(1)-Gabe_Food's End of Combat Step
Phase: Ai(1)-Gabe_Food's Main phase, postcombat
Phase: Ai(1)-Gabe_Food's End step
Phase: Ai(1)-Gabe_Food's Cleanup step
Turn: Turn 3 (Ai(2)-Destyn_Turtles)
Phase: Ai(2)-Destyn_Turtles' Untap step
Phase: Ai(2)-Destyn_Turtles' Upkeep step
Phase: Ai(2)-Destyn_Turtles' Draw step
Phase: Ai(2)-Destyn_Turtles' Main phase, precombat
Replacement Effect: This land enters tapped unless you control two or more basic lands.
Land: Ai(2)-Destyn_Turtles played Vernal Fen (159)
Phase: Ai(2)-Destyn_Turtles' Beginning of Combat Step
Phase: Ai(2)-Destyn_Turtles' Declare Attackers Step
Phase: Ai(2)-Destyn_Turtles' Declare Blockers Step
Phase: Ai(2)-Destyn_Turtles' First Strike Damage Step
Phase: Ai(2)-Destyn_Turtles' Combat Damage Step
Phase: Ai(2)-Destyn_Turtles' End of Combat Step
Phase: Ai(2)-Destyn_Turtles' Main phase, postcombat
Phase: Ai(2)-Destyn_Turtles' End step
Phase: Ai(2)-Destyn_Turtles' Cleanup step
Turn: Turn 4 (Ai(3)-GGS_Current)
Phase: Ai(3)-GGS_Current's Untap step
Phase: Ai(3)-GGS_Current's Upkeep step
Phase: Ai(3)-GGS_Current's Draw step
Phase: Ai(3)-GGS_Current's Main phase, precombat
Replacement Effect: As Blood Crypt enters, you may pay 2 life. If you don't, it enters tapped.
Land: Ai(3)-GGS_Current played Blood Crypt (268)
Phase: Ai(3)-GGS_Current's Beginning of Combat Step
Phase: Ai(3)-GGS_Current's Declare Attackers Step
Phase: Ai(3)-GGS_Current's Declare Blockers Step
Phase: Ai(3)-GGS_Current's First Strike Damage Step
Phase: Ai(3)-GGS_Current's Combat Damage Step
Phase: Ai(3)-GGS_Current's End of Combat Step
Phase: Ai(3)-GGS_Current's Main phase, postcombat
Phase: Ai(3)-GGS_Current's End step
Phase: Ai(3)-GGS_Current's Cleanup step
Turn: Turn 5 (Ai(4)-Jaymie_Ezio)
Phase: Ai(4)-Jaymie_Ezio's Untap step
Phase: Ai(4)-Jaymie_Ezio's Upkeep step
Phase: Ai(4)-Jaymie_Ezio's Draw step
Phase: Ai(4)-Jaymie_Ezio's Main phase, precombat
Land: Ai(4)-Jaymie_Ezio played Foreboding Landscape (324)
Zone Change: Foreboding Landscape (324) was put into Graveyard from Battlefield.
Add To Stack: Ai(4)-Jaymie_Ezio activated Foreboding Landscape
Resolve Stack: Foreboding Landscape (324) - Ai(4)-Jaymie_Ezio searches their library for a basic Swamp, Forest, or Island card, puts it onto the battlefield tapped, then shuffles.
Phase: Ai(4)-Jaymie_Ezio's Beginning of Combat Step
Phase: Ai(4)-Jaymie_Ezio's Declare Attackers Step
Phase: Ai(4)-Jaymie_Ezio's Declare Blockers Step
Phase: Ai(4)-Jaymie_Ezio's First Strike Damage Step
Phase: Ai(4)-Jaymie_Ezio's Combat Damage Step
Phase: Ai(4)-Jaymie_Ezio's End of Combat Step
Phase: Ai(4)-Jaymie_Ezio's Main phase, postcombat
Phase: Ai(4)-Jaymie_Ezio's End step
Phase: Ai(4)-Jaymie_Ezio's Cleanup step
Turn: Turn 6 (Ai(1)-Gabe_Food)
Phase: Ai(1)-Gabe_Food's Untap step
Phase: Ai(1)-Gabe_Food's Upkeep step
Phase: Ai(1)-Gabe_Food's Draw step
Phase: Ai(1)-Gabe_Food's Main phase, precombat
Replacement Effect: As Murmuring Bosk enters, you may reveal a Treefolk card from your hand. If you don't, Murmuring Bosk enters tapped.
Land: Ai(1)-Gabe_Food played Murmuring Bosk (24)
Phase: Ai(1)-Gabe_Food's Beginning of Combat Step
Phase: Ai(1)-Gabe_Food's Declare Attackers Step
Phase: Ai(1)-Gabe_Food's Declare Blockers Step
Phase: Ai(1)-Gabe_Food's First Strike Damage Step
Phase: Ai(1)-Gabe_Food's Combat Damage Step
Phase: Ai(1)-Gabe_Food's End of Combat Step
Phase: Ai(1)-Gabe_Food's Main phase, postcombat
Phase: Ai(1)-Gabe_Food's End step
Phase: Ai(1)-Gabe_Food's Cleanup step
Turn: Turn 7 (Ai(2)-Destyn_Turtles)
Phase: Ai(2)-Destyn_Turtles' Untap step
Phase: Ai(2)-Destyn_Turtles' Upkeep step
Phase: Ai(2)-Destyn_Turtles' Draw step
Phase: Ai(2)-Destyn_Turtles' Main phase, precombat
Land: Ai(2)-Destyn_Turtles played Swamp (157)
Phase: Ai(2)-Destyn_Turtles' Beginning of Combat Step
Phase: Ai(2)-Destyn_Turtles' Declare Attackers Step
Phase: Ai(2)-Destyn_Turtles' Declare Blockers Step
Phase: Ai(2)-Destyn_Turtles' First Strike Damage Step
Phase: Ai(2)-Destyn_Turtles' Combat Damage Step
Phase: Ai(2)-Destyn_Turtles' End of Combat Step
Phase: Ai(2)-Destyn_Turtles' Main phase, postcombat
Mana: Vernal Fen (159) - {T}: Add {G}.
Mana: Swamp (157) - {T}: Add {B}.
Add To Stack: Ai(2)-Destyn_Turtles cast Michelangelo, the Heart
Resolve Stack: Michelangelo, the Heart - Creature 2 / 1
Phase: Ai(2)-Destyn_Turtles' End step
Phase: Ai(2)-Destyn_Turtles' Cleanup step
Turn: Turn 8 (Ai(3)-GGS_Current)
Phase: Ai(3)-GGS_Current's Untap step
Phase: Ai(3)-GGS_Current's Upkeep step
Phase: Ai(3)-GGS_Current's Draw step
Phase: Ai(3)-GGS_Current's Main phase, precombat
Land: Ai(3)-GGS_Current played Marsh Flats (283)
Life: Life: Ai(3)-GGS_Current 40 > 39
Zone Change: Marsh Flats (283) was put into Graveyard from Battlefield.
Add To Stack: Ai(3)-GGS_Current activated Marsh Flats
Replacement Effect: As Watery Grave enters, you may pay 2 life. If you don't, it enters tapped.
Resolve Stack: Marsh Flats (283) - Ai(3)-GGS_Current searches their library for a Plains or Swamp card, puts it onto the battlefield, then shuffles.
Phase: Ai(3)-GGS_Current's Beginning of Combat Step
Phase: Ai(3)-GGS_Current's Declare Attackers Step
Phase: Ai(3)-GGS_Current's Declare Blockers Step
Phase: Ai(3)-GGS_Current's First Strike Damage Step
Phase: Ai(3)-GGS_Current's Combat Damage Step
Phase: Ai(3)-GGS_Current's End of Combat Step
Phase: Ai(3)-GGS_Current's Main phase, postcombat
Mana: Blood Crypt (268) - {T}: Add {B}.
Add To Stack: Ai(3)-GGS_Current cast Changeling Outcast
Resolve Stack: Changeling Outcast - Creature 1 / 1
Phase: Ai(3)-GGS_Current's End step
Phase: Ai(3)-GGS_Current's Cleanup step
Turn: Turn 9 (Ai(4)-Jaymie_Ezio)
Phase: Ai(4)-Jaymie_Ezio's Untap step
Phase: Ai(4)-Jaymie_Ezio's Upkeep step
Phase: Ai(4)-Jaymie_Ezio's Draw step
Phase: Ai(4)-Jaymie_Ezio's Main phase, precombat
Land: Ai(4)-Jaymie_Ezio played Plains (392)
Mana: Cinder Glade (321) - {T}: Add {G}.
Mana: Island (336) - {T}: Add {U}.
Add To Stack: Ai(4)-Jaymie_Ezio cast Farseek
Replacement Effect: Smoldering Marsh enters tapped unless you control two or more basic lands.
Resolve Stack: Farseek (331) - Ai(4)-Jaymie_Ezio searches their library for a Plains, Island, Swamp or Mountain card, puts it onto the battlefield tapped, then shuffles.
Phase: Ai(4)-Jaymie_Ezio's Beginning of Combat Step
Phase: Ai(4)-Jaymie_Ezio's Declare Attackers Step
Phase: Ai(4)-Jaymie_Ezio's Declare Blockers Step
Phase: Ai(4)-Jaymie_Ezio's First Strike Damage Step
Phase: Ai(4)-Jaymie_Ezio's Combat Damage Step
Phase: Ai(4)-Jaymie_Ezio's End of Combat Step
Phase: Ai(4)-Jaymie_Ezio's Main phase, postcombat
Phase: Ai(4)-Jaymie_Ezio's End step
Phase: Ai(4)-Jaymie_Ezio's Cleanup step
Turn: Turn 10 (Ai(1)-Gabe_Food)
Phase: Ai(1)-Gabe_Food's Untap step
Phase: Ai(1)-Gabe_Food's Upkeep step
Phase: Ai(1)-Gabe_Food's Draw step
Phase: Ai(1)-Gabe_Food's Main phase, precombat
Land: Ai(1)-Gabe_Food played Swamp (61)
Phase: Ai(1)-Gabe_Food's Beginning of Combat Step
Phase: Ai(1)-Gabe_Food's Declare Attackers Step
Phase: Ai(1)-Gabe_Food's Declare Blockers Step
Phase: Ai(1)-Gabe_Food's First Strike Damage Step
Phase: Ai(1)-Gabe_Food's Combat Damage Step
Phase: Ai(1)-Gabe_Food's End of Combat Step
Phase: Ai(1)-Gabe_Food's Main phase, postcombat
Mana: Swamp (61) - {T}: Add {B}.
Mana: Forest (32) - {T}: Add {G}.
Mana: Murmuring Bosk (24) - {T}: Add {G}.
Add To Stack: Ai(1)-Gabe_Food cast Savvy Hunter
Resolve Stack: Savvy Hunter - Creature 3 / 3
Phase: Ai(1)-Gabe_Food's End step
Phase: Ai(1)-Gabe_Food's Cleanup step
Turn: Turn 11 (Ai(2)-Destyn_Turtles)
Phase: Ai(2)-Destyn_Turtles' Untap step
Phase: Ai(2)-Destyn_Turtles' Upkeep step
Phase: Ai(2)-Destyn_Turtles' Draw step
Phase: Ai(2)-Destyn_Turtles' Main phase, precombat
Land: Ai(2)-Destyn_Turtles played Forest (138)
Phase: Ai(2)-Destyn_Turtles' Beginning of Combat Step
Phase: Ai(2)-Destyn_Turtles' Declare Attackers Step
Phase: Ai(2)-Destyn_Turtles' Declare Blockers Step
Phase: Ai(2)-Destyn_Turtles' First Strike Damage Step
Phase: Ai(2)-Destyn_Turtles' Combat Damage Step
Phase: Ai(2)-Destyn_Turtles' End of Combat Step
Phase: Ai(2)-Destyn_Turtles' Main phase, postcombat
Mana: Forest (138) - {T}: Add {G}.
Mana: Swamp (157) - {T}: Add {B}.
Mana: Vernal Fen (159) - {T}: Add {G}.
Add To Stack: Ai(2)-Destyn_Turtles cast Mona Lisa, Science Geek
Resolve Stack: Mona Lisa, Science Geek - Creature 1 / 3
Phase: Ai(2)-Destyn_Turtles' End step
Phase: Ai(2)-Destyn_Turtles' Cleanup step
Turn: Turn 12 (Ai(3)-GGS_Current)
Phase: Ai(3)-GGS_Current's Untap step
Phase: Ai(3)-GGS_Current's Upkeep step
Phase: Ai(3)-GGS_Current's Draw step
Phase: Ai(3)-GGS_Current's Main phase, precombat
Land: Ai(3)-GGS_Current played Command Tower (275)
Mana: Blood Crypt (268) - {T}: Add {B}.
Mana: Watery Grave (274) - {T}: Add {B}.
Add To Stack: Ai(3)-GGS_Current cast Feed the Swarm targeting [Mona Lisa, Science Geek (162)]
Zone Change: Mona Lisa, Science Geek (162) was put into Graveyard from Battlefield.
Life: Life: Ai(3)-GGS_Current 39 > 36
Resolve Stack: Feed the Swarm (247) - Destroy Mona Lisa, Science Geek (162). Ai(3)-GGS_Current loses 3 life.
Phase: Ai(3)-GGS_Current's Beginning of Combat Step
Phase: Ai(3)-GGS_Current's Declare Attackers Step
Combat: Ai(3)-GGS_Current assigned Changeling Outcast (218) to attack Ai(1)-Gabe_Food.
Phase: Ai(3)-GGS_Current's Declare Blockers Step
Combat: Ai(1)-Gabe_Food didn't block Changeling Outcast (218).
Phase: Ai(3)-GGS_Current's First Strike Damage Step
Phase: Ai(3)-GGS_Current's Combat Damage Step
Damage: Changeling Outcast (218) deals 1 combat damage to Ai(1)-Gabe_Food.
Life: Life: Ai(1)-Gabe_Food 40 > 39
Phase: Ai(3)-GGS_Current's End of Combat Step
Phase: Ai(3)-GGS_Current's Main phase, postcombat
Phase: Ai(3)-GGS_Current's End step
Phase: Ai(3)-GGS_Current's Cleanup step
Turn: Turn 13 (Ai(4)-Jaymie_Ezio)
Phase: Ai(4)-Jaymie_Ezio's Untap step
Phase: Ai(4)-Jaymie_Ezio's Upkeep step
Phase: Ai(4)-Jaymie_Ezio's Draw step
Phase: Ai(4)-Jaymie_Ezio's Main phase, precombat
Phase: Ai(4)-Jaymie_Ezio's Beginning of Combat Step
Phase: Ai(4)-Jaymie_Ezio's Declare Attackers Step
Phase: Ai(4)-Jaymie_Ezio's Declare Blockers Step
Phase: Ai(4)-Jaymie_Ezio's First Strike Damage Step
Phase: Ai(4)-Jaymie_Ezio's Combat Damage Step
Phase: Ai(4)-Jaymie_Ezio's End of Combat Step
Phase: Ai(4)-Jaymie_Ezio's Main phase, postcombat
Mana: Plains (392) - {T}: Add {W}.
Mana: Cinder Glade (321) - {T}: Add {R}.
Mana: Island (336) - {T}: Add {U}.
Mana: Smoldering Marsh (374) - {T}: Add {R}.
Add To Stack: Ai(4)-Jaymie_Ezio cast Aya of Alexandria
Resolve Stack: Aya of Alexandria - Creature 4 / 3
Phase: Ai(4)-Jaymie_Ezio's End step
Phase: Ai(4)-Jaymie_Ezio's Cleanup step
Turn: Turn 14 (Ai(1)-Gabe_Food)
Phase: Ai(1)-Gabe_Food's Untap step
Phase: Ai(1)-Gabe_Food's Upkeep step
Damage: Murmuring Bosk (24) deals 1 non-combat damage to Ai(1)-Gabe_Food.
Life: Life: Ai(1)-Gabe_Food 39 > 38
Mana: Murmuring Bosk (24) - {T}: Add {W} or {B}. Murmuring Bosk deals 1 damage to you. 
Add To Stack: Ai(1)-Gabe_Food cast Path to Exile targeting [Aya of Alexandria (315)]
Zone Change: Aya of Alexandria (315) was put into Exile from Battlefield.
Resolve Stack: Path to Exile (7) - Exile Aya of Alexandria (315). Ai(4)-Jaymie_Ezio may search their library for a basic land card, put that card onto the battlefield tapped, then shuffle their library. 
Phase: Ai(1)-Gabe_Food's Draw step
Phase: Ai(1)-Gabe_Food's Main phase, precombat
Land: Ai(1)-Gabe_Food played Swamp (63)
Phase: Ai(1)-Gabe_Food's Beginning of Combat Step
Phase: Ai(1)-Gabe_Food's Declare Attackers Step
Combat: Ai(1)-Gabe_Food assigned Savvy Hunter (23) to attack Ai(2)-Destyn_Turtles.
Add To Stack: Ai(1)-Gabe_Food triggered Savvy Hunter
Resolve Stack: Whenever Savvy Hunter attacks or blocks, create a Food token. (It's an artifact with "{2}, {T}, Sacrifice this token: You gain 3 life.") [Attacker: Savvy Hunter (23)]
Phase: Ai(1)-Gabe_Food's Declare Blockers Step
Combat: Ai(2)-Destyn_Turtles didn't block Savvy Hunter (23).
Phase: Ai(1)-Gabe_Food's First Strike Damage Step
Phase: Ai(1)-Gabe_Food's Combat Damage Step
Damage: Savvy Hunter (23) deals 3 combat damage to Ai(2)-Destyn_Turtles.
Life: Life: Ai(2)-Destyn_Turtles 40 > 37
Phase: Ai(1)-Gabe_Food's End of Combat Step
Phase: Ai(1)-Gabe_Food's Main phase, postcombat
Mana: Forest (32) - {T}: Add {G}.
Mana: Swamp (61) - {T}: Add {B}.
Mana: Swamp (63) - {T}: Add {B}.
Add To Stack: Ai(1)-Gabe_Food cast Pristine Talisman
Resolve Stack: Pristine Talisman
Phase: Ai(1)-Gabe_Food's End step
Phase: Ai(1)-Gabe_Food's Cleanup step
Turn: Turn 15 (Ai(2)-Destyn_Turtles)
Phase: Ai(2)-Destyn_Turtles' Untap step
Phase: Ai(2)-Destyn_Turtles' Upkeep step
Phase: Ai(2)-Destyn_Turtles' Draw step
Phase: Ai(2)-Destyn_Turtles' Main phase, precombat
Land: Ai(2)-Destyn_Turtles played Evolving Wilds (133)
Zone Change: Evolving Wilds (133) was put into Graveyard from Battlefield.
Add To Stack: Ai(2)-Destyn_Turtles activated Evolving Wilds
Resolve Stack: Evolving Wilds (133) - Ai(2)-Destyn_Turtles searches their library for a basic land card, puts it onto the battlefield tapped, then shuffles.
Phase: Ai(2)-Destyn_Turtles' Beginning of Combat Step
Phase: Ai(2)-Destyn_Turtles' Declare Attackers Step
Combat: Ai(2)-Destyn_Turtles assigned Michelangelo, the Heart (200) to attack Ai(1)-Gabe_Food.
Phase: Ai(2)-Destyn_Turtles' Declare Blockers Step
Combat: Ai(1)-Gabe_Food didn't block Michelangelo, the Heart (200).
Phase: Ai(2)-Destyn_Turtles' First Strike Damage Step
Phase: Ai(2)-Destyn_Turtles' Combat Damage Step
Damage: Michelangelo, the Heart (200) deals 2 combat damage to Ai(1)-Gabe_Food.
Life: Life: Ai(1)-Gabe_Food 38 > 36
Phase: Ai(2)-Destyn_Turtles' End of Combat Step
Phase: Ai(2)-Destyn_Turtles' Main phase, postcombat
Add To Stack: Ai(2)-Destyn_Turtles triggered Michelangelo, the Heart targeting [Michelangelo, the Heart (200)]
Resolve Stack: Raid (the Fridge) — At the beginning of your second main phase, if you attacked this turn, put a +1/+1 counter on target creature and create a Food token. (Targeting: [[Michelangelo, the Heart (200)]]) [Phase: Ai(2)-Destyn_Turtles]
Phase: Ai(2)-Destyn_Turtles' End step
Phase: Ai(2)-Destyn_Turtles' Cleanup step
Turn: Turn 16 (Ai(3)-GGS_Current)
Phase: Ai(3)-GGS_Current's Untap step
Phase: Ai(3)-GGS_Current's Upkeep step
Phase: Ai(3)-GGS_Current's Draw step
Phase: Ai(3)-GGS_Current's Main phase, precombat
Phase: Ai(3)-GGS_Current's Beginning of Combat Step
Phase: Ai(3)-GGS_Current's Declare Attackers Step
Combat: Ai(3)-GGS_Current assigned Changeling Outcast (218) to attack Ai(1)-Gabe_Food.
Phase: Ai(3)-GGS_Current's Declare Blockers Step
Combat: Ai(1)-Gabe_Food didn't block Changeling Outcast (218).
Phase: Ai(3)-GGS_Current's First Strike Damage Step
Phase: Ai(3)-GGS_Current's Combat Damage Step
Damage: Changeling Outcast (218) deals 1 combat damage to Ai(1)-Gabe_Food.
Life: Life: Ai(1)-Gabe_Food 36 > 35
Phase: Ai(3)-GGS_Current's End of Combat Step
Phase: Ai(3)-GGS_Current's Main phase, postcombat
Replacement Effect: Xander's Lounge enters tapped.
Land: Ai(3)-GGS_Current played Xander's Lounge (288)
Mana: Watery Grave (274) - {T}: Add {U}.
Mana: Blood Crypt (268) - {T}: Add {B}.
Mana: Command Tower (275) - {T}: Add one mana of any color in your commander's color identity.
Add To Stack: Ai(3)-GGS_Current cast Goro-Goro and Satoru
Resolve Stack: Goro-Goro and Satoru - Creature 3 / 4
Phase: Ai(3)-GGS_Current's End step
Phase: Ai(3)-GGS_Current's Cleanup step
Turn: Turn 17 (Ai(4)-Jaymie_Ezio)
Phase: Ai(4)-Jaymie_Ezio's Untap step
Phase: Ai(4)-Jaymie_Ezio's Upkeep step
Phase: Ai(4)-Jaymie_Ezio's Draw step
Phase: Ai(4)-Jaymie_Ezio's Main phase, precombat
Mana: Island (336) - {T}: Add {U}.
Mana: Plains (392) - {T}: Add {W}.
Mana: Plains (393) - {T}: Add {W}.
Add To Stack: Ai(4)-Jaymie_Ezio cast 
Resolve Stack: Disguise - Creature 2/2
Phase: Ai(4)-Jaymie_Ezio's Beginning of Combat Step
Phase: Ai(4)-Jaymie_Ezio's Declare Attackers Step
Phase: Ai(4)-Jaymie_Ezio's Declare Blockers Step
Phase: Ai(4)-Jaymie_Ezio's First Strike Damage Step
Phase: Ai(4)-Jaymie_Ezio's Combat Damage Step
Phase: Ai(4)-Jaymie_Ezio's End of Combat Step
Phase: Ai(4)-Jaymie_Ezio's Main phase, postcombat
Mana: Smoldering Marsh (374) - {T}: Add {B}.
Mana: Cinder Glade (321) - {T}: Add {G}.
Add To Stack: Ai(4)-Jaymie_Ezio cast Ezio Auditore da Firenze
Resolve Stack: Ezio Auditore da Firenze - Creature 3 / 2
Phase: Ai(4)-Jaymie_Ezio's End step
Life: Life: Ai(1)-Gabe_Food 35 > 36
Mana: Pristine Talisman (91) - {T}: Add {C}. You gain 1 life. 
Phase: Ai(4)-Jaymie_Ezio's Cleanup step
Turn: Turn 18 (Ai(1)-Gabe_Food)
Phase: Ai(1)-Gabe_Food's Untap step
Phase: Ai(1)-Gabe_Food's Upkeep step
Phase: Ai(1)-Gabe_Food's Draw step
Phase: Ai(1)-Gabe_Food's Main phase, precombat
Land: Ai(1)-Gabe_Food played Forest (39)
Damage: Murmuring Bosk (24) deals 1 non-combat damage to Ai(1)-Gabe_Food.
Life: Life: Ai(1)-Gabe_Food 36 > 35
Mana: Murmuring Bosk (24) - {T}: Add {W} or {B}. Murmuring Bosk deals 1 damage to you. 
Mana: Forest (32) - {T}: Add {G}.
Mana: Forest (39) - {T}: Add {G}.
Add To Stack: Ai(1)-Gabe_Food cast Sam, Loyal Attendant
Resolve Stack: Sam, Loyal Attendant - Creature 2 / 4
Add To Stack: Ai(1)-Gabe_Food triggered Sam, Loyal Attendant targeting [Ai(1)-Gabe_Food]
Resolve Stack: Partner with Frodo, Adventurous Hobbit (When this creature enters, target player may put Frodo into their hand from their library, then shuffle.) (Targeting: [[Ai(1)-Gabe_Food]]) [Zone Changer: Sam, Loyal Attendant (101)]
Phase: Ai(1)-Gabe_Food's Beginning of Combat Step
Add To Stack: Ai(1)-Gabe_Food triggered Sam, Loyal Attendant
Resolve Stack: At the beginning of combat on your turn, create a Food token. (It's an artifact with "{2}, {T}, Sacrifice this token: You gain 3 life.") [Phase: Ai(1)-Gabe_Food]
Phase: Ai(1)-Gabe_Food's Declare Attackers Step
Phase: Ai(1)-Gabe_Food's Declare Blockers Step
Phase: Ai(1)-Gabe_Food's First Strike Damage Step
Phase: Ai(1)-Gabe_Food's Combat Damage Step
Phase: Ai(1)-Gabe_Food's End of Combat Step
Phase: Ai(1)-Gabe_Food's Main phase, postcombat
Phase: Ai(1)-Gabe_Food's End step
Phase: Ai(1)-Gabe_Food's Cleanup step
Turn: Turn 19 (Ai(2)-Destyn_Turtles)
Phase: Ai(2)-Destyn_Turtles' Untap step
Phase: Ai(2)-Destyn_Turtles' Upkeep step
Phase: Ai(2)-Destyn_Turtles' Draw step
Phase: Ai(2)-Destyn_Turtles' Main phase, precombat
Phase: Ai(2)-Destyn_Turtles' Beginning of Combat Step
Phase: Ai(2)-Destyn_Turtles' Declare Attackers Step
Phase: Ai(2)-Destyn_Turtles' Declare Blockers Step
Phase: Ai(2)-Destyn_Turtles' First Strike Damage Step
Phase: Ai(2)-Destyn_Turtles' Combat Damage Step
Phase: Ai(2)-Destyn_Turtles' End of Combat Step
Phase: Ai(2)-Destyn_Turtles' Main phase, postcombat
Mana: Swamp (157) - {T}: Add {B}.
Mana: Plains (189) - {T}: Add {W}.
Mana: Forest (138) - {T}: Add {G}.
Mana: Vernal Fen (159) - {T}: Add {G}.
Add To Stack: Ai(2)-Destyn_Turtles cast Rat King, Pale Piper
Resolve Stack: Rat King, Pale Piper - Creature 3 / 3
Phase: Ai(2)-Destyn_Turtles' End step
Phase: Ai(2)-Destyn_Turtles' Cleanup step
Turn: Turn 20 (Ai(3)-GGS_Current)
Phase: Ai(3)-GGS_Current's Untap step
Phase: Ai(3)-GGS_Current's Upkeep step
Phase: Ai(3)-GGS_Current's Draw step
Phase: Ai(3)-GGS_Current's Main phase, precombat
Mana: Blood Crypt (268) - {T}: Add {R}.
Add To Stack: Ai(3)-GGS_Current cast Phoenix Chick
Resolve Stack: Phoenix Chick - Creature 1 / 1
Phase: Ai(3)-GGS_Current's Beginning of Combat Step
Phase: Ai(3)-GGS_Current's Declare Attackers Step
Combat: Ai(3)-GGS_Current assigned Changeling Outcast (218) and Phoenix Chick (272) to attack Ai(1)-Gabe_Food.
Phase: Ai(3)-GGS_Current's Declare Blockers Step
Combat: Ai(1)-Gabe_Food didn't block Changeling Outcast (218).
Ai(1)-Gabe_Food didn't block Phoenix Chick (272).
Phase: Ai(3)-GGS_Current's First Strike Damage Step
Phase: Ai(3)-GGS_Current's Combat Damage Step
Damage: Changeling Outcast (218) deals 1 combat damage to Ai(1)-Gabe_Food.
Damage: Phoenix Chick (272) deals 1 combat damage to Ai(1)-Gabe_Food.
Life: Life: Ai(1)-Gabe_Food 35 > 33
Add To Stack: Ai(3)-GGS_Current triggered Goro-Goro and Satoru
Resolve Stack: Whenever one or more creatures you control that entered this turn deal combat damage to a player, create a 5/5 red Dragon Spirit creature token with flying. [Damaged: Ai(1)-Gabe_Food, Amount: 1]
Phase: Ai(3)-GGS_Current's End of Combat Step
Phase: Ai(3)-GGS_Current's Main phase, postcombat
Mana: Command Tower (275) - {T}: Add one mana of any color in your commander's color identity.
Mana: Watery Grave (274) - {T}: Add {B}.
Mana: Xander's Lounge (288) - {T}: Add {R}.
Add To Stack: Ai(3)-GGS_Current cast Professional Face-Breaker
Resolve Stack: Professional Face-Breaker - Creature 2 / 3
Phase: Ai(3)-GGS_Current's End step
Phase: Ai(3)-GGS_Current's Cleanup step
Turn: Turn 21 (Ai(4)-Jaymie_Ezio)
Phase: Ai(4)-Jaymie_Ezio's Untap step
Phase: Ai(4)-Jaymie_Ezio's Upkeep step
Mana: Plains (392) - {T}: Add {W}.
Mana: Cinder Glade (321) - {T}: Add {R}.
Mana: Island (336) - {T}: Add {U}.
Resolve Stack: Ai(4)-Jaymie_Ezio has undisguised Bayek of Siwa
Phase: Ai(4)-Jaymie_Ezio's Draw step
Mana: Plains (393) - {T}: Add {W}.
Add To Stack: Ai(4)-Jaymie_Ezio cast Path to Exile targeting [Dragon Spirit Token (426)]
Zone Change: Dragon Spirit Token (426) was put into Exile from Battlefield.
Resolve Stack: Path to Exile (309) - Exile Dragon Spirit Token (426). Ai(3)-GGS_Current may search their library for a basic land card, put that card onto the battlefield tapped, then shuffle their library. 
Phase: Ai(4)-Jaymie_Ezio's Main phase, precombat
Phase: Ai(4)-Jaymie_Ezio's Beginning of Combat Step
Phase: Ai(4)-Jaymie_Ezio's Declare Attackers Step
Combat: Ai(4)-Jaymie_Ezio assigned Bayek of Siwa (352) to attack Ai(3)-GGS_Current.
Phase: Ai(4)-Jaymie_Ezio's Declare Blockers Step
Combat: Ai(3)-GGS_Current didn't block Bayek of Siwa (352).
Phase: Ai(4)-Jaymie_Ezio's First Strike Damage Step
Damage: Bayek of Siwa (352) deals 3 combat damage to Ai(3)-GGS_Current.
Life: Life: Ai(3)-GGS_Current 36 > 33
Phase: Ai(4)-Jaymie_Ezio's Combat Damage Step
Damage: Bayek of Siwa (352) deals 3 combat damage to Ai(3)-GGS_Current.
Life: Life: Ai(3)-GGS_Current 33 > 30
Phase: Ai(4)-Jaymie_Ezio's End of Combat Step
Phase: Ai(4)-Jaymie_Ezio's Main phase, postcombat
Phase: Ai(4)-Jaymie_Ezio's End step
Life: Life: Ai(1)-Gabe_Food 33 > 34
Mana: Pristine Talisman (91) - {T}: Add {C}. You gain 1 life. 
Phase: Ai(4)-Jaymie_Ezio's Cleanup step
Turn: Turn 22 (Ai(1)-Gabe_Food)
Phase: Ai(1)-Gabe_Food's Untap step
Phase: Ai(1)-Gabe_Food's Upkeep step
Phase: Ai(1)-Gabe_Food's Draw step
Mana: Swamp (61) - {T}: Add {B}.
Mana: Swamp (63) - {T}: Add {B}.
Mana: Forest (32) - {T}: Add {G}.
Add To Stack: Ai(1)-Gabe_Food cast Crypt Incursion targeting [Ai(2)-Destyn_Turtles]
Life: Life: Ai(1)-Gabe_Food 34 > 37
Resolve Stack: Crypt Incursion (58) - Exile all creature cards from target player's graveyard. You gain 3 life for each card exiled this way. Ai(1)-Gabe_Food gains 0 life. 
Phase: Ai(1)-Gabe_Food's Main phase, precombat
Replacement Effect: As Necroblossom Snarl enters, you may reveal a Swamp or Forest card from your hand. If you don't, Necroblossom Snarl enters tapped.
Land: Ai(1)-Gabe_Food played Necroblossom Snarl (64)
Phase: Ai(1)-Gabe_Food's Beginning of Combat Step
Add To Stack: Ai(1)-Gabe_Food triggered Sam, Loyal Attendant
Resolve Stack: At the beginning of combat on your turn, create a Food token. (It's an artifact with "{2}, {T}, Sacrifice this token: You gain 3 life.") [Phase: Ai(1)-Gabe_Food]
Phase: Ai(1)-Gabe_Food's Declare Attackers Step
Phase: Ai(1)-Gabe_Food's Declare Blockers Step
Phase: Ai(1)-Gabe_Food's First Strike Damage Step
Phase: Ai(1)-Gabe_Food's Combat Damage Step
Phase: Ai(1)-Gabe_Food's End of Combat Step
Phase: Ai(1)-Gabe_Food's Main phase, postcombat
Phase: Ai(1)-Gabe_Food's End step
Phase: Ai(1)-Gabe_Food's Cleanup step
Turn: Turn 23 (Ai(2)-Destyn_Turtles)
Phase: Ai(2)-Destyn_Turtles' Untap step
Phase: Ai(2)-Destyn_Turtles' Upkeep step
Phase: Ai(2)-Destyn_Turtles' Draw step
Phase: Ai(2)-Destyn_Turtles' Main phase, precombat
Phase: Ai(2)-Destyn_Turtles' Beginning of Combat Step
Phase: Ai(2)-Destyn_Turtles' Declare Attackers Step
Phase: Ai(2)-Destyn_Turtles' Declare Blockers Step
Phase: Ai(2)-Destyn_Turtles' First Strike Damage Step
Phase: Ai(2)-Destyn_Turtles' Combat Damage Step
Phase: Ai(2)-Destyn_Turtles' End of Combat Step
Phase: Ai(2)-Destyn_Turtles' Main phase, postcombat
Replacement Effect: Thriving Isle enters tapped.
Replacement Effect: As Thriving Isle enters, choose a color other than blue.
Land: Ai(2)-Destyn_Turtles played Thriving Isle (153)
Mana: Plains (189) - {T}: Add {W}.
Mana: Swamp (157) - {T}: Add {B}.
Mana: Forest (138) - {T}: Add {G}.
Mana: Vernal Fen (159) - {T}: Add {G}.
Add To Stack: Ai(2)-Destyn_Turtles cast Leonardo, the Balance
Resolve Stack: Leonardo, the Balance - Creature 3 / 3
Phase: Ai(2)-Destyn_Turtles' End step
Phase: Ai(2)-Destyn_Turtles' Cleanup step
Turn: Turn 24 (Ai(3)-GGS_Current)
Phase: Ai(3)-GGS_Current's Untap step
Phase: Ai(3)-GGS_Current's Upkeep step
Phase: Ai(3)-GGS_Current's Draw step
Phase: Ai(3)-GGS_Current's Main phase, precombat
Land: Ai(3)-GGS_Current played Flooded Strand (210)
Life: Life: Ai(3)-GGS_Current 30 > 29
Zone Change: Flooded Strand (210) was put into Graveyard from Battlefield.
Add To Stack: Ai(3)-GGS_Current activated Flooded Strand
Replacement Effect: As Steam Vents enters, you may pay 2 life. If you don't, it enters tapped.
Resolve Stack: Flooded Strand (210) - Ai(3)-GGS_Current searches their library for a Plains or Island card, puts it onto the battlefield, then shuffles.
Phase: Ai(3)-GGS_Current's Beginning of Combat Step
Phase: Ai(3)-GGS_Current's Declare Attackers Step
Combat: Ai(3)-GGS_Current assigned Changeling Outcast (218), Phoenix Chick (272) and Goro-Goro and Satoru (302) to attack Ai(2)-Destyn_Turtles.
Phase: Ai(3)-GGS_Current's Declare Blockers Step
Combat: Ai(2)-Destyn_Turtles didn't block Changeling Outcast (218).
Ai(2)-Destyn_Turtles didn't block Phoenix Chick (272).
Ai(2)-Destyn_Turtles didn't block Goro-Goro and Satoru (302).
Mana: Island (276) - {T}: Add {U}.
Mana: Watery Grave (274) - {T}: Add {B}.
Mana: Blood Crypt (268) - {T}: Add {R}.
Mana: Command Tower (275) - {T}: Add one mana of any color in your commander's color identity.
Add To Stack: Ai(3)-GGS_Current activated Fallen Shinobi
Resolve Stack: Fallen Shinobi (226) - Ai(3)-GGS_Current puts Fallen Shinobi (226) from their hand onto the battlefield tapped and attacking.
Phase: Ai(3)-GGS_Current's First Strike Damage Step
Phase: Ai(3)-GGS_Current's Combat Damage Step
Damage: Phoenix Chick (272) deals 1 combat damage to Ai(2)-Destyn_Turtles.
Damage: Goro-Goro and Satoru (302) deals 3 combat damage to Ai(2)-Destyn_Turtles.
Damage: Fallen Shinobi (226) deals 5 combat damage to Ai(2)-Destyn_Turtles.
Life: Life: Ai(2)-Destyn_Turtles 37 > 28
Add To Stack: Ai(3)-GGS_Current triggered Fallen Shinobi
Add To Stack: Ai(3)-GGS_Current triggered Goro-Goro and Satoru
Add To Stack: Ai(3)-GGS_Current triggered Professional Face-Breaker
Resolve Stack: Whenever one or more creatures you control deal combat damage to a player, create a Treasure token. [Damaged: Ai(2)-Destyn_Turtles, Amount: 9]
Resolve Stack: Whenever one or more creatures you control that entered this turn deal combat damage to a player, create a 5/5 red Dragon Spirit creature token with flying. [Damaged: Ai(2)-Destyn_Turtles, Amount: 5]
Resolve Stack: Whenever Fallen Shinobi deals combat damage to a player, that player exiles the top two cards of their library. Until end of turn, you may play those cards without paying their mana costs. [Damage Source: Fallen Shinobi (226), Damaged: Ai(2)-Destyn_Turtles, Amount: 5]
Phase: Ai(3)-GGS_Current's End of Combat Step
Phase: Ai(3)-GGS_Current's Main phase, postcombat
Add To Stack: Ai(3)-GGS_Current cast Tempestra, Dame of Games
Resolve Stack: Tempestra, Dame of Games - Creature 1 / 3
Add To Stack: Ai(3)-GGS_Current cast Arcane Signet
Resolve Stack: Arcane Signet
Mana: Arcane Signet (149) - {T}: Add one mana of any color in your commander's color identity.
Mana: Xander's Lounge (288) - {T}: Add {R}.
Add To Stack: Ai(3)-GGS_Current cast Talisman of Creativity
Resolve Stack: Talisman of Creativity
Zone Change: Treasure Token (436) was put into Graveyard from Battlefield.
Mana: Treasure Token (436) - {T}, Sacrifice this token: Add one mana of any color.
Add To Stack: Ai(3)-GGS_Current cast Changeling Outcast
Resolve Stack: Changeling Outcast - Creature 1 / 1
Phase: Ai(3)-GGS_Current's End step
Phase: Ai(3)-GGS_Current's Cleanup step
Turn: Turn 25 (Ai(4)-Jaymie_Ezio)
Phase: Ai(4)-Jaymie_Ezio's Untap step
Phase: Ai(4)-Jaymie_Ezio's Upkeep step
Phase: Ai(4)-Jaymie_Ezio's Draw step
Phase: Ai(4)-Jaymie_Ezio's Main phase, precombat
Phase: Ai(4)-Jaymie_Ezio's Beginning of Combat Step
Phase: Ai(4)-Jaymie_Ezio's Declare Attackers Step
Phase: Ai(4)-Jaymie_Ezio's Declare Blockers Step
Phase: Ai(4)-Jaymie_Ezio's First Strike Damage Step
Phase: Ai(4)-Jaymie_Ezio's Combat Damage Step
Phase: Ai(4)-Jaymie_Ezio's End of Combat Step
Phase: Ai(4)-Jaymie_Ezio's Main phase, postcombat
Mana: Island (336) - {T}: Add {U}.
Mana: Smoldering Marsh (374) - {T}: Add {B}.
Mana: Plains (392) - {T}: Add {W}.
Mana: Plains (393) - {T}: Add {W}.
Mana: Cinder Glade (321) - {T}: Add {G}.
Add To Stack: Ai(4)-Jaymie_Ezio cast Ezio, Blade of Vengeance
Resolve Stack: Ezio, Blade of Vengeance - Creature 5 / 5
Phase: Ai(4)-Jaymie_Ezio's End step
Life: Life: Ai(1)-Gabe_Food 37 > 38
Mana: Pristine Talisman (91) - {T}: Add {C}. You gain 1 life. 
Phase: Ai(4)-Jaymie_Ezio's Cleanup step
Turn: Turn 26 (Ai(1)-Gabe_Food)
Phase: Ai(1)-Gabe_Food's Untap step
Phase: Ai(1)-Gabe_Food's Upkeep step
Phase: Ai(1)-Gabe_Food's Draw step
Phase: Ai(1)-Gabe_Food's Main phase, precombat
Land: Ai(1)-Gabe_Food played Forest (35)
Damage: Murmuring Bosk (24) deals 1 non-combat damage to Ai(1)-Gabe_Food.
Life: Life: Ai(1)-Gabe_Food 38 > 37
Mana: Murmuring Bosk (24) - {T}: Add {W} or {B}. Murmuring Bosk deals 1 damage to you. 
Mana: Forest (32) - {T}: Add {G}.
Mana: Swamp (61) - {T}: Add {B}.
Mana: Swamp (63) - {T}: Add {B}.
Mana: Forest (39) - {T}: Add {G}.
Add To Stack: Ai(1)-Gabe_Food cast Fell the Mighty targeting [Sam, Loyal Attendant (101)]
Zone Change: Savvy Hunter (23) was put into Graveyard from Battlefield.
Zone Change: Michelangelo, the Heart (200) was put into Graveyard from Battlefield.
Zone Change: Rat King, Pale Piper (144) was put into Graveyard from Battlefield.
Zone Change: Leonardo, the Balance (202) was put into Graveyard from Battlefield.
Zone Change: Goro-Goro and Satoru (302) was put into Graveyard from Battlefield.
Zone Change: Fallen Shinobi (226) was put into Graveyard from Battlefield.
Zone Change: Dragon Spirit Token (438) was put into Graveyard from Battlefield.
Zone Change: Bayek of Siwa (352) was put into Graveyard from Battlefield.
Zone Change: Ezio Auditore da Firenze (403) was put into Graveyard from Battlefield.
Zone Change: Ezio, Blade of Vengeance (343) was put into Graveyard from Battlefield.
Resolve Stack: Fell the Mighty (22) - Destroy all creatures with power greater than target creature's power.
Add To Stack: Ai(2)-Destyn_Turtles triggered Rat King, Pale Piper
Add To Stack: Ai(2)-Destyn_Turtles triggered Rat King, Pale Piper
Add To Stack: Ai(2)-Destyn_Turtles triggered Rat King, Pale Piper
Resolve Stack: Whenever Rat King or another nontoken creature you control leaves the battlefield, create a 1/1 black Rat creature token. [Zone Changer: Leonardo, the Balance (202)]
Resolve Stack: Whenever Rat King or another nontoken creature you control leaves the battlefield, create a 1/1 black Rat creature token. [Zone Changer: Rat King, Pale Piper (144)]
Resolve Stack: Whenever Rat King or another nontoken creature you control leaves the battlefield, create a 1/1 black Rat creature token. [Zone Changer: Michelangelo, the Heart (200)]
Phase: Ai(1)-Gabe_Food's Beginning of Combat Step
Add To Stack: Ai(1)-Gabe_Food triggered Sam, Loyal Attendant
Resolve Stack: At the beginning of combat on your turn, create a Food token. (It's an artifact with "{2}, {T}, Sacrifice this token: You gain 3 life.") [Phase: Ai(1)-Gabe_Food]
Phase: Ai(1)-Gabe_Food's Declare Attackers Step
Phase: Ai(1)-Gabe_Food's Declare Blockers Step
Phase: Ai(1)-Gabe_Food's First Strike Damage Step
Phase: Ai(1)-Gabe_Food's Combat Damage Step
Phase: Ai(1)-Gabe_Food's End of Combat Step
Phase: Ai(1)-Gabe_Food's Main phase, postcombat
Phase: Ai(1)-Gabe_Food's End step
Phase: Ai(1)-Gabe_Food's Cleanup step
Turn: Turn 27 (Ai(2)-Destyn_Turtles)
Phase: Ai(2)-Destyn_Turtles' Untap step
Phase: Ai(2)-Destyn_Turtles' Upkeep step
Phase: Ai(2)-Destyn_Turtles' Draw step
Phase: Ai(2)-Destyn_Turtles' Main phase, precombat
Land: Ai(2)-Destyn_Turtles played Swamp (156)
Mana: Thriving Isle (153) - {T}: Add {U} or one mana of the chosen color.
Mana: Swamp (157) - {T}: Add {B}.
Mana: Swamp (156) - {T}: Add {B}.
Mana: Plains (189) - {T}: Add {W}.
Add To Stack: Ai(2)-Destyn_Turtles cast Baxter, Fly in the Ointment
Resolve Stack: Baxter, Fly in the Ointment - Creature 2 / 2
Add To Stack: Ai(2)-Destyn_Turtles triggered Baxter, Fly in the Ointment
Resolve Stack: Whenever Baxter enters or attacks, each creature you control with a counter on it gains flying until end of turn. [Zone Changer: Baxter, Fly in the Ointment (128)]
Phase: Ai(2)-Destyn_Turtles' Beginning of Combat Step
Phase: Ai(2)-Destyn_Turtles' Declare Attackers Step
Phase: Ai(2)-Destyn_Turtles' Declare Blockers Step
Phase: Ai(2)-Destyn_Turtles' First Strike Damage Step
Phase: Ai(2)-Destyn_Turtles' Combat Damage Step
Phase: Ai(2)-Destyn_Turtles' End of Combat Step
Phase: Ai(2)-Destyn_Turtles' Main phase, postcombat
Phase: Ai(2)-Destyn_Turtles' End step
Phase: Ai(2)-Destyn_Turtles' Cleanup step
Turn: Turn 28 (Ai(3)-GGS_Current)
Phase: Ai(3)-GGS_Current's Untap step
Phase: Ai(3)-GGS_Current's Upkeep step
Phase: Ai(3)-GGS_Current's Draw step
Phase: Ai(3)-GGS_Current's Main phase, precombat
Phase: Ai(3)-GGS_Current's Beginning of Combat Step
Phase: Ai(3)-GGS_Current's Declare Attackers Step
Combat: Ai(3)-GGS_Current assigned Phoenix Chick (272), Changeling Outcast (218) and Professional Face-Breaker (269) to attack Ai(2)-Destyn_Turtles.
Phase: Ai(3)-GGS_Current's Declare Blockers Step
Combat: Ai(2)-Destyn_Turtles didn't block Phoenix Chick (272).
Ai(2)-Destyn_Turtles didn't block Changeling Outcast (218).
Ai(2)-Destyn_Turtles assigned Rat Token (444) and Baxter, Fly in the Ointment (128) to block Professional Face-Breaker (269).
Phase: Ai(3)-GGS_Current's First Strike Damage Step
Phase: Ai(3)-GGS_Current's Combat Damage Step
Damage: Phoenix Chick (272) deals 1 combat damage to Ai(2)-Destyn_Turtles.
Damage: Changeling Outcast (218) deals 1 combat damage to Ai(2)-Destyn_Turtles.
Damage: Professional Face-Breaker (269) deals 2 damage to Baxter, Fly in the Ointment (128).
Damage: Rat Token (444) deals 1 damage to Professional Face-Breaker (269).
Damage: Baxter, Fly in the Ointment (128) deals 2 damage to Professional Face-Breaker (269).
Life: Life: Ai(2)-Destyn_Turtles 28 > 26
Zone Change: Professional Face-Breaker (269) was put into Graveyard from Battlefield.
Zone Change: Baxter, Fly in the Ointment (128) was put into Graveyard from Battlefield.
Add To Stack: Ai(3)-GGS_Current triggered Professional Face-Breaker
Resolve Stack: Whenever one or more creatures you control deal combat damage to a player, create a Treasure token. [Damaged: Ai(2)-Destyn_Turtles, Amount: 2]
Phase: Ai(3)-GGS_Current's End of Combat Step
Phase: Ai(3)-GGS_Current's Main phase, postcombat
Mana: Watery Grave (274) - {T}: Add {B}.
Mana: Island (276) - {T}: Add {U}.
Mana: Steam Vents (246) - {T}: Add {R}.
Mana: Blood Crypt (268) - {T}: Add {R}.
Mana: Command Tower (275) - {T}: Add one mana of any color in your commander's color identity.
Add To Stack: Ai(3)-GGS_Current cast Goro-Goro and Satoru
Resolve Stack: Goro-Goro and Satoru - Creature 3 / 4
Phase: Ai(3)-GGS_Current's End step
Phase: Ai(3)-GGS_Current's Cleanup step
Turn: Turn 29 (Ai(4)-Jaymie_Ezio)
Phase: Ai(4)-Jaymie_Ezio's Untap step
Phase: Ai(4)-Jaymie_Ezio's Upkeep step
Phase: Ai(4)-Jaymie_Ezio's Draw step
Phase: Ai(4)-Jaymie_Ezio's Main phase, precombat
Phase: Ai(4)-Jaymie_Ezio's Beginning of Combat Step
Phase: Ai(4)-Jaymie_Ezio's Declare Attackers Step
Phase: Ai(4)-Jaymie_Ezio's Declare Blockers Step
Phase: Ai(4)-Jaymie_Ezio's First Strike Damage Step
Phase: Ai(4)-Jaymie_Ezio's Combat Damage Step
Phase: Ai(4)-Jaymie_Ezio's End of Combat Step
Phase: Ai(4)-Jaymie_Ezio's Main phase, postcombat
Mana: Island (336) - {T}: Add {U}.
Mana: Smoldering Marsh (374) - {T}: Add {B}.
Mana: Plains (392) - {T}: Add {W}.
Mana: Plains (393) - {T}: Add {W}.
Add To Stack: Ai(4)-Jaymie_Ezio cast Ramses, Assassin Lord
Resolve Stack: Ramses, Assassin Lord - Creature 4 / 4
Phase: Ai(4)-Jaymie_Ezio's End step
Life: Life: Ai(1)-Gabe_Food 37 > 38
Mana: Pristine Talisman (91) - {T}: Add {C}. You gain 1 life. 
Phase: Ai(4)-Jaymie_Ezio's Cleanup step
Turn: Turn 30 (Ai(1)-Gabe_Food)
Phase: Ai(1)-Gabe_Food's Untap step
Phase: Ai(1)-Gabe_Food's Upkeep step
Phase: Ai(1)-Gabe_Food's Draw step
Phase: Ai(1)-Gabe_Food's Main phase, precombat
Land: Ai(1)-Gabe_Food played Shire Terrace (71)
Mana: Forest (32) - {T}: Add {G}.
Zone Change: Shire Terrace (71) was put into Graveyard from Battlefield.
Add To Stack: Ai(1)-Gabe_Food activated Shire Terrace
Resolve Stack: Shire Terrace (71) - Ai(1)-Gabe_Food searches their library for a basic land card, puts it onto the battlefield tapped, then shuffles.
Phase: Ai(1)-Gabe_Food's Beginning of Combat Step
Add To Stack: Ai(1)-Gabe_Food triggered Sam, Loyal Attendant
Resolve Stack: At the beginning of combat on your turn, create a Food token. (It's an artifact with "{2}, {T}, Sacrifice this token: You gain 3 life.") [Phase: Ai(1)-Gabe_Food]
Phase: Ai(1)-Gabe_Food's Declare Attackers Step
Phase: Ai(1)-Gabe_Food's Declare Blockers Step
Phase: Ai(1)-Gabe_Food's First Strike Damage Step
Phase: Ai(1)-Gabe_Food's Combat Damage Step
Phase: Ai(1)-Gabe_Food's End of Combat Step
Phase: Ai(1)-Gabe_Food's Main phase, postcombat
Damage: Murmuring Bosk (24) deals 1 non-combat damage to Ai(1)-Gabe_Food.
Life: Life: Ai(1)-Gabe_Food 38 > 37
Mana: Murmuring Bosk (24) - {T}: Add {W} or {B}. Murmuring Bosk deals 1 damage to you. 
Mana: Swamp (61) - {T}: Add {B}.
Mana: Swamp (63) - {T}: Add {B}.
Mana: Forest (39) - {T}: Add {G}.
Mana: Forest (35) - {T}: Add {G}.
Add To Stack: Ai(1)-Gabe_Food cast Gwaihir, Greatest of the Eagles
Resolve Stack: Gwaihir, Greatest of the Eagles - Creature 5 / 5
Phase: Ai(1)-Gabe_Food's End step
Phase: Ai(1)-Gabe_Food's Cleanup step
Turn: Turn 31 (Ai(2)-Destyn_Turtles)
Phase: Ai(2)-Destyn_Turtles' Untap step
Phase: Ai(2)-Destyn_Turtles' Upkeep step
Phase: Ai(2)-Destyn_Turtles' Draw step
Phase: Ai(2)-Destyn_Turtles' Main phase, precombat
Replacement Effect: Dragonskull Summit enters tapped unless you control a Swamp or a Mountain.
Land: Ai(2)-Destyn_Turtles played Dragonskull Summit (148)
Phase: Ai(2)-Destyn_Turtles' Beginning of Combat Step
Phase: Ai(2)-Destyn_Turtles' Declare Attackers Step
Phase: Ai(2)-Destyn_Turtles' Declare Blockers Step
Phase: Ai(2)-Destyn_Turtles' First Strike Damage Step
Phase: Ai(2)-Destyn_Turtles' Combat Damage Step
Phase: Ai(2)-Destyn_Turtles' End of Combat Step
Phase: Ai(2)-Destyn_Turtles' Main phase, postcombat
Mana: Dragonskull Summit (148) - {T}: Add {B} or {R}.
Mana: Swamp (157) - {T}: Add {B}.
Mana: Swamp (156) - {T}: Add {B}.
Mana: Plains (189) - {T}: Add {W}.
Mana: Forest (138) - {T}: Add {G}.
Add To Stack: Ai(2)-Destyn_Turtles cast Raphael, the Muscle
Resolve Stack: Raphael, the Muscle - Creature 4 / 4
Add To Stack: Ai(2)-Destyn_Turtles triggered Raphael, the Muscle
Resolve Stack: When Raphael enters, create a Mutagen token. [Zone Changer: Raphael, the Muscle (176)]
Phase: Ai(2)-Destyn_Turtles' End step
Phase: Ai(2)-Destyn_Turtles' Cleanup step
Turn: Turn 32 (Ai(3)-GGS_Current)
Phase: Ai(3)-GGS_Current's Untap step
Phase: Ai(3)-GGS_Current's Upkeep step
Phase: Ai(3)-GGS_Current's Draw step
Phase: Ai(3)-GGS_Current's Main phase, precombat
Land: Ai(3)-GGS_Current played Mountain (296)
Phase: Ai(3)-GGS_Current's Beginning of Combat Step
Phase: Ai(3)-GGS_Current's Declare Attackers Step
Combat: Ai(3)-GGS_Current assigned Changeling Outcast (218) to attack Ai(1)-Gabe_Food.
Phase: Ai(3)-GGS_Current's Declare Blockers Step
Combat: Ai(1)-Gabe_Food didn't block Changeling Outcast (218).
Phase: Ai(3)-GGS_Current's First Strike Damage Step
Phase: Ai(3)-GGS_Current's Combat Damage Step
Damage: Changeling Outcast (218) deals 1 combat damage to Ai(1)-Gabe_Food.
Life: Life: Ai(1)-Gabe_Food 37 > 36
Phase: Ai(3)-GGS_Current's End of Combat Step
Phase: Ai(3)-GGS_Current's Main phase, postcombat
Mana: Mountain (296) - {T}: Add {R}.
Mana: Island (276) - {T}: Add {U}.
Add To Stack: Ai(3)-GGS_Current cast Arcane Signet
Resolve Stack: Arcane Signet
Phase: Ai(3)-GGS_Current's End step
Phase: Ai(3)-GGS_Current's Cleanup step
Turn: Turn 33 (Ai(4)-Jaymie_Ezio)
Phase: Ai(4)-Jaymie_Ezio's Untap step
Phase: Ai(4)-Jaymie_Ezio's Upkeep step
Phase: Ai(4)-Jaymie_Ezio's Draw step
Phase: Ai(4)-Jaymie_Ezio's Main phase, precombat
Phase: Ai(4)-Jaymie_Ezio's Beginning of Combat Step
Phase: Ai(4)-Jaymie_Ezio's Declare Attackers Step
Combat: Ai(4)-Jaymie_Ezio assigned Ramses, Assassin Lord (316) to attack Ai(3)-GGS_Current.
Phase: Ai(4)-Jaymie_Ezio's Declare Blockers Step
Combat: Ai(3)-GGS_Current didn't block Ramses, Assassin Lord (316).
Phase: Ai(4)-Jaymie_Ezio's First Strike Damage Step
Phase: Ai(4)-Jaymie_Ezio's Combat Damage Step
Damage: Ramses, Assassin Lord (316) deals 4 combat damage to Ai(3)-GGS_Current.
Life: Life: Ai(3)-GGS_Current 29 > 25
Phase: Ai(4)-Jaymie_Ezio's End of Combat Step
Phase: Ai(4)-Jaymie_Ezio's Main phase, postcombat
Mana: Smoldering Marsh (374) - {T}: Add {B}.
Mana: Cinder Glade (321) - {T}: Add {R}.
Mana: Plains (392) - {T}: Add {W}.
Add To Stack: Ai(4)-Jaymie_Ezio cast Altaïr Ibn-La'Ahad
Resolve Stack: Altaïr Ibn-La'Ahad - Creature 3 / 3
Phase: Ai(4)-Jaymie_Ezio's End step
Life: Life: Ai(1)-Gabe_Food 36 > 37
Mana: Pristine Talisman (91) - {T}: Add {C}. You gain 1 life. 
Phase: Ai(4)-Jaymie_Ezio's Cleanup step
Turn: Turn 34 (Ai(1)-Gabe_Food)
Phase: Ai(1)-Gabe_Food's Untap step
Phase: Ai(1)-Gabe_Food's Upkeep step
Phase: Ai(1)-Gabe_Food's Draw step
Phase: Ai(1)-Gabe_Food's Main phase, precombat
Phase: Ai(1)-Gabe_Food's Beginning of Combat Step
Add To Stack: Ai(1)-Gabe_Food triggered Sam, Loyal Attendant
Resolve Stack: At the beginning of combat on your turn, create a Food token. (It's an artifact with "{2}, {T}, Sacrifice this token: You gain 3 life.") [Phase: Ai(1)-Gabe_Food]
Phase: Ai(1)-Gabe_Food's Declare Attackers Step
Combat: Ai(1)-Gabe_Food assigned Gwaihir, Greatest of the Eagles (90) to attack Ai(3)-GGS_Current.
Add To Stack: Ai(1)-Gabe_Food triggered Gwaihir, Greatest of the Eagles targeting [Gwaihir, Greatest of the Eagles (90)]
Resolve Stack: Whenever Gwaihir attacks, target attacking creature gains flying until end of turn. (Targeting: [[Gwaihir, Greatest of the Eagles (90)]]) [Attacker: Gwaihir, Greatest of the Eagles (90)]
Phase: Ai(1)-Gabe_Food's Declare Blockers Step
Combat: Ai(3)-GGS_Current didn't block Gwaihir, Greatest of the Eagles (90).
Phase: Ai(1)-Gabe_Food's First Strike Damage Step
Phase: Ai(1)-Gabe_Food's Combat Damage Step
Damage: Gwaihir, Greatest of the Eagles (90) deals 5 combat damage to Ai(3)-GGS_Current.
Life: Life: Ai(3)-GGS_Current 25 > 20
Phase: Ai(1)-Gabe_Food's End of Combat Step
Phase: Ai(1)-Gabe_Food's Main phase, postcombat
Mana: Forest (32) - {T}: Add {G}.
Mana: Forest (39) - {T}: Add {G}.
Mana: Forest (35) - {T}: Add {G}.
Add To Stack: Ai(1)-Gabe_Food cast Tireless Provisioner
Resolve Stack: Tireless Provisioner - Creature 3 / 2
Mana: Plains (87) - {T}: Add {W}.
Mana: Swamp (61) - {T}: Add {B}.
Add To Stack: Ai(1)-Gabe_Food cast Frodo, Adventurous Hobbit
Resolve Stack: Frodo, Adventurous Hobbit - Creature 1 / 3
Add To Stack: Ai(1)-Gabe_Food triggered Frodo, Adventurous Hobbit targeting [Ai(1)-Gabe_Food]
Resolve Stack: Partner with Sam, Loyal Attendant (When this creature enters, target player may put Sam into their hand from their library, then shuffle.) (Targeting: [[Ai(1)-Gabe_Food]]) [Zone Changer: Frodo, Adventurous Hobbit (99)]
Phase: Ai(1)-Gabe_Food's End step
Phase: Ai(1)-Gabe_Food's Cleanup step
Turn: Turn 35 (Ai(2)-Destyn_Turtles)
Phase: Ai(2)-Destyn_Turtles' Untap step
Phase: Ai(2)-Destyn_Turtles' Upkeep step
Phase: Ai(2)-Destyn_Turtles' Draw step
Mana: Thriving Isle (153) - {T}: Add {U} or one mana of the chosen color.
Mana: Swamp (157) - {T}: Add {B}.
Add To Stack: Ai(2)-Destyn_Turtles cast Double Jump targeting [Raphael, the Muscle (176)]
Resolve Stack: Double Jump (127) - Put a flying counter on target creature you control. Until end of turn, it has base power and toughness 5/5. (Targeting: Raphael, the Muscle (176)) 
Phase: Ai(2)-Destyn_Turtles' Main phase, precombat
Phase: Ai(2)-Destyn_Turtles' Beginning of Combat Step
Phase: Ai(2)-Destyn_Turtles' Declare Attackers Step
Combat: Ai(2)-Destyn_Turtles assigned Raphael, the Muscle (176) to attack Ai(1)-Gabe_Food.
Phase: Ai(2)-Destyn_Turtles' Declare Blockers Step
Combat: Ai(1)-Gabe_Food didn't block Raphael, the Muscle (176).
Phase: Ai(2)-Destyn_Turtles' First Strike Damage Step
Phase: Ai(2)-Destyn_Turtles' Combat Damage Step
Replacement Effect: Double all damage that creatures you control with counters on them would deal.
Damage: Raphael, the Muscle (176) deals 10 combat damage to Ai(1)-Gabe_Food.
Life: Life: Ai(1)-Gabe_Food 37 > 27
Phase: Ai(2)-Destyn_Turtles' End of Combat Step
Phase: Ai(2)-Destyn_Turtles' Main phase, postcombat
Mana: Forest (138) - {T}: Add {G}.
Mana: Vernal Fen (159) - {T}: Add {G}.
Mana: Swamp (156) - {T}: Add {B}.
Mana: Plains (189) - {T}: Add {W}.
Mana: Dragonskull Summit (148) - {T}: Add {B} or {R}.
Add To Stack: Ai(2)-Destyn_Turtles cast Biogenic Ooze
Resolve Stack: Biogenic Ooze - Creature 2 / 2
Add To Stack: Ai(2)-Destyn_Turtles triggered Biogenic Ooze
Resolve Stack: When Biogenic Ooze enters, create a 2/2 green Ooze creature token. [Zone Changer: Biogenic Ooze (166)]
Phase: Ai(2)-Destyn_Turtles' End step
Add To Stack: Ai(2)-Destyn_Turtles triggered Biogenic Ooze
Resolve Stack: At the beginning of your end step, put a +1/+1 counter on each Ooze you control. [Phase: Ai(2)-Destyn_Turtles]
Phase: Ai(2)-Destyn_Turtles' Cleanup step
Turn: Turn 36 (Ai(3)-GGS_Current)
Phase: Ai(3)-GGS_Current's Untap step
Phase: Ai(3)-GGS_Current's Upkeep step
Phase: Ai(3)-GGS_Current's Draw step
Phase: Ai(3)-GGS_Current's Main phase, precombat
Phase: Ai(3)-GGS_Current's Beginning of Combat Step
Phase: Ai(3)-GGS_Current's Declare Attackers Step
Combat: Ai(3)-GGS_Current assigned Phoenix Chick (272) and Changeling Outcast (218) to attack Ai(1)-Gabe_Food.
Phase: Ai(3)-GGS_Current's Declare Blockers Step
Combat: Ai(1)-Gabe_Food didn't block Phoenix Chick (272).
Ai(1)-Gabe_Food didn't block Changeling Outcast (218).
Mana: Island (276) - {T}: Add {U}.
Mana: Mountain (296) - {T}: Add {R}.
Add To Stack: Ai(3)-GGS_Current activated Prosperous Thief
Resolve Stack: Prosperous Thief (229) - Ai(3)-GGS_Current puts Prosperous Thief (229) from their hand onto the battlefield tapped and attacking.
Phase: Ai(3)-GGS_Current's First Strike Damage Step
Phase: Ai(3)-GGS_Current's Combat Damage Step
Damage: Changeling Outcast (218) deals 1 combat damage to Ai(1)-Gabe_Food.
Damage: Prosperous Thief (229) deals 3 combat damage to Ai(1)-Gabe_Food.
Life: Life: Ai(1)-Gabe_Food 27 > 23
Add To Stack: Ai(3)-GGS_Current triggered Goro-Goro and Satoru
Add To Stack: Ai(3)-GGS_Current triggered Prosperous Thief
Resolve Stack: Whenever one or more Ninja or Rogue creatures you control deal combat damage to a player, create a Treasure token. (It's an artifact with "{T}, Sacrifice this token: Add one mana of any color.") [Damaged: Ai(1)-Gabe_Food, Amount: 4]
Resolve Stack: Whenever one or more creatures you control that entered this turn deal combat damage to a player, create a 5/5 red Dragon Spirit creature token with flying. [Damaged: Ai(1)-Gabe_Food, Amount: 3]
Phase: Ai(3)-GGS_Current's End of Combat Step
Phase: Ai(3)-GGS_Current's Main phase, postcombat
Mana: Blood Crypt (268) - {T}: Add {R}.
Add To Stack: Ai(3)-GGS_Current cast Phoenix Chick
Resolve Stack: Phoenix Chick - Creature 1 / 1
Phase: Ai(3)-GGS_Current's End step
Phase: Ai(3)-GGS_Current's Cleanup step
Turn: Turn 37 (Ai(4)-Jaymie_Ezio)
Phase: Ai(4)-Jaymie_Ezio's Untap step
Phase: Ai(4)-Jaymie_Ezio's Upkeep step
Phase: Ai(4)-Jaymie_Ezio's Draw step
Phase: Ai(4)-Jaymie_Ezio's Main phase, precombat
Phase: Ai(4)-Jaymie_Ezio's Beginning of Combat Step
Phase: Ai(4)-Jaymie_Ezio's Declare Attackers Step
Combat: Ai(4)-Jaymie_Ezio assigned Ramses, Assassin Lord (316) to attack Ai(3)-GGS_Current.
Phase: Ai(4)-Jaymie_Ezio's Declare Blockers Step
Combat: Ai(3)-GGS_Current didn't block Ramses, Assassin Lord (316).
Phase: Ai(4)-Jaymie_Ezio's First Strike Damage Step
Phase: Ai(4)-Jaymie_Ezio's Combat Damage Step
Damage: Ramses, Assassin Lord (316) deals 4 combat damage to Ai(3)-GGS_Current.
Life: Life: Ai(3)-GGS_Current 20 > 16
Phase: Ai(4)-Jaymie_Ezio's End of Combat Step
Phase: Ai(4)-Jaymie_Ezio's Main phase, postcombat
Mana: Smoldering Marsh (374) - {T}: Add {B}.
Mana: Island (336) - {T}: Add {U}.
Mana: Plains (392) - {T}: Add {W}.
Add To Stack: Ai(4)-Jaymie_Ezio cast Unstoppable Slasher
Resolve Stack: Unstoppable Slasher - Creature 2 / 3
Mana: Plains (393) - {T}: Add {W}.
Mana: Cinder Glade (321) - {T}: Add {R}.
Add To Stack: Ai(4)-Jaymie_Ezio cast Arbaaz Mir
Resolve Stack: Arbaaz Mir - Creature 2 / 2
Add To Stack: Ai(4)-Jaymie_Ezio triggered Arbaaz Mir
Damage: Arbaaz Mir (367) deals 1 non-combat damage to Ai(1)-Gabe_Food.
Damage: Arbaaz Mir (367) deals 1 non-combat damage to Ai(2)-Destyn_Turtles.
Damage: Arbaaz Mir (367) deals 1 non-combat damage to Ai(3)-GGS_Current.
Life: Life: Ai(1)-Gabe_Food 23 > 22
Life: Life: Ai(2)-Destyn_Turtles 26 > 25
Life: Life: Ai(3)-GGS_Current 16 > 15
Life: Life: Ai(4)-Jaymie_Ezio 40 > 41
Resolve Stack: Whenever Arbaaz Mir or another nontoken historic permanent you control enters, Arbaaz Mir deals 1 damage to each opponent and you gain 1 life. (Artifacts, legendaries, and Sagas are historic.) [Zone Changer: Arbaaz Mir (367)]
Phase: Ai(4)-Jaymie_Ezio's End step
Life: Life: Ai(1)-Gabe_Food 22 > 23
Mana: Pristine Talisman (91) - {T}: Add {C}. You gain 1 life. 
Phase: Ai(4)-Jaymie_Ezio's Cleanup step
Turn: Turn 38 (Ai(1)-Gabe_Food)
Phase: Ai(1)-Gabe_Food's Untap step
Phase: Ai(1)-Gabe_Food's Upkeep step
Phase: Ai(1)-Gabe_Food's Draw step
Phase: Ai(1)-Gabe_Food's Main phase, precombat
Mana: Plains (87) - {T}: Add {W}.
Damage: Murmuring Bosk (24) deals 1 non-combat damage to Ai(1)-Gabe_Food.
Life: Life: Ai(1)-Gabe_Food 23 > 22
Mana: Murmuring Bosk (24) - {T}: Add {W} or {B}. Murmuring Bosk deals 1 damage to you. 
Mana: Forest (32) - {T}: Add {G}.
Mana: Swamp (61) - {T}: Add {B}.
Add To Stack: Ai(1)-Gabe_Food cast Dusk
Zone Change: Gwaihir, Greatest of the Eagles (90) was put into Graveyard from Battlefield.
Zone Change: Tireless Provisioner (19) was put into Graveyard from Battlefield.
Zone Change: Raphael, the Muscle (176) was put into Graveyard from Battlefield.
Zone Change: Biogenic Ooze (166) was put into Graveyard from Battlefield.
Zone Change: Ooze Token (471) was put into Graveyard from Battlefield.
Zone Change: Goro-Goro and Satoru (302) was put into Graveyard from Battlefield.
Zone Change: Prosperous Thief (229) was put into Graveyard from Battlefield.
Zone Change: Dragon Spirit Token (493) was put into Graveyard from Battlefield.
Zone Change: Ramses, Assassin Lord (316) was put into Graveyard from Battlefield.
Zone Change: Altaïr Ibn-La'Ahad (351) was put into Graveyard from Battlefield.
Zone Change: Unstoppable Slasher (378) was put into Graveyard from Battlefield.
Zone Change: Arbaaz Mir (367) was put into Graveyard from Battlefield.
Resolve Stack: Dusk (12) - Destroy all creatures with power 3 or greater.
Add To Stack: Ai(4)-Jaymie_Ezio triggered Unstoppable Slasher
Resolve Stack: When Unstoppable Slasher dies, if it had no counters on it, return it to the battlefield tapped under its owner's control with two stun counters on it. [Zone Changer: Unstoppable Slasher (378)]
Phase: Ai(1)-Gabe_Food's Beginning of Combat Step
Add To Stack: Ai(1)-Gabe_Food triggered Sam, Loyal Attendant
Resolve Stack: At the beginning of combat on your turn, create a Food token. (It's an artifact with "{2}, {T}, Sacrifice this token: You gain 3 life.") [Phase: Ai(1)-Gabe_Food]
Phase: Ai(1)-Gabe_Food's Declare Attackers Step
Phase: Ai(1)-Gabe_Food's Declare Blockers Step
Phase: Ai(1)-Gabe_Food's First Strike Damage Step
Phase: Ai(1)-Gabe_Food's Combat Damage Step
Phase: Ai(1)-Gabe_Food's End of Combat Step
Phase: Ai(1)-Gabe_Food's Main phase, postcombat
Phase: Ai(1)-Gabe_Food's End step
Phase: Ai(1)-Gabe_Food's Cleanup step
Turn: Turn 39 (Ai(2)-Destyn_Turtles)
Phase: Ai(2)-Destyn_Turtles' Untap step
Phase: Ai(2)-Destyn_Turtles' Upkeep step
Phase: Ai(2)-Destyn_Turtles' Draw step
Phase: Ai(2)-Destyn_Turtles' Main phase, precombat
Land: Ai(2)-Destyn_Turtles played Forest (139)
Phase: Ai(2)-Destyn_Turtles' Beginning of Combat Step
Phase: Ai(2)-Destyn_Turtles' Declare Attackers Step
Phase: Ai(2)-Destyn_Turtles' Declare Blockers Step
Phase: Ai(2)-Destyn_Turtles' First Strike Damage Step
Phase: Ai(2)-Destyn_Turtles' Combat Damage Step
Phase: Ai(2)-Destyn_Turtles' End of Combat Step
Phase: Ai(2)-Destyn_Turtles' Main phase, postcombat
Mana: Plains (189) - {T}: Add {W}.
Mana: Swamp (157) - {T}: Add {B}.
Mana: Swamp (156) - {T}: Add {B}.
Mana: Forest (138) - {T}: Add {G}.
Mana: Forest (139) - {T}: Add {G}.
Mana: Dragonskull Summit (148) - {T}: Add {B} or {R}.
Add To Stack: Ai(2)-Destyn_Turtles cast Leonardo, the Balance
Resolve Stack: Leonardo, the Balance - Creature 3 / 3
Phase: Ai(2)-Destyn_Turtles' End step
Phase: Ai(2)-Destyn_Turtles' Cleanup step
Turn: Turn 40 (Ai(3)-GGS_Current)
Phase: Ai(3)-GGS_Current's Untap step
Phase: Ai(3)-GGS_Current's Upkeep step
Phase: Ai(3)-GGS_Current's Draw step
Phase: Ai(3)-GGS_Current's Main phase, precombat
Phase: Ai(3)-GGS_Current's Beginning of Combat Step
Phase: Ai(3)-GGS_Current's Declare Attackers Step
Combat: Ai(3)-GGS_Current assigned Changeling Outcast (218) and Phoenix Chick (272) to attack Ai(1)-Gabe_Food.
Phase: Ai(3)-GGS_Current's Declare Blockers Step
Combat: Ai(1)-Gabe_Food didn't block Changeling Outcast (218).
Ai(1)-Gabe_Food didn't block Phoenix Chick (272).
Phase: Ai(3)-GGS_Current's First Strike Damage Step
Phase: Ai(3)-GGS_Current's Combat Damage Step
Damage: Changeling Outcast (218) deals 1 combat damage to Ai(1)-Gabe_Food.
Damage: Phoenix Chick (272) deals 1 combat damage to Ai(1)-Gabe_Food.
Life: Life: Ai(1)-Gabe_Food 22 > 20
Phase: Ai(3)-GGS_Current's End of Combat Step
Phase: Ai(3)-GGS_Current's Main phase, postcombat
Mana: Watery Grave (274) - {T}: Add {B}.
Mana: Island (276) - {T}: Add {U}.
Mana: Mountain (296) - {T}: Add {R}.
Mana: Blood Crypt (268) - {T}: Add {R}.
Mana: Steam Vents (246) - {T}: Add {R}.
Mana: Command Tower (275) - {T}: Add one mana of any color in your commander's color identity.
Mana: Arcane Signet (149) - {T}: Add one mana of any color in your commander's color identity.
Add To Stack: Ai(3)-GGS_Current cast Goro-Goro and Satoru
Resolve Stack: Goro-Goro and Satoru - Creature 3 / 4
Phase: Ai(3)-GGS_Current's End step
Phase: Ai(3)-GGS_Current's Cleanup step
Turn: Turn 41 (Ai(4)-Jaymie_Ezio)
Phase: Ai(4)-Jaymie_Ezio's Untap step
Replacement Effect: If this permanent would become untapped, instead remove a stun counter from it.
Phase: Ai(4)-Jaymie_Ezio's Upkeep step
Phase: Ai(4)-Jaymie_Ezio's Draw step
Phase: Ai(4)-Jaymie_Ezio's Main phase, precombat
Phase: Ai(4)-Jaymie_Ezio's Beginning of Combat Step
Phase: Ai(4)-Jaymie_Ezio's Declare Attackers Step
Phase: Ai(4)-Jaymie_Ezio's Declare Blockers Step
Phase: Ai(4)-Jaymie_Ezio's First Strike Damage Step
Phase: Ai(4)-Jaymie_Ezio's Combat Damage Step
Phase: Ai(4)-Jaymie_Ezio's End of Combat Step
Phase: Ai(4)-Jaymie_Ezio's Main phase, postcombat
Mana: Smoldering Marsh (374) - {T}: Add {B}.
Mana: Island (336) - {T}: Add {U}.
Mana: Plains (392) - {T}: Add {W}.
Mana: Plains (393) - {T}: Add {W}.
Add To Stack: Ai(4)-Jaymie_Ezio cast Ezio Auditore da Firenze
Resolve Stack: Ezio Auditore da Firenze - Creature 3 / 2
Phase: Ai(4)-Jaymie_Ezio's End step
Life: Life: Ai(1)-Gabe_Food 20 > 21
Mana: Pristine Talisman (91) - {T}: Add {C}. You gain 1 life. 
Phase: Ai(4)-Jaymie_Ezio's Cleanup step
Turn: Turn 42 (Ai(1)-Gabe_Food)
Phase: Ai(1)-Gabe_Food's Untap step
Phase: Ai(1)-Gabe_Food's Upkeep step
Phase: Ai(1)-Gabe_Food's Draw step
Phase: Ai(1)-Gabe_Food's Main phase, precombat
Land: Ai(1)-Gabe_Food played Evolving Wilds (31)
Zone Change: Evolving Wilds (31) was put into Graveyard from Battlefield.
Add To Stack: Ai(1)-Gabe_Food activated Evolving Wilds
Resolve Stack: Evolving Wilds (31) - Ai(1)-Gabe_Food searches their library for a basic land card, puts it onto the battlefield tapped, then shuffles.
Phase: Ai(1)-Gabe_Food's Beginning of Combat Step
Add To Stack: Ai(1)-Gabe_Food triggered Sam, Loyal Attendant
Resolve Stack: At the beginning of combat on your turn, create a Food token. (It's an artifact with "{2}, {T}, Sacrifice this token: You gain 3 life.") [Phase: Ai(1)-Gabe_Food]
Phase: Ai(1)-Gabe_Food's Declare Attackers Step
Phase: Ai(1)-Gabe_Food's Declare Blockers Step
Phase: Ai(1)-Gabe_Food's First Strike Damage Step
Phase: Ai(1)-Gabe_Food's Combat Damage Step
Phase: Ai(1)-Gabe_Food's End of Combat Step
Phase: Ai(1)-Gabe_Food's Main phase, postcombat
Mana: Plains (87) - {T}: Add {W}.
Mana: Forest (32) - {T}: Add {G}.
Mana: Swamp (61) - {T}: Add {B}.
Add To Stack: Ai(1)-Gabe_Food cast Rosie Cotton of South Lane
Resolve Stack: Rosie Cotton of South Lane - Creature 1 / 1
Add To Stack: Ai(1)-Gabe_Food triggered Rosie Cotton of South Lane
Resolve Stack: When Rosie Cotton of South Lane enters, create a Food token. (It's an artifact with "{2}, {T}, Sacrifice this token: You gain 3 life.") [Zone Changer: Rosie Cotton of South Lane (57)]
Add To Stack: Ai(1)-Gabe_Food triggered Rosie Cotton of South Lane targeting [Sam, Loyal Attendant (101)]
Resolve Stack: Whenever you create a token, put a +1/+1 counter on target creature you control other than Rosie. (Targeting: [[Sam, Loyal Attendant (101)]]) [Player: Ai(1)-Gabe_Food]
Phase: Ai(1)-Gabe_Food's End step
Phase: Ai(1)-Gabe_Food's Cleanup step
Turn: Turn 43 (Ai(2)-Destyn_Turtles)
Phase: Ai(2)-Destyn_Turtles' Untap step
Phase: Ai(2)-Destyn_Turtles' Upkeep step
Phase: Ai(2)-Destyn_Turtles' Draw step
Phase: Ai(2)-Destyn_Turtles' Main phase, precombat
Phase: Ai(2)-Destyn_Turtles' Beginning of Combat Step
Phase: Ai(2)-Destyn_Turtles' Declare Attackers Step
Phase: Ai(2)-Destyn_Turtles' Declare Blockers Step
Phase: Ai(2)-Destyn_Turtles' First Strike Damage Step
Phase: Ai(2)-Destyn_Turtles' Combat Damage Step
Phase: Ai(2)-Destyn_Turtles' End of Combat Step
Phase: Ai(2)-Destyn_Turtles' Main phase, postcombat
Mana: Swamp (157) - {T}: Add {B}.
Mana: Swamp (156) - {T}: Add {B}.
Mana: Plains (189) - {T}: Add {W}.
Mana: Forest (138) - {T}: Add {G}.
Add To Stack: Ai(2)-Destyn_Turtles cast Coin of Mastery
Resolve Stack: Coin of Mastery
Mana: Dragonskull Summit (148) - {T}: Add {B} or {R}.
Mana: Forest (139) - {T}: Add {G}.
Add To Stack: Ai(2)-Destyn_Turtles cast Splinter, the Mentor
Replacement Effect: Each creature you control enters with an additional +1/+1 counter on it for each mana from an artifact source spent to cast it.
Resolve Stack: Splinter, the Mentor - Creature 2 / 2
Phase: Ai(2)-Destyn_Turtles' End step
Phase: Ai(2)-Destyn_Turtles' Cleanup step
Turn: Turn 44 (Ai(3)-GGS_Current)
Phase: Ai(3)-GGS_Current's Untap step
Phase: Ai(3)-GGS_Current's Upkeep step
Phase: Ai(3)-GGS_Current's Draw step
Phase: Ai(3)-GGS_Current's Main phase, precombat
Land: Ai(3)-GGS_Current played Gloomlake Verge (227)
Mana: Mountain (296) - {T}: Add {R}.
Mana: Island (276) - {T}: Add {U}.
Add To Stack: Ai(3)-GGS_Current cast Loyal Apprentice
Resolve Stack: Loyal Apprentice - Creature 2 / 1
Phase: Ai(3)-GGS_Current's Beginning of Combat Step
Add To Stack: Ai(3)-GGS_Current triggered Loyal Apprentice
Resolve Stack: Lieutenant — At the beginning of combat on your turn, if you control your commander, create a 1/1 colorless Thopter artifact creature token with flying. That token gains haste until end of turn. [Phase: Ai(3)-GGS_Current]
Phase: Ai(3)-GGS_Current's Declare Attackers Step
Combat: Ai(3)-GGS_Current assigned Changeling Outcast (218), Phoenix Chick (272), Goro-Goro and Satoru (302) and Thopter Token (550) to attack Ai(2)-Destyn_Turtles.
Add To Stack: Ai(2)-Destyn_Turtles activated Coin of Mastery
Resolve Stack: Coin of Mastery (122) - Ai(2)-Destyn_Turtles creates a Treasure token.
Add To Stack: Ai(2)-Destyn_Turtles triggered Leonardo, the Balance
Resolve Stack: Whenever a token you control enters, you may put a +1/+1 counter on each creature you control. Do this only once each turn. [Zone Changer: Treasure Token (555)]
Phase: Ai(3)-GGS_Current's Declare Blockers Step
Combat: Ai(2)-Destyn_Turtles didn't block Changeling Outcast (218).
Ai(2)-Destyn_Turtles didn't block Phoenix Chick (272).
Ai(2)-Destyn_Turtles assigned Leonardo, the Balance (202) to block Goro-Goro and Satoru (302).
Ai(2)-Destyn_Turtles didn't block Thopter Token (550).
Phase: Ai(3)-GGS_Current's First Strike Damage Step
Phase: Ai(3)-GGS_Current's Combat Damage Step
Damage: Changeling Outcast (218) deals 1 combat damage to Ai(2)-Destyn_Turtles.
Damage: Phoenix Chick (272) deals 1 combat damage to Ai(2)-Destyn_Turtles.
Damage: Goro-Goro and Satoru (302) deals 3 damage to Leonardo, the Balance (202).
Damage: Thopter Token (550) deals 1 combat damage to Ai(2)-Destyn_Turtles.
Damage: Leonardo, the Balance (202) deals 4 damage to Goro-Goro and Satoru (302).
Life: Life: Ai(2)-Destyn_Turtles 25 > 22
Zone Change: Goro-Goro and Satoru (302) was put into Graveyard from Battlefield.
Add To Stack: Ai(3)-GGS_Current triggered Goro-Goro and Satoru
Resolve Stack: Whenever one or more creatures you control that entered this turn deal combat damage to a player, create a 5/5 red Dragon Spirit creature token with flying. [Damaged: Ai(2)-Destyn_Turtles, Amount: 1]
Phase: Ai(3)-GGS_Current's End of Combat Step
Phase: Ai(3)-GGS_Current's Main phase, postcombat
Mana: Watery Grave (274) - {T}: Add {B}.
Mana: Steam Vents (246) - {T}: Add {U}.
Mana: Blood Crypt (268) - {T}: Add {R}.
Mana: Gloomlake Verge (227) - {T}: Add {B}. Activate only if you control an Island or a Swamp.
Mana: Command Tower (275) - {T}: Add one mana of any color in your commander's color identity.
Mana: Arcane Signet (149) - {T}: Add one mana of any color in your commander's color identity.
Mana: Arcane Signet (239) - {T}: Add one mana of any color in your commander's color identity.
Mana: Xander's Lounge (288) - {T}: Add {R}.
Mana: Talisman of Creativity (251) - {T}: Add {C}.
Add To Stack: Ai(3)-GGS_Current cast Goro-Goro and Satoru
Resolve Stack: Goro-Goro and Satoru - Creature 3 / 4
Phase: Ai(3)-GGS_Current's End step
Phase: Ai(3)-GGS_Current's Cleanup step
Turn: Turn 45 (Ai(4)-Jaymie_Ezio)
Phase: Ai(4)-Jaymie_Ezio's Untap step
Replacement Effect: If this permanent would become untapped, instead remove a stun counter from it.
Phase: Ai(4)-Jaymie_Ezio's Upkeep step
Phase: Ai(4)-Jaymie_Ezio's Draw step
Phase: Ai(4)-Jaymie_Ezio's Main phase, precombat
Phase: Ai(4)-Jaymie_Ezio's Beginning of Combat Step
Phase: Ai(4)-Jaymie_Ezio's Declare Attackers Step
Phase: Ai(4)-Jaymie_Ezio's Declare Blockers Step
Phase: Ai(4)-Jaymie_Ezio's First Strike Damage Step
Phase: Ai(4)-Jaymie_Ezio's Combat Damage Step
Phase: Ai(4)-Jaymie_Ezio's End of Combat Step
Phase: Ai(4)-Jaymie_Ezio's Main phase, postcombat
Replacement Effect: Path of Ancestry enters tapped.
Land: Ai(4)-Jaymie_Ezio played Path of Ancestry (311)
Mana: Smoldering Marsh (374) - {T}: Add {B}.
Mana: Island (336) - {T}: Add {U}.
Mana: Plains (392) - {T}: Add {W}.
Add To Stack: Ai(4)-Jaymie_Ezio cast Jacob Frye
Resolve Stack: Jacob Frye - Creature 3 / 2
Add To Stack: Ai(4)-Jaymie_Ezio triggered Jacob Frye targeting [Ai(4)-Jaymie_Ezio]
Resolve Stack: Partner with Evie Frye (When this creature enters, target player may put Evie Frye into their hand from their library, then shuffle.) (Targeting: [[Ai(4)-Jaymie_Ezio]]) [Zone Changer: Jacob Frye (365)]
Phase: Ai(4)-Jaymie_Ezio's End step
Life: Life: Ai(1)-Gabe_Food 21 > 22
Mana: Pristine Talisman (91) - {T}: Add {C}. You gain 1 life. 
Phase: Ai(4)-Jaymie_Ezio's Cleanup step
Turn: Turn 46 (Ai(1)-Gabe_Food)
Phase: Ai(1)-Gabe_Food's Untap step
Phase: Ai(1)-Gabe_Food's Upkeep step
Phase: Ai(1)-Gabe_Food's Draw step
Phase: Ai(1)-Gabe_Food's Main phase, precombat
Phase: Ai(1)-Gabe_Food's Beginning of Combat Step
Add To Stack: Ai(1)-Gabe_Food triggered Sam, Loyal Attendant
Resolve Stack: At the beginning of combat on your turn, create a Food token. (It's an artifact with "{2}, {T}, Sacrifice this token: You gain 3 life.") [Phase: Ai(1)-Gabe_Food]
Add To Stack: Ai(1)-Gabe_Food triggered Rosie Cotton of South Lane targeting [Sam, Loyal Attendant (101)]
Resolve Stack: Whenever you create a token, put a +1/+1 counter on target creature you control other than Rosie. (Targeting: [[Sam, Loyal Attendant (101)]]) [Player: Ai(1)-Gabe_Food]
Phase: Ai(1)-Gabe_Food's Declare Attackers Step
Phase: Ai(1)-Gabe_Food's Declare Blockers Step
Phase: Ai(1)-Gabe_Food's First Strike Damage Step
Phase: Ai(1)-Gabe_Food's Combat Damage Step
Phase: Ai(1)-Gabe_Food's End of Combat Step
Phase: Ai(1)-Gabe_Food's Main phase, postcombat
Mana: Forest (32) - {T}: Add {G}.
Mana: Forest (39) - {T}: Add {G}.
Add To Stack: Ai(1)-Gabe_Food cast Prize Pig
Resolve Stack: Prize Pig - Creature 0 / 3
Phase: Ai(1)-Gabe_Food's End step
Phase: Ai(1)-Gabe_Food's Cleanup step
Turn: Turn 47 (Ai(2)-Destyn_Turtles)
Phase: Ai(2)-Destyn_Turtles' Untap step
Phase: Ai(2)-Destyn_Turtles' Upkeep step
Phase: Ai(2)-Destyn_Turtles' Draw step
Phase: Ai(2)-Destyn_Turtles' Main phase, precombat
Phase: Ai(2)-Destyn_Turtles' Beginning of Combat Step
Phase: Ai(2)-Destyn_Turtles' Declare Attackers Step
Phase: Ai(2)-Destyn_Turtles' Declare Blockers Step
Phase: Ai(2)-Destyn_Turtles' First Strike Damage Step
Phase: Ai(2)-Destyn_Turtles' Combat Damage Step
Phase: Ai(2)-Destyn_Turtles' End of Combat Step
Phase: Ai(2)-Destyn_Turtles' Main phase, postcombat
Replacement Effect: Thriving Moor enters tapped.
Replacement Effect: As Thriving Moor enters, choose a color other than black.
Land: Ai(2)-Destyn_Turtles played Thriving Moor (197)
Mana: Forest (138) - {T}: Add {G}.
Mana: Swamp (157) - {T}: Add {B}.
Mana: Swamp (156) - {T}: Add {B}.
Mana: Plains (189) - {T}: Add {W}.
Add To Stack: Ai(2)-Destyn_Turtles cast Michelangelo, the Heart
Replacement Effect: Each creature you control enters with an additional +1/+1 counter on it for each mana from an artifact source spent to cast it.
Resolve Stack: Michelangelo, the Heart - Creature 2 / 1
Mana: Forest (139) - {T}: Add {G}.
Mana: Thriving Isle (153) - {T}: Add {U} or one mana of the chosen color.
Mana: Dragonskull Summit (148) - {T}: Add {B} or {R}.
Mana: Vernal Fen (159) - {T}: Add {G}.
Zone Change: Treasure Token (555) was put into Graveyard from Battlefield.
Mana: Treasure Token (555) - {T}, Sacrifice this token: Add one mana of any color.
Add To Stack: Ai(2)-Destyn_Turtles cast Steelbane Hydra
Replacement Effect: Each creature you control enters with an additional +1/+1 counter on it for each mana from an artifact source spent to cast it.
Replacement Effect: Steelbane Hydra enters with X +1/+1 counters on it.
Resolve Stack: Steelbane Hydra - Creature 0 / 0 (X=3)
Phase: Ai(2)-Destyn_Turtles' End step
Phase: Ai(2)-Destyn_Turtles' Cleanup step
Turn: Turn 48 (Ai(3)-GGS_Current)
Phase: Ai(3)-GGS_Current's Untap step
Phase: Ai(3)-GGS_Current's Upkeep step
Phase: Ai(3)-GGS_Current's Draw step
Phase: Ai(3)-GGS_Current's Main phase, precombat
Phase: Ai(3)-GGS_Current's Beginning of Combat Step
Add To Stack: Ai(3)-GGS_Current triggered Loyal Apprentice
Resolve Stack: Lieutenant — At the beginning of combat on your turn, if you control your commander, create a 1/1 colorless Thopter artifact creature token with flying. That token gains haste until end of turn. [Phase: Ai(3)-GGS_Current]
Phase: Ai(3)-GGS_Current's Declare Attackers Step
Combat: Ai(3)-GGS_Current assigned Changeling Outcast (218), Phoenix Chick (272) and Dragon Spirit Token (558) to attack Ai(2)-Destyn_Turtles.
Add To Stack: Ai(2)-Destyn_Turtles activated Coin of Mastery
Resolve Stack: Coin of Mastery (122) - Ai(2)-Destyn_Turtles creates a Treasure token.
Add To Stack: Ai(2)-Destyn_Turtles triggered Leonardo, the Balance
Resolve Stack: Whenever a token you control enters, you may put a +1/+1 counter on each creature you control. Do this only once each turn. [Zone Changer: Treasure Token (583)]
Phase: Ai(3)-GGS_Current's Declare Blockers Step
Combat: Ai(2)-Destyn_Turtles didn't block Changeling Outcast (218).
Ai(2)-Destyn_Turtles didn't block Phoenix Chick (272).
Ai(2)-Destyn_Turtles didn't block Dragon Spirit Token (558).
Mana: Island (276) - {T}: Add {U}.
Add To Stack: Ai(3)-GGS_Current activated Moon-Circuit Hacker
Resolve Stack: Moon-Circuit Hacker (292) - Ai(3)-GGS_Current puts Moon-Circuit Hacker (292) from their hand onto the battlefield tapped and attacking.
Phase: Ai(3)-GGS_Current's First Strike Damage Step
Phase: Ai(3)-GGS_Current's Combat Damage Step
Damage: Phoenix Chick (272) deals 1 combat damage to Ai(2)-Destyn_Turtles.
Damage: Dragon Spirit Token (558) deals 5 combat damage to Ai(2)-Destyn_Turtles.
Damage: Moon-Circuit Hacker (292) deals 2 combat damage to Ai(2)-Destyn_Turtles.
Life: Life: Ai(2)-Destyn_Turtles 22 > 14
Add To Stack: Ai(3)-GGS_Current triggered Moon-Circuit Hacker
Add To Stack: Ai(3)-GGS_Current triggered Goro-Goro and Satoru
Resolve Stack: Whenever one or more creatures you control that entered this turn deal combat damage to a player, create a 5/5 red Dragon Spirit creature token with flying. [Damaged: Ai(2)-Destyn_Turtles, Amount: 2]
Resolve Stack: Whenever Moon-Circuit Hacker deals combat damage to a player, you may draw a card. If you do, discard a card unless Moon-Circuit Hacker entered this turn. [Damage Source: Moon-Circuit Hacker (292), Damaged: Ai(2)-Destyn_Turtles, Amount: 2]
Phase: Ai(3)-GGS_Current's End of Combat Step
Phase: Ai(3)-GGS_Current's Main phase, postcombat
Mana: Blood Crypt (268) - {T}: Add {B}.
Add To Stack: Ai(3)-GGS_Current cast Changeling Outcast
Resolve Stack: Changeling Outcast - Creature 1 / 1
Phase: Ai(3)-GGS_Current's End step
Phase: Ai(3)-GGS_Current's Cleanup step
Turn: Turn 49 (Ai(4)-Jaymie_Ezio)
Phase: Ai(4)-Jaymie_Ezio's Untap step
Phase: Ai(4)-Jaymie_Ezio's Upkeep step
Phase: Ai(4)-Jaymie_Ezio's Draw step
Mana: Island (336) - {T}: Add {U}.
Mana: Plains (392) - {T}: Add {W}.
Mana: Plains (393) - {T}: Add {W}.
Add To Stack: Ai(4)-Jaymie_Ezio cast Smoke Bomb
Resolve Stack: Smoke Bomb
Phase: Ai(4)-Jaymie_Ezio's Main phase, precombat
Phase: Ai(4)-Jaymie_Ezio's Beginning of Combat Step
Phase: Ai(4)-Jaymie_Ezio's Declare Attackers Step
Phase: Ai(4)-Jaymie_Ezio's Declare Blockers Step
Phase: Ai(4)-Jaymie_Ezio's First Strike Damage Step
Phase: Ai(4)-Jaymie_Ezio's Combat Damage Step
Phase: Ai(4)-Jaymie_Ezio's End of Combat Step
Phase: Ai(4)-Jaymie_Ezio's Main phase, postcombat
Mana: Path of Ancestry (311) - {T}: Add one mana of any color in your commander's color identity. When that mana is spent to cast a creature spell that shares a creature type with your commander, scry 1. (Look at the top card of your library. You may put that card on the bottom.)
Mana: Smoldering Marsh (374) - {T}: Add {B}.
Mana: Cinder Glade (321) - {T}: Add {G}.
Add To Stack: Ai(4)-Jaymie_Ezio cast Rooftop Bypass
Resolve Stack: Rooftop Bypass
Phase: Ai(4)-Jaymie_Ezio's End step
Life: Life: Ai(1)-Gabe_Food 22 > 23
Mana: Pristine Talisman (91) - {T}: Add {C}. You gain 1 life. 
Add To Stack: Ai(1)-Gabe_Food triggered Prize Pig
Resolve Stack: Whenever you gain life, put that many ribbon counters on Prize Pig. Then if there are three or more ribbon counters on Prize Pig, remove those counters and untap it. [Player: Ai(1)-Gabe_Food, Gained Amount: 1]
Phase: Ai(4)-Jaymie_Ezio's Cleanup step
Turn: Turn 50 (Ai(1)-Gabe_Food)
Phase: Ai(1)-Gabe_Food's Untap step
Phase: Ai(1)-Gabe_Food's Upkeep step
Phase: Ai(1)-Gabe_Food's Draw step
Phase: Ai(1)-Gabe_Food's Main phase, precombat
Phase: Ai(1)-Gabe_Food's Beginning of Combat Step
Add To Stack: Ai(1)-Gabe_Food triggered Sam, Loyal Attendant
Resolve Stack: At the beginning of combat on your turn, create a Food token. (It's an artifact with "{2}, {T}, Sacrifice this token: You gain 3 life.") [Phase: Ai(1)-Gabe_Food]
Phase: Ai(1)-Gabe_Food's Declare Attackers Step
Phase: Ai(1)-Gabe_Food's Declare Blockers Step
Phase: Ai(1)-Gabe_Food's First Strike Damage Step
Phase: Ai(1)-Gabe_Food's Combat Damage Step
Phase: Ai(1)-Gabe_Food's End of Combat Step
Phase: Ai(1)-Gabe_Food's Main phase, postcombat
Mana: Forest (32) - {T}: Add {G}.
Add To Stack: Ai(1)-Gabe_Food cast Birds of Paradise
Resolve Stack: Birds of Paradise - Creature 0 / 1
Phase: Ai(1)-Gabe_Food's End step
Phase: Ai(1)-Gabe_Food's Cleanup step
Turn: Turn 51 (Ai(2)-Destyn_Turtles)
Phase: Ai(2)-Destyn_Turtles' Untap step
Phase: Ai(2)-Destyn_Turtles' Upkeep step
Mana: Forest (138) - {T}: Add {G}.
Mana: Forest (139) - {T}: Add {G}.
Mana: Swamp (157) - {T}: Add {B}.
Add To Stack: Ai(2)-Destyn_Turtles activated Steelbane Hydra targeting [Arcane Signet (149)]
Zone Change: Arcane Signet (149) was put into Graveyard from Battlefield.
Resolve Stack: Steelbane Hydra (135) - Destroy Arcane Signet (149).
Mana: Thriving Isle (153) - {T}: Add {U} or one mana of the chosen color.
Mana: Swamp (156) - {T}: Add {B}.
Mana: Plains (189) - {T}: Add {W}.
Add To Stack: Ai(2)-Destyn_Turtles activated Steelbane Hydra targeting [Talisman of Creativity (251)]
Zone Change: Talisman of Creativity (251) was put into Graveyard from Battlefield.
Resolve Stack: Steelbane Hydra (135) - Destroy Talisman of Creativity (251).
Mana: Thriving Moor (197) - {T}: Add {B} or one mana of the chosen color.
Mana: Dragonskull Summit (148) - {T}: Add {B} or {R}.
Mana: Vernal Fen (159) - {T}: Add {G}.
Add To Stack: Ai(2)-Destyn_Turtles activated Steelbane Hydra targeting [Arcane Signet (239)]
Zone Change: Arcane Signet (239) was put into Graveyard from Battlefield.
Resolve Stack: Steelbane Hydra (135) - Destroy Arcane Signet (239).
Phase: Ai(2)-Destyn_Turtles' Draw step
Phase: Ai(2)-Destyn_Turtles' Main phase, precombat
Phase: Ai(2)-Destyn_Turtles' Beginning of Combat Step
Phase: Ai(2)-Destyn_Turtles' Declare Attackers Step
Phase: Ai(2)-Destyn_Turtles' Declare Blockers Step
Phase: Ai(2)-Destyn_Turtles' First Strike Damage Step
Phase: Ai(2)-Destyn_Turtles' Combat Damage Step
Phase: Ai(2)-Destyn_Turtles' End of Combat Step
Phase: Ai(2)-Destyn_Turtles' Main phase, postcombat
Phase: Ai(2)-Destyn_Turtles' End step
Phase: Ai(2)-Destyn_Turtles' Cleanup step
Turn: Turn 52 (Ai(3)-GGS_Current)
Phase: Ai(3)-GGS_Current's Untap step
Phase: Ai(3)-GGS_Current's Upkeep step
Phase: Ai(3)-GGS_Current's Draw step
Phase: Ai(3)-GGS_Current's Main phase, precombat
Mana: Mountain (296) - {T}: Add {R}.
Mana: Island (276) - {T}: Add {U}.
Mana: Blood Crypt (268) - {T}: Add {R}.
Mana: Steam Vents (246) - {T}: Add {R}.
Add To Stack: Ai(3)-GGS_Current cast Purphoros, God of the Forge
Resolve Stack: Purphoros, God of the Forge - Creature 6 / 5
Phase: Ai(3)-GGS_Current's Beginning of Combat Step
Add To Stack: Ai(3)-GGS_Current triggered Loyal Apprentice
Resolve Stack: Lieutenant — At the beginning of combat on your turn, if you control your commander, create a 1/1 colorless Thopter artifact creature token with flying. That token gains haste until end of turn. [Phase: Ai(3)-GGS_Current]
Add To Stack: Ai(3)-GGS_Current triggered Purphoros, God of the Forge
Damage: Purphoros, God of the Forge (265) deals 2 non-combat damage to Ai(1)-Gabe_Food.
Damage: Purphoros, God of the Forge (265) deals 2 non-combat damage to Ai(2)-Destyn_Turtles.
Damage: Purphoros, God of the Forge (265) deals 2 non-combat damage to Ai(4)-Jaymie_Ezio.
Life: Life: Ai(1)-Gabe_Food 23 > 21
Life: Life: Ai(2)-Destyn_Turtles 14 > 12
Life: Life: Ai(4)-Jaymie_Ezio 41 > 39
Resolve Stack: Whenever another creature you control enters, Purphoros, God of the Forge deals 2 damage to each opponent. [Zone Changer: Thopter Token (608)]
Phase: Ai(3)-GGS_Current's Declare Attackers Step
Combat: Ai(3)-GGS_Current assigned Dragon Spirit Token (558), Dragon Spirit Token (586), Goro-Goro and Satoru (302), Loyal Apprentice (203), Moon-Circuit Hacker (292), Tempestra, Dame of Games (180), Phoenix Chick (272), Thopter Token (550), Thopter Token (578), Changeling Outcast (218) and Thopter Token (608) to attack Ai(2)-Destyn_Turtles.
Add To Stack: Ai(2)-Destyn_Turtles activated Coin of Mastery
Resolve Stack: Coin of Mastery (122) - Ai(2)-Destyn_Turtles creates a Treasure token.
Add To Stack: Ai(2)-Destyn_Turtles triggered Leonardo, the Balance
Resolve Stack: Whenever a token you control enters, you may put a +1/+1 counter on each creature you control. Do this only once each turn. [Zone Changer: Treasure Token (614)]
Zone Change: Treasure Token (614) was put into Graveyard from Battlefield.
Mana: Treasure Token (614) - {T}, Sacrifice this token: Add one mana of any color.
Zone Change: Treasure Token (583) was put into Graveyard from Battlefield.
Mana: Treasure Token (583) - {T}, Sacrifice this token: Add one mana of any color.
Zone Change: Food Token (414) was put into Graveyard from Battlefield.
Add To Stack: Ai(2)-Destyn_Turtles activated Food Token
Life: Life: Ai(2)-Destyn_Turtles 12 > 15
Resolve Stack: Food Token (414) - Ai(2)-Destyn_Turtles gains 3 life.
Phase: Ai(3)-GGS_Current's Declare Blockers Step
Combat: Ai(2)-Destyn_Turtles didn't block Dragon Spirit Token (558).
Ai(2)-Destyn_Turtles didn't block Dragon Spirit Token (586).
Ai(2)-Destyn_Turtles assigned Rat Token (444) to block Goro-Goro and Satoru (302).
Ai(2)-Destyn_Turtles assigned Rat Token (446) to block Loyal Apprentice (203).
Ai(2)-Destyn_Turtles assigned Rat Token (448) to block Moon-Circuit Hacker (292).
Ai(2)-Destyn_Turtles assigned Steelbane Hydra (135) to block Tempestra, Dame of Games (180).
Ai(2)-Destyn_Turtles didn't block Phoenix Chick (272).
Ai(2)-Destyn_Turtles didn't block Thopter Token (550).
Ai(2)-Destyn_Turtles didn't block Thopter Token (578).
Ai(2)-Destyn_Turtles didn't block Changeling Outcast (218).
Ai(2)-Destyn_Turtles didn't block Thopter Token (608).
Phase: Ai(3)-GGS_Current's First Strike Damage Step
Phase: Ai(3)-GGS_Current's Combat Damage Step
Damage: Dragon Spirit Token (558) deals 5 combat damage to Ai(2)-Destyn_Turtles.
Damage: Dragon Spirit Token (586) deals 5 combat damage to Ai(2)-Destyn_Turtles.
Damage: Goro-Goro and Satoru (302) deals 3 damage to Rat Token (444).
Damage: Loyal Apprentice (203) deals 2 damage to Rat Token (446).
Damage: Moon-Circuit Hacker (292) deals 2 damage to Rat Token (448).
Damage: Tempestra, Dame of Games (180) deals 1 damage to Steelbane Hydra (135).
Damage: Phoenix Chick (272) deals 1 combat damage to Ai(2)-Destyn_Turtles.
Damage: Thopter Token (550) deals 1 combat damage to Ai(2)-Destyn_Turtles.
Damage: Thopter Token (578) deals 1 combat damage to Ai(2)-Destyn_Turtles.
Damage: Changeling Outcast (218) deals 1 combat damage to Ai(2)-Destyn_Turtles.
Damage: Thopter Token (608) deals 1 combat damage to Ai(2)-Destyn_Turtles.
Damage: Rat Token (444) deals 4 damage to Goro-Goro and Satoru (302).
Damage: Rat Token (446) deals 4 damage to Loyal Apprentice (203).
Damage: Rat Token (448) deals 4 damage to Moon-Circuit Hacker (292).
Damage: Steelbane Hydra (135) deals 3 damage to Tempestra, Dame of Games (180).
Life: Life: Ai(2)-Destyn_Turtles 15 > 0
Zone Change: Loyal Apprentice (203) was put into Graveyard from Battlefield.
Zone Change: Goro-Goro and Satoru (302) was put into Graveyard from Battlefield.
Zone Change: Moon-Circuit Hacker (292) was put into Graveyard from Battlefield.
Add To Stack: Ai(3)-GGS_Current triggered Goro-Goro and Satoru
Resolve Stack: Whenever one or more creatures you control that entered this turn deal combat damage to a player, create a 5/5 red Dragon Spirit creature token with flying. [Damaged: Ai(2)-Destyn_Turtles, Amount: 1]
Add To Stack: Ai(3)-GGS_Current triggered Purphoros, God of the Forge
Damage: Purphoros, God of the Forge (265) deals 2 non-combat damage to Ai(1)-Gabe_Food.
Damage: Purphoros, God of the Forge (265) deals 2 non-combat damage to Ai(4)-Jaymie_Ezio.
Life: Life: Ai(1)-Gabe_Food 21 > 19
Life: Life: Ai(4)-Jaymie_Ezio 39 > 37
Resolve Stack: Whenever another creature you control enters, Purphoros, God of the Forge deals 2 damage to each opponent. [Zone Changer: Dragon Spirit Token (617)]
Phase: Ai(3)-GGS_Current's End of Combat Step
Phase: Ai(3)-GGS_Current's Main phase, postcombat
Phase: Ai(3)-GGS_Current's End step
Phase: Ai(3)-GGS_Current's Cleanup step
Turn: Turn 53 (Ai(4)-Jaymie_Ezio)
Phase: Ai(4)-Jaymie_Ezio's Untap step
Phase: Ai(4)-Jaymie_Ezio's Upkeep step
Add To Stack: Ai(4)-Jaymie_Ezio triggered Smoke Bomb
Zone Change: Smoke Bomb (355) was put into Graveyard from Battlefield.
Resolve Stack: At the beginning of your upkeep, sacrifice Smoke Bomb. When you do, target creature you control can't be blocked this turn. [Phase: Ai(4)-Jaymie_Ezio]
Add To Stack: Ai(4)-Jaymie_Ezio triggered Smoke Bomb targeting [Jacob Frye (365)]
Resolve Stack: When you do, target creature you control can't be blocked this turn. (Targeting: [[Jacob Frye (365)]])
Phase: Ai(4)-Jaymie_Ezio's Draw step
Phase: Ai(4)-Jaymie_Ezio's Main phase, precombat
Phase: Ai(4)-Jaymie_Ezio's Beginning of Combat Step
Phase: Ai(4)-Jaymie_Ezio's Declare Attackers Step
Combat: Ai(4)-Jaymie_Ezio assigned Ezio Auditore da Firenze (403) and Jacob Frye (365) to attack Ai(3)-GGS_Current.
Phase: Ai(4)-Jaymie_Ezio's Declare Blockers Step
Combat: Ai(3)-GGS_Current didn't block Ezio Auditore da Firenze (403).
Ai(3)-GGS_Current didn't block Jacob Frye (365).
Phase: Ai(4)-Jaymie_Ezio's First Strike Damage Step
Phase: Ai(4)-Jaymie_Ezio's Combat Damage Step
Damage: Ezio Auditore da Firenze (403) deals 3 combat damage to Ai(3)-GGS_Current.
Damage: Jacob Frye (365) deals 3 combat damage to Ai(3)-GGS_Current.
Life: Life: Ai(3)-GGS_Current 15 > 9
Add To Stack: Ai(4)-Jaymie_Ezio triggered Ezio Auditore da Firenze
Add To Stack: Ai(4)-Jaymie_Ezio triggered Jacob Frye targeting []
Add To Stack: Ai(4)-Jaymie_Ezio triggered Rooftop Bypass
Resolve Stack: Whenever one or more nontoken creatures you control deal combat damage to a player, create a 1/1 black Assassin creature token with menace. (It can't be blocked except by two or more creatures.) [Damaged: Ai(3)-GGS_Current, Amount: 6]
Resolve Stack: Whenever one or more Assassins you control deal combat damage to a player, exile up to one target Assassin card or card with freerunning from your graveyard. If you do, copy it. You may cast the copy. (Targeting: [[]]) [Damaged: Ai(3)-GGS_Current, Amount: 6]
Mana: Island (336) - {T}: Add {U}.
Mana: Smoldering Marsh (374) - {T}: Add {B}.
Mana: Cinder Glade (321) - {T}: Add {R}.
Mana: Path of Ancestry (311) - {T}: Add one mana of any color in your commander's color identity. When that mana is spent to cast a creature spell that shares a creature type with your commander, scry 1. (Look at the top card of your library. You may put that card on the bottom.)
Mana: Plains (392) - {T}: Add {W}.
Resolve Stack: Whenever Ezio deals combat damage to a player, you may pay {W}{U}{B}{R}{G} if that player has 10 or less life. When you do, that player loses the game. [Damage Source: Ezio Auditore da Firenze (403), Damaged: Ai(3)-GGS_Current, Amount: 3]
Add To Stack: Ai(4)-Jaymie_Ezio triggered Ezio Auditore da Firenze
Resolve Stack: When you do, that player loses the game.
Phase: Ai(4)-Jaymie_Ezio's End of Combat Step
Phase: Ai(4)-Jaymie_Ezio's Main phase, postcombat
Replacement Effect: Submerged Boneyard enters tapped.
Land: Ai(4)-Jaymie_Ezio played Submerged Boneyard (333)
Phase: Ai(4)-Jaymie_Ezio's End step
Life: Life: Ai(1)-Gabe_Food 19 > 20
Mana: Pristine Talisman (91) - {T}: Add {C}. You gain 1 life. 
Add To Stack: Ai(1)-Gabe_Food triggered Prize Pig
Resolve Stack: Whenever you gain life, put that many ribbon counters on Prize Pig. Then if there are three or more ribbon counters on Prize Pig, remove those counters and untap it. [Player: Ai(1)-Gabe_Food, Gained Amount: 1]
Phase: Ai(4)-Jaymie_Ezio's Cleanup step
Turn: Turn 54 (Ai(1)-Gabe_Food)
Phase: Ai(1)-Gabe_Food's Untap step
Phase: Ai(1)-Gabe_Food's Upkeep step
Phase: Ai(1)-Gabe_Food's Draw step
Phase: Ai(1)-Gabe_Food's Main phase, precombat
Replacement Effect: Canopy Vista enters tapped unless you control two or more basic lands.
Land: Ai(1)-Gabe_Food played Canopy Vista (70)
Phase: Ai(1)-Gabe_Food's Beginning of Combat Step
Add To Stack: Ai(1)-Gabe_Food triggered Sam, Loyal Attendant
Resolve Stack: At the beginning of combat on your turn, create a Food token. (It's an artifact with "{2}, {T}, Sacrifice this token: You gain 3 life.") [Phase: Ai(1)-Gabe_Food]
Add To Stack: Ai(1)-Gabe_Food triggered Rosie Cotton of South Lane targeting [Sam, Loyal Attendant (101)]
Resolve Stack: Whenever you create a token, put a +1/+1 counter on target creature you control other than Rosie. (Targeting: [[Sam, Loyal Attendant (101)]]) [Player: Ai(1)-Gabe_Food]
Phase: Ai(1)-Gabe_Food's Declare Attackers Step
Phase: Ai(1)-Gabe_Food's Declare Blockers Step
Phase: Ai(1)-Gabe_Food's First Strike Damage Step
Phase: Ai(1)-Gabe_Food's Combat Damage Step
Phase: Ai(1)-Gabe_Food's End of Combat Step
Phase: Ai(1)-Gabe_Food's Main phase, postcombat
Phase: Ai(1)-Gabe_Food's End step
Phase: Ai(1)-Gabe_Food's Cleanup step
Turn: Turn 55 (Ai(4)-Jaymie_Ezio)
Phase: Ai(4)-Jaymie_Ezio's Untap step
Phase: Ai(4)-Jaymie_Ezio's Upkeep step
Phase: Ai(4)-Jaymie_Ezio's Draw step
Phase: Ai(4)-Jaymie_Ezio's Main phase, precombat
Mana: Island (336) - {T}: Add {U}.
Mana: Plains (392) - {T}: Add {W}.
Mana: Plains (393) - {T}: Add {W}.
Add To Stack: Ai(4)-Jaymie_Ezio cast Sword of Feast and Famine
Resolve Stack: Sword of Feast and Famine
Mana: Submerged Boneyard (333) - {T}: Add {U} or {B}.
Mana: Cinder Glade (321) - {T}: Add {G}.
Add To Stack: Ai(4)-Jaymie_Ezio activated Sword of Feast and Famine targeting [Unstoppable Slasher (378)]
Resolve Stack: Sword of Feast and Famine (397) -  Attach to Unstoppable Slasher (378)
Phase: Ai(4)-Jaymie_Ezio's Beginning of Combat Step
Phase: Ai(4)-Jaymie_Ezio's Declare Attackers Step
Combat: Ai(4)-Jaymie_Ezio assigned Unstoppable Slasher (378) to attack Ai(1)-Gabe_Food.
Mana: Forest (32) - {T}: Add {G}.
Zone Change: Food Token (412) was put into Graveyard from Battlefield.
Add To Stack: Ai(1)-Gabe_Food activated Food Token
Life: Life: Ai(1)-Gabe_Food 20 > 23
Resolve Stack: Food Token (412) - Ai(1)-Gabe_Food gains 3 life.
Add To Stack: Ai(1)-Gabe_Food triggered Prize Pig
Resolve Stack: Whenever you gain life, put that many ribbon counters on Prize Pig. Then if there are three or more ribbon counters on Prize Pig, remove those counters and untap it. [Player: Ai(1)-Gabe_Food, Gained Amount: 3]
Mana: Swamp (61) - {T}: Add {B}.
Zone Change: Food Token (419) was put into Graveyard from Battlefield.
Add To Stack: Ai(1)-Gabe_Food activated Food Token
Life: Life: Ai(1)-Gabe_Food 23 > 26
Resolve Stack: Food Token (419) - Ai(1)-Gabe_Food gains 3 life.
Add To Stack: Ai(1)-Gabe_Food triggered Prize Pig
Resolve Stack: Whenever you gain life, put that many ribbon counters on Prize Pig. Then if there are three or more ribbon counters on Prize Pig, remove those counters and untap it. [Player: Ai(1)-Gabe_Food, Gained Amount: 3]
Mana: Swamp (63) - {T}: Add {B}.
Zone Change: Food Token (429) was put into Graveyard from Battlefield.
Add To Stack: Ai(1)-Gabe_Food activated Food Token
Life: Life: Ai(1)-Gabe_Food 26 > 29
Resolve Stack: Food Token (429) - Ai(1)-Gabe_Food gains 3 life.
Add To Stack: Ai(1)-Gabe_Food triggered Prize Pig
Resolve Stack: Whenever you gain life, put that many ribbon counters on Prize Pig. Then if there are three or more ribbon counters on Prize Pig, remove those counters and untap it. [Player: Ai(1)-Gabe_Food, Gained Amount: 3]
Mana: Forest (39) - {T}: Add {G}.
Zone Change: Food Token (451) was put into Graveyard from Battlefield.
Add To Stack: Ai(1)-Gabe_Food activated Food Token
Life: Life: Ai(1)-Gabe_Food 29 > 32
Resolve Stack: Food Token (451) - Ai(1)-Gabe_Food gains 3 life.
Add To Stack: Ai(1)-Gabe_Food triggered Prize Pig
Resolve Stack: Whenever you gain life, put that many ribbon counters on Prize Pig. Then if there are three or more ribbon counters on Prize Pig, remove those counters and untap it. [Player: Ai(1)-Gabe_Food, Gained Amount: 3]
Mana: Forest (35) - {T}: Add {G}.
Zone Change: Food Token (459) was put into Graveyard from Battlefield.
Add To Stack: Ai(1)-Gabe_Food activated Food Token
Life: Life: Ai(1)-Gabe_Food 32 > 35
Resolve Stack: Food Token (459) - Ai(1)-Gabe_Food gains 3 life.
Add To Stack: Ai(1)-Gabe_Food triggered Prize Pig
Resolve Stack: Whenever you gain life, put that many ribbon counters on Prize Pig. Then if there are three or more ribbon counters on Prize Pig, remove those counters and untap it. [Player: Ai(1)-Gabe_Food, Gained Amount: 3]
Mana: Plains (87) - {T}: Add {W}.
Zone Change: Food Token (467) was put into Graveyard from Battlefield.
Add To Stack: Ai(1)-Gabe_Food activated Food Token
Life: Life: Ai(1)-Gabe_Food 35 > 38
Resolve Stack: Food Token (467) - Ai(1)-Gabe_Food gains 3 life.
Add To Stack: Ai(1)-Gabe_Food triggered Prize Pig
Resolve Stack: Whenever you gain life, put that many ribbon counters on Prize Pig. Then if there are three or more ribbon counters on Prize Pig, remove those counters and untap it. [Player: Ai(1)-Gabe_Food, Gained Amount: 3]
Mana: Plains (88) - {T}: Add {W}.
Zone Change: Food Token (531) was put into Graveyard from Battlefield.
Add To Stack: Ai(1)-Gabe_Food activated Food Token
Life: Life: Ai(1)-Gabe_Food 38 > 41
Resolve Stack: Food Token (531) - Ai(1)-Gabe_Food gains 3 life.
Add To Stack: Ai(1)-Gabe_Food triggered Prize Pig
Resolve Stack: Whenever you gain life, put that many ribbon counters on Prize Pig. Then if there are three or more ribbon counters on Prize Pig, remove those counters and untap it. [Player: Ai(1)-Gabe_Food, Gained Amount: 3]
Mana: Necroblossom Snarl (64) - {T}: Add {B} or {G}.
Zone Change: Food Token (535) was put into Graveyard from Battlefield.
Add To Stack: Ai(1)-Gabe_Food activated Food Token
Life: Life: Ai(1)-Gabe_Food 41 > 44
Resolve Stack: Food Token (535) - Ai(1)-Gabe_Food gains 3 life.
Add To Stack: Ai(1)-Gabe_Food triggered Prize Pig
Resolve Stack: Whenever you gain life, put that many ribbon counters on Prize Pig. Then if there are three or more ribbon counters on Prize Pig, remove those counters and untap it. [Player: Ai(1)-Gabe_Food, Gained Amount: 3]
Mana: Canopy Vista (70) - {T}: Add {G}.
Zone Change: Food Token (539) was put into Graveyard from Battlefield.
Add To Stack: Ai(1)-Gabe_Food activated Food Token
Life: Life: Ai(1)-Gabe_Food 44 > 47
Resolve Stack: Food Token (539) - Ai(1)-Gabe_Food gains 3 life.
Add To Stack: Ai(1)-Gabe_Food triggered Prize Pig
Resolve Stack: Whenever you gain life, put that many ribbon counters on Prize Pig. Then if there are three or more ribbon counters on Prize Pig, remove those counters and untap it. [Player: Ai(1)-Gabe_Food, Gained Amount: 3]
Mana: Birds of Paradise (55) - {T}: Add one mana of any color.
Zone Change: Food Token (561) was put into Graveyard from Battlefield.
Add To Stack: Ai(1)-Gabe_Food activated Food Token
Life: Life: Ai(1)-Gabe_Food 47 > 50
Resolve Stack: Food Token (561) - Ai(1)-Gabe_Food gains 3 life.
Add To Stack: Ai(1)-Gabe_Food triggered Prize Pig
Resolve Stack: Whenever you gain life, put that many ribbon counters on Prize Pig. Then if there are three or more ribbon counters on Prize Pig, remove those counters and untap it. [Player: Ai(1)-Gabe_Food, Gained Amount: 3]
Mana: Prize Pig (29) - {T}: Add one mana of any color.
Zone Change: Food Token (589) was put into Graveyard from Battlefield.
Add To Stack: Ai(1)-Gabe_Food activated Food Token
Life: Life: Ai(1)-Gabe_Food 50 > 53
Resolve Stack: Food Token (589) - Ai(1)-Gabe_Food gains 3 life.
Add To Stack: Ai(1)-Gabe_Food triggered Prize Pig
Resolve Stack: Whenever you gain life, put that many ribbon counters on Prize Pig. Then if there are three or more ribbon counters on Prize Pig, remove those counters and untap it. [Player: Ai(1)-Gabe_Food, Gained Amount: 3]
Mana: Prize Pig (29) - {T}: Add one mana of any color.
Zone Change: Food Token (624) was put into Graveyard from Battlefield.
Add To Stack: Ai(1)-Gabe_Food activated Food Token
Life: Life: Ai(1)-Gabe_Food 53 > 56
Resolve Stack: Food Token (624) - Ai(1)-Gabe_Food gains 3 life.
Add To Stack: Ai(1)-Gabe_Food triggered Prize Pig
Resolve Stack: Whenever you gain life, put that many ribbon counters on Prize Pig. Then if there are three or more ribbon counters on Prize Pig, remove those counters and untap it. [Player: Ai(1)-Gabe_Food, Gained Amount: 3]
Phase: Ai(4)-Jaymie_Ezio's Declare Blockers Step
Combat: Ai(1)-Gabe_Food assigned Rosie Cotton of South Lane (57) to block Unstoppable Slasher (378).
Phase: Ai(4)-Jaymie_Ezio's First Strike Damage Step
Phase: Ai(4)-Jaymie_Ezio's Combat Damage Step
Damage: Unstoppable Slasher (378) deals 4 damage (Deathtouch) to Rosie Cotton of South Lane (57).
Damage: Rosie Cotton of South Lane (57) deals 1 damage to Unstoppable Slasher (378).
Zone Change: Rosie Cotton of South Lane (57) was put into Graveyard from Battlefield.
Phase: Ai(4)-Jaymie_Ezio's End of Combat Step
Phase: Ai(4)-Jaymie_Ezio's Main phase, postcombat
Mana: Path of Ancestry (311) - {T}: Add one mana of any color in your commander's color identity. When that mana is spent to cast a creature spell that shares a creature type with your commander, scry 1. (Look at the top card of your library. You may put that card on the bottom.)
Mana: Smoldering Marsh (374) - {T}: Add {B}.
Add To Stack: Ai(4)-Jaymie_Ezio cast Basim Ibn Ishaq
Add To Stack: Ai(4)-Jaymie_Ezio triggered Path of Ancestry
Resolve Stack: Ai(4)-Jaymie_Ezio scried 1 card(s) to the bottom of the library
Resolve Stack: When mana produced by Path of Ancestry is spent to cast a creature spell that shares a creature type with your commander, scry 1. ([Basim Ibn Ishaq - Creature 2 / 2]) [Card: Basim Ibn Ishaq (342), Activator: Ai(4)-Jaymie_Ezio, SpellAbility: Basim Ibn Ishaq - Creature 2 / 2]
Resolve Stack: Basim Ibn Ishaq - Creature 2 / 2
Phase: Ai(4)-Jaymie_Ezio's End step
Life: Life: Ai(1)-Gabe_Food 56 > 57
Mana: Pristine Talisman (91) - {T}: Add {C}. You gain 1 life. 
Add To Stack: Ai(1)-Gabe_Food triggered Prize Pig
Resolve Stack: Whenever you gain life, put that many ribbon counters on Prize Pig. Then if there are three or more ribbon counters on Prize Pig, remove those counters and untap it. [Player: Ai(1)-Gabe_Food, Gained Amount: 1]
Phase: Ai(4)-Jaymie_Ezio's Cleanup step
Turn: Turn 56 (Ai(1)-Gabe_Food)
Phase: Ai(1)-Gabe_Food's Untap step
Phase: Ai(1)-Gabe_Food's Upkeep step
Phase: Ai(1)-Gabe_Food's Draw step
Phase: Ai(1)-Gabe_Food's Main phase, precombat
Mana: Plains (87) - {T}: Add {W}.
Mana: Plains (88) - {T}: Add {W}.
Mana: Forest (32) - {T}: Add {G}.
Mana: Forest (39) - {T}: Add {G}.
Mana: Forest (35) - {T}: Add {G}.
Add To Stack: Ai(1)-Gabe_Food cast Dawn
Resolve Stack: Dawn (12) - Return all creature cards with power 2 or less from your graveyard to your hand.
Replacement Effect: Aftermath (Cast this spell only from your graveyard. Then exile it.)
Phase: Ai(1)-Gabe_Food's Beginning of Combat Step
Add To Stack: Ai(1)-Gabe_Food triggered Sam, Loyal Attendant
Resolve Stack: At the beginning of combat on your turn, create a Food token. (It's an artifact with "{2}, {T}, Sacrifice this token: You gain 3 life.") [Phase: Ai(1)-Gabe_Food]
Phase: Ai(1)-Gabe_Food's Declare Attackers Step
Phase: Ai(1)-Gabe_Food's Declare Blockers Step
Phase: Ai(1)-Gabe_Food's First Strike Damage Step
Phase: Ai(1)-Gabe_Food's Combat Damage Step
Phase: Ai(1)-Gabe_Food's End of Combat Step
Phase: Ai(1)-Gabe_Food's Main phase, postcombat
Mana: Canopy Vista (70) - {T}: Add {W}.
Mana: Swamp (61) - {T}: Add {B}.
Mana: Swamp (63) - {T}: Add {B}.
Add To Stack: Ai(1)-Gabe_Food cast Rosie Cotton of South Lane
Resolve Stack: Rosie Cotton of South Lane - Creature 1 / 1
Add To Stack: Ai(1)-Gabe_Food triggered Rosie Cotton of South Lane
Resolve Stack: When Rosie Cotton of South Lane enters, create a Food token. (It's an artifact with "{2}, {T}, Sacrifice this token: You gain 3 life.") [Zone Changer: Rosie Cotton of South Lane (57)]
Add To Stack: Ai(1)-Gabe_Food triggered Rosie Cotton of South Lane targeting [Sam, Loyal Attendant (101)]
Resolve Stack: Whenever you create a token, put a +1/+1 counter on target creature you control other than Rosie. (Targeting: [[Sam, Loyal Attendant (101)]]) [Player: Ai(1)-Gabe_Food]
Mana: Necroblossom Snarl (64) - {T}: Add {B} or {G}.
Mana: Birds of Paradise (55) - {T}: Add one mana of any color.
Add To Stack: Ai(1)-Gabe_Food cast Gollum, Obsessed Stalker
Resolve Stack: Gollum, Obsessed Stalker - Creature 1 / 1
Phase: Ai(1)-Gabe_Food's End step
Add To Stack: Ai(1)-Gabe_Food triggered Gollum, Obsessed Stalker
Resolve Stack: At the beginning of your end step, each opponent dealt combat damage this game by a creature named Gollum, Obsessed Stalker loses life equal to the amount of life you gained this turn. [Phase: Ai(1)-Gabe_Food]
Phase: Ai(1)-Gabe_Food's Cleanup step
Turn: Turn 57 (Ai(4)-Jaymie_Ezio)
Phase: Ai(4)-Jaymie_Ezio's Untap step
Phase: Ai(4)-Jaymie_Ezio's Upkeep step
Phase: Ai(4)-Jaymie_Ezio's Draw step
Phase: Ai(4)-Jaymie_Ezio's Main phase, precombat
Phase: Ai(4)-Jaymie_Ezio's Beginning of Combat Step
Phase: Ai(4)-Jaymie_Ezio's Declare Attackers Step
Combat: Ai(4)-Jaymie_Ezio assigned Unstoppable Slasher (378) to attack Ai(1)-Gabe_Food.
Mana: Prize Pig (29) - {T}: Add one mana of any color.
Zone Change: Food Token (627) was put into Graveyard from Battlefield.
Add To Stack: Ai(1)-Gabe_Food activated Food Token
Life: Life: Ai(1)-Gabe_Food 57 > 60
Resolve Stack: Food Token (627) - Ai(1)-Gabe_Food gains 3 life.
Add To Stack: Ai(1)-Gabe_Food triggered Prize Pig
Resolve Stack: Whenever you gain life, put that many ribbon counters on Prize Pig. Then if there are three or more ribbon counters on Prize Pig, remove those counters and untap it. [Player: Ai(1)-Gabe_Food, Gained Amount: 3]
Mana: Prize Pig (29) - {T}: Add one mana of any color.
Zone Change: Food Token (631) was put into Graveyard from Battlefield.
Add To Stack: Ai(1)-Gabe_Food activated Food Token
Life: Life: Ai(1)-Gabe_Food 60 > 63
Resolve Stack: Food Token (631) - Ai(1)-Gabe_Food gains 3 life.
Add To Stack: Ai(1)-Gabe_Food triggered Prize Pig
Resolve Stack: Whenever you gain life, put that many ribbon counters on Prize Pig. Then if there are three or more ribbon counters on Prize Pig, remove those counters and untap it. [Player: Ai(1)-Gabe_Food, Gained Amount: 3]
Phase: Ai(4)-Jaymie_Ezio's Declare Blockers Step
Combat: Ai(1)-Gabe_Food assigned Rosie Cotton of South Lane (57) to block Unstoppable Slasher (378).
Phase: Ai(4)-Jaymie_Ezio's First Strike Damage Step
Phase: Ai(4)-Jaymie_Ezio's Combat Damage Step
Damage: Unstoppable Slasher (378) deals 4 damage (Deathtouch) to Rosie Cotton of South Lane (57).
Damage: Rosie Cotton of South Lane (57) deals 1 damage to Unstoppable Slasher (378).
Zone Change: Rosie Cotton of South Lane (57) was put into Graveyard from Battlefield.
Phase: Ai(4)-Jaymie_Ezio's End of Combat Step
Phase: Ai(4)-Jaymie_Ezio's Main phase, postcombat
Mana: Submerged Boneyard (333) - {T}: Add {U} or {B}.
Mana: Smoldering Marsh (374) - {T}: Add {B}.
Mana: Path of Ancestry (311) - {T}: Add one mana of any color in your commander's color identity. When that mana is spent to cast a creature spell that shares a creature type with your commander, scry 1. (Look at the top card of your library. You may put that card on the bottom.)
Mana: Island (336) - {T}: Add {U}.
Mana: Plains (392) - {T}: Add {W}.
Mana: Plains (393) - {T}: Add {W}.
Add To Stack: Ai(4)-Jaymie_Ezio cast Sorin Markov
Add To Stack: Ai(4)-Jaymie_Ezio triggered Basim Ibn Ishaq
Resolve Stack: Whenever you cast a historic spell, draw a card. Basim Ibn Ishaq can't be blocked this turn. This ability triggers only once each turn. (Artifacts, legendaries, and Sagas are historic.) [Card: Sorin Markov (332), Activator: Ai(4)-Jaymie_Ezio, SpellAbility: Sorin Markov]
Replacement Effect: Sorin Markov enters with four loyalty counters on it.
Resolve Stack: Sorin Markov
Add To Stack: Ai(4)-Jaymie_Ezio activated Sorin Markov targeting [Ai(1)-Gabe_Food]
Life: Life: Ai(1)-Gabe_Food 63 > 10
Resolve Stack: Sorin Markov (332) - Ai(1)-Gabe_Food life total becomes 10.
Phase: Ai(4)-Jaymie_Ezio's End step
Life: Life: Ai(1)-Gabe_Food 10 > 11
Mana: Pristine Talisman (91) - {T}: Add {C}. You gain 1 life. 
Add To Stack: Ai(1)-Gabe_Food triggered Prize Pig
Resolve Stack: Whenever you gain life, put that many ribbon counters on Prize Pig. Then if there are three or more ribbon counters on Prize Pig, remove those counters and untap it. [Player: Ai(1)-Gabe_Food, Gained Amount: 1]
Phase: Ai(4)-Jaymie_Ezio's Cleanup step
Turn: Turn 58 (Ai(1)-Gabe_Food)
Phase: Ai(1)-Gabe_Food's Untap step
Phase: Ai(1)-Gabe_Food's Upkeep step
Phase: Ai(1)-Gabe_Food's Draw step
Phase: Ai(1)-Gabe_Food's Main phase, precombat
Phase: Ai(1)-Gabe_Food's Beginning of Combat Step
Add To Stack: Ai(1)-Gabe_Food triggered Sam, Loyal Attendant
Resolve Stack: At the beginning of combat on your turn, create a Food token. (It's an artifact with "{2}, {T}, Sacrifice this token: You gain 3 life.") [Phase: Ai(1)-Gabe_Food]
Phase: Ai(1)-Gabe_Food's Declare Attackers Step
Phase: Ai(1)-Gabe_Food's Declare Blockers Step
Phase: Ai(1)-Gabe_Food's First Strike Damage Step
Phase: Ai(1)-Gabe_Food's Combat Damage Step
Phase: Ai(1)-Gabe_Food's End of Combat Step
Phase: Ai(1)-Gabe_Food's Main phase, postcombat
Land: Ai(1)-Gabe_Food played Swamp (60)
Phase: Ai(1)-Gabe_Food's End step
Add To Stack: Ai(1)-Gabe_Food triggered Gollum, Obsessed Stalker
Resolve Stack: At the beginning of your end step, each opponent dealt combat damage this game by a creature named Gollum, Obsessed Stalker loses life equal to the amount of life you gained this turn. [Phase: Ai(1)-Gabe_Food]
Phase: Ai(1)-Gabe_Food's Cleanup step
Turn: Turn 59 (Ai(4)-Jaymie_Ezio)
Phase: Ai(4)-Jaymie_Ezio's Untap step
Phase: Ai(4)-Jaymie_Ezio's Upkeep step
Phase: Ai(4)-Jaymie_Ezio's Draw step
Phase: Ai(4)-Jaymie_Ezio's Main phase, precombat
Add To Stack: Ai(4)-Jaymie_Ezio activated Sorin Markov targeting [Gollum, Obsessed Stalker (42)]
Damage: Sorin Markov (332) deals 2 damage to Gollum, Obsessed Stalker (42).
Life: Life: Ai(4)-Jaymie_Ezio 37 > 39
Resolve Stack: Sorin Markov (332) - Sorin Markov (332) deals 2 damage to Gollum, Obsessed Stalker (42). Ai(4)-Jaymie_Ezio gains 2 life.
Zone Change: Gollum, Obsessed Stalker (42) was put into Graveyard from Battlefield.
Mana: Plains (392) - {T}: Add {W}.
Mana: Island (336) - {T}: Add {U}.
Mana: Plains (393) - {T}: Add {W}.
Add To Stack: Ai(4)-Jaymie_Ezio cast Caduceus, Staff of Hermes
Add To Stack: Ai(4)-Jaymie_Ezio triggered Basim Ibn Ishaq
Resolve Stack: Whenever you cast a historic spell, draw a card. Basim Ibn Ishaq can't be blocked this turn. This ability triggers only once each turn. (Artifacts, legendaries, and Sagas are historic.) [Card: Caduceus, Staff of Hermes (320), Activator: Ai(4)-Jaymie_Ezio, SpellAbility: Caduceus, Staff of Hermes]
Resolve Stack: Caduceus, Staff of Hermes
Phase: Ai(4)-Jaymie_Ezio's Beginning of Combat Step
Phase: Ai(4)-Jaymie_Ezio's Declare Attackers Step
Combat: Ai(4)-Jaymie_Ezio assigned Unstoppable Slasher (378) and Basim Ibn Ishaq (342) to attack Ai(1)-Gabe_Food.
Phase: Ai(4)-Jaymie_Ezio's Declare Blockers Step
Combat: Ai(1)-Gabe_Food didn't block Unstoppable Slasher (378).
Ai(1)-Gabe_Food didn't block Basim Ibn Ishaq (342).
Phase: Ai(4)-Jaymie_Ezio's First Strike Damage Step
Phase: Ai(4)-Jaymie_Ezio's Combat Damage Step
Damage: Unstoppable Slasher (378) deals 4 combat damage to Ai(1)-Gabe_Food.
Damage: Basim Ibn Ishaq (342) deals 2 combat damage to Ai(1)-Gabe_Food.
Life: Life: Ai(1)-Gabe_Food 11 > 5
Add To Stack: Ai(4)-Jaymie_Ezio triggered Unstoppable Slasher
Add To Stack: Ai(4)-Jaymie_Ezio triggered Jacob Frye targeting []
Add To Stack: Ai(4)-Jaymie_Ezio triggered Sword of Feast and Famine
Add To Stack: Ai(4)-Jaymie_Ezio triggered Basim Ibn Ishaq
Add To Stack: Ai(4)-Jaymie_Ezio triggered Rooftop Bypass
Mana: Forest (32) - {T}: Add {G}.
Zone Change: Food Token (635) was put into Graveyard from Battlefield.
Add To Stack: Ai(1)-Gabe_Food activated Food Token
Life: Life: Ai(1)-Gabe_Food 5 > 8
Resolve Stack: Food Token (635) - Ai(1)-Gabe_Food gains 3 life.
Add To Stack: Ai(1)-Gabe_Food triggered Prize Pig
Resolve Stack: Whenever you gain life, put that many ribbon counters on Prize Pig. Then if there are three or more ribbon counters on Prize Pig, remove those counters and untap it. [Player: Ai(1)-Gabe_Food, Gained Amount: 3]
Resolve Stack: Whenever one or more nontoken creatures you control deal combat damage to a player, create a 1/1 black Assassin creature token with menace. (It can't be blocked except by two or more creatures.) [Damaged: Ai(1)-Gabe_Food, Amount: 6]
Resolve Stack: Whenever Basim Ibn Ishaq deals combat damage to a player, put a +1/+1 counter on it. [Damage Source: Basim Ibn Ishaq (342), Damaged: Ai(1)-Gabe_Food, Amount: 2]
Resolve Stack: Whenever equipped creature deals combat damage to a player, that player discards a card and you untap all lands you control. [Damage Source: Unstoppable Slasher (378), Damaged: Ai(1)-Gabe_Food, Amount: 4]
Resolve Stack: Whenever one or more Assassins you control deal combat damage to a player, exile up to one target Assassin card or card with freerunning from your graveyard. If you do, copy it. You may cast the copy. (Targeting: [[]]) [Damaged: Ai(1)-Gabe_Food, Amount: 6]
Life: Life: Ai(1)-Gabe_Food 8 > 4
Resolve Stack: Whenever Unstoppable Slasher deals combat damage to a player, that player loses half their life, rounded up. [Damage Source: Unstoppable Slasher (378), Damaged: Ai(1)-Gabe_Food, Amount: 4]
Phase: Ai(4)-Jaymie_Ezio's End of Combat Step
Phase: Ai(4)-Jaymie_Ezio's Main phase, postcombat
Mana: Submerged Boneyard (333) - {T}: Add {U} or {B}.
Mana: Smoldering Marsh (374) - {T}: Add {B}.
Add To Stack: Ai(4)-Jaymie_Ezio cast Etrata, the Silencer
Resolve Stack: Etrata, the Silencer - Creature 3 / 5
Mana: Island (336) - {T}: Add {U}.
Mana: Cinder Glade (321) - {T}: Add {R}.
Mana: Plains (392) - {T}: Add {W}.
Add To Stack: Ai(4)-Jaymie_Ezio cast Shao Jun
Resolve Stack: Shao Jun - Creature 3 / 3
Add To Stack: Ai(4)-Jaymie_Ezio activated Shao Jun
Damage: Shao Jun (385) deals 1 non-combat damage to Ai(1)-Gabe_Food.
Life: Life: Ai(1)-Gabe_Food 4 > 3
Resolve Stack: Shao Jun (385) - Shao Jun (385) deals 1 damage to Ai(1)-Gabe_Food.
Mana: Path of Ancestry (311) - {T}: Add one mana of any color in your commander's color identity. When that mana is spent to cast a creature spell that shares a creature type with your commander, scry 1. (Look at the top card of your library. You may put that card on the bottom.)
Mana: Plains (393) - {T}: Add {W}.
Add To Stack: Ai(4)-Jaymie_Ezio cast Evie Frye
Add To Stack: Ai(4)-Jaymie_Ezio triggered Path of Ancestry
Resolve Stack: Ai(4)-Jaymie_Ezio scried 1 card(s) to the top of the library
Resolve Stack: When mana produced by Path of Ancestry is spent to cast a creature spell that shares a creature type with your commander, scry 1. ([Evie Frye - Creature 2 / 1]) [Card: Evie Frye (325), Activator: Ai(4)-Jaymie_Ezio, SpellAbility: Evie Frye - Creature 2 / 1]
Resolve Stack: Evie Frye - Creature 2 / 1
Add To Stack: Ai(4)-Jaymie_Ezio triggered Evie Frye targeting [Ai(4)-Jaymie_Ezio]
Resolve Stack: Partner with Jacob Frye (When this creature enters, target player may put Jacob Frye into their hand from their library, then shuffle.) (Targeting: [[Ai(4)-Jaymie_Ezio]]) [Zone Changer: Evie Frye (325)]
Phase: Ai(4)-Jaymie_Ezio's End step
Life: Life: Ai(1)-Gabe_Food 3 > 4
Mana: Pristine Talisman (91) - {T}: Add {C}. You gain 1 life. 
Add To Stack: Ai(1)-Gabe_Food triggered Prize Pig
Resolve Stack: Whenever you gain life, put that many ribbon counters on Prize Pig. Then if there are three or more ribbon counters on Prize Pig, remove those counters and untap it. [Player: Ai(1)-Gabe_Food, Gained Amount: 1]
Phase: Ai(4)-Jaymie_Ezio's Cleanup step
Turn: Turn 60 (Ai(1)-Gabe_Food)
Phase: Ai(1)-Gabe_Food's Untap step
Phase: Ai(1)-Gabe_Food's Upkeep step
Phase: Ai(1)-Gabe_Food's Draw step
Phase: Ai(1)-Gabe_Food's Main phase, precombat
Phase: Ai(1)-Gabe_Food's Beginning of Combat Step
Add To Stack: Ai(1)-Gabe_Food triggered Sam, Loyal Attendant
Resolve Stack: At the beginning of combat on your turn, create a Food token. (It's an artifact with "{2}, {T}, Sacrifice this token: You gain 3 life.") [Phase: Ai(1)-Gabe_Food]
Mana: Swamp (61) - {T}: Add {B}.
Zone Change: Food Token (642) was put into Graveyard from Battlefield.
Add To Stack: Ai(1)-Gabe_Food activated Food Token
Life: Life: Ai(1)-Gabe_Food 4 > 7
Resolve Stack: Food Token (642) - Ai(1)-Gabe_Food gains 3 life.
Add To Stack: Ai(1)-Gabe_Food triggered Prize Pig
Resolve Stack: Whenever you gain life, put that many ribbon counters on Prize Pig. Then if there are three or more ribbon counters on Prize Pig, remove those counters and untap it. [Player: Ai(1)-Gabe_Food, Gained Amount: 3]
Phase: Ai(1)-Gabe_Food's Declare Attackers Step
Phase: Ai(1)-Gabe_Food's Declare Blockers Step
Phase: Ai(1)-Gabe_Food's First Strike Damage Step
Phase: Ai(1)-Gabe_Food's Combat Damage Step
Phase: Ai(1)-Gabe_Food's End of Combat Step
Phase: Ai(1)-Gabe_Food's Main phase, postcombat
Mana: Plains (87) - {T}: Add {W}.
Mana: Forest (32) - {T}: Add {G}.
Mana: Plains (88) - {T}: Add {W}.
Mana: Forest (39) - {T}: Add {G}.
Add To Stack: Ai(1)-Gabe_Food cast Butterbur, Bree Innkeeper
Resolve Stack: Butterbur, Bree Innkeeper - Creature 3 / 3
Phase: Ai(1)-Gabe_Food's End step
Add To Stack: Ai(1)-Gabe_Food triggered Butterbur, Bree Innkeeper
Resolve Stack: At the beginning of your end step, if you don't control a Food, create a Food token. (It's an artifact with "{2}, {T}, Sacrifice this token: You gain 3 life.") [Phase: Ai(1)-Gabe_Food]
Phase: Ai(1)-Gabe_Food's Cleanup step
Turn: Turn 61 (Ai(4)-Jaymie_Ezio)
Phase: Ai(4)-Jaymie_Ezio's Untap step
Phase: Ai(4)-Jaymie_Ezio's Upkeep step
Phase: Ai(4)-Jaymie_Ezio's Draw step
Phase: Ai(4)-Jaymie_Ezio's Main phase, precombat
Add To Stack: Ai(4)-Jaymie_Ezio activated Sorin Markov targeting [Birds of Paradise (55)]
Damage: Sorin Markov (332) deals 2 damage to Birds of Paradise (55).
Life: Life: Ai(4)-Jaymie_Ezio 39 > 41
Resolve Stack: Sorin Markov (332) - Sorin Markov (332) deals 2 damage to Birds of Paradise (55). Ai(4)-Jaymie_Ezio gains 2 life.
Zone Change: Birds of Paradise (55) was put into Graveyard from Battlefield.
Mana: Plains (392) - {T}: Add {W}.
Mana: Plains (393) - {T}: Add {W}.
Add To Stack: Ai(4)-Jaymie_Ezio activated Caduceus, Staff of Hermes targeting [Unstoppable Slasher (378)]
Resolve Stack: Caduceus, Staff of Hermes (320) -  Attach to Unstoppable Slasher (378)
Phase: Ai(4)-Jaymie_Ezio's Beginning of Combat Step
Phase: Ai(4)-Jaymie_Ezio's Declare Attackers Step
Combat: Ai(4)-Jaymie_Ezio assigned Unstoppable Slasher (378), Ezio Auditore da Firenze (403), Jacob Frye (365), Basim Ibn Ishaq (342), Etrata, the Silencer (369), Shao Jun (385), Evie Frye (325), Assassin Token (621) and Assassin Token (639) to attack Ai(1)-Gabe_Food.
Mana: Swamp (63) - {T}: Add {B}.
Zone Change: Food Token (645) was put into Graveyard from Battlefield.
Add To Stack: Ai(1)-Gabe_Food activated Food Token
Life: Life: Ai(1)-Gabe_Food 7 > 10
Resolve Stack: Food Token (645) - Ai(1)-Gabe_Food gains 3 life.
Add To Stack: Ai(1)-Gabe_Food triggered Prize Pig
Resolve Stack: Whenever you gain life, put that many ribbon counters on Prize Pig. Then if there are three or more ribbon counters on Prize Pig, remove those counters and untap it. [Player: Ai(1)-Gabe_Food, Gained Amount: 3]
Phase: Ai(4)-Jaymie_Ezio's Declare Blockers Step
Combat: Ai(1)-Gabe_Food didn't block Unstoppable Slasher (378).
Ai(1)-Gabe_Food didn't block Ezio Auditore da Firenze (403).
Ai(1)-Gabe_Food assigned Frodo, Adventurous Hobbit (99) to block Jacob Frye (365).
Ai(1)-Gabe_Food assigned Prize Pig (29) and Sam, Loyal Attendant (101) to block Basim Ibn Ishaq (342).
Ai(1)-Gabe_Food didn't block Etrata, the Silencer (369).
Ai(1)-Gabe_Food didn't block Shao Jun (385).
Ai(1)-Gabe_Food assigned Butterbur, Bree Innkeeper (94) to block Evie Frye (325).
Ai(1)-Gabe_Food didn't block Assassin Token (621).
Ai(1)-Gabe_Food didn't block Assassin Token (639).
Add To Stack: Ai(4)-Jaymie_Ezio cast Flawless Maneuver
Resolve Stack: Flawless Maneuver (305) - Creatures you control gain indestructible until end of turn.
Phase: Ai(4)-Jaymie_Ezio's First Strike Damage Step
Damage: Shao Jun (385) deals 3 combat damage to Ai(1)-Gabe_Food.
Life: Life: Ai(1)-Gabe_Food 10 > 7
Add To Stack: Ai(4)-Jaymie_Ezio triggered Jacob Frye targeting []
Add To Stack: Ai(4)-Jaymie_Ezio triggered Rooftop Bypass
Resolve Stack: Whenever one or more nontoken creatures you control deal combat damage to a player, create a 1/1 black Assassin creature token with menace. (It can't be blocked except by two or more creatures.) [Damaged: Ai(1)-Gabe_Food, Amount: 3]
Resolve Stack: Whenever one or more Assassins you control deal combat damage to a player, exile up to one target Assassin card or card with freerunning from your graveyard. If you do, copy it. You may cast the copy. (Targeting: [[]]) [Damaged: Ai(1)-Gabe_Food, Amount: 3]
Phase: Ai(4)-Jaymie_Ezio's Combat Damage Step
Damage: Unstoppable Slasher (378) deals 9 combat damage to Ai(1)-Gabe_Food.
Life: Life: Ai(4)-Jaymie_Ezio 41 > 50
Damage: Ezio Auditore da Firenze (403) deals 3 combat damage to Ai(1)-Gabe_Food.
Damage: Jacob Frye (365) deals 3 damage to Frodo, Adventurous Hobbit (99).
Damage: Basim Ibn Ishaq (342) deals 3 damage to Prize Pig (29).
Damage: Etrata, the Silencer (369) deals 3 combat damage to Ai(1)-Gabe_Food.
Damage: Evie Frye (325) deals 2 damage to Butterbur, Bree Innkeeper (94).
Damage: Assassin Token (621) deals 1 combat damage to Ai(1)-Gabe_Food.
Damage: Assassin Token (639) deals 1 combat damage to Ai(1)-Gabe_Food.
Damage: Sam, Loyal Attendant (101) deals 6 damage to Basim Ibn Ishaq (342).
Damage: Frodo, Adventurous Hobbit (99) deals 1 damage to Jacob Frye (365).
Damage: Butterbur, Bree Innkeeper (94) deals 3 damage to Evie Frye (325).
Life: Life: Ai(1)-Gabe_Food 7 > -10
Player Control: Ai(1)-Gabe_Food has restored control over themself
Player Control: Ai(2)-Destyn_Turtles has restored control over themself
Player Control: Ai(3)-GGS_Current has restored control over themself
Player Control: Ai(4)-Jaymie_Ezio has restored control over themself
Game Outcome: Match Duration 2m : 46s
Game Outcome: Turn 31
Game Outcome: Ai(1)-Gabe_Food has lost because life total reached 0
Game Outcome: Ai(2)-Destyn_Turtles has lost because life total reached 0
Game Outcome: Ai(3)-GGS_Current has lost due to effect of spell 'Ezio Auditore da Firenze'
Game Outcome: Ai(4)-Jaymie_Ezio has won because all opponents have lost
Match Result: Ai(1)-Gabe_Food: 0 Ai(2)-Destyn_Turtles: 0 Ai(3)-GGS_Current: 0 Ai(4)-Jaymie_Ezio: 1 

Game Result: Game 1 ended in 167504 ms. Ai(4)-Jaymie_Ezio has won!

