Error handling registered!
20:37:12 [INFO ] GuiBase: ##########################################
20:37:12 [INFO ] GuiBase: APP: Forge v.2.0.15-SNAPSHOT-09.28
20:37:12 [INFO ] GuiBase: Java: 17.0.20 (Ubuntu)
20:37:12 [INFO ] GuiBase: OS: Linux 6.18.44 amd64
20:37:12 [INFO ] GuiBase: RAM: 1536 MB max, 8 CPUs
20:37:12 [INFO ] GuiBase: ##########################################
Language 'en-US' loaded successfully.
(ThreadUtil first call): Running with priority 5
Read cards: 34010 archived files in 1 ms (25 parts) using thread pool
Upcoming set Star Trek (TRK) dated in the future. All `upcoming` cards will be added to this set with unknown rarity.
The card A-Alrund's Epiphany was not assigned to any set. Adding it to UNKNOWN set... to fix see res/editions/ folder. 
The card A-Baba Lysaga, Night Witch was not assigned to any set. Adding it to UNKNOWN set... to fix see res/editions/ folder. 
The card A-Divide by Zero was not assigned to any set. Adding it to UNKNOWN set... to fix see res/editions/ folder. 
The card A-Esika's Chariot was not assigned to any set. Adding it to UNKNOWN set... to fix see res/editions/ folder. 
The card A-Faceless Haven was not assigned to any set. Adding it to UNKNOWN set... to fix see res/editions/ folder. 
The card A-Fires of Invention was not assigned to any set. Adding it to UNKNOWN set... to fix see res/editions/ folder. 
The card A-Goldspan Dragon was not assigned to any set. Adding it to UNKNOWN set... to fix see res/editions/ folder. 
The card A-Hullbreaker Horror was not assigned to any set. Adding it to UNKNOWN set... to fix see res/editions/ folder. 
The card A-Kumano Faces Kakkazan was not assigned to any set. Adding it to UNKNOWN set... to fix see res/editions/ folder. 
The card A-Luminarch Aspirant was not assigned to any set. Adding it to UNKNOWN set... to fix see res/editions/ folder. 
The card A-Monster Manual was not assigned to any set. Adding it to UNKNOWN set... to fix see res/editions/ folder. 
The card A-Omnath, Locus of Creation was not assigned to any set. Adding it to UNKNOWN set... to fix see res/editions/ folder. 
The card A-The Meathook Massacre was not assigned to any set. Adding it to UNKNOWN set... to fix see res/editions/ folder. 
The card A-Unholy Heat was not assigned to any set. Adding it to UNKNOWN set... to fix see res/editions/ folder. 
The card Blinding Radiance was not assigned to any set. Adding it to UNKNOWN set... to fix see res/editions/ folder. 
The card Goblin Bruiser was not assigned to any set. Adding it to UNKNOWN set... to fix see res/editions/ folder. 
The card Ogre Painbringer was not assigned to any set. Adding it to UNKNOWN set... to fix see res/editions/ folder. 
The card Titanic Pelagosaur was not assigned to any set. Adding it to UNKNOWN set... to fix see res/editions/ folder. 
The card Treetop Recluse was not assigned to any set. Adding it to UNKNOWN set... to fix see res/editions/ folder. 
Upcoming set Star Trek (TRK) dated in the future. All `upcoming` cards will be added to this set with unknown rarity.
Read cards: 854 files in 0 ms (8 parts) using thread pool
Simulation mode
Ai(1)-GGS_Four_card_package vs Ai(2)-Jaymie_Ezio vs Ai(3)-Gabe_Food vs Ai(4)-Destyn_Turtles - one game of Commander seed 20260930
Warning: default (ie. inherited from base class) implementation of confirmAction is used by Sam, Loyal Attendant for forge.ai.ability.PermanentCreatureAi. Consider declaring an overloaded method
Warning: default (ie. inherited from base class) implementation of confirmAction is used by Goro-Goro and Satoru for forge.ai.ability.PermanentCreatureAi. Consider declaring an overloaded method
Warning: default (ie. inherited from base class) implementation of confirmAction is used by Sam, Loyal Attendant for forge.ai.ability.PermanentCreatureAi. Consider declaring an overloaded method
Warning: default (ie. inherited from base class) implementation of confirmAction is used by Leonardo, the Balance for forge.ai.ability.PermanentCreatureAi. Consider declaring an overloaded method
Warning: default (ie. inherited from base class) implementation of confirmAction is used by Goro-Goro and Satoru for forge.ai.ability.PermanentCreatureAi. Consider declaring an overloaded method
Warning: default (ie. inherited from base class) implementation of confirmAction is used by Frodo, Adventurous Hobbit for forge.ai.ability.PermanentCreatureAi. Consider declaring an overloaded method
Warning: default (ie. inherited from base class) implementation of confirmAction is used by Michelangelo, the Heart for forge.ai.ability.PermanentCreatureAi. Consider declaring an overloaded method
Warning: default (ie. inherited from base class) implementation of confirmAction is used by Leonardo, the Balance for forge.ai.ability.PermanentCreatureAi. Consider declaring an overloaded method
Active player is no longer in the game...
Active player is no longer in the game...
Active player is no longer in the game...
Active player is no longer in the game...
Active player is no longer in the game...
Active player is no longer in the game...
Active player is no longer in the game...
Active player is no longer in the game...
Active player is no longer in the game...
Mulligan: Ai(3)-Gabe_Food has mulliganed down to 7 cards.
Mulligan: Ai(4)-Destyn_Turtles has kept a hand of 7 cards
Mulligan: Ai(1)-GGS_Four_card_package has kept a hand of 7 cards
Mulligan: Ai(2)-Jaymie_Ezio has kept a hand of 7 cards
Mulligan: Ai(3)-Gabe_Food has kept a hand of 7 cards
Turn: Turn 1 (Ai(4)-Destyn_Turtles)
Phase: Ai(4)-Destyn_Turtles' Untap step
Phase: Ai(4)-Destyn_Turtles' Upkeep step
Phase: Ai(4)-Destyn_Turtles' Draw step
Phase: Ai(4)-Destyn_Turtles' Main phase, precombat
Replacement Effect: Path of Ancestry enters tapped.
Land: Ai(4)-Destyn_Turtles played Path of Ancestry (315)
Phase: Ai(4)-Destyn_Turtles' Beginning of Combat Step
Phase: Ai(4)-Destyn_Turtles' Declare Attackers Step
Phase: Ai(4)-Destyn_Turtles' Declare Blockers Step
Phase: Ai(4)-Destyn_Turtles' First Strike Damage Step
Phase: Ai(4)-Destyn_Turtles' Combat Damage Step
Phase: Ai(4)-Destyn_Turtles' End of Combat Step
Phase: Ai(4)-Destyn_Turtles' Main phase, postcombat
Phase: Ai(4)-Destyn_Turtles' End step
Phase: Ai(4)-Destyn_Turtles' Cleanup step
Turn: Turn 2 (Ai(1)-GGS_Four_card_package)
Phase: Ai(1)-GGS_Four_card_package's Untap step
Phase: Ai(1)-GGS_Four_card_package's Upkeep step
Phase: Ai(1)-GGS_Four_card_package's Draw step
Phase: Ai(1)-GGS_Four_card_package's Main phase, precombat
Land: Ai(1)-GGS_Four_card_package played City of Brass (32)
Phase: Ai(1)-GGS_Four_card_package's Beginning of Combat Step
Phase: Ai(1)-GGS_Four_card_package's Declare Attackers Step
Phase: Ai(1)-GGS_Four_card_package's Declare Blockers Step
Phase: Ai(1)-GGS_Four_card_package's First Strike Damage Step
Phase: Ai(1)-GGS_Four_card_package's Combat Damage Step
Phase: Ai(1)-GGS_Four_card_package's End of Combat Step
Phase: Ai(1)-GGS_Four_card_package's Main phase, postcombat
Phase: Ai(1)-GGS_Four_card_package's End step
Phase: Ai(1)-GGS_Four_card_package's Cleanup step
Turn: Turn 3 (Ai(2)-Jaymie_Ezio)
Phase: Ai(2)-Jaymie_Ezio's Untap step
Phase: Ai(2)-Jaymie_Ezio's Upkeep step
Phase: Ai(2)-Jaymie_Ezio's Draw step
Phase: Ai(2)-Jaymie_Ezio's Main phase, precombat
Land: Ai(2)-Jaymie_Ezio played Abstergo Entertainment (121)
Phase: Ai(2)-Jaymie_Ezio's Beginning of Combat Step
Phase: Ai(2)-Jaymie_Ezio's Declare Attackers Step
Phase: Ai(2)-Jaymie_Ezio's Declare Blockers Step
Phase: Ai(2)-Jaymie_Ezio's First Strike Damage Step
Phase: Ai(2)-Jaymie_Ezio's Combat Damage Step
Phase: Ai(2)-Jaymie_Ezio's End of Combat Step
Phase: Ai(2)-Jaymie_Ezio's Main phase, postcombat
Phase: Ai(2)-Jaymie_Ezio's End step
Phase: Ai(2)-Jaymie_Ezio's Cleanup step
Turn: Turn 4 (Ai(3)-Gabe_Food)
Phase: Ai(3)-Gabe_Food's Untap step
Phase: Ai(3)-Gabe_Food's Upkeep step
Phase: Ai(3)-Gabe_Food's Draw step
Phase: Ai(3)-Gabe_Food's Main phase, precombat
Replacement Effect: Isolated Chapel enters tapped unless you control a Plains or a Swamp.
Land: Ai(3)-Gabe_Food played Isolated Chapel (245)
Phase: Ai(3)-Gabe_Food's Beginning of Combat Step
Phase: Ai(3)-Gabe_Food's Declare Attackers Step
Phase: Ai(3)-Gabe_Food's Declare Blockers Step
Phase: Ai(3)-Gabe_Food's First Strike Damage Step
Phase: Ai(3)-Gabe_Food's Combat Damage Step
Phase: Ai(3)-Gabe_Food's End of Combat Step
Phase: Ai(3)-Gabe_Food's Main phase, postcombat
Phase: Ai(3)-Gabe_Food's End step
Phase: Ai(3)-Gabe_Food's Cleanup step
Turn: Turn 5 (Ai(4)-Destyn_Turtles)
Phase: Ai(4)-Destyn_Turtles' Untap step
Phase: Ai(4)-Destyn_Turtles' Upkeep step
Phase: Ai(4)-Destyn_Turtles' Draw step
Phase: Ai(4)-Destyn_Turtles' Main phase, precombat
Land: Ai(4)-Destyn_Turtles played Command Tower (331)
Phase: Ai(4)-Destyn_Turtles' Beginning of Combat Step
Phase: Ai(4)-Destyn_Turtles' Declare Attackers Step
Phase: Ai(4)-Destyn_Turtles' Declare Blockers Step
Phase: Ai(4)-Destyn_Turtles' First Strike Damage Step
Phase: Ai(4)-Destyn_Turtles' Combat Damage Step
Phase: Ai(4)-Destyn_Turtles' End of Combat Step
Phase: Ai(4)-Destyn_Turtles' Main phase, postcombat
Mana: Path of Ancestry (315) - {T}: Add one mana of any color in your commander's color identity. When that mana is spent to cast a creature spell that shares a creature type with your commander, scry 1. (Look at the top card of your library. You may put that card on the bottom.)
Mana: Command Tower (331) - {T}: Add one mana of any color in your commander's color identity.
Add To Stack: Ai(4)-Destyn_Turtles cast Michelangelo, the Heart
Add To Stack: Ai(4)-Destyn_Turtles triggered Path of Ancestry
Resolve Stack: Ai(4)-Destyn_Turtles scried 1 card(s) to the top of the library
Resolve Stack: When mana produced by Path of Ancestry is spent to cast a creature spell that shares a creature type with your commander, scry 1. ([Michelangelo, the Heart - Creature 2 / 1]) [Card: Michelangelo, the Heart (402), Activator: Ai(4)-Destyn_Turtles, SpellAbility: Michelangelo, the Heart - Creature 2 / 1]
Resolve Stack: Michelangelo, the Heart - Creature 2 / 1
Phase: Ai(4)-Destyn_Turtles' End step
Phase: Ai(4)-Destyn_Turtles' Cleanup step
Turn: Turn 6 (Ai(1)-GGS_Four_card_package)
Phase: Ai(1)-GGS_Four_card_package's Untap step
Phase: Ai(1)-GGS_Four_card_package's Upkeep step
Phase: Ai(1)-GGS_Four_card_package's Draw step
Phase: Ai(1)-GGS_Four_card_package's Main phase, precombat
Land: Ai(1)-GGS_Four_card_package played Gloomlake Verge (24)
Mana: City of Brass (32) - {T}: Add one mana of any color.
Mana: Gloomlake Verge (24) - {T}: Add {U}.
Add To Stack: Ai(1)-GGS_Four_card_package cast Loyal Apprentice
Add To Stack: Ai(1)-GGS_Four_card_package triggered City of Brass
Damage: City of Brass (32) deals 1 non-combat damage to Ai(1)-GGS_Four_card_package.
Life: Life: Ai(1)-GGS_Four_card_package 40 > 39
Resolve Stack: Whenever City of Brass becomes tapped, it deals 1 damage to you. [Tapped: City of Brass (32)]
Resolve Stack: Loyal Apprentice - Creature 2 / 1
Phase: Ai(1)-GGS_Four_card_package's Beginning of Combat Step
Phase: Ai(1)-GGS_Four_card_package's Declare Attackers Step
Phase: Ai(1)-GGS_Four_card_package's Declare Blockers Step
Phase: Ai(1)-GGS_Four_card_package's First Strike Damage Step
Phase: Ai(1)-GGS_Four_card_package's Combat Damage Step
Phase: Ai(1)-GGS_Four_card_package's End of Combat Step
Phase: Ai(1)-GGS_Four_card_package's Main phase, postcombat
Phase: Ai(1)-GGS_Four_card_package's End step
Phase: Ai(1)-GGS_Four_card_package's Cleanup step
Turn: Turn 7 (Ai(2)-Jaymie_Ezio)
Phase: Ai(2)-Jaymie_Ezio's Untap step
Phase: Ai(2)-Jaymie_Ezio's Upkeep step
Phase: Ai(2)-Jaymie_Ezio's Draw step
Phase: Ai(2)-Jaymie_Ezio's Main phase, precombat
Land: Ai(2)-Jaymie_Ezio played Plains (191)
Phase: Ai(2)-Jaymie_Ezio's Beginning of Combat Step
Phase: Ai(2)-Jaymie_Ezio's Declare Attackers Step
Phase: Ai(2)-Jaymie_Ezio's Declare Blockers Step
Phase: Ai(2)-Jaymie_Ezio's First Strike Damage Step
Phase: Ai(2)-Jaymie_Ezio's Combat Damage Step
Phase: Ai(2)-Jaymie_Ezio's End of Combat Step
Phase: Ai(2)-Jaymie_Ezio's Main phase, postcombat
Phase: Ai(2)-Jaymie_Ezio's End step
Phase: Ai(2)-Jaymie_Ezio's Cleanup step
Turn: Turn 8 (Ai(3)-Gabe_Food)
Phase: Ai(3)-Gabe_Food's Untap step
Phase: Ai(3)-Gabe_Food's Upkeep step
Phase: Ai(3)-Gabe_Food's Draw step
Phase: Ai(3)-Gabe_Food's Main phase, precombat
Land: Ai(3)-Gabe_Food played Forest (238)
Phase: Ai(3)-Gabe_Food's Beginning of Combat Step
Phase: Ai(3)-Gabe_Food's Declare Attackers Step
Phase: Ai(3)-Gabe_Food's Declare Blockers Step
Phase: Ai(3)-Gabe_Food's First Strike Damage Step
Phase: Ai(3)-Gabe_Food's Combat Damage Step
Phase: Ai(3)-Gabe_Food's End of Combat Step
Phase: Ai(3)-Gabe_Food's Main phase, postcombat
Mana: Forest (238) - {T}: Add {G}.
Discard: Ai(3)-Gabe_Food discards Eagles of the North (280).
Add To Stack: Ai(3)-Gabe_Food activated Eagles of the North
Resolve Stack: Eagles of the North (280) - Ai(3)-Gabe_Food searches their library for a Plains card, reveals it, puts it into their hand, then shuffles.
Phase: Ai(3)-Gabe_Food's End step
Phase: Ai(3)-Gabe_Food's Cleanup step
Turn: Turn 9 (Ai(4)-Destyn_Turtles)
Phase: Ai(4)-Destyn_Turtles' Untap step
Phase: Ai(4)-Destyn_Turtles' Upkeep step
Phase: Ai(4)-Destyn_Turtles' Draw step
Phase: Ai(4)-Destyn_Turtles' Main phase, precombat
Land: Ai(4)-Destyn_Turtles played Island (332)
Phase: Ai(4)-Destyn_Turtles' Beginning of Combat Step
Phase: Ai(4)-Destyn_Turtles' Declare Attackers Step
Combat: Ai(4)-Destyn_Turtles assigned Michelangelo, the Heart (402) to attack Ai(1)-GGS_Four_card_package.
Phase: Ai(4)-Destyn_Turtles' Declare Blockers Step
Combat: Ai(1)-GGS_Four_card_package didn't block Michelangelo, the Heart (402).
Phase: Ai(4)-Destyn_Turtles' First Strike Damage Step
Phase: Ai(4)-Destyn_Turtles' Combat Damage Step
Damage: Michelangelo, the Heart (402) deals 2 combat damage to Ai(1)-GGS_Four_card_package.
Life: Life: Ai(1)-GGS_Four_card_package 39 > 37
Phase: Ai(4)-Destyn_Turtles' End of Combat Step
Phase: Ai(4)-Destyn_Turtles' Main phase, postcombat
Add To Stack: Ai(4)-Destyn_Turtles triggered Michelangelo, the Heart targeting [Michelangelo, the Heart (402)]
Resolve Stack: Raid (the Fridge) — At the beginning of your second main phase, if you attacked this turn, put a +1/+1 counter on target creature and create a Food token. (Targeting: [[Michelangelo, the Heart (402)]]) [Phase: Ai(4)-Destyn_Turtles]
Mana: Path of Ancestry (315) - {T}: Add one mana of any color in your commander's color identity. When that mana is spent to cast a creature spell that shares a creature type with your commander, scry 1. (Look at the top card of your library. You may put that card on the bottom.)
Mana: Island (332) - {T}: Add {U}.
Mana: Command Tower (331) - {T}: Add one mana of any color in your commander's color identity.
Add To Stack: Ai(4)-Destyn_Turtles cast Ninja Pizza
Resolve Stack: Ninja Pizza
Phase: Ai(4)-Destyn_Turtles' End step
Phase: Ai(4)-Destyn_Turtles' Cleanup step
Turn: Turn 10 (Ai(1)-GGS_Four_card_package)
Phase: Ai(1)-GGS_Four_card_package's Untap step
Phase: Ai(1)-GGS_Four_card_package's Upkeep step
Mana: Gloomlake Verge (24) - {T}: Add {U}.
Mana: City of Brass (32) - {T}: Add one mana of any color.
Add To Stack: Ai(1)-GGS_Four_card_package cast Cyclonic Rift targeting [Michelangelo, the Heart (402)]
Add To Stack: Ai(1)-GGS_Four_card_package triggered City of Brass
Damage: City of Brass (32) deals 1 non-combat damage to Ai(1)-GGS_Four_card_package.
Life: Life: Ai(1)-GGS_Four_card_package 37 > 36
Resolve Stack: Whenever City of Brass becomes tapped, it deals 1 damage to you. [Tapped: City of Brass (32)]
Resolve Stack: Cyclonic Rift (8) - Return Michelangelo, the Heart (402) to its owner's hand.
Phase: Ai(1)-GGS_Four_card_package's Draw step
Phase: Ai(1)-GGS_Four_card_package's Main phase, precombat
Land: Ai(1)-GGS_Four_card_package played Blazemire Verge (5)
Phase: Ai(1)-GGS_Four_card_package's Beginning of Combat Step
Phase: Ai(1)-GGS_Four_card_package's Declare Attackers Step
Combat: Ai(1)-GGS_Four_card_package assigned Loyal Apprentice (1) to attack Ai(4)-Destyn_Turtles.
Phase: Ai(1)-GGS_Four_card_package's Declare Blockers Step
Combat: Ai(4)-Destyn_Turtles didn't block Loyal Apprentice (1).
Phase: Ai(1)-GGS_Four_card_package's First Strike Damage Step
Phase: Ai(1)-GGS_Four_card_package's Combat Damage Step
Damage: Loyal Apprentice (1) deals 2 combat damage to Ai(4)-Destyn_Turtles.
Life: Life: Ai(4)-Destyn_Turtles 40 > 38
Phase: Ai(1)-GGS_Four_card_package's End of Combat Step
Phase: Ai(1)-GGS_Four_card_package's Main phase, postcombat
Phase: Ai(1)-GGS_Four_card_package's End step
Phase: Ai(1)-GGS_Four_card_package's Cleanup step
Turn: Turn 11 (Ai(2)-Jaymie_Ezio)
Phase: Ai(2)-Jaymie_Ezio's Untap step
Phase: Ai(2)-Jaymie_Ezio's Upkeep step
Phase: Ai(2)-Jaymie_Ezio's Draw step
Phase: Ai(2)-Jaymie_Ezio's Main phase, precombat
Land: Ai(2)-Jaymie_Ezio played Mountain (189)
Phase: Ai(2)-Jaymie_Ezio's Beginning of Combat Step
Phase: Ai(2)-Jaymie_Ezio's Declare Attackers Step
Phase: Ai(2)-Jaymie_Ezio's Declare Blockers Step
Phase: Ai(2)-Jaymie_Ezio's First Strike Damage Step
Phase: Ai(2)-Jaymie_Ezio's Combat Damage Step
Phase: Ai(2)-Jaymie_Ezio's End of Combat Step
Phase: Ai(2)-Jaymie_Ezio's Main phase, postcombat
Phase: Ai(2)-Jaymie_Ezio's End step
Phase: Ai(2)-Jaymie_Ezio's Cleanup step
Turn: Turn 12 (Ai(3)-Gabe_Food)
Phase: Ai(3)-Gabe_Food's Untap step
Phase: Ai(3)-Gabe_Food's Upkeep step
Phase: Ai(3)-Gabe_Food's Draw step
Phase: Ai(3)-Gabe_Food's Main phase, precombat
Land: Ai(3)-Gabe_Food played Access Tunnel (255)
Phase: Ai(3)-Gabe_Food's Beginning of Combat Step
Phase: Ai(3)-Gabe_Food's Declare Attackers Step
Phase: Ai(3)-Gabe_Food's Declare Blockers Step
Phase: Ai(3)-Gabe_Food's First Strike Damage Step
Phase: Ai(3)-Gabe_Food's Combat Damage Step
Phase: Ai(3)-Gabe_Food's End of Combat Step
Phase: Ai(3)-Gabe_Food's Main phase, postcombat
Mana: Isolated Chapel (245) - {T}: Add {W} or {B}.
Mana: Forest (238) - {T}: Add {G}.
Mana: Access Tunnel (255) - {T}: Add {C}.
Add To Stack: Ai(3)-Gabe_Food cast Sam, Loyal Attendant
Resolve Stack: Sam, Loyal Attendant - Creature 2 / 4
Add To Stack: Ai(3)-Gabe_Food triggered Sam, Loyal Attendant targeting [Ai(3)-Gabe_Food]
Resolve Stack: Partner with Frodo, Adventurous Hobbit (When this creature enters, target player may put Frodo into their hand from their library, then shuffle.) (Targeting: [[Ai(3)-Gabe_Food]]) [Zone Changer: Sam, Loyal Attendant (303)]
Phase: Ai(3)-Gabe_Food's End step
Phase: Ai(3)-Gabe_Food's Cleanup step
Turn: Turn 13 (Ai(4)-Destyn_Turtles)
Phase: Ai(4)-Destyn_Turtles' Untap step
Phase: Ai(4)-Destyn_Turtles' Upkeep step
Phase: Ai(4)-Destyn_Turtles' Draw step
Phase: Ai(4)-Destyn_Turtles' Main phase, precombat
Replacement Effect: Spire Garden enters tapped unless you have two or more opponents.
Land: Ai(4)-Destyn_Turtles played Spire Garden (392)
Phase: Ai(4)-Destyn_Turtles' Beginning of Combat Step
Phase: Ai(4)-Destyn_Turtles' Declare Attackers Step
Phase: Ai(4)-Destyn_Turtles' Declare Blockers Step
Phase: Ai(4)-Destyn_Turtles' First Strike Damage Step
Phase: Ai(4)-Destyn_Turtles' Combat Damage Step
Phase: Ai(4)-Destyn_Turtles' End of Combat Step
Phase: Ai(4)-Destyn_Turtles' Main phase, postcombat
Add To Stack: Ai(4)-Destyn_Turtles triggered Ninja Pizza
Resolve Stack: At the beginning of your second main phase, create a Food token. (It's an artifact with "{2}, {T}, Sacrifice this token: You gain 3 life.") [Phase: Ai(4)-Destyn_Turtles]
Mana: Path of Ancestry (315) - {T}: Add one mana of any color in your commander's color identity. When that mana is spent to cast a creature spell that shares a creature type with your commander, scry 1. (Look at the top card of your library. You may put that card on the bottom.)
Mana: Command Tower (331) - {T}: Add one mana of any color in your commander's color identity.
Mana: Island (332) - {T}: Add {U}.
Mana: Spire Garden (392) - {T}: Add {R} or {G}.
Zone Change: Food Token (417) was put into Graveyard from Battlefield.
Mana: Food Token (417) - {T}, Sacrifice this artifact: Add one mana of any color.
Zone Change: Food Token (411) was put into Graveyard from Battlefield.
Mana: Food Token (411) - {T}, Sacrifice this artifact: Add one mana of any color.
Add To Stack: Ai(4)-Destyn_Turtles cast Vanquish the Horde
Zone Change: Loyal Apprentice (1) was put into Graveyard from Battlefield.
Zone Change: Sam, Loyal Attendant (303) was put into Graveyard from Battlefield.
Resolve Stack: Vanquish the Horde (321) - Destroy all creatures.
Phase: Ai(4)-Destyn_Turtles' End step
Phase: Ai(4)-Destyn_Turtles' Cleanup step
Turn: Turn 14 (Ai(1)-GGS_Four_card_package)
Phase: Ai(1)-GGS_Four_card_package's Untap step
Phase: Ai(1)-GGS_Four_card_package's Upkeep step
Phase: Ai(1)-GGS_Four_card_package's Draw step
Phase: Ai(1)-GGS_Four_card_package's Main phase, precombat
Replacement Effect: As Watery Grave enters, you may pay 2 life. If you don't, it enters tapped.
Land: Ai(1)-GGS_Four_card_package played Watery Grave (71)
Phase: Ai(1)-GGS_Four_card_package's Beginning of Combat Step
Phase: Ai(1)-GGS_Four_card_package's Declare Attackers Step
Phase: Ai(1)-GGS_Four_card_package's Declare Blockers Step
Phase: Ai(1)-GGS_Four_card_package's First Strike Damage Step
Phase: Ai(1)-GGS_Four_card_package's Combat Damage Step
Phase: Ai(1)-GGS_Four_card_package's End of Combat Step
Phase: Ai(1)-GGS_Four_card_package's Main phase, postcombat
Mana: Gloomlake Verge (24) - {T}: Add {U}.
Mana: Blazemire Verge (5) - {T}: Add {B}.
Mana: City of Brass (32) - {T}: Add one mana of any color.
Add To Stack: Ai(1)-GGS_Four_card_package cast Goro-Goro and Satoru
Add To Stack: Ai(1)-GGS_Four_card_package triggered City of Brass
Damage: City of Brass (32) deals 1 non-combat damage to Ai(1)-GGS_Four_card_package.
Life: Life: Ai(1)-GGS_Four_card_package 36 > 35
Resolve Stack: Whenever City of Brass becomes tapped, it deals 1 damage to you. [Tapped: City of Brass (32)]
Resolve Stack: Goro-Goro and Satoru - Creature 3 / 4
Phase: Ai(1)-GGS_Four_card_package's End step
Phase: Ai(1)-GGS_Four_card_package's Cleanup step
Turn: Turn 15 (Ai(2)-Jaymie_Ezio)
Phase: Ai(2)-Jaymie_Ezio's Untap step
Phase: Ai(2)-Jaymie_Ezio's Upkeep step
Phase: Ai(2)-Jaymie_Ezio's Draw step
Phase: Ai(2)-Jaymie_Ezio's Main phase, precombat
Land: Ai(2)-Jaymie_Ezio played Island (134)
Phase: Ai(2)-Jaymie_Ezio's Beginning of Combat Step
Phase: Ai(2)-Jaymie_Ezio's Declare Attackers Step
Phase: Ai(2)-Jaymie_Ezio's Declare Blockers Step
Phase: Ai(2)-Jaymie_Ezio's First Strike Damage Step
Phase: Ai(2)-Jaymie_Ezio's Combat Damage Step
Phase: Ai(2)-Jaymie_Ezio's End of Combat Step
Phase: Ai(2)-Jaymie_Ezio's Main phase, postcombat
Mana: Island (134) - {T}: Add {U}.
Mana: Mountain (189) - {T}: Add {R}.
Mana: Plains (191) - {T}: Add {W}.
Add To Stack: Ai(2)-Jaymie_Ezio cast Shao Jun
Resolve Stack: Shao Jun - Creature 3 / 3
Phase: Ai(2)-Jaymie_Ezio's End step
Phase: Ai(2)-Jaymie_Ezio's Cleanup step
Turn: Turn 16 (Ai(3)-Gabe_Food)
Phase: Ai(3)-Gabe_Food's Untap step
Phase: Ai(3)-Gabe_Food's Upkeep step
Phase: Ai(3)-Gabe_Food's Draw step
Phase: Ai(3)-Gabe_Food's Main phase, precombat
Replacement Effect: Canopy Vista enters tapped unless you control two or more basic lands.
Land: Ai(3)-Gabe_Food played Canopy Vista (272)
Phase: Ai(3)-Gabe_Food's Beginning of Combat Step
Phase: Ai(3)-Gabe_Food's Declare Attackers Step
Phase: Ai(3)-Gabe_Food's Declare Blockers Step
Phase: Ai(3)-Gabe_Food's First Strike Damage Step
Phase: Ai(3)-Gabe_Food's Combat Damage Step
Phase: Ai(3)-Gabe_Food's End of Combat Step
Phase: Ai(3)-Gabe_Food's Main phase, postcombat
Mana: Forest (238) - {T}: Add {G}.
Mana: Isolated Chapel (245) - {T}: Add {W} or {B}.
Mana: Access Tunnel (255) - {T}: Add {C}.
Add To Stack: Ai(3)-Gabe_Food cast Commander's Sphere
Resolve Stack: Commander's Sphere
Phase: Ai(3)-Gabe_Food's End step
Phase: Ai(3)-Gabe_Food's Cleanup step
Turn: Turn 17 (Ai(4)-Destyn_Turtles)
Phase: Ai(4)-Destyn_Turtles' Untap step
Phase: Ai(4)-Destyn_Turtles' Upkeep step
Phase: Ai(4)-Destyn_Turtles' Draw step
Phase: Ai(4)-Destyn_Turtles' Main phase, precombat
Phase: Ai(4)-Destyn_Turtles' Beginning of Combat Step
Phase: Ai(4)-Destyn_Turtles' Declare Attackers Step
Phase: Ai(4)-Destyn_Turtles' Declare Blockers Step
Phase: Ai(4)-Destyn_Turtles' First Strike Damage Step
Phase: Ai(4)-Destyn_Turtles' Combat Damage Step
Phase: Ai(4)-Destyn_Turtles' End of Combat Step
Phase: Ai(4)-Destyn_Turtles' Main phase, postcombat
Add To Stack: Ai(4)-Destyn_Turtles triggered Ninja Pizza
Resolve Stack: At the beginning of your second main phase, create a Food token. (It's an artifact with "{2}, {T}, Sacrifice this token: You gain 3 life.") [Phase: Ai(4)-Destyn_Turtles]
Mana: Spire Garden (392) - {T}: Add {R} or {G}.
Mana: Island (332) - {T}: Add {U}.
Mana: Path of Ancestry (315) - {T}: Add one mana of any color in your commander's color identity. When that mana is spent to cast a creature spell that shares a creature type with your commander, scry 1. (Look at the top card of your library. You may put that card on the bottom.)
Mana: Command Tower (331) - {T}: Add one mana of any color in your commander's color identity.
Zone Change: Food Token (423) was put into Graveyard from Battlefield.
Mana: Food Token (423) - {T}, Sacrifice this artifact: Add one mana of any color.
Add To Stack: Ai(4)-Destyn_Turtles cast Raphael, the Muscle
Add To Stack: Ai(4)-Destyn_Turtles triggered Path of Ancestry
Resolve Stack: Ai(4)-Destyn_Turtles scried 1 card(s) to the top of the library
Resolve Stack: When mana produced by Path of Ancestry is spent to cast a creature spell that shares a creature type with your commander, scry 1. ([Raphael, the Muscle - Creature 4 / 4]) [Card: Raphael, the Muscle (378), Activator: Ai(4)-Destyn_Turtles, SpellAbility: Raphael, the Muscle - Creature 4 / 4]
Resolve Stack: Raphael, the Muscle - Creature 4 / 4
Add To Stack: Ai(4)-Destyn_Turtles triggered Raphael, the Muscle
Resolve Stack: When Raphael enters, create a Mutagen token. [Zone Changer: Raphael, the Muscle (378)]
Phase: Ai(4)-Destyn_Turtles' End step
Phase: Ai(4)-Destyn_Turtles' Cleanup step
Turn: Turn 18 (Ai(1)-GGS_Four_card_package)
Phase: Ai(1)-GGS_Four_card_package's Untap step
Phase: Ai(1)-GGS_Four_card_package's Upkeep step
Phase: Ai(1)-GGS_Four_card_package's Draw step
Phase: Ai(1)-GGS_Four_card_package's Main phase, precombat
Land: Ai(1)-GGS_Four_card_package played Command Beacon (59)
Phase: Ai(1)-GGS_Four_card_package's Beginning of Combat Step
Phase: Ai(1)-GGS_Four_card_package's Declare Attackers Step
Phase: Ai(1)-GGS_Four_card_package's Declare Blockers Step
Phase: Ai(1)-GGS_Four_card_package's First Strike Damage Step
Phase: Ai(1)-GGS_Four_card_package's Combat Damage Step
Phase: Ai(1)-GGS_Four_card_package's End of Combat Step
Phase: Ai(1)-GGS_Four_card_package's Main phase, postcombat
Mana: Gloomlake Verge (24) - {T}: Add {U}.
Mana: Watery Grave (71) - {T}: Add {B}.
Add To Stack: Ai(1)-GGS_Four_card_package cast Satoru, the Infiltrator
Resolve Stack: Satoru, the Infiltrator - Creature 2 / 3
Mana: Blazemire Verge (5) - {T}: Add {R}. Activate only if you control a Swamp or a Mountain.
Mana: City of Brass (32) - {T}: Add one mana of any color.
Mana: Command Beacon (59) - {T}: Add {C}.
Add To Stack: Ai(1)-GGS_Four_card_package cast Urabrask's Forge
Add To Stack: Ai(1)-GGS_Four_card_package triggered City of Brass
Damage: City of Brass (32) deals 1 non-combat damage to Ai(1)-GGS_Four_card_package.
Life: Life: Ai(1)-GGS_Four_card_package 35 > 34
Resolve Stack: Whenever City of Brass becomes tapped, it deals 1 damage to you. [Tapped: City of Brass (32)]
Resolve Stack: Urabrask's Forge
Phase: Ai(1)-GGS_Four_card_package's End step
Phase: Ai(1)-GGS_Four_card_package's Cleanup step
Turn: Turn 19 (Ai(2)-Jaymie_Ezio)
Phase: Ai(2)-Jaymie_Ezio's Untap step
Phase: Ai(2)-Jaymie_Ezio's Upkeep step
Phase: Ai(2)-Jaymie_Ezio's Draw step
Phase: Ai(2)-Jaymie_Ezio's Main phase, precombat
Land: Ai(2)-Jaymie_Ezio played Forest (137)
Phase: Ai(2)-Jaymie_Ezio's Beginning of Combat Step
Phase: Ai(2)-Jaymie_Ezio's Declare Attackers Step
Combat: Ai(2)-Jaymie_Ezio assigned Shao Jun (183) to attack Ai(1)-GGS_Four_card_package.
Phase: Ai(2)-Jaymie_Ezio's Declare Blockers Step
Combat: Ai(1)-GGS_Four_card_package didn't block Shao Jun (183).
Phase: Ai(2)-Jaymie_Ezio's First Strike Damage Step
Damage: Shao Jun (183) deals 3 combat damage to Ai(1)-GGS_Four_card_package.
Life: Life: Ai(1)-GGS_Four_card_package 34 > 31
Phase: Ai(2)-Jaymie_Ezio's Combat Damage Step
Phase: Ai(2)-Jaymie_Ezio's End of Combat Step
Phase: Ai(2)-Jaymie_Ezio's Main phase, postcombat
Mana: Island (134) - {T}: Add {U}.
Mana: Forest (137) - {T}: Add {G}.
Mana: Plains (191) - {T}: Add {W}.
Add To Stack: Ai(2)-Jaymie_Ezio cast Lydia Frye
Resolve Stack: Lydia Frye - Creature 3 / 2
Phase: Ai(2)-Jaymie_Ezio's End step
Add To Stack: Ai(2)-Jaymie_Ezio triggered Lydia Frye
Zone Change: Commander's Sphere (220) was put into Graveyard from Battlefield.
Add To Stack: Ai(3)-Gabe_Food activated Commander's Sphere
Resolve Stack: Commander's Sphere (220) - Ai(3)-Gabe_Food draws a card.
Resolve Stack: Ai(2)-Jaymie_Ezio surveiled 1 card(s) to the top of the library
Resolve Stack: At the beginning of your end step, surveil X, where X is the number of tapped Assassins you control. (Look at the top X cards of your library, then put any number of them into your graveyard and the rest on top of your library in any order.) [Phase: Ai(2)-Jaymie_Ezio]
Phase: Ai(2)-Jaymie_Ezio's Cleanup step
Turn: Turn 20 (Ai(3)-Gabe_Food)
Phase: Ai(3)-Gabe_Food's Untap step
Phase: Ai(3)-Gabe_Food's Upkeep step
Phase: Ai(3)-Gabe_Food's Draw step
Phase: Ai(3)-Gabe_Food's Main phase, precombat
Mana: Isolated Chapel (245) - {T}: Add {W} or {B}.
Mana: Canopy Vista (272) - {T}: Add {W}.
Mana: Forest (238) - {T}: Add {G}.
Mana: Access Tunnel (255) - {T}: Add {C}.
Add To Stack: Ai(3)-Gabe_Food cast Dusk
Zone Change: Raphael, the Muscle (378) was put into Graveyard from Battlefield.
Zone Change: Goro-Goro and Satoru (100) was put into Graveyard from Battlefield.
Zone Change: Shao Jun (183) was put into Graveyard from Battlefield.
Zone Change: Lydia Frye (186) was put into Graveyard from Battlefield.
Resolve Stack: Dusk (214) - Destroy all creatures with power 3 or greater.
Phase: Ai(3)-Gabe_Food's Beginning of Combat Step
Phase: Ai(3)-Gabe_Food's Declare Attackers Step
Phase: Ai(3)-Gabe_Food's Declare Blockers Step
Phase: Ai(3)-Gabe_Food's First Strike Damage Step
Phase: Ai(3)-Gabe_Food's Combat Damage Step
Phase: Ai(3)-Gabe_Food's End of Combat Step
Phase: Ai(3)-Gabe_Food's Main phase, postcombat
Phase: Ai(3)-Gabe_Food's End step
Phase: Ai(3)-Gabe_Food's Cleanup step
Turn: Turn 21 (Ai(4)-Destyn_Turtles)
Phase: Ai(4)-Destyn_Turtles' Untap step
Phase: Ai(4)-Destyn_Turtles' Upkeep step
Phase: Ai(4)-Destyn_Turtles' Draw step
Phase: Ai(4)-Destyn_Turtles' Main phase, precombat
Phase: Ai(4)-Destyn_Turtles' Beginning of Combat Step
Phase: Ai(4)-Destyn_Turtles' Declare Attackers Step
Phase: Ai(4)-Destyn_Turtles' Declare Blockers Step
Phase: Ai(4)-Destyn_Turtles' First Strike Damage Step
Phase: Ai(4)-Destyn_Turtles' Combat Damage Step
Phase: Ai(4)-Destyn_Turtles' End of Combat Step
Phase: Ai(4)-Destyn_Turtles' Main phase, postcombat
Add To Stack: Ai(4)-Destyn_Turtles triggered Ninja Pizza
Resolve Stack: At the beginning of your second main phase, create a Food token. (It's an artifact with "{2}, {T}, Sacrifice this token: You gain 3 life.") [Phase: Ai(4)-Destyn_Turtles]
Mana: Spire Garden (392) - {T}: Add {R} or {G}.
Mana: Path of Ancestry (315) - {T}: Add one mana of any color in your commander's color identity. When that mana is spent to cast a creature spell that shares a creature type with your commander, scry 1. (Look at the top card of your library. You may put that card on the bottom.)
Mana: Island (332) - {T}: Add {U}.
Mana: Command Tower (331) - {T}: Add one mana of any color in your commander's color identity.
Zone Change: Food Token (431) was put into Graveyard from Battlefield.
Mana: Food Token (431) - {T}, Sacrifice this artifact: Add one mana of any color.
Add To Stack: Ai(4)-Destyn_Turtles cast Acidic Slime
Resolve Stack: Acidic Slime - Creature 2 / 2
Add To Stack: Ai(4)-Destyn_Turtles triggered Acidic Slime targeting [Urabrask's Forge (35)]
Zone Change: Urabrask's Forge (35) was put into Graveyard from Battlefield.
Resolve Stack: When Acidic Slime enters, destroy target artifact, enchantment, or land. (Targeting: [[Urabrask's Forge (35)]]) [Zone Changer: Acidic Slime (365)]
Phase: Ai(4)-Destyn_Turtles' End step
Phase: Ai(4)-Destyn_Turtles' Cleanup step
Turn: Turn 22 (Ai(1)-GGS_Four_card_package)
Phase: Ai(1)-GGS_Four_card_package's Untap step
Phase: Ai(1)-GGS_Four_card_package's Upkeep step
Phase: Ai(1)-GGS_Four_card_package's Draw step
Mana: Gloomlake Verge (24) - {T}: Add {B}. Activate only if you control an Island or a Swamp.
Mana: Watery Grave (71) - {T}: Add {B}.
Mana: Blazemire Verge (5) - {T}: Add {R}. Activate only if you control a Swamp or a Mountain.
Add To Stack: Ai(1)-GGS_Four_card_package cast Mithril Coat
Resolve Stack: Mithril Coat
Add To Stack: Ai(1)-GGS_Four_card_package triggered Mithril Coat targeting [Satoru, the Infiltrator (51)]
Resolve Stack: When Mithril Coat enters, attach it to target legendary creature you control. (Targeting: [[Satoru, the Infiltrator (51)]]) [Zone Changer: Mithril Coat (91)]
Phase: Ai(1)-GGS_Four_card_package's Main phase, precombat
Land: Ai(1)-GGS_Four_card_package played Misty Rainforest (14)
Life: Life: Ai(1)-GGS_Four_card_package 31 > 30
Zone Change: Misty Rainforest (14) was put into Graveyard from Battlefield.
Add To Stack: Ai(1)-GGS_Four_card_package activated Misty Rainforest
Replacement Effect: Xander's Lounge enters tapped.
Resolve Stack: Misty Rainforest (14) - Ai(1)-GGS_Four_card_package searches their library for a Forest or Island card, puts it onto the battlefield, then shuffles.
Phase: Ai(1)-GGS_Four_card_package's Beginning of Combat Step
Phase: Ai(1)-GGS_Four_card_package's Declare Attackers Step
Combat: Ai(1)-GGS_Four_card_package assigned Satoru, the Infiltrator (51) to attack Ai(4)-Destyn_Turtles.
Phase: Ai(1)-GGS_Four_card_package's Declare Blockers Step
Combat: Ai(4)-Destyn_Turtles didn't block Satoru, the Infiltrator (51).
Phase: Ai(1)-GGS_Four_card_package's First Strike Damage Step
Phase: Ai(1)-GGS_Four_card_package's Combat Damage Step
Damage: Satoru, the Infiltrator (51) deals 2 combat damage to Ai(4)-Destyn_Turtles.
Life: Life: Ai(4)-Destyn_Turtles 38 > 36
Phase: Ai(1)-GGS_Four_card_package's End of Combat Step
Phase: Ai(1)-GGS_Four_card_package's Main phase, postcombat
Phase: Ai(1)-GGS_Four_card_package's End step
Phase: Ai(1)-GGS_Four_card_package's Cleanup step
Turn: Turn 23 (Ai(2)-Jaymie_Ezio)
Phase: Ai(2)-Jaymie_Ezio's Untap step
Phase: Ai(2)-Jaymie_Ezio's Upkeep step
Phase: Ai(2)-Jaymie_Ezio's Draw step
Phase: Ai(2)-Jaymie_Ezio's Main phase, precombat
Phase: Ai(2)-Jaymie_Ezio's Beginning of Combat Step
Phase: Ai(2)-Jaymie_Ezio's Declare Attackers Step
Phase: Ai(2)-Jaymie_Ezio's Declare Blockers Step
Phase: Ai(2)-Jaymie_Ezio's First Strike Damage Step
Phase: Ai(2)-Jaymie_Ezio's Combat Damage Step
Phase: Ai(2)-Jaymie_Ezio's End of Combat Step
Phase: Ai(2)-Jaymie_Ezio's Main phase, postcombat
Mana: Plains (191) - {T}: Add {W}.
Mana: Island (134) - {T}: Add {U}.
Mana: Mountain (189) - {T}: Add {R}.
Discard: Ai(2)-Jaymie_Ezio discards Perilous Landscape (127).
Add To Stack: Ai(2)-Jaymie_Ezio activated Perilous Landscape
Resolve Stack: Perilous Landscape (127) - Ai(2)-Jaymie_Ezio draws a card.
Phase: Ai(2)-Jaymie_Ezio's End step
Phase: Ai(2)-Jaymie_Ezio's Cleanup step
Turn: Turn 24 (Ai(3)-Gabe_Food)
Phase: Ai(3)-Gabe_Food's Untap step
Phase: Ai(3)-Gabe_Food's Upkeep step
Phase: Ai(3)-Gabe_Food's Draw step
Phase: Ai(3)-Gabe_Food's Main phase, precombat
Land: Ai(3)-Gabe_Food played Plains (289)
Mana: Forest (238) - {T}: Add {G}.
Mana: Plains (289) - {T}: Add {W}.
Mana: Isolated Chapel (245) - {T}: Add {W} or {B}.
Mana: Canopy Vista (272) - {T}: Add {G}.
Mana: Access Tunnel (255) - {T}: Add {C}.
Add To Stack: Ai(3)-Gabe_Food cast Motivated Pony
Resolve Stack: Motivated Pony - Creature 3 / 3
Phase: Ai(3)-Gabe_Food's Beginning of Combat Step
Phase: Ai(3)-Gabe_Food's Declare Attackers Step
Combat: Ai(3)-Gabe_Food assigned Motivated Pony (276) to attack Ai(4)-Destyn_Turtles.
Add To Stack: Ai(3)-Gabe_Food triggered Motivated Pony
Resolve Stack: Whenever Motivated Pony attacks, attacking creatures get +1/+1 until end of turn. If a Food entered under your control this turn, untap those creatures and they get an additional +2/+2 until end of turn. [Attacker: Motivated Pony (276)]
Phase: Ai(3)-Gabe_Food's Declare Blockers Step
Combat: Ai(4)-Destyn_Turtles assigned Acidic Slime (365) to block Motivated Pony (276).
Phase: Ai(3)-Gabe_Food's First Strike Damage Step
Phase: Ai(3)-Gabe_Food's Combat Damage Step
Damage: Motivated Pony (276) deals 2 combat damage to Ai(4)-Destyn_Turtles.
Damage: Motivated Pony (276) deals 2 damage to Acidic Slime (365).
Damage: Acidic Slime (365) deals 2 damage (Deathtouch) to Motivated Pony (276).
Life: Life: Ai(4)-Destyn_Turtles 36 > 34
Zone Change: Motivated Pony (276) was put into Graveyard from Battlefield.
Zone Change: Acidic Slime (365) was put into Graveyard from Battlefield.
Phase: Ai(3)-Gabe_Food's End of Combat Step
Phase: Ai(3)-Gabe_Food's Main phase, postcombat
Phase: Ai(3)-Gabe_Food's End step
Phase: Ai(3)-Gabe_Food's Cleanup step
Turn: Turn 25 (Ai(4)-Destyn_Turtles)
Phase: Ai(4)-Destyn_Turtles' Untap step
Phase: Ai(4)-Destyn_Turtles' Upkeep step
Phase: Ai(4)-Destyn_Turtles' Draw step
Phase: Ai(4)-Destyn_Turtles' Main phase, precombat
Phase: Ai(4)-Destyn_Turtles' Beginning of Combat Step
Phase: Ai(4)-Destyn_Turtles' Declare Attackers Step
Phase: Ai(4)-Destyn_Turtles' Declare Blockers Step
Phase: Ai(4)-Destyn_Turtles' First Strike Damage Step
Phase: Ai(4)-Destyn_Turtles' Combat Damage Step
Phase: Ai(4)-Destyn_Turtles' End of Combat Step
Phase: Ai(4)-Destyn_Turtles' Main phase, postcombat
Add To Stack: Ai(4)-Destyn_Turtles triggered Ninja Pizza
Resolve Stack: At the beginning of your second main phase, create a Food token. (It's an artifact with "{2}, {T}, Sacrifice this token: You gain 3 life.") [Phase: Ai(4)-Destyn_Turtles]
Replacement Effect: Thriving Moor enters tapped.
Replacement Effect: As Thriving Moor enters, choose a color other than black.
Land: Ai(4)-Destyn_Turtles played Thriving Moor (399)
Mana: Path of Ancestry (315) - {T}: Add one mana of any color in your commander's color identity. When that mana is spent to cast a creature spell that shares a creature type with your commander, scry 1. (Look at the top card of your library. You may put that card on the bottom.)
Mana: Island (332) - {T}: Add {U}.
Mana: Spire Garden (392) - {T}: Add {R} or {G}.
Mana: Command Tower (331) - {T}: Add one mana of any color in your commander's color identity.
Add To Stack: Ai(4)-Destyn_Turtles cast Leonardo, the Balance
Add To Stack: Ai(4)-Destyn_Turtles triggered Path of Ancestry
Resolve Stack: Ai(4)-Destyn_Turtles scried 1 card(s) to the top of the library
Resolve Stack: When mana produced by Path of Ancestry is spent to cast a creature spell that shares a creature type with your commander, scry 1. ([Leonardo, the Balance - Creature 3 / 3]) [Card: Leonardo, the Balance (404), Activator: Ai(4)-Destyn_Turtles, SpellAbility: Leonardo, the Balance - Creature 3 / 3]
Resolve Stack: Leonardo, the Balance - Creature 3 / 3
Phase: Ai(4)-Destyn_Turtles' End step
Phase: Ai(4)-Destyn_Turtles' Cleanup step
Turn: Turn 26 (Ai(1)-GGS_Four_card_package)
Phase: Ai(1)-GGS_Four_card_package's Untap step
Phase: Ai(1)-GGS_Four_card_package's Upkeep step
Phase: Ai(1)-GGS_Four_card_package's Draw step
Phase: Ai(1)-GGS_Four_card_package's Main phase, precombat
Phase: Ai(1)-GGS_Four_card_package's Beginning of Combat Step
Phase: Ai(1)-GGS_Four_card_package's Declare Attackers Step
Combat: Ai(1)-GGS_Four_card_package assigned Satoru, the Infiltrator (51) to attack Ai(4)-Destyn_Turtles.
Phase: Ai(1)-GGS_Four_card_package's Declare Blockers Step
Combat: Ai(4)-Destyn_Turtles didn't block Satoru, the Infiltrator (51).
Phase: Ai(1)-GGS_Four_card_package's First Strike Damage Step
Phase: Ai(1)-GGS_Four_card_package's Combat Damage Step
Damage: Satoru, the Infiltrator (51) deals 2 combat damage to Ai(4)-Destyn_Turtles.
Life: Life: Ai(4)-Destyn_Turtles 34 > 32
Phase: Ai(1)-GGS_Four_card_package's End of Combat Step
Phase: Ai(1)-GGS_Four_card_package's Main phase, postcombat
Mana: Blazemire Verge (5) - {T}: Add {R}. Activate only if you control a Swamp or a Mountain.
Mana: Gloomlake Verge (24) - {T}: Add {U}.
Mana: Watery Grave (71) - {T}: Add {B}.
Mana: City of Brass (32) - {T}: Add one mana of any color.
Mana: Xander's Lounge (85) - {T}: Add {R}.
Add To Stack: Ai(1)-GGS_Four_card_package cast Goro-Goro and Satoru
Add To Stack: Ai(1)-GGS_Four_card_package triggered City of Brass
Damage: City of Brass (32) deals 1 non-combat damage to Ai(1)-GGS_Four_card_package.
Life: Life: Ai(1)-GGS_Four_card_package 30 > 29
Resolve Stack: Whenever City of Brass becomes tapped, it deals 1 damage to you. [Tapped: City of Brass (32)]
Resolve Stack: Goro-Goro and Satoru - Creature 3 / 4
Phase: Ai(1)-GGS_Four_card_package's End step
Phase: Ai(1)-GGS_Four_card_package's Cleanup step
Turn: Turn 27 (Ai(2)-Jaymie_Ezio)
Phase: Ai(2)-Jaymie_Ezio's Untap step
Phase: Ai(2)-Jaymie_Ezio's Upkeep step
Phase: Ai(2)-Jaymie_Ezio's Draw step
Phase: Ai(2)-Jaymie_Ezio's Main phase, precombat
Mana: Forest (137) - {T}: Add {G}.
Mana: Island (134) - {T}: Add {U}.
Mana: Plains (191) - {T}: Add {W}.
Add To Stack: Ai(2)-Jaymie_Ezio cast 
Resolve Stack: Disguise - Creature 2/2
Phase: Ai(2)-Jaymie_Ezio's Beginning of Combat Step
Phase: Ai(2)-Jaymie_Ezio's Declare Attackers Step
Phase: Ai(2)-Jaymie_Ezio's Declare Blockers Step
Phase: Ai(2)-Jaymie_Ezio's First Strike Damage Step
Phase: Ai(2)-Jaymie_Ezio's Combat Damage Step
Phase: Ai(2)-Jaymie_Ezio's End of Combat Step
Phase: Ai(2)-Jaymie_Ezio's Main phase, postcombat
Phase: Ai(2)-Jaymie_Ezio's End step
Phase: Ai(2)-Jaymie_Ezio's Cleanup step
Turn: Turn 28 (Ai(3)-Gabe_Food)
Phase: Ai(3)-Gabe_Food's Untap step
Phase: Ai(3)-Gabe_Food's Upkeep step
Phase: Ai(3)-Gabe_Food's Draw step
Phase: Ai(3)-Gabe_Food's Main phase, precombat
Phase: Ai(3)-Gabe_Food's Beginning of Combat Step
Phase: Ai(3)-Gabe_Food's Declare Attackers Step
Phase: Ai(3)-Gabe_Food's Declare Blockers Step
Phase: Ai(3)-Gabe_Food's First Strike Damage Step
Phase: Ai(3)-Gabe_Food's Combat Damage Step
Phase: Ai(3)-Gabe_Food's End of Combat Step
Phase: Ai(3)-Gabe_Food's Main phase, postcombat
Mana: Isolated Chapel (245) - {T}: Add {W} or {B}.
Mana: Forest (238) - {T}: Add {G}.
Mana: Plains (289) - {T}: Add {W}.
Mana: Canopy Vista (272) - {T}: Add {G}.
Add To Stack: Ai(3)-Gabe_Food cast Mirkwood Bats
Resolve Stack: Mirkwood Bats - Creature 2 / 3
Phase: Ai(3)-Gabe_Food's End step
Phase: Ai(3)-Gabe_Food's Cleanup step
Turn: Turn 29 (Ai(4)-Destyn_Turtles)
Phase: Ai(4)-Destyn_Turtles' Untap step
Phase: Ai(4)-Destyn_Turtles' Upkeep step
Phase: Ai(4)-Destyn_Turtles' Draw step
Phase: Ai(4)-Destyn_Turtles' Main phase, precombat
Replacement Effect: Dragonskull Summit enters tapped unless you control a Swamp or a Mountain.
Land: Ai(4)-Destyn_Turtles played Dragonskull Summit (350)
Phase: Ai(4)-Destyn_Turtles' Beginning of Combat Step
Mana: Path of Ancestry (315) - {T}: Add one mana of any color in your commander's color identity. When that mana is spent to cast a creature spell that shares a creature type with your commander, scry 1. (Look at the top card of your library. You may put that card on the bottom.)
Mana: Island (332) - {T}: Add {U}.
Mana: Thriving Moor (399) - {T}: Add {B} or one mana of the chosen color.
Mana: Spire Garden (392) - {T}: Add {R} or {G}.
Mana: Command Tower (331) - {T}: Add one mana of any color in your commander's color identity.
Add To Stack: Ai(4)-Destyn_Turtles activated Leonardo, the Balance
Resolve Stack: Leonardo, the Balance (404) - Creatures you control gain menace, trample, and lifelink until end of turn.
Phase: Ai(4)-Destyn_Turtles' Declare Attackers Step
Combat: Ai(4)-Destyn_Turtles assigned Leonardo, the Balance (404) to attack Ai(1)-GGS_Four_card_package.
Phase: Ai(4)-Destyn_Turtles' Declare Blockers Step
Combat: Ai(1)-GGS_Four_card_package didn't block Leonardo, the Balance (404).
Phase: Ai(4)-Destyn_Turtles' First Strike Damage Step
Phase: Ai(4)-Destyn_Turtles' Combat Damage Step
Damage: Leonardo, the Balance (404) deals 3 combat damage to Ai(1)-GGS_Four_card_package.
Life: Life: Ai(4)-Destyn_Turtles 32 > 35
Life: Life: Ai(1)-GGS_Four_card_package 29 > 26
Phase: Ai(4)-Destyn_Turtles' End of Combat Step
Phase: Ai(4)-Destyn_Turtles' Main phase, postcombat
Add To Stack: Ai(4)-Destyn_Turtles triggered Ninja Pizza
Resolve Stack: At the beginning of your second main phase, create a Food token. (It's an artifact with "{2}, {T}, Sacrifice this token: You gain 3 life.") [Phase: Ai(4)-Destyn_Turtles]
Add To Stack: Ai(4)-Destyn_Turtles triggered Leonardo, the Balance
Resolve Stack: Whenever a token you control enters, you may put a +1/+1 counter on each creature you control. Do this only once each turn. [Zone Changer: Food Token (451)]
Zone Change: Food Token (451) was put into Graveyard from Battlefield.
Mana: Food Token (451) - {T}, Sacrifice this artifact: Add one mana of any color.
Zone Change: Food Token (435) was put into Graveyard from Battlefield.
Mana: Food Token (435) - {T}, Sacrifice this artifact: Add one mana of any color.
Add To Stack: Ai(4)-Destyn_Turtles cast Tempestra, Dame of Games
Resolve Stack: Tempestra, Dame of Games - Creature 1 / 3
Phase: Ai(4)-Destyn_Turtles' End step
Phase: Ai(4)-Destyn_Turtles' Cleanup step
Turn: Turn 30 (Ai(1)-GGS_Four_card_package)
Phase: Ai(1)-GGS_Four_card_package's Untap step
Phase: Ai(1)-GGS_Four_card_package's Upkeep step
Phase: Ai(1)-GGS_Four_card_package's Draw step
Phase: Ai(1)-GGS_Four_card_package's Main phase, precombat
Phase: Ai(1)-GGS_Four_card_package's Beginning of Combat Step
Phase: Ai(1)-GGS_Four_card_package's Declare Attackers Step
Combat: Ai(1)-GGS_Four_card_package assigned Goro-Goro and Satoru (100) and Satoru, the Infiltrator (51) to attack Ai(4)-Destyn_Turtles.
Phase: Ai(1)-GGS_Four_card_package's Declare Blockers Step
Combat: Ai(4)-Destyn_Turtles didn't block Goro-Goro and Satoru (100).
Ai(4)-Destyn_Turtles didn't block Satoru, the Infiltrator (51).
Phase: Ai(1)-GGS_Four_card_package's First Strike Damage Step
Phase: Ai(1)-GGS_Four_card_package's Combat Damage Step
Damage: Goro-Goro and Satoru (100) deals 3 combat damage to Ai(4)-Destyn_Turtles.
Damage: Satoru, the Infiltrator (51) deals 2 combat damage to Ai(4)-Destyn_Turtles.
Life: Life: Ai(4)-Destyn_Turtles 35 > 30
Phase: Ai(1)-GGS_Four_card_package's End of Combat Step
Phase: Ai(1)-GGS_Four_card_package's Main phase, postcombat
Replacement Effect: Raucous Theater enters tapped.
Land: Ai(1)-GGS_Four_card_package played Raucous Theater (82)
Add To Stack: Ai(1)-GGS_Four_card_package triggered Raucous Theater
Resolve Stack: Ai(1)-GGS_Four_card_package surveiled 1 card(s) to the top of the library
Resolve Stack: When Raucous Theater enters, surveil 1. (Look at the top card of your library. You may put it into your graveyard.) [Zone Changer: Raucous Theater (82)]
Mana: Gloomlake Verge (24) - {T}: Add {B}. Activate only if you control an Island or a Swamp.
Mana: Watery Grave (71) - {T}: Add {B}.
Mana: Blazemire Verge (5) - {T}: Add {R}. Activate only if you control a Swamp or a Mountain.
Add To Stack: Ai(1)-GGS_Four_card_package cast Fire Navy Trebuchet
Resolve Stack: Fire Navy Trebuchet - Creature 0 / 4
Phase: Ai(1)-GGS_Four_card_package's End step
Phase: Ai(1)-GGS_Four_card_package's Cleanup step
Turn: Turn 31 (Ai(2)-Jaymie_Ezio)
Phase: Ai(2)-Jaymie_Ezio's Untap step
Phase: Ai(2)-Jaymie_Ezio's Upkeep step
Phase: Ai(2)-Jaymie_Ezio's Draw step
Mana: Forest (137) - {T}: Add {G}.
Mana: Island (134) - {T}: Add {U}.
Mana: Plains (191) - {T}: Add {W}.
Add To Stack: Ai(2)-Jaymie_Ezio cast Smoke Bomb
Resolve Stack: Smoke Bomb
Phase: Ai(2)-Jaymie_Ezio's Main phase, precombat
Phase: Ai(2)-Jaymie_Ezio's Beginning of Combat Step
Phase: Ai(2)-Jaymie_Ezio's Declare Attackers Step
Phase: Ai(2)-Jaymie_Ezio's Declare Blockers Step
Phase: Ai(2)-Jaymie_Ezio's First Strike Damage Step
Phase: Ai(2)-Jaymie_Ezio's Combat Damage Step
Phase: Ai(2)-Jaymie_Ezio's End of Combat Step
Phase: Ai(2)-Jaymie_Ezio's Main phase, postcombat
Phase: Ai(2)-Jaymie_Ezio's End step
Phase: Ai(2)-Jaymie_Ezio's Cleanup step
Turn: Turn 32 (Ai(3)-Gabe_Food)
Phase: Ai(3)-Gabe_Food's Untap step
Phase: Ai(3)-Gabe_Food's Upkeep step
Phase: Ai(3)-Gabe_Food's Draw step
Phase: Ai(3)-Gabe_Food's Main phase, precombat
Mana: Forest (238) - {T}: Add {G}.
Mana: Plains (289) - {T}: Add {W}.
Mana: Isolated Chapel (245) - {T}: Add {W} or {B}.
Mana: Canopy Vista (272) - {T}: Add {G}.
Mana: Access Tunnel (255) - {T}: Add {C}.
Add To Stack: Ai(3)-Gabe_Food cast Sam, Loyal Attendant
Resolve Stack: Sam, Loyal Attendant - Creature 2 / 4
Add To Stack: Ai(3)-Gabe_Food triggered Sam, Loyal Attendant targeting [Ai(3)-Gabe_Food]
Resolve Stack: Partner with Frodo, Adventurous Hobbit (When this creature enters, target player may put Frodo into their hand from their library, then shuffle.) (Targeting: [[Ai(3)-Gabe_Food]]) [Zone Changer: Sam, Loyal Attendant (303)]
Phase: Ai(3)-Gabe_Food's Beginning of Combat Step
Add To Stack: Ai(3)-Gabe_Food triggered Sam, Loyal Attendant
Resolve Stack: At the beginning of combat on your turn, create a Food token. (It's an artifact with "{2}, {T}, Sacrifice this token: You gain 3 life.") [Phase: Ai(3)-Gabe_Food]
Add To Stack: Ai(3)-Gabe_Food triggered Mirkwood Bats
Life: Life: Ai(4)-Destyn_Turtles 30 > 29
Life: Life: Ai(1)-GGS_Four_card_package 26 > 25
Life: Life: Ai(2)-Jaymie_Ezio 40 > 39
Resolve Stack: Whenever you create or sacrifice a token, each opponent loses 1 life. [Player: Ai(3)-Gabe_Food]
Phase: Ai(3)-Gabe_Food's Declare Attackers Step
Combat: Ai(3)-Gabe_Food assigned Mirkwood Bats (247) to attack Ai(4)-Destyn_Turtles.
Phase: Ai(3)-Gabe_Food's Declare Blockers Step
Combat: Ai(4)-Destyn_Turtles didn't block Mirkwood Bats (247).
Phase: Ai(3)-Gabe_Food's First Strike Damage Step
Phase: Ai(3)-Gabe_Food's Combat Damage Step
Damage: Mirkwood Bats (247) deals 2 combat damage to Ai(4)-Destyn_Turtles.
Life: Life: Ai(4)-Destyn_Turtles 29 > 27
Phase: Ai(3)-Gabe_Food's End of Combat Step
Phase: Ai(3)-Gabe_Food's Main phase, postcombat
Phase: Ai(3)-Gabe_Food's End step
Phase: Ai(3)-Gabe_Food's Cleanup step
Turn: Turn 33 (Ai(4)-Destyn_Turtles)
Phase: Ai(4)-Destyn_Turtles' Untap step
Phase: Ai(4)-Destyn_Turtles' Upkeep step
Phase: Ai(4)-Destyn_Turtles' Draw step
Phase: Ai(4)-Destyn_Turtles' Main phase, precombat
Mana: Thriving Moor (399) - {T}: Add {B} or one mana of the chosen color.
Mana: Island (332) - {T}: Add {U}.
Add To Stack: Ai(4)-Destyn_Turtles cast Foot Chopper
Resolve Stack: Foot Chopper
Add To Stack: Ai(4)-Destyn_Turtles triggered Foot Chopper
Resolve Stack: When this Equipment enters, create a 1/1 black Ninja creature token, then attach this Equipment to it. [Zone Changer: Foot Chopper (395)]
Add To Stack: Ai(4)-Destyn_Turtles triggered Leonardo, the Balance
Resolve Stack: Whenever a token you control enters, you may put a +1/+1 counter on each creature you control. Do this only once each turn. [Zone Changer: Ninja Token (474)]
Phase: Ai(4)-Destyn_Turtles' Beginning of Combat Step
Phase: Ai(4)-Destyn_Turtles' Declare Attackers Step
Combat: Ai(4)-Destyn_Turtles assigned Leonardo, the Balance (404) and Tempestra, Dame of Games (382) to attack Ai(1)-GGS_Four_card_package.
Phase: Ai(4)-Destyn_Turtles' Declare Blockers Step
Combat: Ai(1)-GGS_Four_card_package didn't block Leonardo, the Balance (404).
Ai(1)-GGS_Four_card_package assigned Fire Navy Trebuchet (55) to block Tempestra, Dame of Games (382).
Phase: Ai(4)-Destyn_Turtles' First Strike Damage Step
Phase: Ai(4)-Destyn_Turtles' Combat Damage Step
Damage: Leonardo, the Balance (404) deals 5 combat damage to Ai(1)-GGS_Four_card_package.
Damage: Tempestra, Dame of Games (382) deals 2 damage to Fire Navy Trebuchet (55).
Life: Life: Ai(1)-GGS_Four_card_package 25 > 20
Phase: Ai(4)-Destyn_Turtles' End of Combat Step
Phase: Ai(4)-Destyn_Turtles' Main phase, postcombat
Add To Stack: Ai(4)-Destyn_Turtles triggered Ninja Pizza
Resolve Stack: At the beginning of your second main phase, create a Food token. (It's an artifact with "{2}, {T}, Sacrifice this token: You gain 3 life.") [Phase: Ai(4)-Destyn_Turtles]
Mana: Spire Garden (392) - {T}: Add {R} or {G}.
Mana: Dragonskull Summit (350) - {T}: Add {B} or {R}.
Mana: Path of Ancestry (315) - {T}: Add one mana of any color in your commander's color identity. When that mana is spent to cast a creature spell that shares a creature type with your commander, scry 1. (Look at the top card of your library. You may put that card on the bottom.)
Add To Stack: Ai(4)-Destyn_Turtles cast Rocksteady, Mutant Marauder
Add To Stack: Ai(4)-Destyn_Turtles triggered Path of Ancestry
Resolve Stack: Ai(4)-Destyn_Turtles scried 1 card(s) to the top of the library
Resolve Stack: When mana produced by Path of Ancestry is spent to cast a creature spell that shares a creature type with your commander, scry 1. ([Rocksteady, Mutant Marauder - Creature 3 / 3]) [Card: Rocksteady, Mutant Marauder (385), Activator: Ai(4)-Destyn_Turtles, SpellAbility: Rocksteady, Mutant Marauder - Creature 3 / 3]
Resolve Stack: Rocksteady, Mutant Marauder - Creature 3 / 3
Add To Stack: Ai(4)-Destyn_Turtles triggered Rocksteady, Mutant Marauder targeting [Ai(4)-Destyn_Turtles]
Resolve Stack: Partner with Bebop, Skull & Crossbones (When this creature enters, target player may put Bebop into their hand from their library, then shuffle.) (Targeting: [[Ai(4)-Destyn_Turtles]]) [Zone Changer: Rocksteady, Mutant Marauder (385)]
Mana: Command Tower (331) - {T}: Add one mana of any color in your commander's color identity.
Zone Change: Food Token (479) was put into Graveyard from Battlefield.
Mana: Food Token (479) - {T}, Sacrifice this artifact: Add one mana of any color.
Add To Stack: Ai(4)-Destyn_Turtles cast Bebop, Skull & Crossbones
Resolve Stack: Bebop, Skull & Crossbones - Creature 2 / 1
Add To Stack: Ai(4)-Destyn_Turtles triggered Bebop, Skull & Crossbones targeting [Ai(4)-Destyn_Turtles]
Resolve Stack: Partner with Rocksteady, Mutant Marauder (When this creature enters, target player may put Rocksteady into their hand from their library, then shuffle.) (Targeting: [[Ai(4)-Destyn_Turtles]]) [Zone Changer: Bebop, Skull & Crossbones (318)]
Phase: Ai(4)-Destyn_Turtles' End step
Phase: Ai(4)-Destyn_Turtles' Cleanup step
Turn: Turn 34 (Ai(1)-GGS_Four_card_package)
Phase: Ai(1)-GGS_Four_card_package's Untap step
Phase: Ai(1)-GGS_Four_card_package's Upkeep step
Phase: Ai(1)-GGS_Four_card_package's Draw step
Phase: Ai(1)-GGS_Four_card_package's Main phase, precombat
Phase: Ai(1)-GGS_Four_card_package's Beginning of Combat Step
Phase: Ai(1)-GGS_Four_card_package's Declare Attackers Step
Phase: Ai(1)-GGS_Four_card_package's Declare Blockers Step
Phase: Ai(1)-GGS_Four_card_package's First Strike Damage Step
Phase: Ai(1)-GGS_Four_card_package's Combat Damage Step
Phase: Ai(1)-GGS_Four_card_package's End of Combat Step
Phase: Ai(1)-GGS_Four_card_package's Main phase, postcombat
Mana: Blazemire Verge (5) - {T}: Add {R}. Activate only if you control a Swamp or a Mountain.
Mana: Gloomlake Verge (24) - {T}: Add {B}. Activate only if you control an Island or a Swamp.
Mana: Watery Grave (71) - {T}: Add {B}.
Mana: Raucous Theater (82) - {T}: Add {R}.
Mana: City of Brass (32) - {T}: Add one mana of any color.
Add To Stack: Ai(1)-GGS_Four_card_package cast Goldlust Triad
Add To Stack: Ai(1)-GGS_Four_card_package triggered City of Brass
Damage: City of Brass (32) deals 1 non-combat damage to Ai(1)-GGS_Four_card_package.
Life: Life: Ai(1)-GGS_Four_card_package 20 > 19
Resolve Stack: Whenever City of Brass becomes tapped, it deals 1 damage to you. [Tapped: City of Brass (32)]
Resolve Stack: Goldlust Triad - Creature 4 / 3
Phase: Ai(1)-GGS_Four_card_package's End step
Phase: Ai(1)-GGS_Four_card_package's Cleanup step
Turn: Turn 35 (Ai(2)-Jaymie_Ezio)
Phase: Ai(2)-Jaymie_Ezio's Untap step
Phase: Ai(2)-Jaymie_Ezio's Upkeep step
Add To Stack: Ai(2)-Jaymie_Ezio triggered Smoke Bomb
Zone Change: Smoke Bomb (153) was put into Graveyard from Battlefield.
Resolve Stack: At the beginning of your upkeep, sacrifice Smoke Bomb. When you do, target creature you control can't be blocked this turn. [Phase: Ai(2)-Jaymie_Ezio]
Add To Stack: Ai(2)-Jaymie_Ezio triggered Smoke Bomb targeting [Face-down card (H4)]
Resolve Stack: When you do, target creature you control can't be blocked this turn. (Targeting: [[Face-down card (H4)]])
Phase: Ai(2)-Jaymie_Ezio's Draw step
Phase: Ai(2)-Jaymie_Ezio's Main phase, precombat
Land: Ai(2)-Jaymie_Ezio played Shadowblood Ridge (156)
Phase: Ai(2)-Jaymie_Ezio's Beginning of Combat Step
Phase: Ai(2)-Jaymie_Ezio's Declare Attackers Step
Combat: Ai(2)-Jaymie_Ezio assigned Face-down card (H4) to attack Ai(4)-Destyn_Turtles.
Phase: Ai(2)-Jaymie_Ezio's Declare Blockers Step
Combat: Ai(4)-Destyn_Turtles didn't block Face-down card (H4).
Phase: Ai(2)-Jaymie_Ezio's First Strike Damage Step
Phase: Ai(2)-Jaymie_Ezio's Combat Damage Step
Damage: Face-down card (H4) deals 2 combat damage to Ai(4)-Destyn_Turtles.
Life: Life: Ai(4)-Destyn_Turtles 27 > 25
Phase: Ai(2)-Jaymie_Ezio's End of Combat Step
Phase: Ai(2)-Jaymie_Ezio's Main phase, postcombat
Mana: Forest (137) - {T}: Add {G}.
Mana: Island (134) - {T}: Add {U}.
Mana: Plains (191) - {T}: Add {W}.
Zone Change: Abstergo Entertainment (121) was put into Exile from Battlefield.
Add To Stack: Ai(2)-Jaymie_Ezio activated Abstergo Entertainment targeting [Shao Jun (183)]
Resolve Stack: Abstergo Entertainment (121) - Return Shao Jun (183) from the graveyard to its owner's hand. 
Phase: Ai(2)-Jaymie_Ezio's End step
Phase: Ai(2)-Jaymie_Ezio's Cleanup step
Turn: Turn 36 (Ai(3)-Gabe_Food)
Phase: Ai(3)-Gabe_Food's Untap step
Phase: Ai(3)-Gabe_Food's Upkeep step
Phase: Ai(3)-Gabe_Food's Draw step
Phase: Ai(3)-Gabe_Food's Main phase, precombat
Land: Ai(3)-Gabe_Food played Plains (291)
Mana: Forest (238) - {T}: Add {G}.
Mana: Plains (289) - {T}: Add {W}.
Mana: Plains (291) - {T}: Add {W}.
Mana: Isolated Chapel (245) - {T}: Add {W} or {B}.
Add To Stack: Ai(3)-Gabe_Food cast Assemble the Entmoot
Resolve Stack: Assemble the Entmoot
Phase: Ai(3)-Gabe_Food's Beginning of Combat Step
Add To Stack: Ai(3)-Gabe_Food triggered Sam, Loyal Attendant
Resolve Stack: At the beginning of combat on your turn, create a Food token. (It's an artifact with "{2}, {T}, Sacrifice this token: You gain 3 life.") [Phase: Ai(3)-Gabe_Food]
Add To Stack: Ai(3)-Gabe_Food triggered Mirkwood Bats
Life: Life: Ai(4)-Destyn_Turtles 25 > 24
Life: Life: Ai(1)-GGS_Four_card_package 19 > 18
Life: Life: Ai(2)-Jaymie_Ezio 39 > 38
Resolve Stack: Whenever you create or sacrifice a token, each opponent loses 1 life. [Player: Ai(3)-Gabe_Food]
Phase: Ai(3)-Gabe_Food's Declare Attackers Step
Combat: Ai(3)-Gabe_Food assigned Mirkwood Bats (247) to attack Ai(4)-Destyn_Turtles.
Phase: Ai(3)-Gabe_Food's Declare Blockers Step
Combat: Ai(4)-Destyn_Turtles didn't block Mirkwood Bats (247).
Phase: Ai(3)-Gabe_Food's First Strike Damage Step
Phase: Ai(3)-Gabe_Food's Combat Damage Step
Damage: Mirkwood Bats (247) deals 2 combat damage to Ai(4)-Destyn_Turtles.
Life: Life: Ai(4)-Destyn_Turtles 24 > 22
Phase: Ai(3)-Gabe_Food's End of Combat Step
Phase: Ai(3)-Gabe_Food's Main phase, postcombat
Phase: Ai(3)-Gabe_Food's End step
Phase: Ai(3)-Gabe_Food's Cleanup step
Turn: Turn 37 (Ai(4)-Destyn_Turtles)
Phase: Ai(4)-Destyn_Turtles' Untap step
Phase: Ai(4)-Destyn_Turtles' Upkeep step
Phase: Ai(4)-Destyn_Turtles' Draw step
Phase: Ai(4)-Destyn_Turtles' Main phase, precombat
Mana: Spire Garden (392) - {T}: Add {R} or {G}.
Mana: Island (332) - {T}: Add {U}.
Mana: Dragonskull Summit (350) - {T}: Add {B} or {R}.
Mana: Thriving Moor (399) - {T}: Add {B} or one mana of the chosen color.
Mana: Path of Ancestry (315) - {T}: Add one mana of any color in your commander's color identity. When that mana is spent to cast a creature spell that shares a creature type with your commander, scry 1. (Look at the top card of your library. You may put that card on the bottom.)
Add To Stack: Ai(4)-Destyn_Turtles cast Fast Forward
Resolve Stack: Fast Forward (334) - Ai(4)-Destyn_Turtles goads Satoru, the Infiltrator (51), Goro-Goro and Satoru (100), Fire Navy Trebuchet (55), Goldlust Triad (87), Face-down card (H4), Mirkwood Bats (247) and Sam, Loyal Attendant (303).
Phase: Ai(4)-Destyn_Turtles' Beginning of Combat Step
Phase: Ai(4)-Destyn_Turtles' Declare Attackers Step
Zone Change: Assemble the Entmoot (203) was put into Graveyard from Battlefield.
Add To Stack: Ai(3)-Gabe_Food activated Assemble the Entmoot
Resolve Stack: Assemble the Entmoot (203) - Ai(3)-Gabe_Food creates three tapped X/X green Treefolk creature tokens, where X is the amount of life you gained this turn. Put a reach counter on each of them. Ai(3)-Gabe_Food puts a reach counter on . 
Zone Change: Treefolk Token (516) was put into Graveyard from Battlefield.
Zone Change: Treefolk Token (517) was put into Graveyard from Battlefield.
Zone Change: Treefolk Token (518) was put into Graveyard from Battlefield.
Add To Stack: Ai(3)-Gabe_Food triggered Mirkwood Bats
Add To Stack: Ai(3)-Gabe_Food triggered Mirkwood Bats
Add To Stack: Ai(3)-Gabe_Food triggered Mirkwood Bats
Life: Life: Ai(4)-Destyn_Turtles 22 > 21
Life: Life: Ai(1)-GGS_Four_card_package 18 > 17
Life: Life: Ai(2)-Jaymie_Ezio 38 > 37
Resolve Stack: Whenever you create or sacrifice a token, each opponent loses 1 life. [Player: Ai(3)-Gabe_Food]
Life: Life: Ai(4)-Destyn_Turtles 21 > 20
Life: Life: Ai(1)-GGS_Four_card_package 17 > 16
Life: Life: Ai(2)-Jaymie_Ezio 37 > 36
Resolve Stack: Whenever you create or sacrifice a token, each opponent loses 1 life. [Player: Ai(3)-Gabe_Food]
Life: Life: Ai(4)-Destyn_Turtles 20 > 19
Life: Life: Ai(1)-GGS_Four_card_package 16 > 15
Life: Life: Ai(2)-Jaymie_Ezio 36 > 35
Resolve Stack: Whenever you create or sacrifice a token, each opponent loses 1 life. [Player: Ai(3)-Gabe_Food]
Phase: Ai(4)-Destyn_Turtles' Declare Blockers Step
Phase: Ai(4)-Destyn_Turtles' First Strike Damage Step
Phase: Ai(4)-Destyn_Turtles' Combat Damage Step
Phase: Ai(4)-Destyn_Turtles' End of Combat Step
Phase: Ai(4)-Destyn_Turtles' Main phase, postcombat
Add To Stack: Ai(4)-Destyn_Turtles triggered Ninja Pizza
Resolve Stack: At the beginning of your second main phase, create a Food token. (It's an artifact with "{2}, {T}, Sacrifice this token: You gain 3 life.") [Phase: Ai(4)-Destyn_Turtles]
Add To Stack: Ai(4)-Destyn_Turtles triggered Leonardo, the Balance
Resolve Stack: Whenever a token you control enters, you may put a +1/+1 counter on each creature you control. Do this only once each turn. [Zone Changer: Food Token (521)]
Mana: Command Tower (331) - {T}: Add one mana of any color in your commander's color identity.
Zone Change: Food Token (521) was put into Graveyard from Battlefield.
Mana: Food Token (521) - {T}, Sacrifice this artifact: Add one mana of any color.
Add To Stack: Ai(4)-Destyn_Turtles cast Michelangelo, the Heart
Resolve Stack: Michelangelo, the Heart - Creature 2 / 1
Add To Stack: Ai(4)-Destyn_Turtles triggered Rocksteady, Mutant Marauder targeting [Leonardo, the Balance (404)]
Resolve Stack: Whenever another nontoken creature you control enters, put a +1/+1 counter on target creature. (Targeting: [[Leonardo, the Balance (404)]]) [Zone Changer: Michelangelo, the Heart (402)]
Phase: Ai(4)-Destyn_Turtles' End step
Phase: Ai(4)-Destyn_Turtles' Cleanup step
Turn: Turn 38 (Ai(1)-GGS_Four_card_package)
Phase: Ai(1)-GGS_Four_card_package's Untap step
Phase: Ai(1)-GGS_Four_card_package's Upkeep step
Phase: Ai(1)-GGS_Four_card_package's Draw step
Phase: Ai(1)-GGS_Four_card_package's Main phase, precombat
Phase: Ai(1)-GGS_Four_card_package's Beginning of Combat Step
Phase: Ai(1)-GGS_Four_card_package's Declare Attackers Step
Combat: Ai(1)-GGS_Four_card_package assigned Goro-Goro and Satoru (100), Satoru, the Infiltrator (51) and Goldlust Triad (87) to attack Ai(2)-Jaymie_Ezio.
Add To Stack: Ai(1)-GGS_Four_card_package triggered Goldlust Triad
Add To Stack: Ai(1)-GGS_Four_card_package triggered Fire Navy Trebuchet
Resolve Stack: Whenever you attack, create a 2/1 colorless Construct artifact creature token with flying named Ballistic Boulder that's tapped and attacking. Sacrifice that token at the beginning of the next end step. [Number Attackers: [Goro-Goro and Satoru (100), Satoru, the Infiltrator (51), Goldlust Triad (87)]]
Resolve Stack: Myriad (Whenever this creature attacks, for each opponent other than defending player, you may create a token that's a copy of this creature that's tapped and attacking that player or a planeswalker they control. Exile the tokens at end of combat.) [Attacker: Goldlust Triad (87)]
Phase: Ai(1)-GGS_Four_card_package's Declare Blockers Step
Combat: Ai(2)-Jaymie_Ezio didn't block Goro-Goro and Satoru (100).
Ai(2)-Jaymie_Ezio didn't block Satoru, the Infiltrator (51).
Ai(2)-Jaymie_Ezio didn't block Goldlust Triad (87).
Ai(2)-Jaymie_Ezio didn't block Ballistic Boulder (524).
Combat: Ai(3)-Gabe_Food didn't block Goldlust Triad (527).
Combat: Ai(4)-Destyn_Turtles assigned Ninja Token (474) to block Goldlust Triad (528).
Phase: Ai(1)-GGS_Four_card_package's First Strike Damage Step
Phase: Ai(1)-GGS_Four_card_package's Combat Damage Step
Damage: Goro-Goro and Satoru (100) deals 3 combat damage to Ai(2)-Jaymie_Ezio.
Damage: Satoru, the Infiltrator (51) deals 2 combat damage to Ai(2)-Jaymie_Ezio.
Damage: Goldlust Triad (87) deals 4 combat damage to Ai(2)-Jaymie_Ezio.
Damage: Ballistic Boulder (524) deals 2 combat damage to Ai(2)-Jaymie_Ezio.
Damage: Goldlust Triad (527) deals 4 combat damage to Ai(3)-Gabe_Food.
Damage: Goldlust Triad (528) deals 4 damage to Ninja Token (474).
Damage: Ninja Token (474) deals 3 damage to Goldlust Triad (528).
Life: Life: Ai(2)-Jaymie_Ezio 35 > 24
Life: Life: Ai(3)-Gabe_Food 40 > 36
Zone Change: Goldlust Triad (528) was put into Graveyard from Battlefield.
Zone Change: Ninja Token (474) was put into Graveyard from Battlefield.
Add To Stack: Ai(1)-GGS_Four_card_package triggered Goldlust Triad
Add To Stack: Ai(1)-GGS_Four_card_package triggered Goldlust Triad
Add To Stack: Ai(1)-GGS_Four_card_package triggered Goro-Goro and Satoru
Add To Stack: Ai(1)-GGS_Four_card_package triggered Goro-Goro and Satoru
Resolve Stack: Whenever one or more creatures you control that entered this turn deal combat damage to a player, create a 5/5 red Dragon Spirit creature token with flying. [Damaged: Ai(3)-Gabe_Food, Amount: 4]
Resolve Stack: Whenever one or more creatures you control that entered this turn deal combat damage to a player, create a 5/5 red Dragon Spirit creature token with flying. [Damaged: Ai(2)-Jaymie_Ezio, Amount: 2]
Resolve Stack: Whenever this creature deals combat damage to a player, create a Treasure token. [Damage Source: Goldlust Triad (527), Damaged: Ai(3)-Gabe_Food, Amount: 4]
Resolve Stack: Whenever this creature deals combat damage to a player, create a Treasure token. [Damage Source: Goldlust Triad (87), Damaged: Ai(2)-Jaymie_Ezio, Amount: 4]
Phase: Ai(1)-GGS_Four_card_package's End of Combat Step
Add To Stack: Ai(1)-GGS_Four_card_package triggered Goldlust Triad
Zone Change: Goldlust Triad (527) was put into Exile from Battlefield.
Resolve Stack: Exile Goldlust Triad (527) and Goldlust Triad (528) at the end of combat. ([Goldlust Triad (527), Goldlust Triad (528)]) [Phase: Ai(1)-GGS_Four_card_package]
Phase: Ai(1)-GGS_Four_card_package's Main phase, postcombat
Mana: Gloomlake Verge (24) - {T}: Add {B}. Activate only if you control an Island or a Swamp.
Add To Stack: Ai(1)-GGS_Four_card_package cast Sol Ring
Resolve Stack: Sol Ring
Phase: Ai(1)-GGS_Four_card_package's End step
Add To Stack: Ai(1)-GGS_Four_card_package triggered Fire Navy Trebuchet
Zone Change: Ballistic Boulder (524) was put into Graveyard from Battlefield.
Resolve Stack: Sacrifice Ballistic Boulder (524) at the beginning of the next end step. ([Ballistic Boulder (524)]) [Phase: Ai(1)-GGS_Four_card_package]
Phase: Ai(1)-GGS_Four_card_package's Cleanup step
Turn: Turn 39 (Ai(2)-Jaymie_Ezio)
Phase: Ai(2)-Jaymie_Ezio's Untap step
Phase: Ai(2)-Jaymie_Ezio's Upkeep step
Phase: Ai(2)-Jaymie_Ezio's Draw step
Phase: Ai(2)-Jaymie_Ezio's Main phase, precombat
Phase: Ai(2)-Jaymie_Ezio's Beginning of Combat Step
Phase: Ai(2)-Jaymie_Ezio's Declare Attackers Step
Combat: Ai(2)-Jaymie_Ezio assigned Face-down card (H4) to attack Ai(1)-GGS_Four_card_package.
Phase: Ai(2)-Jaymie_Ezio's Declare Blockers Step
Combat: Ai(1)-GGS_Four_card_package assigned Dragon Spirit Token (534) to block Face-down card (H4).
Phase: Ai(2)-Jaymie_Ezio's First Strike Damage Step
Phase: Ai(2)-Jaymie_Ezio's Combat Damage Step
Damage: Face-down card (H4) deals 2 damage to Dragon Spirit Token (534).
Damage: Dragon Spirit Token (534) deals 5 damage to Face-down card (H4).
Zone Change: Face-down card (H4) was put into Graveyard from Battlefield.
Phase: Ai(2)-Jaymie_Ezio's End of Combat Step
Phase: Ai(2)-Jaymie_Ezio's Main phase, postcombat
Mana: Island (134) - {T}: Add {U}.
Mana: Mountain (189) - {T}: Add {R}.
Mana: Forest (137) - {T}: Add {G}.
Add To Stack: Ai(2)-Jaymie_Ezio cast Shao Jun
Resolve Stack: Shao Jun - Creature 3 / 3
Phase: Ai(2)-Jaymie_Ezio's End step
Phase: Ai(2)-Jaymie_Ezio's Cleanup step
Turn: Turn 40 (Ai(3)-Gabe_Food)
Phase: Ai(3)-Gabe_Food's Untap step
Phase: Ai(3)-Gabe_Food's Upkeep step
Phase: Ai(3)-Gabe_Food's Draw step
Phase: Ai(3)-Gabe_Food's Main phase, precombat
Phase: Ai(3)-Gabe_Food's Beginning of Combat Step
Add To Stack: Ai(3)-Gabe_Food triggered Sam, Loyal Attendant
Resolve Stack: At the beginning of combat on your turn, create a Food token. (It's an artifact with "{2}, {T}, Sacrifice this token: You gain 3 life.") [Phase: Ai(3)-Gabe_Food]
Add To Stack: Ai(3)-Gabe_Food triggered Mirkwood Bats
Life: Life: Ai(4)-Destyn_Turtles 19 > 18
Life: Life: Ai(1)-GGS_Four_card_package 15 > 14
Life: Life: Ai(2)-Jaymie_Ezio 24 > 23
Resolve Stack: Whenever you create or sacrifice a token, each opponent loses 1 life. [Player: Ai(3)-Gabe_Food]
Phase: Ai(3)-Gabe_Food's Declare Attackers Step
Combat: Ai(3)-Gabe_Food assigned Mirkwood Bats (247) and Sam, Loyal Attendant (303) to attack Ai(1)-GGS_Four_card_package.
Phase: Ai(3)-Gabe_Food's Declare Blockers Step
Combat: Ai(1)-GGS_Four_card_package assigned Dragon Spirit Token (534) to block Mirkwood Bats (247).
Ai(1)-GGS_Four_card_package assigned Dragon Spirit Token (536) to block Sam, Loyal Attendant (303).
Phase: Ai(3)-Gabe_Food's First Strike Damage Step
Phase: Ai(3)-Gabe_Food's Combat Damage Step
Damage: Mirkwood Bats (247) deals 2 damage to Dragon Spirit Token (534).
Damage: Sam, Loyal Attendant (303) deals 2 damage to Dragon Spirit Token (536).
Damage: Dragon Spirit Token (534) deals 5 damage to Mirkwood Bats (247).
Damage: Dragon Spirit Token (536) deals 5 damage to Sam, Loyal Attendant (303).
Zone Change: Mirkwood Bats (247) was put into Graveyard from Battlefield.
Zone Change: Sam, Loyal Attendant (303) was put into Graveyard from Battlefield.
Phase: Ai(3)-Gabe_Food's End of Combat Step
Phase: Ai(3)-Gabe_Food's Main phase, postcombat
Mana: Forest (238) - {T}: Add {G}.
Mana: Plains (289) - {T}: Add {W}.
Mana: Plains (291) - {T}: Add {W}.
Mana: Isolated Chapel (245) - {T}: Add {W} or {B}.
Add To Stack: Ai(3)-Gabe_Food cast Butterbur, Bree Innkeeper
Resolve Stack: Butterbur, Bree Innkeeper - Creature 3 / 3
Phase: Ai(3)-Gabe_Food's End step
Phase: Ai(3)-Gabe_Food's Cleanup step
Turn: Turn 41 (Ai(4)-Destyn_Turtles)
Phase: Ai(4)-Destyn_Turtles' Untap step
Phase: Ai(4)-Destyn_Turtles' Upkeep step
Phase: Ai(4)-Destyn_Turtles' Draw step
Phase: Ai(4)-Destyn_Turtles' Main phase, precombat
Mana: Island (332) - {T}: Add {U}.
Mana: Spire Garden (392) - {T}: Add {R} or {G}.
Mana: Thriving Moor (399) - {T}: Add {B} or one mana of the chosen color.
Mana: Dragonskull Summit (350) - {T}: Add {B} or {R}.
Add To Stack: Ai(4)-Destyn_Turtles cast Baxter, Fly in the Ointment
Resolve Stack: Baxter, Fly in the Ointment - Creature 2 / 2
Add To Stack: Ai(4)-Destyn_Turtles triggered Rocksteady, Mutant Marauder targeting [Leonardo, the Balance (404)]
Add To Stack: Ai(4)-Destyn_Turtles triggered Baxter, Fly in the Ointment
Resolve Stack: Whenever Baxter enters or attacks, each creature you control with a counter on it gains flying until end of turn. [Zone Changer: Baxter, Fly in the Ointment (330)]
Resolve Stack: Whenever another nontoken creature you control enters, put a +1/+1 counter on target creature. (Targeting: [[Leonardo, the Balance (404)]]) [Zone Changer: Baxter, Fly in the Ointment (330)]
Mana: Path of Ancestry (315) - {T}: Add one mana of any color in your commander's color identity. When that mana is spent to cast a creature spell that shares a creature type with your commander, scry 1. (Look at the top card of your library. You may put that card on the bottom.)
Mana: Command Tower (331) - {T}: Add one mana of any color in your commander's color identity.
Add To Stack: Ai(4)-Destyn_Turtles activated Foot Chopper targeting [Baxter, Fly in the Ointment (330)]
Resolve Stack: Foot Chopper (395) -  Attach to Baxter, Fly in the Ointment (330)
Phase: Ai(4)-Destyn_Turtles' Beginning of Combat Step
Phase: Ai(4)-Destyn_Turtles' Declare Attackers Step
Combat: Ai(4)-Destyn_Turtles assigned Leonardo, the Balance (404) and Bebop, Skull & Crossbones (318) to attack Ai(1)-GGS_Four_card_package.
Phase: Ai(4)-Destyn_Turtles' Declare Blockers Step
Combat: Ai(1)-GGS_Four_card_package didn't block Leonardo, the Balance (404).
Ai(1)-GGS_Four_card_package assigned Dragon Spirit Token (534) to block Bebop, Skull & Crossbones (318).
Phase: Ai(4)-Destyn_Turtles' First Strike Damage Step
Phase: Ai(4)-Destyn_Turtles' Combat Damage Step
Damage: Leonardo, the Balance (404) deals 8 combat damage to Ai(1)-GGS_Four_card_package.
Damage: Bebop, Skull & Crossbones (318) deals 3 damage (Deathtouch) to Dragon Spirit Token (534).
Damage: Dragon Spirit Token (534) deals 5 damage to Bebop, Skull & Crossbones (318).
Life: Life: Ai(1)-GGS_Four_card_package 14 > 6
Zone Change: Bebop, Skull & Crossbones (318) was put into Graveyard from Battlefield.
Zone Change: Dragon Spirit Token (534) was put into Graveyard from Battlefield.
Phase: Ai(4)-Destyn_Turtles' End of Combat Step
Phase: Ai(4)-Destyn_Turtles' Main phase, postcombat
Add To Stack: Ai(4)-Destyn_Turtles triggered Michelangelo, the Heart targeting [Leonardo, the Balance (404)]
Add To Stack: Ai(4)-Destyn_Turtles triggered Ninja Pizza
Resolve Stack: At the beginning of your second main phase, create a Food token. (It's an artifact with "{2}, {T}, Sacrifice this token: You gain 3 life.") [Phase: Ai(4)-Destyn_Turtles]
Add To Stack: Ai(4)-Destyn_Turtles triggered Leonardo, the Balance
Resolve Stack: Whenever a token you control enters, you may put a +1/+1 counter on each creature you control. Do this only once each turn. [Zone Changer: Food Token (547)]
Resolve Stack: Raid (the Fridge) — At the beginning of your second main phase, if you attacked this turn, put a +1/+1 counter on target creature and create a Food token. (Targeting: [[Leonardo, the Balance (404)]]) [Phase: Ai(4)-Destyn_Turtles]
Phase: Ai(4)-Destyn_Turtles' End step
Phase: Ai(4)-Destyn_Turtles' Cleanup step
Turn: Turn 42 (Ai(1)-GGS_Four_card_package)
Phase: Ai(1)-GGS_Four_card_package's Untap step
Phase: Ai(1)-GGS_Four_card_package's Upkeep step
Phase: Ai(1)-GGS_Four_card_package's Draw step
Phase: Ai(1)-GGS_Four_card_package's Main phase, precombat
Phase: Ai(1)-GGS_Four_card_package's Beginning of Combat Step
Phase: Ai(1)-GGS_Four_card_package's Declare Attackers Step
Phase: Ai(1)-GGS_Four_card_package's Declare Blockers Step
Phase: Ai(1)-GGS_Four_card_package's First Strike Damage Step
Phase: Ai(1)-GGS_Four_card_package's Combat Damage Step
Phase: Ai(1)-GGS_Four_card_package's End of Combat Step
Phase: Ai(1)-GGS_Four_card_package's Main phase, postcombat
Mana: Gloomlake Verge (24) - {T}: Add {U}.
Mana: Watery Grave (71) - {T}: Add {B}.
Mana: Sol Ring (38) - {T}: Add {C}{C}.
Mana: Blazemire Verge (5) - {T}: Add {R}. Activate only if you control a Swamp or a Mountain.
Add To Stack: Ai(1)-GGS_Four_card_package cast Fallen Shinobi
Resolve Stack: Fallen Shinobi - Creature 5 / 4
Phase: Ai(1)-GGS_Four_card_package's End step
Phase: Ai(1)-GGS_Four_card_package's Cleanup step
Turn: Turn 43 (Ai(2)-Jaymie_Ezio)
Phase: Ai(2)-Jaymie_Ezio's Untap step
Phase: Ai(2)-Jaymie_Ezio's Upkeep step
Phase: Ai(2)-Jaymie_Ezio's Draw step
Phase: Ai(2)-Jaymie_Ezio's Main phase, precombat
Phase: Ai(2)-Jaymie_Ezio's Beginning of Combat Step
Phase: Ai(2)-Jaymie_Ezio's Declare Attackers Step
Phase: Ai(2)-Jaymie_Ezio's Declare Blockers Step
Phase: Ai(2)-Jaymie_Ezio's First Strike Damage Step
Phase: Ai(2)-Jaymie_Ezio's Combat Damage Step
Phase: Ai(2)-Jaymie_Ezio's End of Combat Step
Phase: Ai(2)-Jaymie_Ezio's Main phase, postcombat
Replacement Effect: Path of Ancestry enters tapped.
Land: Ai(2)-Jaymie_Ezio played Path of Ancestry (109)
Phase: Ai(2)-Jaymie_Ezio's End step
Phase: Ai(2)-Jaymie_Ezio's Cleanup step
Turn: Turn 44 (Ai(3)-Gabe_Food)
Phase: Ai(3)-Gabe_Food's Untap step
Phase: Ai(3)-Gabe_Food's Upkeep step
Phase: Ai(3)-Gabe_Food's Draw step
Phase: Ai(3)-Gabe_Food's Main phase, precombat
Mana: Forest (238) - {T}: Add {G}.
Mana: Plains (289) - {T}: Add {W}.
Mana: Plains (291) - {T}: Add {W}.
Add To Stack: Ai(3)-Gabe_Food activated Access Tunnel targeting [Butterbur, Bree Innkeeper (296)]
Resolve Stack: Access Tunnel (255) - Butterbur, Bree Innkeeper (296) can't be blocked this turn.
Phase: Ai(3)-Gabe_Food's Beginning of Combat Step
Phase: Ai(3)-Gabe_Food's Declare Attackers Step
Combat: Ai(3)-Gabe_Food assigned Butterbur, Bree Innkeeper (296) to attack Ai(4)-Destyn_Turtles.
Phase: Ai(3)-Gabe_Food's Declare Blockers Step
Combat: Ai(4)-Destyn_Turtles didn't block Butterbur, Bree Innkeeper (296).
Phase: Ai(3)-Gabe_Food's First Strike Damage Step
Phase: Ai(3)-Gabe_Food's Combat Damage Step
Damage: Butterbur, Bree Innkeeper (296) deals 3 combat damage to Ai(4)-Destyn_Turtles.
Life: Life: Ai(4)-Destyn_Turtles 18 > 15
Phase: Ai(3)-Gabe_Food's End of Combat Step
Phase: Ai(3)-Gabe_Food's Main phase, postcombat
Mana: Isolated Chapel (245) - {T}: Add {W} or {B}.
Mana: Canopy Vista (272) - {T}: Add {W}.
Add To Stack: Ai(3)-Gabe_Food cast Frodo, Adventurous Hobbit
Resolve Stack: Frodo, Adventurous Hobbit - Creature 1 / 3
Add To Stack: Ai(3)-Gabe_Food triggered Frodo, Adventurous Hobbit targeting [Ai(3)-Gabe_Food]
Resolve Stack: Partner with Sam, Loyal Attendant (When this creature enters, target player may put Sam into their hand from their library, then shuffle.) (Targeting: [[Ai(3)-Gabe_Food]]) [Zone Changer: Frodo, Adventurous Hobbit (301)]
Phase: Ai(3)-Gabe_Food's End step
Phase: Ai(3)-Gabe_Food's Cleanup step
Turn: Turn 45 (Ai(4)-Destyn_Turtles)
Phase: Ai(4)-Destyn_Turtles' Untap step
Phase: Ai(4)-Destyn_Turtles' Upkeep step
Phase: Ai(4)-Destyn_Turtles' Draw step
Add To Stack: Ai(4)-Destyn_Turtles triggered Baxter, Fly in the Ointment
Resolve Stack: Whenever you draw a card, put a +1/+1 counter on Baxter. [Player: Ai(4)-Destyn_Turtles]
Phase: Ai(4)-Destyn_Turtles' Main phase, precombat
Phase: Ai(4)-Destyn_Turtles' Beginning of Combat Step
Phase: Ai(4)-Destyn_Turtles' Declare Attackers Step
Phase: Ai(4)-Destyn_Turtles' Declare Blockers Step
Phase: Ai(4)-Destyn_Turtles' First Strike Damage Step
Phase: Ai(4)-Destyn_Turtles' Combat Damage Step
Phase: Ai(4)-Destyn_Turtles' End of Combat Step
Phase: Ai(4)-Destyn_Turtles' Main phase, postcombat
Add To Stack: Ai(4)-Destyn_Turtles triggered Ninja Pizza
Resolve Stack: At the beginning of your second main phase, create a Food token. (It's an artifact with "{2}, {T}, Sacrifice this token: You gain 3 life.") [Phase: Ai(4)-Destyn_Turtles]
Add To Stack: Ai(4)-Destyn_Turtles triggered Leonardo, the Balance
Resolve Stack: Whenever a token you control enters, you may put a +1/+1 counter on each creature you control. Do this only once each turn. [Zone Changer: Food Token (555)]
Mana: Thriving Moor (399) - {T}: Add {B} or one mana of the chosen color.
Mana: Island (332) - {T}: Add {U}.
Mana: Spire Garden (392) - {T}: Add {R} or {G}.
Mana: Dragonskull Summit (350) - {T}: Add {B} or {R}.
Add To Stack: Ai(4)-Destyn_Turtles cast Rat King, Pale Piper
Resolve Stack: Rat King, Pale Piper - Creature 3 / 3
Add To Stack: Ai(4)-Destyn_Turtles triggered Rocksteady, Mutant Marauder targeting [Leonardo, the Balance (404)]
Resolve Stack: Whenever another nontoken creature you control enters, put a +1/+1 counter on target creature. (Targeting: [[Leonardo, the Balance (404)]]) [Zone Changer: Rat King, Pale Piper (346)]
Mana: Path of Ancestry (315) - {T}: Add one mana of any color in your commander's color identity. When that mana is spent to cast a creature spell that shares a creature type with your commander, scry 1. (Look at the top card of your library. You may put that card on the bottom.)
Mana: Command Tower (331) - {T}: Add one mana of any color in your commander's color identity.
Zone Change: Food Token (555) was put into Graveyard from Battlefield.
Mana: Food Token (555) - {T}, Sacrifice this artifact: Add one mana of any color.
Zone Change: Food Token (549) was put into Graveyard from Battlefield.
Mana: Food Token (549) - {T}, Sacrifice this artifact: Add one mana of any color.
Add To Stack: Ai(4)-Destyn_Turtles cast Big Mother Mouser
Replacement Effect: Big Mother Mouser enters with two +1/+1 counters on it.
Resolve Stack: Big Mother Mouser - Creature 0 / 0
Add To Stack: Ai(4)-Destyn_Turtles triggered Rocksteady, Mutant Marauder targeting [Leonardo, the Balance (404)]
Resolve Stack: Whenever another nontoken creature you control enters, put a +1/+1 counter on target creature. (Targeting: [[Leonardo, the Balance (404)]]) [Zone Changer: Big Mother Mouser (343)]
Phase: Ai(4)-Destyn_Turtles' End step
Phase: Ai(4)-Destyn_Turtles' Cleanup step
Turn: Turn 46 (Ai(1)-GGS_Four_card_package)
Phase: Ai(1)-GGS_Four_card_package's Untap step
Phase: Ai(1)-GGS_Four_card_package's Upkeep step
Phase: Ai(1)-GGS_Four_card_package's Draw step
Add To Stack: Ai(1)-GGS_Four_card_package cast Deadly Rollick targeting [Leonardo, the Balance (404)]
Zone Change: Leonardo, the Balance (404) was put into Exile from Battlefield.
Resolve Stack: Deadly Rollick (58) - Exile Leonardo, the Balance (404).
Add To Stack: Ai(4)-Destyn_Turtles triggered Rat King, Pale Piper
Resolve Stack: Whenever Rat King or another nontoken creature you control leaves the battlefield, create a 1/1 black Rat creature token. [Zone Changer: Leonardo, the Balance (404)]
Phase: Ai(1)-GGS_Four_card_package's Main phase, precombat
Phase: Ai(1)-GGS_Four_card_package's Beginning of Combat Step
Phase: Ai(1)-GGS_Four_card_package's Declare Attackers Step
Phase: Ai(1)-GGS_Four_card_package's Declare Blockers Step
Phase: Ai(1)-GGS_Four_card_package's First Strike Damage Step
Phase: Ai(1)-GGS_Four_card_package's Combat Damage Step
Phase: Ai(1)-GGS_Four_card_package's End of Combat Step
Phase: Ai(1)-GGS_Four_card_package's Main phase, postcombat
Phase: Ai(1)-GGS_Four_card_package's End step
Phase: Ai(1)-GGS_Four_card_package's Cleanup step
Turn: Turn 47 (Ai(2)-Jaymie_Ezio)
Phase: Ai(2)-Jaymie_Ezio's Untap step
Phase: Ai(2)-Jaymie_Ezio's Upkeep step
Phase: Ai(2)-Jaymie_Ezio's Draw step
Phase: Ai(2)-Jaymie_Ezio's Main phase, precombat
Mana: Plains (191) - {T}: Add {W}.
Mana: Path of Ancestry (109) - {T}: Add one mana of any color in your commander's color identity. When that mana is spent to cast a creature spell that shares a creature type with your commander, scry 1. (Look at the top card of your library. You may put that card on the bottom.)
Mana: Forest (137) - {T}: Add {G}.
Mana: Island (134) - {T}: Add {U}.
Mana: Mountain (189) - {T}: Add {R}.
Add To Stack: Ai(2)-Jaymie_Ezio cast What Must Be Done
Zone Change: Shao Jun (183) was put into Graveyard from Battlefield.
Zone Change: Food Token (467) was put into Graveyard from Battlefield.
Zone Change: Food Token (499) was put into Graveyard from Battlefield.
Zone Change: Food Token (543) was put into Graveyard from Battlefield.
Zone Change: Butterbur, Bree Innkeeper (296) was put into Graveyard from Battlefield.
Zone Change: Frodo, Adventurous Hobbit (301) was put into Graveyard from Battlefield.
Zone Change: Mutagen Token (427) was put into Graveyard from Battlefield.
Zone Change: Tempestra, Dame of Games (382) was put into Graveyard from Battlefield.
Zone Change: Foot Chopper (395) was put into Graveyard from Battlefield.
Zone Change: Rocksteady, Mutant Marauder (385) was put into Graveyard from Battlefield.
Zone Change: Michelangelo, the Heart (402) was put into Graveyard from Battlefield.
Zone Change: Baxter, Fly in the Ointment (330) was put into Graveyard from Battlefield.
Zone Change: Food Token (547) was put into Graveyard from Battlefield.
Zone Change: Rat King, Pale Piper (346) was put into Graveyard from Battlefield.
Zone Change: Big Mother Mouser (343) was put into Graveyard from Battlefield.
Zone Change: Rat Token (558) was put into Graveyard from Battlefield.
Zone Change: Goro-Goro and Satoru (100) was put into Graveyard from Battlefield.
Zone Change: Fire Navy Trebuchet (55) was put into Graveyard from Battlefield.
Zone Change: Goldlust Triad (87) was put into Graveyard from Battlefield.
Zone Change: Dragon Spirit Token (536) was put into Graveyard from Battlefield.
Zone Change: Treasure Token (538) was put into Graveyard from Battlefield.
Zone Change: Treasure Token (540) was put into Graveyard from Battlefield.
Zone Change: Sol Ring (38) was put into Graveyard from Battlefield.
Zone Change: Fallen Shinobi (23) was put into Graveyard from Battlefield.
Resolve Stack: What Must Be Done (197) -  Let the World Burn — Destroy all artifacts and creatures.
Add To Stack: Ai(4)-Destyn_Turtles triggered Rat King, Pale Piper
Add To Stack: Ai(4)-Destyn_Turtles triggered Rat King, Pale Piper
Add To Stack: Ai(4)-Destyn_Turtles triggered Rat King, Pale Piper
Add To Stack: Ai(4)-Destyn_Turtles triggered Rat King, Pale Piper
Add To Stack: Ai(4)-Destyn_Turtles triggered Rat King, Pale Piper
Add To Stack: Ai(4)-Destyn_Turtles triggered Rat King, Pale Piper
Add To Stack: Ai(4)-Destyn_Turtles triggered Big Mother Mouser
Resolve Stack: When this creature dies, create a number of 1/1 colorless Robot artifact creature tokens equal to the number of +1/+1 counters on this creature. [Zone Changer: Big Mother Mouser (343)]
Resolve Stack: Whenever Rat King or another nontoken creature you control leaves the battlefield, create a 1/1 black Rat creature token. [Zone Changer: Big Mother Mouser (343)]
Resolve Stack: Whenever Rat King or another nontoken creature you control leaves the battlefield, create a 1/1 black Rat creature token. [Zone Changer: Rat King, Pale Piper (346)]
Resolve Stack: Whenever Rat King or another nontoken creature you control leaves the battlefield, create a 1/1 black Rat creature token. [Zone Changer: Baxter, Fly in the Ointment (330)]
Resolve Stack: Whenever Rat King or another nontoken creature you control leaves the battlefield, create a 1/1 black Rat creature token. [Zone Changer: Michelangelo, the Heart (402)]
Resolve Stack: Whenever Rat King or another nontoken creature you control leaves the battlefield, create a 1/1 black Rat creature token. [Zone Changer: Rocksteady, Mutant Marauder (385)]
Resolve Stack: Whenever Rat King or another nontoken creature you control leaves the battlefield, create a 1/1 black Rat creature token. [Zone Changer: Tempestra, Dame of Games (382)]
Phase: Ai(2)-Jaymie_Ezio's Beginning of Combat Step
Phase: Ai(2)-Jaymie_Ezio's Declare Attackers Step
Phase: Ai(2)-Jaymie_Ezio's Declare Blockers Step
Phase: Ai(2)-Jaymie_Ezio's First Strike Damage Step
Phase: Ai(2)-Jaymie_Ezio's Combat Damage Step
Phase: Ai(2)-Jaymie_Ezio's End of Combat Step
Phase: Ai(2)-Jaymie_Ezio's Main phase, postcombat
Phase: Ai(2)-Jaymie_Ezio's End step
Phase: Ai(2)-Jaymie_Ezio's Cleanup step
Turn: Turn 48 (Ai(3)-Gabe_Food)
Phase: Ai(3)-Gabe_Food's Untap step
Phase: Ai(3)-Gabe_Food's Upkeep step
Phase: Ai(3)-Gabe_Food's Draw step
Phase: Ai(3)-Gabe_Food's Main phase, precombat
Phase: Ai(3)-Gabe_Food's Beginning of Combat Step
Phase: Ai(3)-Gabe_Food's Declare Attackers Step
Phase: Ai(3)-Gabe_Food's Declare Blockers Step
Phase: Ai(3)-Gabe_Food's First Strike Damage Step
Phase: Ai(3)-Gabe_Food's Combat Damage Step
Phase: Ai(3)-Gabe_Food's End of Combat Step
Phase: Ai(3)-Gabe_Food's Main phase, postcombat
Mana: Forest (238) - {T}: Add {G}.
Mana: Plains (289) - {T}: Add {W}.
Mana: Plains (291) - {T}: Add {W}.
Mana: Isolated Chapel (245) - {T}: Add {W} or {B}.
Add To Stack: Ai(3)-Gabe_Food cast Treebeard, Gracious Host
Resolve Stack: Treebeard, Gracious Host - Creature 0 / 5
Add To Stack: Ai(3)-Gabe_Food triggered Treebeard, Gracious Host
Resolve Stack: When Treebeard, Gracious Host enters, create two Food tokens. [Zone Changer: Treebeard, Gracious Host (281)]
Mana: Canopy Vista (272) - {T}: Add {G}.
Add To Stack: Ai(3)-Gabe_Food cast Birds of Paradise
Resolve Stack: Birds of Paradise - Creature 0 / 1
Phase: Ai(3)-Gabe_Food's End step
Phase: Ai(3)-Gabe_Food's Cleanup step
Turn: Turn 49 (Ai(4)-Destyn_Turtles)
Phase: Ai(4)-Destyn_Turtles' Untap step
Phase: Ai(4)-Destyn_Turtles' Upkeep step
Phase: Ai(4)-Destyn_Turtles' Draw step
Phase: Ai(4)-Destyn_Turtles' Main phase, precombat
Phase: Ai(4)-Destyn_Turtles' Beginning of Combat Step
Phase: Ai(4)-Destyn_Turtles' Declare Attackers Step
Combat: Ai(4)-Destyn_Turtles assigned Robot Token (567), Robot Token (568), Rat Token (570), Rat Token (572), Rat Token (574), Rat Token (576), Rat Token (578) and Rat Token (580) to attack Ai(1)-GGS_Four_card_package.
Phase: Ai(4)-Destyn_Turtles' Declare Blockers Step
Combat: Ai(1)-GGS_Four_card_package assigned Satoru, the Infiltrator (51) to block Robot Token (567).
Ai(1)-GGS_Four_card_package didn't block Robot Token (568).
Ai(1)-GGS_Four_card_package didn't block Rat Token (570).
Ai(1)-GGS_Four_card_package didn't block Rat Token (572).
Ai(1)-GGS_Four_card_package didn't block Rat Token (574).
Ai(1)-GGS_Four_card_package didn't block Rat Token (576).
Ai(1)-GGS_Four_card_package didn't block Rat Token (578).
Ai(1)-GGS_Four_card_package didn't block Rat Token (580).
Phase: Ai(4)-Destyn_Turtles' First Strike Damage Step
Phase: Ai(4)-Destyn_Turtles' Combat Damage Step
Damage: Robot Token (567) deals 1 damage to Satoru, the Infiltrator (51).
Damage: Robot Token (568) deals 1 combat damage to Ai(1)-GGS_Four_card_package.
Damage: Rat Token (570) deals 1 combat damage to Ai(1)-GGS_Four_card_package.
Damage: Rat Token (572) deals 1 combat damage to Ai(1)-GGS_Four_card_package.
Damage: Rat Token (574) deals 1 combat damage to Ai(1)-GGS_Four_card_package.
Damage: Rat Token (576) deals 1 combat damage to Ai(1)-GGS_Four_card_package.
Damage: Rat Token (578) deals 1 combat damage to Ai(1)-GGS_Four_card_package.
Damage: Rat Token (580) deals 1 combat damage to Ai(1)-GGS_Four_card_package.
Damage: Satoru, the Infiltrator (51) deals 2 damage to Robot Token (567).
Life: Life: Ai(1)-GGS_Four_card_package 6 > -1
Zone Change: Robot Token (567) was put into Graveyard from Battlefield.
Phase: Ai(4)-Destyn_Turtles' End of Combat Step
Phase: Ai(4)-Destyn_Turtles' Main phase, postcombat
Add To Stack: Ai(4)-Destyn_Turtles triggered Ninja Pizza
Resolve Stack: At the beginning of your second main phase, create a Food token. (It's an artifact with "{2}, {T}, Sacrifice this token: You gain 3 life.") [Phase: Ai(4)-Destyn_Turtles]
Mana: Path of Ancestry (315) - {T}: Add one mana of any color in your commander's color identity. When that mana is spent to cast a creature spell that shares a creature type with your commander, scry 1. (Look at the top card of your library. You may put that card on the bottom.)
Mana: Island (332) - {T}: Add {U}.
Mana: Dragonskull Summit (350) - {T}: Add {B} or {R}.
Mana: Spire Garden (392) - {T}: Add {R} or {G}.
Mana: Thriving Moor (399) - {T}: Add {B} or one mana of the chosen color.
Mana: Command Tower (331) - {T}: Add one mana of any color in your commander's color identity.
Add To Stack: Ai(4)-Destyn_Turtles cast Leonardo, the Balance
Add To Stack: Ai(4)-Destyn_Turtles triggered Path of Ancestry
Resolve Stack: Ai(4)-Destyn_Turtles scried 1 card(s) to the bottom of the library
Resolve Stack: When mana produced by Path of Ancestry is spent to cast a creature spell that shares a creature type with your commander, scry 1. ([Leonardo, the Balance - Creature 3 / 3]) [Card: Leonardo, the Balance (404), Activator: Ai(4)-Destyn_Turtles, SpellAbility: Leonardo, the Balance - Creature 3 / 3]
Resolve Stack: Leonardo, the Balance - Creature 3 / 3
Phase: Ai(4)-Destyn_Turtles' End step
Phase: Ai(4)-Destyn_Turtles' Cleanup step
Turn: Turn 50 (Ai(2)-Jaymie_Ezio)
Phase: Ai(2)-Jaymie_Ezio's Untap step
Phase: Ai(2)-Jaymie_Ezio's Upkeep step
Phase: Ai(2)-Jaymie_Ezio's Draw step
Phase: Ai(2)-Jaymie_Ezio's Main phase, precombat
Phase: Ai(2)-Jaymie_Ezio's Beginning of Combat Step
Phase: Ai(2)-Jaymie_Ezio's Declare Attackers Step
Phase: Ai(2)-Jaymie_Ezio's Declare Blockers Step
Phase: Ai(2)-Jaymie_Ezio's First Strike Damage Step
Phase: Ai(2)-Jaymie_Ezio's Combat Damage Step
Phase: Ai(2)-Jaymie_Ezio's End of Combat Step
Phase: Ai(2)-Jaymie_Ezio's Main phase, postcombat
Mana: Path of Ancestry (109) - {T}: Add one mana of any color in your commander's color identity. When that mana is spent to cast a creature spell that shares a creature type with your commander, scry 1. (Look at the top card of your library. You may put that card on the bottom.)
Mana: Island (134) - {T}: Add {U}.
Mana: Forest (137) - {T}: Add {G}.
Mana: Plains (191) - {T}: Add {W}.
Mana: Mountain (189) - {T}: Add {R}.
Add To Stack: Ai(2)-Jaymie_Ezio cast Ezio, Blade of Vengeance
Add To Stack: Ai(2)-Jaymie_Ezio triggered Path of Ancestry
Resolve Stack: Ai(2)-Jaymie_Ezio scried 1 card(s) to the top of the library
Resolve Stack: When mana produced by Path of Ancestry is spent to cast a creature spell that shares a creature type with your commander, scry 1. ([Ezio, Blade of Vengeance - Creature 5 / 5]) [Card: Ezio, Blade of Vengeance (141), Activator: Ai(2)-Jaymie_Ezio, SpellAbility: Ezio, Blade of Vengeance - Creature 5 / 5]
Resolve Stack: Ezio, Blade of Vengeance - Creature 5 / 5
Phase: Ai(2)-Jaymie_Ezio's End step
Phase: Ai(2)-Jaymie_Ezio's Cleanup step
Turn: Turn 51 (Ai(3)-Gabe_Food)
Phase: Ai(3)-Gabe_Food's Untap step
Phase: Ai(3)-Gabe_Food's Upkeep step
Phase: Ai(3)-Gabe_Food's Draw step
Phase: Ai(3)-Gabe_Food's Main phase, precombat
Land: Ai(3)-Gabe_Food played Exotic Orchard (249)
Mana: Exotic Orchard (249) - {T}: Add one mana of any color that a land an opponent controls could produce.
Mana: Plains (289) - {T}: Add {W}.
Mana: Forest (238) - {T}: Add {G}.
Mana: Plains (291) - {T}: Add {W}.
Mana: Isolated Chapel (245) - {T}: Add {W} or {B}.
Mana: Canopy Vista (272) - {T}: Add {G}.
Mana: Access Tunnel (255) - {T}: Add {C}.
Add To Stack: Ai(3)-Gabe_Food cast Sam, Loyal Attendant
Resolve Stack: Sam, Loyal Attendant - Creature 2 / 4
Add To Stack: Ai(3)-Gabe_Food triggered Sam, Loyal Attendant targeting [Ai(3)-Gabe_Food]
Resolve Stack: Partner with Frodo, Adventurous Hobbit (When this creature enters, target player may put Frodo into their hand from their library, then shuffle.) (Targeting: [[Ai(3)-Gabe_Food]]) [Zone Changer: Sam, Loyal Attendant (303)]
Phase: Ai(3)-Gabe_Food's Beginning of Combat Step
Add To Stack: Ai(3)-Gabe_Food triggered Sam, Loyal Attendant
Resolve Stack: At the beginning of combat on your turn, create a Food token. (It's an artifact with "{2}, {T}, Sacrifice this token: You gain 3 life.") [Phase: Ai(3)-Gabe_Food]
Phase: Ai(3)-Gabe_Food's Declare Attackers Step
Phase: Ai(3)-Gabe_Food's Declare Blockers Step
Phase: Ai(3)-Gabe_Food's First Strike Damage Step
Phase: Ai(3)-Gabe_Food's Combat Damage Step
Phase: Ai(3)-Gabe_Food's End of Combat Step
Phase: Ai(3)-Gabe_Food's Main phase, postcombat
Phase: Ai(3)-Gabe_Food's End step
Phase: Ai(3)-Gabe_Food's Cleanup step
Turn: Turn 52 (Ai(4)-Destyn_Turtles)
Phase: Ai(4)-Destyn_Turtles' Untap step
Phase: Ai(4)-Destyn_Turtles' Upkeep step
Phase: Ai(4)-Destyn_Turtles' Draw step
Phase: Ai(4)-Destyn_Turtles' Main phase, precombat
Phase: Ai(4)-Destyn_Turtles' Beginning of Combat Step
Phase: Ai(4)-Destyn_Turtles' Declare Attackers Step
Phase: Ai(4)-Destyn_Turtles' Declare Blockers Step
Phase: Ai(4)-Destyn_Turtles' First Strike Damage Step
Phase: Ai(4)-Destyn_Turtles' Combat Damage Step
Phase: Ai(4)-Destyn_Turtles' End of Combat Step
Phase: Ai(4)-Destyn_Turtles' Main phase, postcombat
Add To Stack: Ai(4)-Destyn_Turtles triggered Ninja Pizza
Resolve Stack: At the beginning of your second main phase, create a Food token. (It's an artifact with "{2}, {T}, Sacrifice this token: You gain 3 life.") [Phase: Ai(4)-Destyn_Turtles]
Add To Stack: Ai(4)-Destyn_Turtles triggered Leonardo, the Balance
Resolve Stack: Whenever a token you control enters, you may put a +1/+1 counter on each creature you control. Do this only once each turn. [Zone Changer: Food Token (595)]
Mana: Spire Garden (392) - {T}: Add {R} or {G}.
Mana: Thriving Moor (399) - {T}: Add {B} or one mana of the chosen color.
Mana: Island (332) - {T}: Add {U}.
Mana: Dragonskull Summit (350) - {T}: Add {B} or {R}.
Mana: Path of Ancestry (315) - {T}: Add one mana of any color in your commander's color identity. When that mana is spent to cast a creature spell that shares a creature type with your commander, scry 1. (Look at the top card of your library. You may put that card on the bottom.)
Add To Stack: Ai(4)-Destyn_Turtles cast Biogenic Ooze
Resolve Stack: Biogenic Ooze - Creature 2 / 2
Add To Stack: Ai(4)-Destyn_Turtles triggered Biogenic Ooze
Resolve Stack: When Biogenic Ooze enters, create a 2/2 green Ooze creature token. [Zone Changer: Biogenic Ooze (368)]
Phase: Ai(4)-Destyn_Turtles' End step
Add To Stack: Ai(4)-Destyn_Turtles triggered Biogenic Ooze
Resolve Stack: At the beginning of your end step, put a +1/+1 counter on each Ooze you control. [Phase: Ai(4)-Destyn_Turtles]
Phase: Ai(4)-Destyn_Turtles' Cleanup step
Turn: Turn 53 (Ai(2)-Jaymie_Ezio)
Phase: Ai(2)-Jaymie_Ezio's Untap step
Phase: Ai(2)-Jaymie_Ezio's Upkeep step
Phase: Ai(2)-Jaymie_Ezio's Draw step
Phase: Ai(2)-Jaymie_Ezio's Main phase, precombat
Mana: Path of Ancestry (109) - {T}: Add one mana of any color in your commander's color identity. When that mana is spent to cast a creature spell that shares a creature type with your commander, scry 1. (Look at the top card of your library. You may put that card on the bottom.)
Mana: Mountain (189) - {T}: Add {R}.
Add To Stack: Ai(2)-Jaymie_Ezio cast Terminate targeting [Leonardo, the Balance (404)]
Zone Change: Leonardo, the Balance (404) was put into Graveyard from Battlefield.
Resolve Stack: Terminate (168) - Destroy Leonardo, the Balance (404). It can't be regenerated.
Phase: Ai(2)-Jaymie_Ezio's Beginning of Combat Step
Phase: Ai(2)-Jaymie_Ezio's Declare Attackers Step
Combat: Ai(2)-Jaymie_Ezio assigned Ezio, Blade of Vengeance (141) to attack Ai(4)-Destyn_Turtles.
Phase: Ai(2)-Jaymie_Ezio's Declare Blockers Step
Combat: Ai(4)-Destyn_Turtles didn't block Ezio, Blade of Vengeance (141).
Phase: Ai(2)-Jaymie_Ezio's First Strike Damage Step
Phase: Ai(2)-Jaymie_Ezio's Combat Damage Step
Damage: Ezio, Blade of Vengeance (141) deals 5 combat damage to Ai(4)-Destyn_Turtles.
Life: Life: Ai(4)-Destyn_Turtles 15 > 10
Add To Stack: Ai(2)-Jaymie_Ezio triggered Ezio, Blade of Vengeance
Resolve Stack: Whenever an Assassin you control deals combat damage to a player, draw a card. [Damage Source: Ezio, Blade of Vengeance (141), Damaged: Ai(4)-Destyn_Turtles, Amount: 5]
Phase: Ai(2)-Jaymie_Ezio's End of Combat Step
Phase: Ai(2)-Jaymie_Ezio's Main phase, postcombat
Phase: Ai(2)-Jaymie_Ezio's End step
Phase: Ai(2)-Jaymie_Ezio's Cleanup step
Discard: Ai(2)-Jaymie_Ezio discards Twisted Landscape (110).
Turn: Turn 54 (Ai(3)-Gabe_Food)
Phase: Ai(3)-Gabe_Food's Untap step
Phase: Ai(3)-Gabe_Food's Upkeep step
Phase: Ai(3)-Gabe_Food's Draw step
Phase: Ai(3)-Gabe_Food's Main phase, precombat
Mana: Forest (238) - {T}: Add {G}.
Mana: Plains (289) - {T}: Add {W}.
Mana: Plains (291) - {T}: Add {W}.
Add To Stack: Ai(3)-Gabe_Food activated Access Tunnel targeting [Sam, Loyal Attendant (303)]
Resolve Stack: Access Tunnel (255) - Sam, Loyal Attendant (303) can't be blocked this turn.
Phase: Ai(3)-Gabe_Food's Beginning of Combat Step
Add To Stack: Ai(3)-Gabe_Food triggered Sam, Loyal Attendant
Resolve Stack: At the beginning of combat on your turn, create a Food token. (It's an artifact with "{2}, {T}, Sacrifice this token: You gain 3 life.") [Phase: Ai(3)-Gabe_Food]
Phase: Ai(3)-Gabe_Food's Declare Attackers Step
Combat: Ai(3)-Gabe_Food assigned Sam, Loyal Attendant (303) to attack Ai(4)-Destyn_Turtles.
Phase: Ai(3)-Gabe_Food's Declare Blockers Step
Combat: Ai(4)-Destyn_Turtles didn't block Sam, Loyal Attendant (303).
Phase: Ai(3)-Gabe_Food's First Strike Damage Step
Phase: Ai(3)-Gabe_Food's Combat Damage Step
Damage: Sam, Loyal Attendant (303) deals 2 combat damage to Ai(4)-Destyn_Turtles.
Life: Life: Ai(4)-Destyn_Turtles 10 > 8
Phase: Ai(3)-Gabe_Food's End of Combat Step
Phase: Ai(3)-Gabe_Food's Main phase, postcombat
Mana: Exotic Orchard (249) - {T}: Add one mana of any color that a land an opponent controls could produce.
Mana: Isolated Chapel (245) - {T}: Add {W} or {B}.
Mana: Canopy Vista (272) - {T}: Add {G}.
Add To Stack: Ai(3)-Gabe_Food cast Rapacious Guest
Resolve Stack: Rapacious Guest - Creature 2 / 2
Mana: Birds of Paradise (257) - {T}: Add one mana of any color.
Add To Stack: Ai(3)-Gabe_Food cast Essence Warden
Resolve Stack: Essence Warden - Creature 1 / 1
Phase: Ai(3)-Gabe_Food's End step
Phase: Ai(3)-Gabe_Food's Cleanup step
Turn: Turn 55 (Ai(4)-Destyn_Turtles)
Phase: Ai(4)-Destyn_Turtles' Untap step
Phase: Ai(4)-Destyn_Turtles' Upkeep step
Phase: Ai(4)-Destyn_Turtles' Draw step
Phase: Ai(4)-Destyn_Turtles' Main phase, precombat
Mana: Island (332) - {T}: Add {U}.
Mana: Spire Garden (392) - {T}: Add {R} or {G}.
Mana: Thriving Moor (399) - {T}: Add {B} or one mana of the chosen color.
Mana: Dragonskull Summit (350) - {T}: Add {B} or {R}.
Mana: Path of Ancestry (315) - {T}: Add one mana of any color in your commander's color identity. When that mana is spent to cast a creature spell that shares a creature type with your commander, scry 1. (Look at the top card of your library. You may put that card on the bottom.)
Add To Stack: Ai(4)-Destyn_Turtles cast Mole Module
Resolve Stack: Mole Module
Phase: Ai(4)-Destyn_Turtles' Beginning of Combat Step
Phase: Ai(4)-Destyn_Turtles' Declare Attackers Step
Phase: Ai(4)-Destyn_Turtles' Declare Blockers Step
Phase: Ai(4)-Destyn_Turtles' First Strike Damage Step
Phase: Ai(4)-Destyn_Turtles' Combat Damage Step
Phase: Ai(4)-Destyn_Turtles' End of Combat Step
Phase: Ai(4)-Destyn_Turtles' Main phase, postcombat
Add To Stack: Ai(4)-Destyn_Turtles triggered Ninja Pizza
Resolve Stack: At the beginning of your second main phase, create a Food token. (It's an artifact with "{2}, {T}, Sacrifice this token: You gain 3 life.") [Phase: Ai(4)-Destyn_Turtles]
Replacement Effect: Thriving Isle enters tapped.
Replacement Effect: As Thriving Isle enters, choose a color other than blue.
Land: Ai(4)-Destyn_Turtles played Thriving Isle (355)
Mana: Command Tower (331) - {T}: Add one mana of any color in your commander's color identity.
Zone Change: Food Token (655) was put into Graveyard from Battlefield.
Mana: Food Token (655) - {T}, Sacrifice this artifact: Add one mana of any color.
Zone Change: Food Token (595) was put into Graveyard from Battlefield.
Mana: Food Token (595) - {T}, Sacrifice this artifact: Add one mana of any color.
Zone Change: Food Token (588) was put into Graveyard from Battlefield.
Mana: Food Token (588) - {T}, Sacrifice this artifact: Add one mana of any color.
Add To Stack: Ai(4)-Destyn_Turtles cast Coin of Mastery
Resolve Stack: Coin of Mastery
Phase: Ai(4)-Destyn_Turtles' End step
Add To Stack: Ai(4)-Destyn_Turtles triggered Biogenic Ooze
Resolve Stack: At the beginning of your end step, put a +1/+1 counter on each Ooze you control. [Phase: Ai(4)-Destyn_Turtles]
Phase: Ai(4)-Destyn_Turtles' Cleanup step
Turn: Turn 56 (Ai(2)-Jaymie_Ezio)
Phase: Ai(2)-Jaymie_Ezio's Untap step
Phase: Ai(2)-Jaymie_Ezio's Upkeep step
Phase: Ai(2)-Jaymie_Ezio's Draw step
Phase: Ai(2)-Jaymie_Ezio's Main phase, precombat
Phase: Ai(2)-Jaymie_Ezio's Beginning of Combat Step
Phase: Ai(2)-Jaymie_Ezio's Declare Attackers Step
Phase: Ai(2)-Jaymie_Ezio's Declare Blockers Step
Phase: Ai(2)-Jaymie_Ezio's First Strike Damage Step
Phase: Ai(2)-Jaymie_Ezio's Combat Damage Step
Phase: Ai(2)-Jaymie_Ezio's End of Combat Step
Add To Stack: Ai(4)-Destyn_Turtles activated Coin of Mastery
Resolve Stack: Coin of Mastery (324) - Ai(4)-Destyn_Turtles creates a Treasure token.
Phase: Ai(2)-Jaymie_Ezio's Main phase, postcombat
Mana: Plains (191) - {T}: Add {W}.
Mana: Mountain (189) - {T}: Add {R}.
Mana: Forest (137) - {T}: Add {G}.
Mana: Island (134) - {T}: Add {U}.
Add To Stack: Ai(2)-Jaymie_Ezio cast Aya of Alexandria
Resolve Stack: Aya of Alexandria - Creature 4 / 3
Add To Stack: Ai(3)-Gabe_Food triggered Essence Warden
Life: Life: Ai(3)-Gabe_Food 36 > 37
Resolve Stack: Whenever another creature enters, you gain 1 life. [Zone Changer: Aya of Alexandria (113)]
Add To Stack: Ai(3)-Gabe_Food triggered Treebeard, Gracious Host targeting [Sam, Loyal Attendant (303)]
Resolve Stack: Whenever you gain life, put that many +1/+1 counters on target Halfling or Treefolk. (Targeting: [[Sam, Loyal Attendant (303)]]) [Player: Ai(3)-Gabe_Food, Gained Amount: 1]
Phase: Ai(2)-Jaymie_Ezio's End step
Phase: Ai(2)-Jaymie_Ezio's Cleanup step
Turn: Turn 57 (Ai(3)-Gabe_Food)
Phase: Ai(3)-Gabe_Food's Untap step
Phase: Ai(3)-Gabe_Food's Upkeep step
Phase: Ai(3)-Gabe_Food's Draw step
Mana: Plains (289) - {T}: Add {W}.
Add To Stack: Ai(3)-Gabe_Food cast Swords to Plowshares targeting [Biogenic Ooze (368)]
Zone Change: Biogenic Ooze (368) was put into Exile from Battlefield.
Life: Life: Ai(4)-Destyn_Turtles 8 > 12
Resolve Stack: Swords to Plowshares (286) - Exile Biogenic Ooze (368). Ai(4)-Destyn_Turtles gains life equal to its power.
Phase: Ai(3)-Gabe_Food's Main phase, precombat
Mana: Forest (238) - {T}: Add {G}.
Mana: Plains (291) - {T}: Add {W}.
Mana: Exotic Orchard (249) - {T}: Add one mana of any color that a land an opponent controls could produce.
Add To Stack: Ai(3)-Gabe_Food activated Access Tunnel targeting [Sam, Loyal Attendant (303)]
Resolve Stack: Access Tunnel (255) - Sam, Loyal Attendant (303) can't be blocked this turn.
Phase: Ai(3)-Gabe_Food's Beginning of Combat Step
Add To Stack: Ai(3)-Gabe_Food triggered Sam, Loyal Attendant
Resolve Stack: At the beginning of combat on your turn, create a Food token. (It's an artifact with "{2}, {T}, Sacrifice this token: You gain 3 life.") [Phase: Ai(3)-Gabe_Food]
Phase: Ai(3)-Gabe_Food's Declare Attackers Step
Combat: Ai(3)-Gabe_Food assigned Sam, Loyal Attendant (303) to attack Ai(4)-Destyn_Turtles.
Phase: Ai(3)-Gabe_Food's Declare Blockers Step
Combat: Ai(4)-Destyn_Turtles didn't block Sam, Loyal Attendant (303).
Phase: Ai(3)-Gabe_Food's First Strike Damage Step
Phase: Ai(3)-Gabe_Food's Combat Damage Step
Damage: Sam, Loyal Attendant (303) deals 3 combat damage to Ai(4)-Destyn_Turtles.
Life: Life: Ai(4)-Destyn_Turtles 12 > 9
Add To Stack: Ai(3)-Gabe_Food triggered Rapacious Guest
Resolve Stack: Whenever one or more creatures you control deal combat damage to a player, create a Food token. [Damaged: Ai(4)-Destyn_Turtles, Amount: 3]
Phase: Ai(3)-Gabe_Food's End of Combat Step
Phase: Ai(3)-Gabe_Food's Main phase, postcombat
Mana: Canopy Vista (272) - {T}: Add {G}.
Mana: Isolated Chapel (245) - {T}: Add {W} or {B}.
Mana: Birds of Paradise (257) - {T}: Add one mana of any color.
Add To Stack: Ai(3)-Gabe_Food cast Cultivate
Resolve Stack: Cultivate (205) - Search your library for up to two basic land cards, reveal those cards, put one onto the battlefield tapped and the other into your hand, then shuffle.   
Land: Ai(3)-Gabe_Food played Swamp (263)
Phase: Ai(3)-Gabe_Food's End step
Phase: Ai(3)-Gabe_Food's Cleanup step
Turn: Turn 58 (Ai(4)-Destyn_Turtles)
Phase: Ai(4)-Destyn_Turtles' Untap step
Phase: Ai(4)-Destyn_Turtles' Upkeep step
Phase: Ai(4)-Destyn_Turtles' Draw step
Phase: Ai(4)-Destyn_Turtles' Main phase, precombat
Phase: Ai(4)-Destyn_Turtles' Beginning of Combat Step
Add To Stack: Ai(4)-Destyn_Turtles activated Mole Module
Resolve Stack: Mole Module (367) - Mole Module (367) becomes an artifact creature until end of turn.
Phase: Ai(4)-Destyn_Turtles' Declare Attackers Step
Combat: Ai(4)-Destyn_Turtles assigned Mole Module (367) to attack Ai(3)-Gabe_Food.
Phase: Ai(4)-Destyn_Turtles' Declare Blockers Step
Combat: Ai(3)-Gabe_Food didn't block Mole Module (367).
Phase: Ai(4)-Destyn_Turtles' First Strike Damage Step
Phase: Ai(4)-Destyn_Turtles' Combat Damage Step
Damage: Mole Module (367) deals 6 combat damage to Ai(3)-Gabe_Food.
Life: Life: Ai(3)-Gabe_Food 37 > 31
Add To Stack: Ai(4)-Destyn_Turtles triggered Mole Module
Zone Change: Ai(4)-Destyn_Turtles milled Chromatic Lantern (398), Tokka & Rahzar, Unsupervised (306), Casey Jones, Back Alley Brute (309) and Hidden Hideout (357).
Replacement Effect: Each creature you control enters with an additional +1/+1 counter on it for each mana from an artifact source spent to cast it.
Resolve Stack: Whenever this Vehicle deals combat damage to a player, mill four cards. You may put a permanent card from among them onto the battlefield. [Damage Source: Mole Module (367), Damaged: Ai(3)-Gabe_Food, Amount: 6]
Add To Stack: Ai(3)-Gabe_Food triggered Essence Warden
Life: Life: Ai(3)-Gabe_Food 31 > 32
Resolve Stack: Whenever another creature enters, you gain 1 life. [Zone Changer: Casey Jones, Back Alley Brute (309)]
Add To Stack: Ai(3)-Gabe_Food triggered Treebeard, Gracious Host targeting [Sam, Loyal Attendant (303)]
Resolve Stack: Whenever you gain life, put that many +1/+1 counters on target Halfling or Treefolk. (Targeting: [[Sam, Loyal Attendant (303)]]) [Player: Ai(3)-Gabe_Food, Gained Amount: 1]
Phase: Ai(4)-Destyn_Turtles' End of Combat Step
Phase: Ai(4)-Destyn_Turtles' Main phase, postcombat
Add To Stack: Ai(4)-Destyn_Turtles triggered Ninja Pizza
Resolve Stack: At the beginning of your second main phase, create a Food token. (It's an artifact with "{2}, {T}, Sacrifice this token: You gain 3 life.") [Phase: Ai(4)-Destyn_Turtles]
Land: Ai(4)-Destyn_Turtles played Mountain (388)
Mana: Path of Ancestry (315) - {T}: Add one mana of any color in your commander's color identity. When that mana is spent to cast a creature spell that shares a creature type with your commander, scry 1. (Look at the top card of your library. You may put that card on the bottom.)
Mana: Island (332) - {T}: Add {U}.
Mana: Mountain (388) - {T}: Add {R}.
Mana: Spire Garden (392) - {T}: Add {R} or {G}.
Mana: Thriving Isle (355) - {T}: Add {U} or one mana of the chosen color.
Mana: Thriving Moor (399) - {T}: Add {B} or one mana of the chosen color.
Mana: Dragonskull Summit (350) - {T}: Add {B} or {R}.
Mana: Command Tower (331) - {T}: Add one mana of any color in your commander's color identity.
Add To Stack: Ai(4)-Destyn_Turtles cast Leonardo, the Balance
Add To Stack: Ai(4)-Destyn_Turtles triggered Path of Ancestry
Resolve Stack: Ai(4)-Destyn_Turtles scried 1 card(s) to the bottom of the library
Resolve Stack: When mana produced by Path of Ancestry is spent to cast a creature spell that shares a creature type with your commander, scry 1. ([Leonardo, the Balance - Creature 3 / 3]) [Card: Leonardo, the Balance (404), Activator: Ai(4)-Destyn_Turtles, SpellAbility: Leonardo, the Balance - Creature 3 / 3]
Replacement Effect: Each creature you control enters with an additional +1/+1 counter on it for each mana from an artifact source spent to cast it.
Resolve Stack: Leonardo, the Balance - Creature 3 / 3
Add To Stack: Ai(3)-Gabe_Food triggered Essence Warden
Life: Life: Ai(3)-Gabe_Food 32 > 33
Resolve Stack: Whenever another creature enters, you gain 1 life. [Zone Changer: Leonardo, the Balance (404)]
Add To Stack: Ai(3)-Gabe_Food triggered Treebeard, Gracious Host targeting [Sam, Loyal Attendant (303)]
Resolve Stack: Whenever you gain life, put that many +1/+1 counters on target Halfling or Treefolk. (Targeting: [[Sam, Loyal Attendant (303)]]) [Player: Ai(3)-Gabe_Food, Gained Amount: 1]
Phase: Ai(4)-Destyn_Turtles' End step
Phase: Ai(4)-Destyn_Turtles' Cleanup step
Turn: Turn 59 (Ai(2)-Jaymie_Ezio)
Phase: Ai(2)-Jaymie_Ezio's Untap step
Phase: Ai(2)-Jaymie_Ezio's Upkeep step
Phase: Ai(2)-Jaymie_Ezio's Draw step
Phase: Ai(2)-Jaymie_Ezio's Main phase, precombat
Land: Ai(2)-Jaymie_Ezio played Command Tower (133)
Phase: Ai(2)-Jaymie_Ezio's Beginning of Combat Step
Phase: Ai(2)-Jaymie_Ezio's Declare Attackers Step
Add To Stack: Ai(4)-Destyn_Turtles activated Coin of Mastery
Resolve Stack: Coin of Mastery (324) - Ai(4)-Destyn_Turtles creates a Treasure token.
Add To Stack: Ai(4)-Destyn_Turtles triggered Leonardo, the Balance
Resolve Stack: Whenever a token you control enters, you may put a +1/+1 counter on each creature you control. Do this only once each turn. [Zone Changer: Treasure Token (723)]
Add To Stack: Ai(4)-Destyn_Turtles triggered Casey Jones, Back Alley Brute targeting [Ai(2)-Jaymie_Ezio]
Add To Stack: Ai(4)-Destyn_Turtles triggered Casey Jones, Back Alley Brute targeting [Ai(2)-Jaymie_Ezio]
Add To Stack: Ai(4)-Destyn_Turtles triggered Casey Jones, Back Alley Brute targeting [Ai(2)-Jaymie_Ezio]
Add To Stack: Ai(4)-Destyn_Turtles triggered Casey Jones, Back Alley Brute targeting [Ai(2)-Jaymie_Ezio]
Add To Stack: Ai(4)-Destyn_Turtles triggered Casey Jones, Back Alley Brute targeting [Ai(2)-Jaymie_Ezio]
Add To Stack: Ai(4)-Destyn_Turtles triggered Casey Jones, Back Alley Brute targeting [Ai(2)-Jaymie_Ezio]
Add To Stack: Ai(4)-Destyn_Turtles triggered Casey Jones, Back Alley Brute targeting [Ai(2)-Jaymie_Ezio]
Add To Stack: Ai(4)-Destyn_Turtles triggered Casey Jones, Back Alley Brute targeting [Ai(2)-Jaymie_Ezio]
Add To Stack: Ai(4)-Destyn_Turtles triggered Casey Jones, Back Alley Brute targeting [Ai(2)-Jaymie_Ezio]
Add To Stack: Ai(4)-Destyn_Turtles triggered Casey Jones, Back Alley Brute targeting [Ai(2)-Jaymie_Ezio]
Damage: Casey Jones, Back Alley Brute (309) deals 1 non-combat damage to Ai(2)-Jaymie_Ezio.
Life: Life: Ai(2)-Jaymie_Ezio 23 > 22
Resolve Stack: Whenever you put one or more +1/+1 counters on a creature you control, Casey Jones deals that much damage to target opponent. (Targeting: [[Ai(2)-Jaymie_Ezio]]) [Added once: Leonardo, the Balance (404) Amount: 1]
Damage: Casey Jones, Back Alley Brute (309) deals 1 non-combat damage to Ai(2)-Jaymie_Ezio.
Life: Life: Ai(2)-Jaymie_Ezio 22 > 21
Resolve Stack: Whenever you put one or more +1/+1 counters on a creature you control, Casey Jones deals that much damage to target opponent. (Targeting: [[Ai(2)-Jaymie_Ezio]]) [Added once: Casey Jones, Back Alley Brute (309) Amount: 1]
Damage: Casey Jones, Back Alley Brute (309) deals 1 non-combat damage to Ai(2)-Jaymie_Ezio.
Life: Life: Ai(2)-Jaymie_Ezio 21 > 20
Resolve Stack: Whenever you put one or more +1/+1 counters on a creature you control, Casey Jones deals that much damage to target opponent. (Targeting: [[Ai(2)-Jaymie_Ezio]]) [Added once: Ooze Token (599) Amount: 1]
Damage: Casey Jones, Back Alley Brute (309) deals 1 non-combat damage to Ai(2)-Jaymie_Ezio.
Life: Life: Ai(2)-Jaymie_Ezio 20 > 19
Resolve Stack: Whenever you put one or more +1/+1 counters on a creature you control, Casey Jones deals that much damage to target opponent. (Targeting: [[Ai(2)-Jaymie_Ezio]]) [Added once: Rat Token (580) Amount: 1]
Damage: Casey Jones, Back Alley Brute (309) deals 1 non-combat damage to Ai(2)-Jaymie_Ezio.
Life: Life: Ai(2)-Jaymie_Ezio 19 > 18
Resolve Stack: Whenever you put one or more +1/+1 counters on a creature you control, Casey Jones deals that much damage to target opponent. (Targeting: [[Ai(2)-Jaymie_Ezio]]) [Added once: Rat Token (578) Amount: 1]
Damage: Casey Jones, Back Alley Brute (309) deals 1 non-combat damage to Ai(2)-Jaymie_Ezio.
Life: Life: Ai(2)-Jaymie_Ezio 18 > 17
Resolve Stack: Whenever you put one or more +1/+1 counters on a creature you control, Casey Jones deals that much damage to target opponent. (Targeting: [[Ai(2)-Jaymie_Ezio]]) [Added once: Rat Token (576) Amount: 1]
Damage: Casey Jones, Back Alley Brute (309) deals 1 non-combat damage to Ai(2)-Jaymie_Ezio.
Life: Life: Ai(2)-Jaymie_Ezio 17 > 16
Resolve Stack: Whenever you put one or more +1/+1 counters on a creature you control, Casey Jones deals that much damage to target opponent. (Targeting: [[Ai(2)-Jaymie_Ezio]]) [Added once: Rat Token (574) Amount: 1]
Damage: Casey Jones, Back Alley Brute (309) deals 1 non-combat damage to Ai(2)-Jaymie_Ezio.
Life: Life: Ai(2)-Jaymie_Ezio 16 > 15
Resolve Stack: Whenever you put one or more +1/+1 counters on a creature you control, Casey Jones deals that much damage to target opponent. (Targeting: [[Ai(2)-Jaymie_Ezio]]) [Added once: Rat Token (572) Amount: 1]
Damage: Casey Jones, Back Alley Brute (309) deals 1 non-combat damage to Ai(2)-Jaymie_Ezio.
Life: Life: Ai(2)-Jaymie_Ezio 15 > 14
Resolve Stack: Whenever you put one or more +1/+1 counters on a creature you control, Casey Jones deals that much damage to target opponent. (Targeting: [[Ai(2)-Jaymie_Ezio]]) [Added once: Rat Token (570) Amount: 1]
Damage: Casey Jones, Back Alley Brute (309) deals 1 non-combat damage to Ai(2)-Jaymie_Ezio.
Life: Life: Ai(2)-Jaymie_Ezio 14 > 13
Resolve Stack: Whenever you put one or more +1/+1 counters on a creature you control, Casey Jones deals that much damage to target opponent. (Targeting: [[Ai(2)-Jaymie_Ezio]]) [Added once: Robot Token (568) Amount: 1]
Phase: Ai(2)-Jaymie_Ezio's Declare Blockers Step
Phase: Ai(2)-Jaymie_Ezio's First Strike Damage Step
Phase: Ai(2)-Jaymie_Ezio's Combat Damage Step
Phase: Ai(2)-Jaymie_Ezio's End of Combat Step
Phase: Ai(2)-Jaymie_Ezio's Main phase, postcombat
Mana: Mountain (189) - {T}: Add {R}.
Mana: Path of Ancestry (109) - {T}: Add one mana of any color in your commander's color identity. When that mana is spent to cast a creature spell that shares a creature type with your commander, scry 1. (Look at the top card of your library. You may put that card on the bottom.)
Mana: Forest (137) - {T}: Add {G}.
Mana: Island (134) - {T}: Add {U}.
Mana: Plains (191) - {T}: Add {W}.
Add To Stack: Ai(2)-Jaymie_Ezio cast Combustion Man
Add To Stack: Ai(2)-Jaymie_Ezio triggered Path of Ancestry
Resolve Stack: Ai(2)-Jaymie_Ezio scried 1 card(s) to the top of the library
Resolve Stack: When mana produced by Path of Ancestry is spent to cast a creature spell that shares a creature type with your commander, scry 1. ([Combustion Man - Creature 4 / 6]) [Card: Combustion Man (185), Activator: Ai(2)-Jaymie_Ezio, SpellAbility: Combustion Man - Creature 4 / 6]
Resolve Stack: Combustion Man - Creature 4 / 6
Add To Stack: Ai(3)-Gabe_Food triggered Essence Warden
Life: Life: Ai(3)-Gabe_Food 33 > 34
Resolve Stack: Whenever another creature enters, you gain 1 life. [Zone Changer: Combustion Man (185)]
Add To Stack: Ai(3)-Gabe_Food triggered Treebeard, Gracious Host targeting [Sam, Loyal Attendant (303)]
Resolve Stack: Whenever you gain life, put that many +1/+1 counters on target Halfling or Treefolk. (Targeting: [[Sam, Loyal Attendant (303)]]) [Player: Ai(3)-Gabe_Food, Gained Amount: 1]
Phase: Ai(2)-Jaymie_Ezio's End step
Phase: Ai(2)-Jaymie_Ezio's Cleanup step
Turn: Turn 60 (Ai(3)-Gabe_Food)
Phase: Ai(3)-Gabe_Food's Untap step
Phase: Ai(3)-Gabe_Food's Upkeep step
Phase: Ai(3)-Gabe_Food's Draw step
Phase: Ai(3)-Gabe_Food's Main phase, precombat
Land: Ai(3)-Gabe_Food played Forest (241)
Mana: Forest (238) - {T}: Add {G}.
Mana: Forest (241) - {T}: Add {G}.
Mana: Swamp (265) - {T}: Add {B}.
Add To Stack: Ai(3)-Gabe_Food activated Access Tunnel targeting [Rapacious Guest (211)]
Resolve Stack: Access Tunnel (255) - Rapacious Guest (211) can't be blocked this turn.
Phase: Ai(3)-Gabe_Food's Beginning of Combat Step
Add To Stack: Ai(3)-Gabe_Food triggered Sam, Loyal Attendant
Resolve Stack: At the beginning of combat on your turn, create a Food token. (It's an artifact with "{2}, {T}, Sacrifice this token: You gain 3 life.") [Phase: Ai(3)-Gabe_Food]
Phase: Ai(3)-Gabe_Food's Declare Attackers Step
Combat: Ai(3)-Gabe_Food assigned Rapacious Guest (211) to attack Ai(4)-Destyn_Turtles.
Phase: Ai(3)-Gabe_Food's Declare Blockers Step
Combat: Ai(4)-Destyn_Turtles didn't block Rapacious Guest (211).
Phase: Ai(3)-Gabe_Food's First Strike Damage Step
Phase: Ai(3)-Gabe_Food's Combat Damage Step
Damage: Rapacious Guest (211) deals 2 combat damage to Ai(4)-Destyn_Turtles.
Life: Life: Ai(4)-Destyn_Turtles 9 > 7
Add To Stack: Ai(3)-Gabe_Food triggered Rapacious Guest
Resolve Stack: Whenever one or more creatures you control deal combat damage to a player, create a Food token. [Damaged: Ai(4)-Destyn_Turtles, Amount: 2]
Phase: Ai(3)-Gabe_Food's End of Combat Step
Phase: Ai(3)-Gabe_Food's Main phase, postcombat
Mana: Exotic Orchard (249) - {T}: Add one mana of any color that a land an opponent controls could produce.
Mana: Swamp (263) - {T}: Add {B}.
Mana: Plains (289) - {T}: Add {W}.
Mana: Plains (291) - {T}: Add {W}.
Mana: Isolated Chapel (245) - {T}: Add {W} or {B}.
Add To Stack: Ai(3)-Gabe_Food cast Sanguine Bond
Resolve Stack: Sanguine Bond
Phase: Ai(3)-Gabe_Food's End step
Phase: Ai(3)-Gabe_Food's Cleanup step
Turn: Turn 61 (Ai(4)-Destyn_Turtles)
Phase: Ai(4)-Destyn_Turtles' Untap step
Phase: Ai(4)-Destyn_Turtles' Upkeep step
Phase: Ai(4)-Destyn_Turtles' Draw step
Phase: Ai(4)-Destyn_Turtles' Main phase, precombat
Phase: Ai(4)-Destyn_Turtles' Beginning of Combat Step
Phase: Ai(4)-Destyn_Turtles' Declare Attackers Step
Phase: Ai(4)-Destyn_Turtles' Declare Blockers Step
Phase: Ai(4)-Destyn_Turtles' First Strike Damage Step
Phase: Ai(4)-Destyn_Turtles' Combat Damage Step
Phase: Ai(4)-Destyn_Turtles' End of Combat Step
Phase: Ai(4)-Destyn_Turtles' Main phase, postcombat
Add To Stack: Ai(4)-Destyn_Turtles triggered Ninja Pizza
Resolve Stack: At the beginning of your second main phase, create a Food token. (It's an artifact with "{2}, {T}, Sacrifice this token: You gain 3 life.") [Phase: Ai(4)-Destyn_Turtles]
Add To Stack: Ai(4)-Destyn_Turtles triggered Leonardo, the Balance
Resolve Stack: Whenever a token you control enters, you may put a +1/+1 counter on each creature you control. Do this only once each turn. [Zone Changer: Food Token (739)]
Add To Stack: Ai(4)-Destyn_Turtles triggered Casey Jones, Back Alley Brute targeting [Ai(2)-Jaymie_Ezio]
Add To Stack: Ai(4)-Destyn_Turtles triggered Casey Jones, Back Alley Brute targeting [Ai(2)-Jaymie_Ezio]
Add To Stack: Ai(4)-Destyn_Turtles triggered Casey Jones, Back Alley Brute targeting [Ai(2)-Jaymie_Ezio]
Add To Stack: Ai(4)-Destyn_Turtles triggered Casey Jones, Back Alley Brute targeting [Ai(2)-Jaymie_Ezio]
Add To Stack: Ai(4)-Destyn_Turtles triggered Casey Jones, Back Alley Brute targeting [Ai(2)-Jaymie_Ezio]
Add To Stack: Ai(4)-Destyn_Turtles triggered Casey Jones, Back Alley Brute targeting [Ai(2)-Jaymie_Ezio]
Add To Stack: Ai(4)-Destyn_Turtles triggered Casey Jones, Back Alley Brute targeting [Ai(2)-Jaymie_Ezio]
Add To Stack: Ai(4)-Destyn_Turtles triggered Casey Jones, Back Alley Brute targeting [Ai(2)-Jaymie_Ezio]
Add To Stack: Ai(4)-Destyn_Turtles triggered Casey Jones, Back Alley Brute targeting [Ai(2)-Jaymie_Ezio]
Add To Stack: Ai(4)-Destyn_Turtles triggered Casey Jones, Back Alley Brute targeting [Ai(2)-Jaymie_Ezio]
Damage: Casey Jones, Back Alley Brute (309) deals 1 non-combat damage to Ai(2)-Jaymie_Ezio.
Life: Life: Ai(2)-Jaymie_Ezio 13 > 12
Resolve Stack: Whenever you put one or more +1/+1 counters on a creature you control, Casey Jones deals that much damage to target opponent. (Targeting: [[Ai(2)-Jaymie_Ezio]]) [Added once: Leonardo, the Balance (404) Amount: 1]
Damage: Casey Jones, Back Alley Brute (309) deals 1 non-combat damage to Ai(2)-Jaymie_Ezio.
Life: Life: Ai(2)-Jaymie_Ezio 12 > 11
Resolve Stack: Whenever you put one or more +1/+1 counters on a creature you control, Casey Jones deals that much damage to target opponent. (Targeting: [[Ai(2)-Jaymie_Ezio]]) [Added once: Casey Jones, Back Alley Brute (309) Amount: 1]
Damage: Casey Jones, Back Alley Brute (309) deals 1 non-combat damage to Ai(2)-Jaymie_Ezio.
Life: Life: Ai(2)-Jaymie_Ezio 11 > 10
Resolve Stack: Whenever you put one or more +1/+1 counters on a creature you control, Casey Jones deals that much damage to target opponent. (Targeting: [[Ai(2)-Jaymie_Ezio]]) [Added once: Ooze Token (599) Amount: 1]
Damage: Casey Jones, Back Alley Brute (309) deals 1 non-combat damage to Ai(2)-Jaymie_Ezio.
Life: Life: Ai(2)-Jaymie_Ezio 10 > 9
Resolve Stack: Whenever you put one or more +1/+1 counters on a creature you control, Casey Jones deals that much damage to target opponent. (Targeting: [[Ai(2)-Jaymie_Ezio]]) [Added once: Rat Token (580) Amount: 1]
Damage: Casey Jones, Back Alley Brute (309) deals 1 non-combat damage to Ai(2)-Jaymie_Ezio.
Life: Life: Ai(2)-Jaymie_Ezio 9 > 8
Resolve Stack: Whenever you put one or more +1/+1 counters on a creature you control, Casey Jones deals that much damage to target opponent. (Targeting: [[Ai(2)-Jaymie_Ezio]]) [Added once: Rat Token (578) Amount: 1]
Damage: Casey Jones, Back Alley Brute (309) deals 1 non-combat damage to Ai(2)-Jaymie_Ezio.
Life: Life: Ai(2)-Jaymie_Ezio 8 > 7
Resolve Stack: Whenever you put one or more +1/+1 counters on a creature you control, Casey Jones deals that much damage to target opponent. (Targeting: [[Ai(2)-Jaymie_Ezio]]) [Added once: Rat Token (576) Amount: 1]
Damage: Casey Jones, Back Alley Brute (309) deals 1 non-combat damage to Ai(2)-Jaymie_Ezio.
Life: Life: Ai(2)-Jaymie_Ezio 7 > 6
Resolve Stack: Whenever you put one or more +1/+1 counters on a creature you control, Casey Jones deals that much damage to target opponent. (Targeting: [[Ai(2)-Jaymie_Ezio]]) [Added once: Rat Token (574) Amount: 1]
Damage: Casey Jones, Back Alley Brute (309) deals 1 non-combat damage to Ai(2)-Jaymie_Ezio.
Life: Life: Ai(2)-Jaymie_Ezio 6 > 5
Resolve Stack: Whenever you put one or more +1/+1 counters on a creature you control, Casey Jones deals that much damage to target opponent. (Targeting: [[Ai(2)-Jaymie_Ezio]]) [Added once: Rat Token (572) Amount: 1]
Damage: Casey Jones, Back Alley Brute (309) deals 1 non-combat damage to Ai(2)-Jaymie_Ezio.
Life: Life: Ai(2)-Jaymie_Ezio 5 > 4
Resolve Stack: Whenever you put one or more +1/+1 counters on a creature you control, Casey Jones deals that much damage to target opponent. (Targeting: [[Ai(2)-Jaymie_Ezio]]) [Added once: Rat Token (570) Amount: 1]
Damage: Casey Jones, Back Alley Brute (309) deals 1 non-combat damage to Ai(2)-Jaymie_Ezio.
Life: Life: Ai(2)-Jaymie_Ezio 4 > 3
Resolve Stack: Whenever you put one or more +1/+1 counters on a creature you control, Casey Jones deals that much damage to target opponent. (Targeting: [[Ai(2)-Jaymie_Ezio]]) [Added once: Robot Token (568) Amount: 1]
Mana: Spire Garden (392) - {T}: Add {R} or {G}.
Mana: Island (332) - {T}: Add {U}.
Mana: Mountain (388) - {T}: Add {R}.
Mana: Thriving Isle (355) - {T}: Add {U} or one mana of the chosen color.
Add To Stack: Ai(4)-Destyn_Turtles cast Michelangelo, the Heart
Replacement Effect: Each creature you control enters with an additional +1/+1 counter on it for each mana from an artifact source spent to cast it.
Resolve Stack: Michelangelo, the Heart - Creature 2 / 1
Add To Stack: Ai(3)-Gabe_Food triggered Essence Warden
Life: Life: Ai(3)-Gabe_Food 34 > 35
Resolve Stack: Whenever another creature enters, you gain 1 life. [Zone Changer: Michelangelo, the Heart (402)]
Add To Stack: Ai(3)-Gabe_Food triggered Sanguine Bond targeting [Ai(4)-Destyn_Turtles]
Add To Stack: Ai(3)-Gabe_Food triggered Treebeard, Gracious Host targeting [Sam, Loyal Attendant (303)]
Resolve Stack: Whenever you gain life, put that many +1/+1 counters on target Halfling or Treefolk. (Targeting: [[Sam, Loyal Attendant (303)]]) [Player: Ai(3)-Gabe_Food, Gained Amount: 1]
Life: Life: Ai(4)-Destyn_Turtles 7 > 6
Resolve Stack: Whenever you gain life, target opponent loses that much life. (Targeting: [[Ai(4)-Destyn_Turtles]]) [Player: Ai(3)-Gabe_Food, Gained Amount: 1]
Mana: Thriving Moor (399) - {T}: Add {B} or one mana of the chosen color.
Mana: Dragonskull Summit (350) - {T}: Add {B} or {R}.
Add To Stack: Ai(4)-Destyn_Turtles cast Everything Pizza
Resolve Stack: Everything Pizza
Add To Stack: Ai(4)-Destyn_Turtles triggered Everything Pizza
Resolve Stack: When this artifact enters, search your library for a basic land card, reveal it, put it into your hand, then shuffle. [Zone Changer: Everything Pizza (369)]
Land: Ai(4)-Destyn_Turtles played Plains (391)
Phase: Ai(4)-Destyn_Turtles' End step
Phase: Ai(4)-Destyn_Turtles' Cleanup step
Turn: Turn 62 (Ai(2)-Jaymie_Ezio)
Phase: Ai(2)-Jaymie_Ezio's Untap step
Phase: Ai(2)-Jaymie_Ezio's Upkeep step
Phase: Ai(2)-Jaymie_Ezio's Draw step
Phase: Ai(2)-Jaymie_Ezio's Main phase, precombat
Phase: Ai(2)-Jaymie_Ezio's Beginning of Combat Step
Phase: Ai(2)-Jaymie_Ezio's Declare Attackers Step
Add To Stack: Ai(4)-Destyn_Turtles activated Coin of Mastery
Resolve Stack: Coin of Mastery (324) - Ai(4)-Destyn_Turtles creates a Treasure token.
Add To Stack: Ai(4)-Destyn_Turtles triggered Leonardo, the Balance
Resolve Stack: Whenever a token you control enters, you may put a +1/+1 counter on each creature you control. Do this only once each turn. [Zone Changer: Treasure Token (754)]
Add To Stack: Ai(4)-Destyn_Turtles triggered Casey Jones, Back Alley Brute targeting [Ai(2)-Jaymie_Ezio]
Add To Stack: Ai(4)-Destyn_Turtles triggered Casey Jones, Back Alley Brute targeting [Ai(2)-Jaymie_Ezio]
Add To Stack: Ai(4)-Destyn_Turtles triggered Casey Jones, Back Alley Brute targeting [Ai(2)-Jaymie_Ezio]
Add To Stack: Ai(4)-Destyn_Turtles triggered Casey Jones, Back Alley Brute targeting [Ai(2)-Jaymie_Ezio]
Add To Stack: Ai(4)-Destyn_Turtles triggered Casey Jones, Back Alley Brute targeting [Ai(2)-Jaymie_Ezio]
Add To Stack: Ai(4)-Destyn_Turtles triggered Casey Jones, Back Alley Brute targeting [Ai(2)-Jaymie_Ezio]
Add To Stack: Ai(4)-Destyn_Turtles triggered Casey Jones, Back Alley Brute targeting [Ai(2)-Jaymie_Ezio]
Add To Stack: Ai(4)-Destyn_Turtles triggered Casey Jones, Back Alley Brute targeting [Ai(2)-Jaymie_Ezio]
Add To Stack: Ai(4)-Destyn_Turtles triggered Casey Jones, Back Alley Brute targeting [Ai(2)-Jaymie_Ezio]
Add To Stack: Ai(4)-Destyn_Turtles triggered Casey Jones, Back Alley Brute targeting [Ai(2)-Jaymie_Ezio]
Add To Stack: Ai(4)-Destyn_Turtles triggered Casey Jones, Back Alley Brute targeting [Ai(2)-Jaymie_Ezio]
Damage: Casey Jones, Back Alley Brute (309) deals 1 non-combat damage to Ai(2)-Jaymie_Ezio.
Life: Life: Ai(2)-Jaymie_Ezio 3 > 2
Resolve Stack: Whenever you put one or more +1/+1 counters on a creature you control, Casey Jones deals that much damage to target opponent. (Targeting: [[Ai(2)-Jaymie_Ezio]]) [Added once: Michelangelo, the Heart (402) Amount: 1]
Damage: Casey Jones, Back Alley Brute (309) deals 1 non-combat damage to Ai(2)-Jaymie_Ezio.
Life: Life: Ai(2)-Jaymie_Ezio 2 > 1
Resolve Stack: Whenever you put one or more +1/+1 counters on a creature you control, Casey Jones deals that much damage to target opponent. (Targeting: [[Ai(2)-Jaymie_Ezio]]) [Added once: Leonardo, the Balance (404) Amount: 1]
Damage: Casey Jones, Back Alley Brute (309) deals 1 non-combat damage to Ai(2)-Jaymie_Ezio.
Life: Life: Ai(2)-Jaymie_Ezio 1 > 0
Resolve Stack: Whenever you put one or more +1/+1 counters on a creature you control, Casey Jones deals that much damage to target opponent. (Targeting: [[Ai(2)-Jaymie_Ezio]]) [Added once: Casey Jones, Back Alley Brute (309) Amount: 1]
Resolve Stack: Casey Jones, Back Alley Brute ability fizzles.
Resolve Stack: Casey Jones, Back Alley Brute ability fizzles.
Resolve Stack: Casey Jones, Back Alley Brute ability fizzles.
Resolve Stack: Casey Jones, Back Alley Brute ability fizzles.
Resolve Stack: Casey Jones, Back Alley Brute ability fizzles.
Resolve Stack: Casey Jones, Back Alley Brute ability fizzles.
Resolve Stack: Casey Jones, Back Alley Brute ability fizzles.
Resolve Stack: Casey Jones, Back Alley Brute ability fizzles.
Phase: Ai(2)-Jaymie_Ezio's Declare Blockers Step
Phase: Ai(2)-Jaymie_Ezio's First Strike Damage Step
Phase: Ai(2)-Jaymie_Ezio's Combat Damage Step
Phase: Ai(2)-Jaymie_Ezio's End of Combat Step
Phase: Ai(2)-Jaymie_Ezio's Main phase, postcombat
Phase: Ai(2)-Jaymie_Ezio's End step
Phase: Ai(2)-Jaymie_Ezio's Cleanup step
Turn: Turn 63 (Ai(3)-Gabe_Food)
Phase: Ai(3)-Gabe_Food's Untap step
Phase: Ai(3)-Gabe_Food's Upkeep step
Phase: Ai(3)-Gabe_Food's Draw step
Phase: Ai(3)-Gabe_Food's Main phase, precombat
Mana: Plains (289) - {T}: Add {W}.
Mana: Swamp (265) - {T}: Add {B}.
Mana: Swamp (263) - {T}: Add {B}.
Add To Stack: Ai(3)-Gabe_Food cast Field-Tested Frying Pan
Resolve Stack: Field-Tested Frying Pan
Add To Stack: Ai(3)-Gabe_Food triggered Field-Tested Frying Pan
Resolve Stack: When Field-Tested Frying Pan enters, create a Food token, then create a 1/1 white Halfling creature token and attach Field-Tested Frying Pan to it. [Zone Changer: Field-Tested Frying Pan (275)]
Add To Stack: Ai(3)-Gabe_Food triggered Essence Warden
Life: Life: Ai(3)-Gabe_Food 35 > 36
Resolve Stack: Whenever another creature enters, you gain 1 life. [Zone Changer: Halfling Token (760)]
Add To Stack: Ai(3)-Gabe_Food triggered Sanguine Bond targeting [Ai(4)-Destyn_Turtles]
Add To Stack: Ai(3)-Gabe_Food triggered Treebeard, Gracious Host targeting [Sam, Loyal Attendant (303)]
Add To Stack: Ai(3)-Gabe_Food triggered Halfling Token
Resolve Stack: Whenever you gain life, Halfling Token gets +X/+X until end of turn, where X is the amount of life you gained. [Player: Ai(3)-Gabe_Food, Gained Amount: 1]
Resolve Stack: Whenever you gain life, put that many +1/+1 counters on target Halfling or Treefolk. (Targeting: [[Sam, Loyal Attendant (303)]]) [Player: Ai(3)-Gabe_Food, Gained Amount: 1]
Life: Life: Ai(4)-Destyn_Turtles 6 > 5
Resolve Stack: Whenever you gain life, target opponent loses that much life. (Targeting: [[Ai(4)-Destyn_Turtles]]) [Player: Ai(3)-Gabe_Food, Gained Amount: 1]
Mana: Path of Ancestry (315) - {T}: Add one mana of any color in your commander's color identity. When that mana is spent to cast a creature spell that shares a creature type with your commander, scry 1. (Look at the top card of your library. You may put that card on the bottom.)
Mana: Command Tower (331) - {T}: Add one mana of any color in your commander's color identity.
Zone Change: Treasure Token (754) was put into Graveyard from Battlefield.
Mana: Treasure Token (754) - {T}, Sacrifice this token: Add one mana of any color.
Zone Change: Treasure Token (723) was put into Graveyard from Battlefield.
Mana: Treasure Token (723) - {T}, Sacrifice this token: Add one mana of any color.
Mana: Plains (391) - {T}: Add {W}.
Zone Change: Treasure Token (676) was put into Graveyard from Battlefield.
Mana: Treasure Token (676) - {T}, Sacrifice this token: Add one mana of any color.
Zone Change: Food Token (739) was put into Graveyard from Battlefield.
Mana: Food Token (739) - {T}, Sacrifice this artifact: Add one mana of any color.
Zone Change: Everything Pizza (369) was put into Graveyard from Battlefield.
Add To Stack: Ai(4)-Destyn_Turtles activated Everything Pizza targeting [Ai(4)-Destyn_Turtles] [Rapacious Guest (211)] [Casey Jones, Back Alley Brute (309)]
Life: Life: Ai(4)-Destyn_Turtles 5 > 8
Discard: Ai(3)-Gabe_Food discards Trading Post (285).
Damage: Everything Pizza (369) deals 3 damage to Rapacious Guest (211).
Resolve Stack: Everything Pizza (369) - Ai(4)-Destyn_Turtles gains 3 life. Ai(4)-Destyn_Turtles draws a card. Ai(3)-Gabe_Food discards a card. Everything Pizza (369) deals 3 damage to Rapacious Guest (211). Ai(4)-Destyn_Turtles puts three +1/+1 counters on Casey Jones, Back Alley Brute (309).
Zone Change: Rapacious Guest (211) was put into Graveyard from Battlefield.
Add To Stack: Ai(3)-Gabe_Food triggered Rapacious Guest targeting [Ai(4)-Destyn_Turtles]
Add To Stack: Ai(4)-Destyn_Turtles triggered Casey Jones, Back Alley Brute targeting [Ai(3)-Gabe_Food]
Damage: Casey Jones, Back Alley Brute (309) deals 3 non-combat damage to Ai(3)-Gabe_Food.
Life: Life: Ai(3)-Gabe_Food 36 > 33
Resolve Stack: Whenever you put one or more +1/+1 counters on a creature you control, Casey Jones deals that much damage to target opponent. (Targeting: [[Ai(3)-Gabe_Food]]) [Added once: Casey Jones, Back Alley Brute (309) Amount: 3]
Life: Life: Ai(4)-Destyn_Turtles 8 > 6
Resolve Stack: When Rapacious Guest leaves the battlefield, target opponent loses life equal to its power. (Targeting: [[Ai(4)-Destyn_Turtles]]) [Zone Changer: Rapacious Guest (211)]
Phase: Ai(3)-Gabe_Food's Beginning of Combat Step
Add To Stack: Ai(3)-Gabe_Food triggered Sam, Loyal Attendant
Resolve Stack: At the beginning of combat on your turn, create a Food token. (It's an artifact with "{2}, {T}, Sacrifice this token: You gain 3 life.") [Phase: Ai(3)-Gabe_Food]
Phase: Ai(3)-Gabe_Food's Declare Attackers Step
Phase: Ai(3)-Gabe_Food's Declare Blockers Step
Phase: Ai(3)-Gabe_Food's First Strike Damage Step
Phase: Ai(3)-Gabe_Food's Combat Damage Step
Phase: Ai(3)-Gabe_Food's End of Combat Step
Phase: Ai(3)-Gabe_Food's Main phase, postcombat
Mana: Plains (291) - {T}: Add {W}.
Mana: Exotic Orchard (249) - {T}: Add one mana of any color that a land an opponent controls could produce.
Mana: Forest (238) - {T}: Add {G}.
Mana: Forest (241) - {T}: Add {G}.
Mana: Isolated Chapel (245) - {T}: Add {W} or {B}.
Add To Stack: Ai(3)-Gabe_Food cast Call for Unity
Resolve Stack: Call for Unity
Mana: Canopy Vista (272) - {T}: Add {W}.
Mana: Birds of Paradise (257) - {T}: Add one mana of any color.
Mana: Access Tunnel (255) - {T}: Add {C}.
Add To Stack: Ai(3)-Gabe_Food cast Farmer Cotton
Resolve Stack: Farmer Cotton - Creature 1 / 1 (X=1)
Add To Stack: Ai(3)-Gabe_Food triggered Essence Warden
Add To Stack: Ai(3)-Gabe_Food triggered Farmer Cotton
Resolve Stack: When Farmer Cotton enters, create X 1/1 white Halfling creature tokens and X Food tokens. (They're artifacts with "{2}, {T}, Sacrifice this token: You gain 3 life.") [Zone Changer: Farmer Cotton (218)]
Add To Stack: Ai(3)-Gabe_Food triggered Essence Warden
Life: Life: Ai(3)-Gabe_Food 33 > 34
Resolve Stack: Whenever another creature enters, you gain 1 life. [Zone Changer: Halfling Token (768)]
Add To Stack: Ai(3)-Gabe_Food triggered Sanguine Bond targeting [Ai(4)-Destyn_Turtles]
Add To Stack: Ai(3)-Gabe_Food triggered Treebeard, Gracious Host targeting [Sam, Loyal Attendant (303)]
Add To Stack: Ai(3)-Gabe_Food triggered Halfling Token
Resolve Stack: Whenever you gain life, Halfling Token gets +X/+X until end of turn, where X is the amount of life you gained. [Player: Ai(3)-Gabe_Food, Gained Amount: 1]
Resolve Stack: Whenever you gain life, put that many +1/+1 counters on target Halfling or Treefolk. (Targeting: [[Sam, Loyal Attendant (303)]]) [Player: Ai(3)-Gabe_Food, Gained Amount: 1]
Life: Life: Ai(4)-Destyn_Turtles 6 > 5
Resolve Stack: Whenever you gain life, target opponent loses that much life. (Targeting: [[Ai(4)-Destyn_Turtles]]) [Player: Ai(3)-Gabe_Food, Gained Amount: 1]
Life: Life: Ai(3)-Gabe_Food 34 > 35
Resolve Stack: Whenever another creature enters, you gain 1 life. [Zone Changer: Farmer Cotton (218)]
Add To Stack: Ai(3)-Gabe_Food triggered Sanguine Bond targeting [Ai(4)-Destyn_Turtles]
Add To Stack: Ai(3)-Gabe_Food triggered Treebeard, Gracious Host targeting [Sam, Loyal Attendant (303)]
Add To Stack: Ai(3)-Gabe_Food triggered Halfling Token
Resolve Stack: Whenever you gain life, Halfling Token gets +X/+X until end of turn, where X is the amount of life you gained. [Player: Ai(3)-Gabe_Food, Gained Amount: 1]
Resolve Stack: Whenever you gain life, put that many +1/+1 counters on target Halfling or Treefolk. (Targeting: [[Sam, Loyal Attendant (303)]]) [Player: Ai(3)-Gabe_Food, Gained Amount: 1]
Life: Life: Ai(4)-Destyn_Turtles 5 > 4
Resolve Stack: Whenever you gain life, target opponent loses that much life. (Targeting: [[Ai(4)-Destyn_Turtles]]) [Player: Ai(3)-Gabe_Food, Gained Amount: 1]
Phase: Ai(3)-Gabe_Food's End step
Add To Stack: Ai(3)-Gabe_Food triggered Call for Unity
Resolve Stack: Revolt — At the beginning of your end step, if a permanent you controlled left the battlefield this turn, put a unity counter on Call for Unity. [Phase: Ai(3)-Gabe_Food]
Phase: Ai(3)-Gabe_Food's Cleanup step
Turn: Turn 64 (Ai(4)-Destyn_Turtles)
Phase: Ai(4)-Destyn_Turtles' Untap step
Phase: Ai(4)-Destyn_Turtles' Upkeep step
Mana: Island (332) - {T}: Add {U}.
Mana: Mountain (388) - {T}: Add {R}.
Zone Change: Food Token (710) was put into Graveyard from Battlefield.
Add To Stack: Ai(4)-Destyn_Turtles activated Food Token
Life: Life: Ai(4)-Destyn_Turtles 4 > 7
Resolve Stack: Food Token (710) - Ai(4)-Destyn_Turtles gains 3 life.
Phase: Ai(4)-Destyn_Turtles' Draw step
Phase: Ai(4)-Destyn_Turtles' Main phase, precombat
Replacement Effect: Cinder Glade enters tapped unless you control two or more basic lands.
Land: Ai(4)-Destyn_Turtles played Cinder Glade (319)
Phase: Ai(4)-Destyn_Turtles' Beginning of Combat Step
Phase: Ai(4)-Destyn_Turtles' Declare Attackers Step
Phase: Ai(4)-Destyn_Turtles' Declare Blockers Step
Phase: Ai(4)-Destyn_Turtles' First Strike Damage Step
Phase: Ai(4)-Destyn_Turtles' Combat Damage Step
Phase: Ai(4)-Destyn_Turtles' End of Combat Step
Phase: Ai(4)-Destyn_Turtles' Main phase, postcombat
Add To Stack: Ai(4)-Destyn_Turtles triggered Ninja Pizza
Resolve Stack: At the beginning of your second main phase, create a Food token. (It's an artifact with "{2}, {T}, Sacrifice this token: You gain 3 life.") [Phase: Ai(4)-Destyn_Turtles]
Add To Stack: Ai(4)-Destyn_Turtles triggered Leonardo, the Balance
Resolve Stack: Whenever a token you control enters, you may put a +1/+1 counter on each creature you control. Do this only once each turn. [Zone Changer: Food Token (779)]
Add To Stack: Ai(4)-Destyn_Turtles triggered Casey Jones, Back Alley Brute targeting [Ai(3)-Gabe_Food]
Add To Stack: Ai(4)-Destyn_Turtles triggered Casey Jones, Back Alley Brute targeting [Ai(3)-Gabe_Food]
Add To Stack: Ai(4)-Destyn_Turtles triggered Casey Jones, Back Alley Brute targeting [Ai(3)-Gabe_Food]
Add To Stack: Ai(4)-Destyn_Turtles triggered Casey Jones, Back Alley Brute targeting [Ai(3)-Gabe_Food]
Add To Stack: Ai(4)-Destyn_Turtles triggered Casey Jones, Back Alley Brute targeting [Ai(3)-Gabe_Food]
Add To Stack: Ai(4)-Destyn_Turtles triggered Casey Jones, Back Alley Brute targeting [Ai(3)-Gabe_Food]
Add To Stack: Ai(4)-Destyn_Turtles triggered Casey Jones, Back Alley Brute targeting [Ai(3)-Gabe_Food]
Add To Stack: Ai(4)-Destyn_Turtles triggered Casey Jones, Back Alley Brute targeting [Ai(3)-Gabe_Food]
Add To Stack: Ai(4)-Destyn_Turtles triggered Casey Jones, Back Alley Brute targeting [Ai(3)-Gabe_Food]
Add To Stack: Ai(4)-Destyn_Turtles triggered Casey Jones, Back Alley Brute targeting [Ai(3)-Gabe_Food]
Add To Stack: Ai(4)-Destyn_Turtles triggered Casey Jones, Back Alley Brute targeting [Ai(3)-Gabe_Food]
Damage: Casey Jones, Back Alley Brute (309) deals 1 non-combat damage to Ai(3)-Gabe_Food.
Life: Life: Ai(3)-Gabe_Food 35 > 34
Resolve Stack: Whenever you put one or more +1/+1 counters on a creature you control, Casey Jones deals that much damage to target opponent. (Targeting: [[Ai(3)-Gabe_Food]]) [Added once: Michelangelo, the Heart (402) Amount: 1]
Damage: Casey Jones, Back Alley Brute (309) deals 1 non-combat damage to Ai(3)-Gabe_Food.
Life: Life: Ai(3)-Gabe_Food 34 > 33
Resolve Stack: Whenever you put one or more +1/+1 counters on a creature you control, Casey Jones deals that much damage to target opponent. (Targeting: [[Ai(3)-Gabe_Food]]) [Added once: Leonardo, the Balance (404) Amount: 1]
Damage: Casey Jones, Back Alley Brute (309) deals 1 non-combat damage to Ai(3)-Gabe_Food.
Life: Life: Ai(3)-Gabe_Food 33 > 32
Resolve Stack: Whenever you put one or more +1/+1 counters on a creature you control, Casey Jones deals that much damage to target opponent. (Targeting: [[Ai(3)-Gabe_Food]]) [Added once: Casey Jones, Back Alley Brute (309) Amount: 1]
Damage: Casey Jones, Back Alley Brute (309) deals 1 non-combat damage to Ai(3)-Gabe_Food.
Life: Life: Ai(3)-Gabe_Food 32 > 31
Resolve Stack: Whenever you put one or more +1/+1 counters on a creature you control, Casey Jones deals that much damage to target opponent. (Targeting: [[Ai(3)-Gabe_Food]]) [Added once: Ooze Token (599) Amount: 1]
Damage: Casey Jones, Back Alley Brute (309) deals 1 non-combat damage to Ai(3)-Gabe_Food.
Life: Life: Ai(3)-Gabe_Food 31 > 30
Resolve Stack: Whenever you put one or more +1/+1 counters on a creature you control, Casey Jones deals that much damage to target opponent. (Targeting: [[Ai(3)-Gabe_Food]]) [Added once: Rat Token (580) Amount: 1]
Damage: Casey Jones, Back Alley Brute (309) deals 1 non-combat damage to Ai(3)-Gabe_Food.
Life: Life: Ai(3)-Gabe_Food 30 > 29
Resolve Stack: Whenever you put one or more +1/+1 counters on a creature you control, Casey Jones deals that much damage to target opponent. (Targeting: [[Ai(3)-Gabe_Food]]) [Added once: Rat Token (578) Amount: 1]
Damage: Casey Jones, Back Alley Brute (309) deals 1 non-combat damage to Ai(3)-Gabe_Food.
Life: Life: Ai(3)-Gabe_Food 29 > 28
Resolve Stack: Whenever you put one or more +1/+1 counters on a creature you control, Casey Jones deals that much damage to target opponent. (Targeting: [[Ai(3)-Gabe_Food]]) [Added once: Rat Token (576) Amount: 1]
Damage: Casey Jones, Back Alley Brute (309) deals 1 non-combat damage to Ai(3)-Gabe_Food.
Life: Life: Ai(3)-Gabe_Food 28 > 27
Resolve Stack: Whenever you put one or more +1/+1 counters on a creature you control, Casey Jones deals that much damage to target opponent. (Targeting: [[Ai(3)-Gabe_Food]]) [Added once: Rat Token (574) Amount: 1]
Damage: Casey Jones, Back Alley Brute (309) deals 1 non-combat damage to Ai(3)-Gabe_Food.
Life: Life: Ai(3)-Gabe_Food 27 > 26
Resolve Stack: Whenever you put one or more +1/+1 counters on a creature you control, Casey Jones deals that much damage to target opponent. (Targeting: [[Ai(3)-Gabe_Food]]) [Added once: Rat Token (572) Amount: 1]
Damage: Casey Jones, Back Alley Brute (309) deals 1 non-combat damage to Ai(3)-Gabe_Food.
Life: Life: Ai(3)-Gabe_Food 26 > 25
Resolve Stack: Whenever you put one or more +1/+1 counters on a creature you control, Casey Jones deals that much damage to target opponent. (Targeting: [[Ai(3)-Gabe_Food]]) [Added once: Rat Token (570) Amount: 1]
Damage: Casey Jones, Back Alley Brute (309) deals 1 non-combat damage to Ai(3)-Gabe_Food.
Life: Life: Ai(3)-Gabe_Food 25 > 24
Resolve Stack: Whenever you put one or more +1/+1 counters on a creature you control, Casey Jones deals that much damage to target opponent. (Targeting: [[Ai(3)-Gabe_Food]]) [Added once: Robot Token (568) Amount: 1]
Phase: Ai(4)-Destyn_Turtles' End step
Phase: Ai(4)-Destyn_Turtles' Cleanup step
Turn: Turn 65 (Ai(3)-Gabe_Food)
Phase: Ai(3)-Gabe_Food's Untap step
Phase: Ai(3)-Gabe_Food's Upkeep step
Phase: Ai(3)-Gabe_Food's Draw step
Phase: Ai(3)-Gabe_Food's Main phase, precombat
Phase: Ai(3)-Gabe_Food's Beginning of Combat Step
Add To Stack: Ai(3)-Gabe_Food triggered Sam, Loyal Attendant
Resolve Stack: At the beginning of combat on your turn, create a Food token. (It's an artifact with "{2}, {T}, Sacrifice this token: You gain 3 life.") [Phase: Ai(3)-Gabe_Food]
Phase: Ai(3)-Gabe_Food's Declare Attackers Step
Add To Stack: Ai(4)-Destyn_Turtles activated Coin of Mastery
Resolve Stack: Coin of Mastery (324) - Ai(4)-Destyn_Turtles creates a Treasure token.
Add To Stack: Ai(4)-Destyn_Turtles triggered Leonardo, the Balance
Resolve Stack: Whenever a token you control enters, you may put a +1/+1 counter on each creature you control. Do this only once each turn. [Zone Changer: Treasure Token (793)]
Add To Stack: Ai(4)-Destyn_Turtles triggered Casey Jones, Back Alley Brute targeting [Ai(3)-Gabe_Food]
Add To Stack: Ai(4)-Destyn_Turtles triggered Casey Jones, Back Alley Brute targeting [Ai(3)-Gabe_Food]
Add To Stack: Ai(4)-Destyn_Turtles triggered Casey Jones, Back Alley Brute targeting [Ai(3)-Gabe_Food]
Add To Stack: Ai(4)-Destyn_Turtles triggered Casey Jones, Back Alley Brute targeting [Ai(3)-Gabe_Food]
Add To Stack: Ai(4)-Destyn_Turtles triggered Casey Jones, Back Alley Brute targeting [Ai(3)-Gabe_Food]
Add To Stack: Ai(4)-Destyn_Turtles triggered Casey Jones, Back Alley Brute targeting [Ai(3)-Gabe_Food]
Add To Stack: Ai(4)-Destyn_Turtles triggered Casey Jones, Back Alley Brute targeting [Ai(3)-Gabe_Food]
Add To Stack: Ai(4)-Destyn_Turtles triggered Casey Jones, Back Alley Brute targeting [Ai(3)-Gabe_Food]
Add To Stack: Ai(4)-Destyn_Turtles triggered Casey Jones, Back Alley Brute targeting [Ai(3)-Gabe_Food]
Add To Stack: Ai(4)-Destyn_Turtles triggered Casey Jones, Back Alley Brute targeting [Ai(3)-Gabe_Food]
Add To Stack: Ai(4)-Destyn_Turtles triggered Casey Jones, Back Alley Brute targeting [Ai(3)-Gabe_Food]
Damage: Casey Jones, Back Alley Brute (309) deals 1 non-combat damage to Ai(3)-Gabe_Food.
Life: Life: Ai(3)-Gabe_Food 24 > 23
Resolve Stack: Whenever you put one or more +1/+1 counters on a creature you control, Casey Jones deals that much damage to target opponent. (Targeting: [[Ai(3)-Gabe_Food]]) [Added once: Michelangelo, the Heart (402) Amount: 1]
Damage: Casey Jones, Back Alley Brute (309) deals 1 non-combat damage to Ai(3)-Gabe_Food.
Life: Life: Ai(3)-Gabe_Food 23 > 22
Resolve Stack: Whenever you put one or more +1/+1 counters on a creature you control, Casey Jones deals that much damage to target opponent. (Targeting: [[Ai(3)-Gabe_Food]]) [Added once: Leonardo, the Balance (404) Amount: 1]
Damage: Casey Jones, Back Alley Brute (309) deals 1 non-combat damage to Ai(3)-Gabe_Food.
Life: Life: Ai(3)-Gabe_Food 22 > 21
Resolve Stack: Whenever you put one or more +1/+1 counters on a creature you control, Casey Jones deals that much damage to target opponent. (Targeting: [[Ai(3)-Gabe_Food]]) [Added once: Casey Jones, Back Alley Brute (309) Amount: 1]
Damage: Casey Jones, Back Alley Brute (309) deals 1 non-combat damage to Ai(3)-Gabe_Food.
Life: Life: Ai(3)-Gabe_Food 21 > 20
Resolve Stack: Whenever you put one or more +1/+1 counters on a creature you control, Casey Jones deals that much damage to target opponent. (Targeting: [[Ai(3)-Gabe_Food]]) [Added once: Ooze Token (599) Amount: 1]
Damage: Casey Jones, Back Alley Brute (309) deals 1 non-combat damage to Ai(3)-Gabe_Food.
Life: Life: Ai(3)-Gabe_Food 20 > 19
Resolve Stack: Whenever you put one or more +1/+1 counters on a creature you control, Casey Jones deals that much damage to target opponent. (Targeting: [[Ai(3)-Gabe_Food]]) [Added once: Rat Token (580) Amount: 1]
Damage: Casey Jones, Back Alley Brute (309) deals 1 non-combat damage to Ai(3)-Gabe_Food.
Life: Life: Ai(3)-Gabe_Food 19 > 18
Resolve Stack: Whenever you put one or more +1/+1 counters on a creature you control, Casey Jones deals that much damage to target opponent. (Targeting: [[Ai(3)-Gabe_Food]]) [Added once: Rat Token (578) Amount: 1]
Damage: Casey Jones, Back Alley Brute (309) deals 1 non-combat damage to Ai(3)-Gabe_Food.
Life: Life: Ai(3)-Gabe_Food 18 > 17
Resolve Stack: Whenever you put one or more +1/+1 counters on a creature you control, Casey Jones deals that much damage to target opponent. (Targeting: [[Ai(3)-Gabe_Food]]) [Added once: Rat Token (576) Amount: 1]
Damage: Casey Jones, Back Alley Brute (309) deals 1 non-combat damage to Ai(3)-Gabe_Food.
Life: Life: Ai(3)-Gabe_Food 17 > 16
Resolve Stack: Whenever you put one or more +1/+1 counters on a creature you control, Casey Jones deals that much damage to target opponent. (Targeting: [[Ai(3)-Gabe_Food]]) [Added once: Rat Token (574) Amount: 1]
Damage: Casey Jones, Back Alley Brute (309) deals 1 non-combat damage to Ai(3)-Gabe_Food.
Life: Life: Ai(3)-Gabe_Food 16 > 15
Resolve Stack: Whenever you put one or more +1/+1 counters on a creature you control, Casey Jones deals that much damage to target opponent. (Targeting: [[Ai(3)-Gabe_Food]]) [Added once: Rat Token (572) Amount: 1]
Damage: Casey Jones, Back Alley Brute (309) deals 1 non-combat damage to Ai(3)-Gabe_Food.
Life: Life: Ai(3)-Gabe_Food 15 > 14
Resolve Stack: Whenever you put one or more +1/+1 counters on a creature you control, Casey Jones deals that much damage to target opponent. (Targeting: [[Ai(3)-Gabe_Food]]) [Added once: Rat Token (570) Amount: 1]
Damage: Casey Jones, Back Alley Brute (309) deals 1 non-combat damage to Ai(3)-Gabe_Food.
Life: Life: Ai(3)-Gabe_Food 14 > 13
Resolve Stack: Whenever you put one or more +1/+1 counters on a creature you control, Casey Jones deals that much damage to target opponent. (Targeting: [[Ai(3)-Gabe_Food]]) [Added once: Robot Token (568) Amount: 1]
Phase: Ai(3)-Gabe_Food's Declare Blockers Step
Phase: Ai(3)-Gabe_Food's First Strike Damage Step
Phase: Ai(3)-Gabe_Food's Combat Damage Step
Phase: Ai(3)-Gabe_Food's End of Combat Step
Phase: Ai(3)-Gabe_Food's Main phase, postcombat
Mana: Plains (289) - {T}: Add {W}.
Mana: Plains (291) - {T}: Add {W}.
Mana: Exotic Orchard (249) - {T}: Add one mana of any color that a land an opponent controls could produce.
Add To Stack: Ai(3)-Gabe_Food cast Of Herbs and Stewed Rabbit
Replacement Effect: Of Herbs and Stewed Rabbit enters with a lore counter on it.
Resolve Stack: Of Herbs and Stewed Rabbit
Add To Stack: Ai(3)-Gabe_Food triggered Of Herbs and Stewed Rabbit targeting [Sam, Loyal Attendant (303)]
Resolve Stack: I — Put a +1/+1 counter on up to one target creature. Create a Food token. (Targeting: [[Sam, Loyal Attendant (303)]]) [Added once: Of Herbs and Stewed Rabbit (228)]
Mana: Isolated Chapel (245) - {T}: Add {W} or {B}.
Mana: Swamp (265) - {T}: Add {B}.
Mana: Swamp (263) - {T}: Add {B}.
Mana: Forest (238) - {T}: Add {G}.
Add To Stack: Ai(3)-Gabe_Food cast Frodo, Adventurous Hobbit
Resolve Stack: Frodo, Adventurous Hobbit - Creature 1 / 3
Add To Stack: Ai(3)-Gabe_Food triggered Essence Warden
Add To Stack: Ai(3)-Gabe_Food triggered Frodo, Adventurous Hobbit targeting [Ai(3)-Gabe_Food]
Resolve Stack: Partner with Sam, Loyal Attendant (When this creature enters, target player may put Sam into their hand from their library, then shuffle.) (Targeting: [[Ai(3)-Gabe_Food]]) [Zone Changer: Frodo, Adventurous Hobbit (301)]
Life: Life: Ai(3)-Gabe_Food 13 > 14
Resolve Stack: Whenever another creature enters, you gain 1 life. [Zone Changer: Frodo, Adventurous Hobbit (301)]
Add To Stack: Ai(3)-Gabe_Food triggered Sanguine Bond targeting [Ai(4)-Destyn_Turtles]
Add To Stack: Ai(3)-Gabe_Food triggered Treebeard, Gracious Host targeting [Sam, Loyal Attendant (303)]
Add To Stack: Ai(3)-Gabe_Food triggered Halfling Token
Resolve Stack: Whenever you gain life, Halfling Token gets +X/+X until end of turn, where X is the amount of life you gained. [Player: Ai(3)-Gabe_Food, Gained Amount: 1]
Resolve Stack: Whenever you gain life, put that many +1/+1 counters on target Halfling or Treefolk. (Targeting: [[Sam, Loyal Attendant (303)]]) [Player: Ai(3)-Gabe_Food, Gained Amount: 1]
Life: Life: Ai(4)-Destyn_Turtles 7 > 6
Resolve Stack: Whenever you gain life, target opponent loses that much life. (Targeting: [[Ai(4)-Destyn_Turtles]]) [Player: Ai(3)-Gabe_Food, Gained Amount: 1]
Phase: Ai(3)-Gabe_Food's End step
Phase: Ai(3)-Gabe_Food's Cleanup step
Turn: Turn 66 (Ai(4)-Destyn_Turtles)
Phase: Ai(4)-Destyn_Turtles' Untap step
Phase: Ai(4)-Destyn_Turtles' Upkeep step
Phase: Ai(4)-Destyn_Turtles' Draw step
Phase: Ai(4)-Destyn_Turtles' Main phase, precombat
Replacement Effect: This land enters tapped.
Replacement Effect: As this land enters, choose a color.
Land: Ai(4)-Destyn_Turtles played Big Apple, 3 a.m. (374)
Phase: Ai(4)-Destyn_Turtles' Beginning of Combat Step
Phase: Ai(4)-Destyn_Turtles' Declare Attackers Step
Combat: Ai(4)-Destyn_Turtles assigned Casey Jones, Back Alley Brute (309), Ooze Token (599), Leonardo, the Balance (404), Robot Token (568), Rat Token (570), Rat Token (572), Rat Token (574), Rat Token (576), Rat Token (578), Rat Token (580) and Michelangelo, the Heart (402) to attack Ai(3)-Gabe_Food.
Add To Stack: Ai(4)-Destyn_Turtles triggered Casey Jones, Back Alley Brute targeting [Casey Jones, Back Alley Brute (309)]
Mana: Forest (241) - {T}: Add {G}.
Zone Change: Food Token (584) was put into Graveyard from Battlefield.
Add To Stack: Ai(3)-Gabe_Food activated Food Token
Life: Life: Ai(3)-Gabe_Food 14 > 17
Resolve Stack: Food Token (584) - Ai(3)-Gabe_Food gains 3 life.
Add To Stack: Ai(3)-Gabe_Food triggered Sanguine Bond targeting [Ai(4)-Destyn_Turtles]
Add To Stack: Ai(3)-Gabe_Food triggered Treebeard, Gracious Host targeting [Sam, Loyal Attendant (303)]
Add To Stack: Ai(3)-Gabe_Food triggered Halfling Token
Resolve Stack: Whenever you gain life, Halfling Token gets +X/+X until end of turn, where X is the amount of life you gained. [Player: Ai(3)-Gabe_Food, Gained Amount: 3]
Resolve Stack: Whenever you gain life, put that many +1/+1 counters on target Halfling or Treefolk. (Targeting: [[Sam, Loyal Attendant (303)]]) [Player: Ai(3)-Gabe_Food, Gained Amount: 3]
Life: Life: Ai(4)-Destyn_Turtles 6 > 3
Resolve Stack: Whenever you gain life, target opponent loses that much life. (Targeting: [[Ai(4)-Destyn_Turtles]]) [Player: Ai(3)-Gabe_Food, Gained Amount: 3]
Mana: Canopy Vista (272) - {T}: Add {G}.
Zone Change: Food Token (585) was put into Graveyard from Battlefield.
Add To Stack: Ai(3)-Gabe_Food activated Food Token
Mana: Mountain (388) - {T}: Add {R}.
Mana: Plains (391) - {T}: Add {W}.
Zone Change: Food Token (779) was put into Graveyard from Battlefield.
Add To Stack: Ai(4)-Destyn_Turtles activated Food Token
Mana: Access Tunnel (255) - {T}: Add {C}.
Zone Change: Food Token (592) was put into Graveyard from Battlefield.
Add To Stack: Ai(3)-Gabe_Food activated Food Token
Life: Life: Ai(3)-Gabe_Food 17 > 20
Resolve Stack: Food Token (592) - Ai(3)-Gabe_Food gains 3 life.
Add To Stack: Ai(3)-Gabe_Food triggered Sanguine Bond targeting [Ai(4)-Destyn_Turtles]
Add To Stack: Ai(3)-Gabe_Food triggered Treebeard, Gracious Host targeting [Sam, Loyal Attendant (303)]
Add To Stack: Ai(3)-Gabe_Food triggered Halfling Token
Resolve Stack: Whenever you gain life, Halfling Token gets +X/+X until end of turn, where X is the amount of life you gained. [Player: Ai(3)-Gabe_Food, Gained Amount: 3]
Resolve Stack: Whenever you gain life, put that many +1/+1 counters on target Halfling or Treefolk. (Targeting: [[Sam, Loyal Attendant (303)]]) [Player: Ai(3)-Gabe_Food, Gained Amount: 3]
Life: Life: Ai(4)-Destyn_Turtles 3 > 0
Resolve Stack: Whenever you gain life, target opponent loses that much life. (Targeting: [[Ai(4)-Destyn_Turtles]]) [Player: Ai(3)-Gabe_Food, Gained Amount: 3]
Player Control: Ai(1)-GGS_Four_card_package has restored control over themself
Player Control: Ai(2)-Jaymie_Ezio has restored control over themself
Player Control: Ai(3)-Gabe_Food has restored control over themself
Player Control: Ai(4)-Destyn_Turtles has restored control over themself
Game Outcome: Match Duration 2m : 36s
Game Outcome: Turn 33
Game Outcome: Ai(1)-GGS_Four_card_package has lost because life total reached 0
Game Outcome: Ai(2)-Jaymie_Ezio has lost because life total reached 0
Game Outcome: Ai(3)-Gabe_Food has won because all opponents have lost
Game Outcome: Ai(4)-Destyn_Turtles has lost because life total reached 0
Match Result: Ai(1)-GGS_Four_card_package: 0 Ai(2)-Jaymie_Ezio: 0 Ai(3)-Gabe_Food: 1 Ai(4)-Destyn_Turtles: 0 

Game Result: Game 1 ended in 158009 ms. Ai(3)-Gabe_Food has won!

