Error handling registered!
20:55:04 [INFO ] GuiBase: ##########################################
20:55:04 [INFO ] GuiBase: APP: Forge v.2.0.15-SNAPSHOT-09.28
20:55:04 [INFO ] GuiBase: Java: 17.0.20 (Ubuntu)
20:55:04 [INFO ] GuiBase: OS: Linux 6.18.44 amd64
20:55:04 [INFO ] GuiBase: RAM: 1536 MB max, 8 CPUs
20:55:04 [INFO ] GuiBase: ##########################################
Language 'en-US' loaded successfully.
(ThreadUtil first call): Running with priority 5
Read cards: 34010 archived files in 1 ms (25 parts) using thread pool
Upcoming set Star Trek (TRK) dated in the future. All `upcoming` cards will be added to this set with unknown rarity.
The card A-Alrund's Epiphany was not assigned to any set. Adding it to UNKNOWN set... to fix see res/editions/ folder. 
The card A-Baba Lysaga, Night Witch was not assigned to any set. Adding it to UNKNOWN set... to fix see res/editions/ folder. 
The card A-Divide by Zero was not assigned to any set. Adding it to UNKNOWN set... to fix see res/editions/ folder. 
The card A-Esika's Chariot was not assigned to any set. Adding it to UNKNOWN set... to fix see res/editions/ folder. 
The card A-Faceless Haven was not assigned to any set. Adding it to UNKNOWN set... to fix see res/editions/ folder. 
The card A-Fires of Invention was not assigned to any set. Adding it to UNKNOWN set... to fix see res/editions/ folder. 
The card A-Goldspan Dragon was not assigned to any set. Adding it to UNKNOWN set... to fix see res/editions/ folder. 
The card A-Hullbreaker Horror was not assigned to any set. Adding it to UNKNOWN set... to fix see res/editions/ folder. 
The card A-Kumano Faces Kakkazan was not assigned to any set. Adding it to UNKNOWN set... to fix see res/editions/ folder. 
The card A-Luminarch Aspirant was not assigned to any set. Adding it to UNKNOWN set... to fix see res/editions/ folder. 
The card A-Monster Manual was not assigned to any set. Adding it to UNKNOWN set... to fix see res/editions/ folder. 
The card A-Omnath, Locus of Creation was not assigned to any set. Adding it to UNKNOWN set... to fix see res/editions/ folder. 
The card A-The Meathook Massacre was not assigned to any set. Adding it to UNKNOWN set... to fix see res/editions/ folder. 
The card A-Unholy Heat was not assigned to any set. Adding it to UNKNOWN set... to fix see res/editions/ folder. 
The card Blinding Radiance was not assigned to any set. Adding it to UNKNOWN set... to fix see res/editions/ folder. 
The card Goblin Bruiser was not assigned to any set. Adding it to UNKNOWN set... to fix see res/editions/ folder. 
The card Ogre Painbringer was not assigned to any set. Adding it to UNKNOWN set... to fix see res/editions/ folder. 
The card Titanic Pelagosaur was not assigned to any set. Adding it to UNKNOWN set... to fix see res/editions/ folder. 
The card Treetop Recluse was not assigned to any set. Adding it to UNKNOWN set... to fix see res/editions/ folder. 
Upcoming set Star Trek (TRK) dated in the future. All `upcoming` cards will be added to this set with unknown rarity.
Read cards: 854 files in 0 ms (8 parts) using thread pool
Simulation mode
Ai(1)-GGS_Oni_diagnostic vs Ai(2)-Jaymie_Ezio vs Ai(3)-Gabe_Food vs Ai(4)-Destyn_Turtles - one game of Commander seed 20260930
Warning: default (ie. inherited from base class) implementation of confirmAction is used by Michelangelo, the Heart for forge.ai.ability.PermanentCreatureAi. Consider declaring an overloaded method
Warning: default (ie. inherited from base class) implementation of confirmAction is used by Sam, Loyal Attendant for forge.ai.ability.PermanentCreatureAi. Consider declaring an overloaded method
Warning: default (ie. inherited from base class) implementation of confirmAction is used by Leonardo, the Balance for forge.ai.ability.PermanentCreatureAi. Consider declaring an overloaded method
Warning: default (ie. inherited from base class) implementation of confirmAction is used by Goro-Goro and Satoru for forge.ai.ability.PermanentCreatureAi. Consider declaring an overloaded method
Warning: default (ie. inherited from base class) implementation of confirmAction is used by Sam, Loyal Attendant for forge.ai.ability.PermanentCreatureAi. Consider declaring an overloaded method
Warning: default (ie. inherited from base class) implementation of confirmAction is used by Sam, Loyal Attendant for forge.ai.ability.PermanentCreatureAi. Consider declaring an overloaded method
Warning: default (ie. inherited from base class) implementation of confirmAction is used by Goro-Goro and Satoru for forge.ai.ability.PermanentCreatureAi. Consider declaring an overloaded method
Warning: default (ie. inherited from base class) implementation of confirmAction is used by Goro-Goro and Satoru for forge.ai.ability.PermanentCreatureAi. Consider declaring an overloaded method
Active player is no longer in the game...
Active player is no longer in the game...
Mulligan: Ai(3)-Gabe_Food has mulliganed down to 7 cards.
Mulligan: Ai(4)-Destyn_Turtles has kept a hand of 7 cards
Mulligan: Ai(1)-GGS_Oni_diagnostic has kept a hand of 7 cards
Mulligan: Ai(2)-Jaymie_Ezio has kept a hand of 7 cards
Mulligan: Ai(3)-Gabe_Food has kept a hand of 7 cards
Turn: Turn 1 (Ai(4)-Destyn_Turtles)
Phase: Ai(4)-Destyn_Turtles' Untap step
Phase: Ai(4)-Destyn_Turtles' Upkeep step
Phase: Ai(4)-Destyn_Turtles' Draw step
Phase: Ai(4)-Destyn_Turtles' Main phase, precombat
Replacement Effect: Path of Ancestry enters tapped.
Land: Ai(4)-Destyn_Turtles played Path of Ancestry (315)
Phase: Ai(4)-Destyn_Turtles' Beginning of Combat Step
Phase: Ai(4)-Destyn_Turtles' Declare Attackers Step
Phase: Ai(4)-Destyn_Turtles' Declare Blockers Step
Phase: Ai(4)-Destyn_Turtles' First Strike Damage Step
Phase: Ai(4)-Destyn_Turtles' Combat Damage Step
Phase: Ai(4)-Destyn_Turtles' End of Combat Step
Phase: Ai(4)-Destyn_Turtles' Main phase, postcombat
Phase: Ai(4)-Destyn_Turtles' End step
Phase: Ai(4)-Destyn_Turtles' Cleanup step
Turn: Turn 2 (Ai(1)-GGS_Oni_diagnostic)
Phase: Ai(1)-GGS_Oni_diagnostic's Untap step
Phase: Ai(1)-GGS_Oni_diagnostic's Upkeep step
Phase: Ai(1)-GGS_Oni_diagnostic's Draw step
Phase: Ai(1)-GGS_Oni_diagnostic's Main phase, precombat
Replacement Effect: As Watery Grave enters, you may pay 2 life. If you don't, it enters tapped.
Land: Ai(1)-GGS_Oni_diagnostic played Watery Grave (71)
Phase: Ai(1)-GGS_Oni_diagnostic's Beginning of Combat Step
Phase: Ai(1)-GGS_Oni_diagnostic's Declare Attackers Step
Phase: Ai(1)-GGS_Oni_diagnostic's Declare Blockers Step
Phase: Ai(1)-GGS_Oni_diagnostic's First Strike Damage Step
Phase: Ai(1)-GGS_Oni_diagnostic's Combat Damage Step
Phase: Ai(1)-GGS_Oni_diagnostic's End of Combat Step
Phase: Ai(1)-GGS_Oni_diagnostic's Main phase, postcombat
Phase: Ai(1)-GGS_Oni_diagnostic's End step
Phase: Ai(1)-GGS_Oni_diagnostic's Cleanup step
Turn: Turn 3 (Ai(2)-Jaymie_Ezio)
Phase: Ai(2)-Jaymie_Ezio's Untap step
Phase: Ai(2)-Jaymie_Ezio's Upkeep step
Phase: Ai(2)-Jaymie_Ezio's Draw step
Phase: Ai(2)-Jaymie_Ezio's Main phase, precombat
Land: Ai(2)-Jaymie_Ezio played Abstergo Entertainment (121)
Phase: Ai(2)-Jaymie_Ezio's Beginning of Combat Step
Phase: Ai(2)-Jaymie_Ezio's Declare Attackers Step
Phase: Ai(2)-Jaymie_Ezio's Declare Blockers Step
Phase: Ai(2)-Jaymie_Ezio's First Strike Damage Step
Phase: Ai(2)-Jaymie_Ezio's Combat Damage Step
Phase: Ai(2)-Jaymie_Ezio's End of Combat Step
Phase: Ai(2)-Jaymie_Ezio's Main phase, postcombat
Phase: Ai(2)-Jaymie_Ezio's End step
Phase: Ai(2)-Jaymie_Ezio's Cleanup step
Turn: Turn 4 (Ai(3)-Gabe_Food)
Phase: Ai(3)-Gabe_Food's Untap step
Phase: Ai(3)-Gabe_Food's Upkeep step
Phase: Ai(3)-Gabe_Food's Draw step
Phase: Ai(3)-Gabe_Food's Main phase, precombat
Replacement Effect: Isolated Chapel enters tapped unless you control a Plains or a Swamp.
Land: Ai(3)-Gabe_Food played Isolated Chapel (245)
Phase: Ai(3)-Gabe_Food's Beginning of Combat Step
Phase: Ai(3)-Gabe_Food's Declare Attackers Step
Phase: Ai(3)-Gabe_Food's Declare Blockers Step
Phase: Ai(3)-Gabe_Food's First Strike Damage Step
Phase: Ai(3)-Gabe_Food's Combat Damage Step
Phase: Ai(3)-Gabe_Food's End of Combat Step
Phase: Ai(3)-Gabe_Food's Main phase, postcombat
Phase: Ai(3)-Gabe_Food's End step
Phase: Ai(3)-Gabe_Food's Cleanup step
Turn: Turn 5 (Ai(4)-Destyn_Turtles)
Phase: Ai(4)-Destyn_Turtles' Untap step
Phase: Ai(4)-Destyn_Turtles' Upkeep step
Phase: Ai(4)-Destyn_Turtles' Draw step
Phase: Ai(4)-Destyn_Turtles' Main phase, precombat
Land: Ai(4)-Destyn_Turtles played Command Tower (331)
Phase: Ai(4)-Destyn_Turtles' Beginning of Combat Step
Phase: Ai(4)-Destyn_Turtles' Declare Attackers Step
Phase: Ai(4)-Destyn_Turtles' Declare Blockers Step
Phase: Ai(4)-Destyn_Turtles' First Strike Damage Step
Phase: Ai(4)-Destyn_Turtles' Combat Damage Step
Phase: Ai(4)-Destyn_Turtles' End of Combat Step
Phase: Ai(4)-Destyn_Turtles' Main phase, postcombat
Mana: Path of Ancestry (315) - {T}: Add one mana of any color in your commander's color identity. When that mana is spent to cast a creature spell that shares a creature type with your commander, scry 1. (Look at the top card of your library. You may put that card on the bottom.)
Mana: Command Tower (331) - {T}: Add one mana of any color in your commander's color identity.
Add To Stack: Ai(4)-Destyn_Turtles cast Michelangelo, the Heart
Add To Stack: Ai(4)-Destyn_Turtles triggered Path of Ancestry
Resolve Stack: Ai(4)-Destyn_Turtles scried 1 card(s) to the top of the library
Resolve Stack: When mana produced by Path of Ancestry is spent to cast a creature spell that shares a creature type with your commander, scry 1. ([Michelangelo, the Heart - Creature 2 / 1]) [Card: Michelangelo, the Heart (402), Activator: Ai(4)-Destyn_Turtles, SpellAbility: Michelangelo, the Heart - Creature 2 / 1]
Resolve Stack: Michelangelo, the Heart - Creature 2 / 1
Phase: Ai(4)-Destyn_Turtles' End step
Phase: Ai(4)-Destyn_Turtles' Cleanup step
Turn: Turn 6 (Ai(1)-GGS_Oni_diagnostic)
Phase: Ai(1)-GGS_Oni_diagnostic's Untap step
Phase: Ai(1)-GGS_Oni_diagnostic's Upkeep step
Phase: Ai(1)-GGS_Oni_diagnostic's Draw step
Phase: Ai(1)-GGS_Oni_diagnostic's Main phase, precombat
Land: Ai(1)-GGS_Oni_diagnostic played Gloomlake Verge (24)
Phase: Ai(1)-GGS_Oni_diagnostic's Beginning of Combat Step
Phase: Ai(1)-GGS_Oni_diagnostic's Declare Attackers Step
Phase: Ai(1)-GGS_Oni_diagnostic's Declare Blockers Step
Phase: Ai(1)-GGS_Oni_diagnostic's First Strike Damage Step
Phase: Ai(1)-GGS_Oni_diagnostic's Combat Damage Step
Phase: Ai(1)-GGS_Oni_diagnostic's End of Combat Step
Phase: Ai(1)-GGS_Oni_diagnostic's Main phase, postcombat
Phase: Ai(1)-GGS_Oni_diagnostic's End step
Phase: Ai(1)-GGS_Oni_diagnostic's Cleanup step
Turn: Turn 7 (Ai(2)-Jaymie_Ezio)
Phase: Ai(2)-Jaymie_Ezio's Untap step
Phase: Ai(2)-Jaymie_Ezio's Upkeep step
Phase: Ai(2)-Jaymie_Ezio's Draw step
Phase: Ai(2)-Jaymie_Ezio's Main phase, precombat
Land: Ai(2)-Jaymie_Ezio played Plains (191)
Phase: Ai(2)-Jaymie_Ezio's Beginning of Combat Step
Phase: Ai(2)-Jaymie_Ezio's Declare Attackers Step
Phase: Ai(2)-Jaymie_Ezio's Declare Blockers Step
Phase: Ai(2)-Jaymie_Ezio's First Strike Damage Step
Phase: Ai(2)-Jaymie_Ezio's Combat Damage Step
Phase: Ai(2)-Jaymie_Ezio's End of Combat Step
Phase: Ai(2)-Jaymie_Ezio's Main phase, postcombat
Phase: Ai(2)-Jaymie_Ezio's End step
Phase: Ai(2)-Jaymie_Ezio's Cleanup step
Turn: Turn 8 (Ai(3)-Gabe_Food)
Phase: Ai(3)-Gabe_Food's Untap step
Phase: Ai(3)-Gabe_Food's Upkeep step
Phase: Ai(3)-Gabe_Food's Draw step
Phase: Ai(3)-Gabe_Food's Main phase, precombat
Land: Ai(3)-Gabe_Food played Forest (238)
Phase: Ai(3)-Gabe_Food's Beginning of Combat Step
Phase: Ai(3)-Gabe_Food's Declare Attackers Step
Phase: Ai(3)-Gabe_Food's Declare Blockers Step
Phase: Ai(3)-Gabe_Food's First Strike Damage Step
Phase: Ai(3)-Gabe_Food's Combat Damage Step
Phase: Ai(3)-Gabe_Food's End of Combat Step
Phase: Ai(3)-Gabe_Food's Main phase, postcombat
Mana: Forest (238) - {T}: Add {G}.
Discard: Ai(3)-Gabe_Food discards Eagles of the North (280).
Add To Stack: Ai(3)-Gabe_Food activated Eagles of the North
Resolve Stack: Eagles of the North (280) - Ai(3)-Gabe_Food searches their library for a Plains card, reveals it, puts it into their hand, then shuffles.
Phase: Ai(3)-Gabe_Food's End step
Phase: Ai(3)-Gabe_Food's Cleanup step
Turn: Turn 9 (Ai(4)-Destyn_Turtles)
Phase: Ai(4)-Destyn_Turtles' Untap step
Phase: Ai(4)-Destyn_Turtles' Upkeep step
Phase: Ai(4)-Destyn_Turtles' Draw step
Phase: Ai(4)-Destyn_Turtles' Main phase, precombat
Land: Ai(4)-Destyn_Turtles played Island (332)
Phase: Ai(4)-Destyn_Turtles' Beginning of Combat Step
Phase: Ai(4)-Destyn_Turtles' Declare Attackers Step
Combat: Ai(4)-Destyn_Turtles assigned Michelangelo, the Heart (402) to attack Ai(1)-GGS_Oni_diagnostic.
Phase: Ai(4)-Destyn_Turtles' Declare Blockers Step
Combat: Ai(1)-GGS_Oni_diagnostic didn't block Michelangelo, the Heart (402).
Phase: Ai(4)-Destyn_Turtles' First Strike Damage Step
Phase: Ai(4)-Destyn_Turtles' Combat Damage Step
Damage: Michelangelo, the Heart (402) deals 2 combat damage to Ai(1)-GGS_Oni_diagnostic.
Life: Life: Ai(1)-GGS_Oni_diagnostic 40 > 38
Phase: Ai(4)-Destyn_Turtles' End of Combat Step
Phase: Ai(4)-Destyn_Turtles' Main phase, postcombat
Add To Stack: Ai(4)-Destyn_Turtles triggered Michelangelo, the Heart targeting [Michelangelo, the Heart (402)]
Resolve Stack: Raid (the Fridge) — At the beginning of your second main phase, if you attacked this turn, put a +1/+1 counter on target creature and create a Food token. (Targeting: [[Michelangelo, the Heart (402)]]) [Phase: Ai(4)-Destyn_Turtles]
Mana: Path of Ancestry (315) - {T}: Add one mana of any color in your commander's color identity. When that mana is spent to cast a creature spell that shares a creature type with your commander, scry 1. (Look at the top card of your library. You may put that card on the bottom.)
Mana: Island (332) - {T}: Add {U}.
Mana: Command Tower (331) - {T}: Add one mana of any color in your commander's color identity.
Add To Stack: Ai(4)-Destyn_Turtles cast Ninja Pizza
Mana: Watery Grave (71) - {T}: Add {U}.
Mana: Gloomlake Verge (24) - {T}: Add {U}.
Add To Stack: Ai(1)-GGS_Oni_diagnostic cast Mana Drain targeting [Ninja Pizza]
Zone Change: Send countered spell to Graveyard
Resolve Stack: Mana Drain (51) - Counter Ninja Pizza (401). At the beginning of your next main phase, add an amount of {C} equal to that spell's mana value. 
Phase: Ai(4)-Destyn_Turtles' End step
Phase: Ai(4)-Destyn_Turtles' Cleanup step
Turn: Turn 10 (Ai(1)-GGS_Oni_diagnostic)
Phase: Ai(1)-GGS_Oni_diagnostic's Untap step
Phase: Ai(1)-GGS_Oni_diagnostic's Upkeep step
Phase: Ai(1)-GGS_Oni_diagnostic's Draw step
Phase: Ai(1)-GGS_Oni_diagnostic's Main phase, precombat
Add To Stack: Ai(1)-GGS_Oni_diagnostic triggered Mana Drain
Resolve Stack: At the beginning of your next main phase, add an amount of {C} equal to that spell's mana value. ([3]) [Phase: Ai(1)-GGS_Oni_diagnostic]
Replacement Effect: Malakir Mire enters tapped.
Land: Ai(1)-GGS_Oni_diagnostic played Malakir Mire (5)
Phase: Ai(1)-GGS_Oni_diagnostic's Beginning of Combat Step
Phase: Ai(1)-GGS_Oni_diagnostic's Declare Attackers Step
Phase: Ai(1)-GGS_Oni_diagnostic's Declare Blockers Step
Phase: Ai(1)-GGS_Oni_diagnostic's First Strike Damage Step
Phase: Ai(1)-GGS_Oni_diagnostic's Combat Damage Step
Phase: Ai(1)-GGS_Oni_diagnostic's End of Combat Step
Phase: Ai(1)-GGS_Oni_diagnostic's Main phase, postcombat
Phase: Ai(1)-GGS_Oni_diagnostic's End step
Phase: Ai(1)-GGS_Oni_diagnostic's Cleanup step
Turn: Turn 11 (Ai(2)-Jaymie_Ezio)
Phase: Ai(2)-Jaymie_Ezio's Untap step
Phase: Ai(2)-Jaymie_Ezio's Upkeep step
Phase: Ai(2)-Jaymie_Ezio's Draw step
Phase: Ai(2)-Jaymie_Ezio's Main phase, precombat
Land: Ai(2)-Jaymie_Ezio played Mountain (189)
Phase: Ai(2)-Jaymie_Ezio's Beginning of Combat Step
Phase: Ai(2)-Jaymie_Ezio's Declare Attackers Step
Phase: Ai(2)-Jaymie_Ezio's Declare Blockers Step
Phase: Ai(2)-Jaymie_Ezio's First Strike Damage Step
Phase: Ai(2)-Jaymie_Ezio's Combat Damage Step
Phase: Ai(2)-Jaymie_Ezio's End of Combat Step
Phase: Ai(2)-Jaymie_Ezio's Main phase, postcombat
Phase: Ai(2)-Jaymie_Ezio's End step
Phase: Ai(2)-Jaymie_Ezio's Cleanup step
Turn: Turn 12 (Ai(3)-Gabe_Food)
Phase: Ai(3)-Gabe_Food's Untap step
Phase: Ai(3)-Gabe_Food's Upkeep step
Phase: Ai(3)-Gabe_Food's Draw step
Phase: Ai(3)-Gabe_Food's Main phase, precombat
Replacement Effect: Scattered Groves enters tapped.
Land: Ai(3)-Gabe_Food played Scattered Groves (248)
Phase: Ai(3)-Gabe_Food's Beginning of Combat Step
Phase: Ai(3)-Gabe_Food's Declare Attackers Step
Phase: Ai(3)-Gabe_Food's Declare Blockers Step
Phase: Ai(3)-Gabe_Food's First Strike Damage Step
Phase: Ai(3)-Gabe_Food's Combat Damage Step
Phase: Ai(3)-Gabe_Food's End of Combat Step
Phase: Ai(3)-Gabe_Food's Main phase, postcombat
Phase: Ai(3)-Gabe_Food's End step
Phase: Ai(3)-Gabe_Food's Cleanup step
Turn: Turn 13 (Ai(4)-Destyn_Turtles)
Phase: Ai(4)-Destyn_Turtles' Untap step
Phase: Ai(4)-Destyn_Turtles' Upkeep step
Phase: Ai(4)-Destyn_Turtles' Draw step
Phase: Ai(4)-Destyn_Turtles' Main phase, precombat
Replacement Effect: Spire Garden enters tapped unless you have two or more opponents.
Land: Ai(4)-Destyn_Turtles played Spire Garden (392)
Phase: Ai(4)-Destyn_Turtles' Beginning of Combat Step
Phase: Ai(4)-Destyn_Turtles' Declare Attackers Step
Combat: Ai(4)-Destyn_Turtles assigned Michelangelo, the Heart (402) to attack Ai(1)-GGS_Oni_diagnostic.
Phase: Ai(4)-Destyn_Turtles' Declare Blockers Step
Combat: Ai(1)-GGS_Oni_diagnostic didn't block Michelangelo, the Heart (402).
Phase: Ai(4)-Destyn_Turtles' First Strike Damage Step
Phase: Ai(4)-Destyn_Turtles' Combat Damage Step
Damage: Michelangelo, the Heart (402) deals 3 combat damage to Ai(1)-GGS_Oni_diagnostic.
Life: Life: Ai(1)-GGS_Oni_diagnostic 38 > 35
Phase: Ai(4)-Destyn_Turtles' End of Combat Step
Phase: Ai(4)-Destyn_Turtles' Main phase, postcombat
Add To Stack: Ai(4)-Destyn_Turtles triggered Michelangelo, the Heart targeting [Michelangelo, the Heart (402)]
Resolve Stack: Raid (the Fridge) — At the beginning of your second main phase, if you attacked this turn, put a +1/+1 counter on target creature and create a Food token. (Targeting: [[Michelangelo, the Heart (402)]]) [Phase: Ai(4)-Destyn_Turtles]
Mana: Path of Ancestry (315) - {T}: Add one mana of any color in your commander's color identity. When that mana is spent to cast a creature spell that shares a creature type with your commander, scry 1. (Look at the top card of your library. You may put that card on the bottom.)
Mana: Island (332) - {T}: Add {U}.
Mana: Spire Garden (392) - {T}: Add {R} or {G}.
Mana: Command Tower (331) - {T}: Add one mana of any color in your commander's color identity.
Add To Stack: Ai(4)-Destyn_Turtles cast Leonardo, the Balance
Add To Stack: Ai(4)-Destyn_Turtles triggered Path of Ancestry
Resolve Stack: Ai(4)-Destyn_Turtles scried 1 card(s) to the top of the library
Resolve Stack: When mana produced by Path of Ancestry is spent to cast a creature spell that shares a creature type with your commander, scry 1. ([Leonardo, the Balance - Creature 3 / 3]) [Card: Leonardo, the Balance (404), Activator: Ai(4)-Destyn_Turtles, SpellAbility: Leonardo, the Balance - Creature 3 / 3]
Resolve Stack: Leonardo, the Balance - Creature 3 / 3
Phase: Ai(4)-Destyn_Turtles' End step
Phase: Ai(4)-Destyn_Turtles' Cleanup step
Turn: Turn 14 (Ai(1)-GGS_Oni_diagnostic)
Phase: Ai(1)-GGS_Oni_diagnostic's Untap step
Phase: Ai(1)-GGS_Oni_diagnostic's Upkeep step
Phase: Ai(1)-GGS_Oni_diagnostic's Draw step
Phase: Ai(1)-GGS_Oni_diagnostic's Main phase, precombat
Land: Ai(1)-GGS_Oni_diagnostic played Flooded Strand (8)
Life: Life: Ai(1)-GGS_Oni_diagnostic 35 > 34
Zone Change: Flooded Strand (8) was put into Graveyard from Battlefield.
Add To Stack: Ai(1)-GGS_Oni_diagnostic activated Flooded Strand
Replacement Effect: Xander's Lounge enters tapped.
Resolve Stack: Flooded Strand (8) - Ai(1)-GGS_Oni_diagnostic searches their library for a Plains or Island card, puts it onto the battlefield, then shuffles.
Phase: Ai(1)-GGS_Oni_diagnostic's Beginning of Combat Step
Phase: Ai(1)-GGS_Oni_diagnostic's Declare Attackers Step
Phase: Ai(1)-GGS_Oni_diagnostic's Declare Blockers Step
Phase: Ai(1)-GGS_Oni_diagnostic's First Strike Damage Step
Phase: Ai(1)-GGS_Oni_diagnostic's Combat Damage Step
Phase: Ai(1)-GGS_Oni_diagnostic's End of Combat Step
Phase: Ai(1)-GGS_Oni_diagnostic's Main phase, postcombat
Phase: Ai(1)-GGS_Oni_diagnostic's End step
Phase: Ai(1)-GGS_Oni_diagnostic's Cleanup step
Turn: Turn 15 (Ai(2)-Jaymie_Ezio)
Phase: Ai(2)-Jaymie_Ezio's Untap step
Phase: Ai(2)-Jaymie_Ezio's Upkeep step
Phase: Ai(2)-Jaymie_Ezio's Draw step
Phase: Ai(2)-Jaymie_Ezio's Main phase, precombat
Land: Ai(2)-Jaymie_Ezio played Island (134)
Phase: Ai(2)-Jaymie_Ezio's Beginning of Combat Step
Phase: Ai(2)-Jaymie_Ezio's Declare Attackers Step
Phase: Ai(2)-Jaymie_Ezio's Declare Blockers Step
Phase: Ai(2)-Jaymie_Ezio's First Strike Damage Step
Phase: Ai(2)-Jaymie_Ezio's Combat Damage Step
Phase: Ai(2)-Jaymie_Ezio's End of Combat Step
Phase: Ai(2)-Jaymie_Ezio's Main phase, postcombat
Mana: Island (134) - {T}: Add {U}.
Mana: Mountain (189) - {T}: Add {R}.
Mana: Plains (191) - {T}: Add {W}.
Add To Stack: Ai(2)-Jaymie_Ezio cast Shao Jun
Resolve Stack: Shao Jun - Creature 3 / 3
Phase: Ai(2)-Jaymie_Ezio's End step
Phase: Ai(2)-Jaymie_Ezio's Cleanup step
Turn: Turn 16 (Ai(3)-Gabe_Food)
Phase: Ai(3)-Gabe_Food's Untap step
Phase: Ai(3)-Gabe_Food's Upkeep step
Phase: Ai(3)-Gabe_Food's Draw step
Phase: Ai(3)-Gabe_Food's Main phase, precombat
Land: Ai(3)-Gabe_Food played Forest (241)
Phase: Ai(3)-Gabe_Food's Beginning of Combat Step
Phase: Ai(3)-Gabe_Food's Declare Attackers Step
Phase: Ai(3)-Gabe_Food's Declare Blockers Step
Phase: Ai(3)-Gabe_Food's First Strike Damage Step
Phase: Ai(3)-Gabe_Food's Combat Damage Step
Phase: Ai(3)-Gabe_Food's End of Combat Step
Phase: Ai(3)-Gabe_Food's Main phase, postcombat
Mana: Isolated Chapel (245) - {T}: Add {W} or {B}.
Mana: Forest (238) - {T}: Add {G}.
Mana: Forest (241) - {T}: Add {G}.
Add To Stack: Ai(3)-Gabe_Food cast Sam, Loyal Attendant
Resolve Stack: Sam, Loyal Attendant - Creature 2 / 4
Add To Stack: Ai(3)-Gabe_Food triggered Sam, Loyal Attendant targeting [Ai(3)-Gabe_Food]
Resolve Stack: Partner with Frodo, Adventurous Hobbit (When this creature enters, target player may put Frodo into their hand from their library, then shuffle.) (Targeting: [[Ai(3)-Gabe_Food]]) [Zone Changer: Sam, Loyal Attendant (303)]
Phase: Ai(3)-Gabe_Food's End step
Phase: Ai(3)-Gabe_Food's Cleanup step
Turn: Turn 17 (Ai(4)-Destyn_Turtles)
Phase: Ai(4)-Destyn_Turtles' Untap step
Phase: Ai(4)-Destyn_Turtles' Upkeep step
Phase: Ai(4)-Destyn_Turtles' Draw step
Phase: Ai(4)-Destyn_Turtles' Main phase, precombat
Phase: Ai(4)-Destyn_Turtles' Beginning of Combat Step
Phase: Ai(4)-Destyn_Turtles' Declare Attackers Step
Combat: Ai(4)-Destyn_Turtles assigned Michelangelo, the Heart (402) and Leonardo, the Balance (404) to attack Ai(2)-Jaymie_Ezio.
Phase: Ai(4)-Destyn_Turtles' Declare Blockers Step
Combat: Ai(2)-Jaymie_Ezio assigned Shao Jun (183) to block Michelangelo, the Heart (402).
Ai(2)-Jaymie_Ezio didn't block Leonardo, the Balance (404).
Phase: Ai(4)-Destyn_Turtles' First Strike Damage Step
Phase: Ai(4)-Destyn_Turtles' Combat Damage Step
Damage: Michelangelo, the Heart (402) deals 1 combat damage to Ai(2)-Jaymie_Ezio.
Damage: Michelangelo, the Heart (402) deals 3 damage to Shao Jun (183).
Damage: Leonardo, the Balance (404) deals 3 combat damage to Ai(2)-Jaymie_Ezio.
Damage: Shao Jun (183) deals 3 damage to Michelangelo, the Heart (402).
Life: Life: Ai(2)-Jaymie_Ezio 40 > 36
Zone Change: Michelangelo, the Heart (402) was put into Graveyard from Battlefield.
Zone Change: Shao Jun (183) was put into Graveyard from Battlefield.
Phase: Ai(4)-Destyn_Turtles' End of Combat Step
Phase: Ai(4)-Destyn_Turtles' Main phase, postcombat
Mana: Spire Garden (392) - {T}: Add {R} or {G}.
Mana: Island (332) - {T}: Add {U}.
Mana: Path of Ancestry (315) - {T}: Add one mana of any color in your commander's color identity. When that mana is spent to cast a creature spell that shares a creature type with your commander, scry 1. (Look at the top card of your library. You may put that card on the bottom.)
Add To Stack: Ai(4)-Destyn_Turtles cast Rocksteady, Mutant Marauder
Add To Stack: Ai(4)-Destyn_Turtles triggered Path of Ancestry
Resolve Stack: Ai(4)-Destyn_Turtles scried 1 card(s) to the top of the library
Resolve Stack: When mana produced by Path of Ancestry is spent to cast a creature spell that shares a creature type with your commander, scry 1. ([Rocksteady, Mutant Marauder - Creature 3 / 3]) [Card: Rocksteady, Mutant Marauder (385), Activator: Ai(4)-Destyn_Turtles, SpellAbility: Rocksteady, Mutant Marauder - Creature 3 / 3]
Resolve Stack: Rocksteady, Mutant Marauder - Creature 3 / 3
Add To Stack: Ai(4)-Destyn_Turtles triggered Rocksteady, Mutant Marauder targeting [Ai(4)-Destyn_Turtles]
Resolve Stack: Partner with Bebop, Skull & Crossbones (When this creature enters, target player may put Bebop into their hand from their library, then shuffle.) (Targeting: [[Ai(4)-Destyn_Turtles]]) [Zone Changer: Rocksteady, Mutant Marauder (385)]
Phase: Ai(4)-Destyn_Turtles' End step
Phase: Ai(4)-Destyn_Turtles' Cleanup step
Turn: Turn 18 (Ai(1)-GGS_Oni_diagnostic)
Phase: Ai(1)-GGS_Oni_diagnostic's Untap step
Phase: Ai(1)-GGS_Oni_diagnostic's Upkeep step
Phase: Ai(1)-GGS_Oni_diagnostic's Draw step
Phase: Ai(1)-GGS_Oni_diagnostic's Main phase, precombat
Land: Ai(1)-GGS_Oni_diagnostic played Swamp (82)
Mana: Xander's Lounge (86) - {T}: Add {R}.
Mana: Malakir Mire (5) - {T}: Add {B}.
Add To Stack: Ai(1)-GGS_Oni_diagnostic cast Loyal Apprentice
Resolve Stack: Loyal Apprentice - Creature 2 / 1
Phase: Ai(1)-GGS_Oni_diagnostic's Beginning of Combat Step
Phase: Ai(1)-GGS_Oni_diagnostic's Declare Attackers Step
Phase: Ai(1)-GGS_Oni_diagnostic's Declare Blockers Step
Phase: Ai(1)-GGS_Oni_diagnostic's First Strike Damage Step
Phase: Ai(1)-GGS_Oni_diagnostic's Combat Damage Step
Phase: Ai(1)-GGS_Oni_diagnostic's End of Combat Step
Phase: Ai(1)-GGS_Oni_diagnostic's Main phase, postcombat
Phase: Ai(1)-GGS_Oni_diagnostic's End step
Phase: Ai(1)-GGS_Oni_diagnostic's Cleanup step
Turn: Turn 19 (Ai(2)-Jaymie_Ezio)
Phase: Ai(2)-Jaymie_Ezio's Untap step
Phase: Ai(2)-Jaymie_Ezio's Upkeep step
Phase: Ai(2)-Jaymie_Ezio's Draw step
Phase: Ai(2)-Jaymie_Ezio's Main phase, precombat
Land: Ai(2)-Jaymie_Ezio played Forest (137)
Phase: Ai(2)-Jaymie_Ezio's Beginning of Combat Step
Phase: Ai(2)-Jaymie_Ezio's Declare Attackers Step
Phase: Ai(2)-Jaymie_Ezio's Declare Blockers Step
Phase: Ai(2)-Jaymie_Ezio's First Strike Damage Step
Phase: Ai(2)-Jaymie_Ezio's Combat Damage Step
Phase: Ai(2)-Jaymie_Ezio's End of Combat Step
Phase: Ai(2)-Jaymie_Ezio's Main phase, postcombat
Mana: Island (134) - {T}: Add {U}.
Mana: Forest (137) - {T}: Add {G}.
Mana: Plains (191) - {T}: Add {W}.
Add To Stack: Ai(2)-Jaymie_Ezio cast Lydia Frye
Resolve Stack: Lydia Frye - Creature 3 / 2
Phase: Ai(2)-Jaymie_Ezio's End step
Add To Stack: Ai(2)-Jaymie_Ezio triggered Lydia Frye
Resolve Stack: At the beginning of your end step, surveil X, where X is the number of tapped Assassins you control. (Look at the top X cards of your library, then put any number of them into your graveyard and the rest on top of your library in any order.) [Phase: Ai(2)-Jaymie_Ezio]
Phase: Ai(2)-Jaymie_Ezio's Cleanup step
Turn: Turn 20 (Ai(3)-Gabe_Food)
Phase: Ai(3)-Gabe_Food's Untap step
Phase: Ai(3)-Gabe_Food's Upkeep step
Phase: Ai(3)-Gabe_Food's Draw step
Phase: Ai(3)-Gabe_Food's Main phase, precombat
Mana: Forest (238) - {T}: Add {G}.
Mana: Forest (241) - {T}: Add {G}.
Mana: Isolated Chapel (245) - {T}: Add {W} or {B}.
Mana: Scattered Groves (248) - {T}: Add {G}.
Add To Stack: Ai(3)-Gabe_Food cast Assemble the Entmoot
Resolve Stack: Assemble the Entmoot
Phase: Ai(3)-Gabe_Food's Beginning of Combat Step
Add To Stack: Ai(3)-Gabe_Food triggered Sam, Loyal Attendant
Resolve Stack: At the beginning of combat on your turn, create a Food token. (It's an artifact with "{2}, {T}, Sacrifice this token: You gain 3 life.") [Phase: Ai(3)-Gabe_Food]
Phase: Ai(3)-Gabe_Food's Declare Attackers Step
Phase: Ai(3)-Gabe_Food's Declare Blockers Step
Phase: Ai(3)-Gabe_Food's First Strike Damage Step
Phase: Ai(3)-Gabe_Food's Combat Damage Step
Phase: Ai(3)-Gabe_Food's End of Combat Step
Phase: Ai(3)-Gabe_Food's Main phase, postcombat
Phase: Ai(3)-Gabe_Food's End step
Phase: Ai(3)-Gabe_Food's Cleanup step
Turn: Turn 21 (Ai(4)-Destyn_Turtles)
Phase: Ai(4)-Destyn_Turtles' Untap step
Phase: Ai(4)-Destyn_Turtles' Upkeep step
Phase: Ai(4)-Destyn_Turtles' Draw step
Phase: Ai(4)-Destyn_Turtles' Main phase, precombat
Land: Ai(4)-Destyn_Turtles played Forest (341)
Mana: Forest (341) - {T}: Add {G}.
Mana: Spire Garden (392) - {T}: Add {R} or {G}.
Mana: Island (332) - {T}: Add {U}.
Mana: Path of Ancestry (315) - {T}: Add one mana of any color in your commander's color identity. When that mana is spent to cast a creature spell that shares a creature type with your commander, scry 1. (Look at the top card of your library. You may put that card on the bottom.)
Mana: Command Tower (331) - {T}: Add one mana of any color in your commander's color identity.
Add To Stack: Ai(4)-Destyn_Turtles cast Acidic Slime
Resolve Stack: Acidic Slime - Creature 2 / 2
Add To Stack: Ai(4)-Destyn_Turtles triggered Acidic Slime targeting [Assemble the Entmoot (203)]
Add To Stack: Ai(4)-Destyn_Turtles triggered Rocksteady, Mutant Marauder targeting [Leonardo, the Balance (404)]
Resolve Stack: Whenever another nontoken creature you control enters, put a +1/+1 counter on target creature. (Targeting: [[Leonardo, the Balance (404)]]) [Zone Changer: Acidic Slime (365)]
Zone Change: Assemble the Entmoot (203) was put into Graveyard from Battlefield.
Resolve Stack: When Acidic Slime enters, destroy target artifact, enchantment, or land. (Targeting: [[Assemble the Entmoot (203)]]) [Zone Changer: Acidic Slime (365)]
Phase: Ai(4)-Destyn_Turtles' Beginning of Combat Step
Phase: Ai(4)-Destyn_Turtles' Declare Attackers Step
Combat: Ai(4)-Destyn_Turtles assigned Leonardo, the Balance (404) to attack Ai(3)-Gabe_Food.
Phase: Ai(4)-Destyn_Turtles' Declare Blockers Step
Combat: Ai(3)-Gabe_Food didn't block Leonardo, the Balance (404).
Phase: Ai(4)-Destyn_Turtles' First Strike Damage Step
Phase: Ai(4)-Destyn_Turtles' Combat Damage Step
Damage: Leonardo, the Balance (404) deals 4 combat damage to Ai(3)-Gabe_Food.
Life: Life: Ai(3)-Gabe_Food 40 > 36
Phase: Ai(4)-Destyn_Turtles' End of Combat Step
Phase: Ai(4)-Destyn_Turtles' Main phase, postcombat
Phase: Ai(4)-Destyn_Turtles' End step
Phase: Ai(4)-Destyn_Turtles' Cleanup step
Turn: Turn 22 (Ai(1)-GGS_Oni_diagnostic)
Phase: Ai(1)-GGS_Oni_diagnostic's Untap step
Phase: Ai(1)-GGS_Oni_diagnostic's Upkeep step
Phase: Ai(1)-GGS_Oni_diagnostic's Draw step
Phase: Ai(1)-GGS_Oni_diagnostic's Main phase, precombat
Replacement Effect: As Steam Vents enters, you may pay 2 life. If you don't, it enters tapped.
Land: Ai(1)-GGS_Oni_diagnostic played Steam Vents (43)
Phase: Ai(1)-GGS_Oni_diagnostic's Beginning of Combat Step
Phase: Ai(1)-GGS_Oni_diagnostic's Declare Attackers Step
Phase: Ai(1)-GGS_Oni_diagnostic's Declare Blockers Step
Phase: Ai(1)-GGS_Oni_diagnostic's First Strike Damage Step
Phase: Ai(1)-GGS_Oni_diagnostic's Combat Damage Step
Phase: Ai(1)-GGS_Oni_diagnostic's End of Combat Step
Phase: Ai(1)-GGS_Oni_diagnostic's Main phase, postcombat
Mana: Xander's Lounge (86) - {T}: Add {R}.
Mana: Watery Grave (71) - {T}: Add {U}.
Mana: Malakir Mire (5) - {T}: Add {B}.
Add To Stack: Ai(1)-GGS_Oni_diagnostic cast Goro-Goro and Satoru
Resolve Stack: Goro-Goro and Satoru - Creature 3 / 4
Phase: Ai(1)-GGS_Oni_diagnostic's End step
Phase: Ai(1)-GGS_Oni_diagnostic's Cleanup step
Turn: Turn 23 (Ai(2)-Jaymie_Ezio)
Phase: Ai(2)-Jaymie_Ezio's Untap step
Phase: Ai(2)-Jaymie_Ezio's Upkeep step
Phase: Ai(2)-Jaymie_Ezio's Draw step
Phase: Ai(2)-Jaymie_Ezio's Main phase, precombat
Phase: Ai(2)-Jaymie_Ezio's Beginning of Combat Step
Phase: Ai(2)-Jaymie_Ezio's Declare Attackers Step
Phase: Ai(2)-Jaymie_Ezio's Declare Blockers Step
Phase: Ai(2)-Jaymie_Ezio's First Strike Damage Step
Phase: Ai(2)-Jaymie_Ezio's Combat Damage Step
Phase: Ai(2)-Jaymie_Ezio's End of Combat Step
Phase: Ai(2)-Jaymie_Ezio's Main phase, postcombat
Mana: Plains (191) - {T}: Add {W}.
Mana: Island (134) - {T}: Add {U}.
Mana: Mountain (189) - {T}: Add {R}.
Discard: Ai(2)-Jaymie_Ezio discards Perilous Landscape (127).
Add To Stack: Ai(2)-Jaymie_Ezio activated Perilous Landscape
Resolve Stack: Perilous Landscape (127) - Ai(2)-Jaymie_Ezio draws a card.
Phase: Ai(2)-Jaymie_Ezio's End step
Add To Stack: Ai(2)-Jaymie_Ezio triggered Lydia Frye
Resolve Stack: At the beginning of your end step, surveil X, where X is the number of tapped Assassins you control. (Look at the top X cards of your library, then put any number of them into your graveyard and the rest on top of your library in any order.) [Phase: Ai(2)-Jaymie_Ezio]
Phase: Ai(2)-Jaymie_Ezio's Cleanup step
Turn: Turn 24 (Ai(3)-Gabe_Food)
Phase: Ai(3)-Gabe_Food's Untap step
Phase: Ai(3)-Gabe_Food's Upkeep step
Phase: Ai(3)-Gabe_Food's Draw step
Phase: Ai(3)-Gabe_Food's Main phase, precombat
Mana: Isolated Chapel (245) - {T}: Add {W} or {B}.
Mana: Forest (238) - {T}: Add {G}.
Mana: Forest (241) - {T}: Add {G}.
Add To Stack: Ai(3)-Gabe_Food cast Mentor of the Meek
Resolve Stack: Mentor of the Meek - Creature 2 / 2
Phase: Ai(3)-Gabe_Food's Beginning of Combat Step
Add To Stack: Ai(3)-Gabe_Food triggered Sam, Loyal Attendant
Resolve Stack: At the beginning of combat on your turn, create a Food token. (It's an artifact with "{2}, {T}, Sacrifice this token: You gain 3 life.") [Phase: Ai(3)-Gabe_Food]
Phase: Ai(3)-Gabe_Food's Declare Attackers Step
Phase: Ai(3)-Gabe_Food's Declare Blockers Step
Phase: Ai(3)-Gabe_Food's First Strike Damage Step
Phase: Ai(3)-Gabe_Food's Combat Damage Step
Phase: Ai(3)-Gabe_Food's End of Combat Step
Phase: Ai(3)-Gabe_Food's Main phase, postcombat
Replacement Effect: Graypelt Refuge enters tapped.
Land: Ai(3)-Gabe_Food played Graypelt Refuge (246)
Add To Stack: Ai(3)-Gabe_Food triggered Graypelt Refuge
Life: Life: Ai(3)-Gabe_Food 36 > 37
Resolve Stack: When Graypelt Refuge enters, you gain 1 life. [Zone Changer: Graypelt Refuge (246)]
Phase: Ai(3)-Gabe_Food's End step
Phase: Ai(3)-Gabe_Food's Cleanup step
Turn: Turn 25 (Ai(4)-Destyn_Turtles)
Phase: Ai(4)-Destyn_Turtles' Untap step
Phase: Ai(4)-Destyn_Turtles' Upkeep step
Mana: Path of Ancestry (315) - {T}: Add one mana of any color in your commander's color identity. When that mana is spent to cast a creature spell that shares a creature type with your commander, scry 1. (Look at the top card of your library. You may put that card on the bottom.)
Mana: Command Tower (331) - {T}: Add one mana of any color in your commander's color identity.
Mana: Island (332) - {T}: Add {U}.
Mana: Spire Garden (392) - {T}: Add {R} or {G}.
Mana: Forest (341) - {T}: Add {G}.
Add To Stack: Ai(4)-Destyn_Turtles activated Leonardo, the Balance
Resolve Stack: Leonardo, the Balance (404) - Creatures you control gain menace, trample, and lifelink until end of turn.
Phase: Ai(4)-Destyn_Turtles' Draw step
Phase: Ai(4)-Destyn_Turtles' Main phase, precombat
Replacement Effect: Rootbound Crag enters tapped unless you control a Mountain or a Forest.
Land: Ai(4)-Destyn_Turtles played Rootbound Crag (396)
Phase: Ai(4)-Destyn_Turtles' Beginning of Combat Step
Phase: Ai(4)-Destyn_Turtles' Declare Attackers Step
Combat: Ai(4)-Destyn_Turtles assigned Leonardo, the Balance (404) and Acidic Slime (365) to attack Ai(3)-Gabe_Food.
Phase: Ai(4)-Destyn_Turtles' Declare Blockers Step
Combat: Ai(3)-Gabe_Food assigned Mentor of the Meek (279) and Sam, Loyal Attendant (303) to block Leonardo, the Balance (404).
Ai(3)-Gabe_Food didn't block Acidic Slime (365).
Phase: Ai(4)-Destyn_Turtles' First Strike Damage Step
Phase: Ai(4)-Destyn_Turtles' Combat Damage Step
Damage: Leonardo, the Balance (404) deals 4 damage to Sam, Loyal Attendant (303).
Life: Life: Ai(4)-Destyn_Turtles 40 > 44
Damage: Acidic Slime (365) deals 2 combat damage to Ai(3)-Gabe_Food.
Life: Life: Ai(4)-Destyn_Turtles 44 > 46
Damage: Mentor of the Meek (279) deals 2 damage to Leonardo, the Balance (404).
Damage: Sam, Loyal Attendant (303) deals 2 damage to Leonardo, the Balance (404).
Life: Life: Ai(3)-Gabe_Food 37 > 35
Zone Change: Leonardo, the Balance (404) was put into Graveyard from Battlefield.
Zone Change: Sam, Loyal Attendant (303) was put into Graveyard from Battlefield.
Phase: Ai(4)-Destyn_Turtles' End of Combat Step
Phase: Ai(4)-Destyn_Turtles' Main phase, postcombat
Phase: Ai(4)-Destyn_Turtles' End step
Phase: Ai(4)-Destyn_Turtles' Cleanup step
Turn: Turn 26 (Ai(1)-GGS_Oni_diagnostic)
Phase: Ai(1)-GGS_Oni_diagnostic's Untap step
Phase: Ai(1)-GGS_Oni_diagnostic's Upkeep step
Phase: Ai(1)-GGS_Oni_diagnostic's Draw step
Add To Stack: Ai(1)-GGS_Oni_diagnostic cast Deadly Rollick targeting [Rocksteady, Mutant Marauder (385)]
Zone Change: Rocksteady, Mutant Marauder (385) was put into Exile from Battlefield.
Resolve Stack: Deadly Rollick (59) - Exile Rocksteady, Mutant Marauder (385).
Phase: Ai(1)-GGS_Oni_diagnostic's Main phase, precombat
Phase: Ai(1)-GGS_Oni_diagnostic's Beginning of Combat Step
Add To Stack: Ai(1)-GGS_Oni_diagnostic triggered Loyal Apprentice
Resolve Stack: Lieutenant — At the beginning of combat on your turn, if you control your commander, create a 1/1 colorless Thopter artifact creature token with flying. That token gains haste until end of turn. [Phase: Ai(1)-GGS_Oni_diagnostic]
Phase: Ai(1)-GGS_Oni_diagnostic's Declare Attackers Step
Combat: Ai(1)-GGS_Oni_diagnostic assigned Goro-Goro and Satoru (100), Loyal Apprentice (1) and Thopter Token (445) to attack Ai(4)-Destyn_Turtles.
Phase: Ai(1)-GGS_Oni_diagnostic's Declare Blockers Step
Combat: Ai(4)-Destyn_Turtles didn't block Goro-Goro and Satoru (100).
Ai(4)-Destyn_Turtles didn't block Loyal Apprentice (1).
Ai(4)-Destyn_Turtles didn't block Thopter Token (445).
Mana: Watery Grave (71) - {T}: Add {U}.
Mana: Malakir Mire (5) - {T}: Add {B}.
Mana: Swamp (82) - {T}: Add {B}.
Mana: Gloomlake Verge (24) - {T}: Add {B}. Activate only if you control an Island or a Swamp.
Mana: Steam Vents (43) - {T}: Add {R}.
Mana: Xander's Lounge (86) - {T}: Add {R}.
Add To Stack: Ai(1)-GGS_Oni_diagnostic activated Silent-Blade Oni
Resolve Stack: Silent-Blade Oni (78) - Ai(1)-GGS_Oni_diagnostic puts Silent-Blade Oni (78) from their hand onto the battlefield tapped and attacking.
Phase: Ai(1)-GGS_Oni_diagnostic's First Strike Damage Step
Phase: Ai(1)-GGS_Oni_diagnostic's Combat Damage Step
Damage: Goro-Goro and Satoru (100) deals 3 combat damage to Ai(4)-Destyn_Turtles.
Damage: Loyal Apprentice (1) deals 2 combat damage to Ai(4)-Destyn_Turtles.
Damage: Silent-Blade Oni (78) deals 6 combat damage to Ai(4)-Destyn_Turtles.
Life: Life: Ai(4)-Destyn_Turtles 46 > 35
Add To Stack: Ai(1)-GGS_Oni_diagnostic triggered Silent-Blade Oni
Add To Stack: Ai(1)-GGS_Oni_diagnostic triggered Goro-Goro and Satoru
Resolve Stack: Whenever one or more creatures you control that entered this turn deal combat damage to a player, create a 5/5 red Dragon Spirit creature token with flying. [Damaged: Ai(4)-Destyn_Turtles, Amount: 6]
Add To Stack: Ai(1)-GGS_Oni_diagnostic cast Raphael, the Muscle
Resolve Stack: Whenever Silent-Blade Oni deals combat damage to a player, look at that player's hand. You may cast a spell from among those cards without paying its mana cost. [Damage Source: Silent-Blade Oni (78), Damaged: Ai(4)-Destyn_Turtles, Amount: 6]
Resolve Stack: Raphael, the Muscle - Creature 4 / 4
Add To Stack: Ai(1)-GGS_Oni_diagnostic triggered Raphael, the Muscle
Resolve Stack: When Raphael enters, create a Mutagen token. [Zone Changer: Raphael, the Muscle (378)]
Phase: Ai(1)-GGS_Oni_diagnostic's End of Combat Step
Phase: Ai(1)-GGS_Oni_diagnostic's Main phase, postcombat
Phase: Ai(1)-GGS_Oni_diagnostic's End step
Phase: Ai(1)-GGS_Oni_diagnostic's Cleanup step
Turn: Turn 27 (Ai(2)-Jaymie_Ezio)
Phase: Ai(2)-Jaymie_Ezio's Untap step
Phase: Ai(2)-Jaymie_Ezio's Upkeep step
Phase: Ai(2)-Jaymie_Ezio's Draw step
Phase: Ai(2)-Jaymie_Ezio's Main phase, precombat
Mana: Forest (137) - {T}: Add {G}.
Mana: Island (134) - {T}: Add {U}.
Mana: Plains (191) - {T}: Add {W}.
Add To Stack: Ai(2)-Jaymie_Ezio cast 
Resolve Stack: Disguise - Creature 2/2
Phase: Ai(2)-Jaymie_Ezio's Beginning of Combat Step
Phase: Ai(2)-Jaymie_Ezio's Declare Attackers Step
Combat: Ai(2)-Jaymie_Ezio assigned Lydia Frye (186) to attack Ai(1)-GGS_Oni_diagnostic.
Phase: Ai(2)-Jaymie_Ezio's Declare Blockers Step
Combat: Ai(1)-GGS_Oni_diagnostic didn't block Lydia Frye (186).
Phase: Ai(2)-Jaymie_Ezio's First Strike Damage Step
Phase: Ai(2)-Jaymie_Ezio's Combat Damage Step
Damage: Lydia Frye (186) deals 3 combat damage to Ai(1)-GGS_Oni_diagnostic.
Life: Life: Ai(1)-GGS_Oni_diagnostic 34 > 31
Phase: Ai(2)-Jaymie_Ezio's End of Combat Step
Phase: Ai(2)-Jaymie_Ezio's Main phase, postcombat
Phase: Ai(2)-Jaymie_Ezio's End step
Add To Stack: Ai(2)-Jaymie_Ezio triggered Lydia Frye
Resolve Stack: Ai(2)-Jaymie_Ezio surveiled 1 card(s) to the top of the library
Resolve Stack: At the beginning of your end step, surveil X, where X is the number of tapped Assassins you control. (Look at the top X cards of your library, then put any number of them into your graveyard and the rest on top of your library in any order.) [Phase: Ai(2)-Jaymie_Ezio]
Phase: Ai(2)-Jaymie_Ezio's Cleanup step
Turn: Turn 28 (Ai(3)-Gabe_Food)
Phase: Ai(3)-Gabe_Food's Untap step
Phase: Ai(3)-Gabe_Food's Upkeep step
Phase: Ai(3)-Gabe_Food's Draw step
Phase: Ai(3)-Gabe_Food's Main phase, precombat
Land: Ai(3)-Gabe_Food played Swamp (264)
Mana: Isolated Chapel (245) - {T}: Add {W} or {B}.
Mana: Forest (238) - {T}: Add {G}.
Mana: Forest (241) - {T}: Add {G}.
Mana: Swamp (264) - {T}: Add {B}.
Mana: Graypelt Refuge (246) - {T}: Add {G} or {W}.
Add To Stack: Ai(3)-Gabe_Food cast Sam, Loyal Attendant
Resolve Stack: Sam, Loyal Attendant - Creature 2 / 4
Add To Stack: Ai(3)-Gabe_Food triggered Sam, Loyal Attendant targeting [Ai(3)-Gabe_Food]
Add To Stack: Ai(3)-Gabe_Food triggered Mentor of the Meek
Mana: Scattered Groves (248) - {T}: Add {G}.
Resolve Stack: Whenever another creature you control with power 2 or less enters, you may pay {1}. If you do, draw a card. [Zone Changer: Sam, Loyal Attendant (303)]
Resolve Stack: Partner with Frodo, Adventurous Hobbit (When this creature enters, target player may put Frodo into their hand from their library, then shuffle.) (Targeting: [[Ai(3)-Gabe_Food]]) [Zone Changer: Sam, Loyal Attendant (303)]
Phase: Ai(3)-Gabe_Food's Beginning of Combat Step
Add To Stack: Ai(3)-Gabe_Food triggered Sam, Loyal Attendant
Resolve Stack: At the beginning of combat on your turn, create a Food token. (It's an artifact with "{2}, {T}, Sacrifice this token: You gain 3 life.") [Phase: Ai(3)-Gabe_Food]
Phase: Ai(3)-Gabe_Food's Declare Attackers Step
Phase: Ai(3)-Gabe_Food's Declare Blockers Step
Phase: Ai(3)-Gabe_Food's First Strike Damage Step
Phase: Ai(3)-Gabe_Food's Combat Damage Step
Phase: Ai(3)-Gabe_Food's End of Combat Step
Phase: Ai(3)-Gabe_Food's Main phase, postcombat
Phase: Ai(3)-Gabe_Food's End step
Phase: Ai(3)-Gabe_Food's Cleanup step
Turn: Turn 29 (Ai(4)-Destyn_Turtles)
Phase: Ai(4)-Destyn_Turtles' Untap step
Phase: Ai(4)-Destyn_Turtles' Upkeep step
Phase: Ai(4)-Destyn_Turtles' Draw step
Phase: Ai(4)-Destyn_Turtles' Main phase, precombat
Mana: Path of Ancestry (315) - {T}: Add one mana of any color in your commander's color identity. When that mana is spent to cast a creature spell that shares a creature type with your commander, scry 1. (Look at the top card of your library. You may put that card on the bottom.)
Mana: Command Tower (331) - {T}: Add one mana of any color in your commander's color identity.
Add To Stack: Ai(4)-Destyn_Turtles cast Vanquish the Horde
Zone Change: Raphael, the Muscle (378) was put into Graveyard from Battlefield.
Zone Change: Acidic Slime (365) was put into Graveyard from Battlefield.
Zone Change: Loyal Apprentice (1) was put into Graveyard from Battlefield.
Zone Change: Goro-Goro and Satoru (100) was put into Graveyard from Battlefield.
Zone Change: Silent-Blade Oni (78) was put into Graveyard from Battlefield.
Zone Change: Dragon Spirit Token (448) was put into Graveyard from Battlefield.
Zone Change: Lydia Frye (186) was put into Graveyard from Battlefield.
Zone Change: Face-down card (H4) was put into Graveyard from Battlefield.
Zone Change: Mentor of the Meek (279) was put into Graveyard from Battlefield.
Zone Change: Sam, Loyal Attendant (303) was put into Graveyard from Battlefield.
Resolve Stack: Vanquish the Horde (321) - Destroy all creatures.
Phase: Ai(4)-Destyn_Turtles' Beginning of Combat Step
Phase: Ai(4)-Destyn_Turtles' Declare Attackers Step
Phase: Ai(4)-Destyn_Turtles' Declare Blockers Step
Phase: Ai(4)-Destyn_Turtles' First Strike Damage Step
Phase: Ai(4)-Destyn_Turtles' Combat Damage Step
Phase: Ai(4)-Destyn_Turtles' End of Combat Step
Phase: Ai(4)-Destyn_Turtles' Main phase, postcombat
Mana: Spire Garden (392) - {T}: Add {R} or {G}.
Mana: Forest (341) - {T}: Add {G}.
Add To Stack: Ai(4)-Destyn_Turtles cast Tempestra, Dame of Games
Resolve Stack: Tempestra, Dame of Games - Creature 1 / 3
Phase: Ai(4)-Destyn_Turtles' End step
Phase: Ai(4)-Destyn_Turtles' Cleanup step
Turn: Turn 30 (Ai(1)-GGS_Oni_diagnostic)
Phase: Ai(1)-GGS_Oni_diagnostic's Untap step
Phase: Ai(1)-GGS_Oni_diagnostic's Upkeep step
Phase: Ai(1)-GGS_Oni_diagnostic's Draw step
Phase: Ai(1)-GGS_Oni_diagnostic's Main phase, precombat
Phase: Ai(1)-GGS_Oni_diagnostic's Beginning of Combat Step
Phase: Ai(1)-GGS_Oni_diagnostic's Declare Attackers Step
Phase: Ai(1)-GGS_Oni_diagnostic's Declare Blockers Step
Phase: Ai(1)-GGS_Oni_diagnostic's First Strike Damage Step
Phase: Ai(1)-GGS_Oni_diagnostic's Combat Damage Step
Phase: Ai(1)-GGS_Oni_diagnostic's End of Combat Step
Phase: Ai(1)-GGS_Oni_diagnostic's Main phase, postcombat
Mana: Steam Vents (43) - {T}: Add {R}.
Mana: Xander's Lounge (86) - {T}: Add {R}.
Mana: Malakir Mire (5) - {T}: Add {B}.
Mana: Swamp (82) - {T}: Add {B}.
Mana: Watery Grave (71) - {T}: Add {B}.
Add To Stack: Ai(1)-GGS_Oni_diagnostic cast Draconic Visitor
Resolve Stack: Draconic Visitor - Creature 5 / 5
Phase: Ai(1)-GGS_Oni_diagnostic's End step
Phase: Ai(1)-GGS_Oni_diagnostic's Cleanup step
Turn: Turn 31 (Ai(2)-Jaymie_Ezio)
Phase: Ai(2)-Jaymie_Ezio's Untap step
Phase: Ai(2)-Jaymie_Ezio's Upkeep step
Phase: Ai(2)-Jaymie_Ezio's Draw step
Mana: Forest (137) - {T}: Add {G}.
Mana: Island (134) - {T}: Add {U}.
Mana: Plains (191) - {T}: Add {W}.
Add To Stack: Ai(2)-Jaymie_Ezio cast Smoke Bomb
Resolve Stack: Smoke Bomb
Phase: Ai(2)-Jaymie_Ezio's Main phase, precombat
Phase: Ai(2)-Jaymie_Ezio's Beginning of Combat Step
Phase: Ai(2)-Jaymie_Ezio's Declare Attackers Step
Phase: Ai(2)-Jaymie_Ezio's Declare Blockers Step
Phase: Ai(2)-Jaymie_Ezio's First Strike Damage Step
Phase: Ai(2)-Jaymie_Ezio's Combat Damage Step
Phase: Ai(2)-Jaymie_Ezio's End of Combat Step
Phase: Ai(2)-Jaymie_Ezio's Main phase, postcombat
Phase: Ai(2)-Jaymie_Ezio's End step
Phase: Ai(2)-Jaymie_Ezio's Cleanup step
Turn: Turn 32 (Ai(3)-Gabe_Food)
Phase: Ai(3)-Gabe_Food's Untap step
Phase: Ai(3)-Gabe_Food's Upkeep step
Phase: Ai(3)-Gabe_Food's Draw step
Phase: Ai(3)-Gabe_Food's Main phase, precombat
Land: Ai(3)-Gabe_Food played Evolving Wilds (233)
Zone Change: Evolving Wilds (233) was put into Graveyard from Battlefield.
Add To Stack: Ai(3)-Gabe_Food activated Evolving Wilds
Resolve Stack: Evolving Wilds (233) - Ai(3)-Gabe_Food searches their library for a basic land card, puts it onto the battlefield tapped, then shuffles.
Mana: Forest (238) - {T}: Add {G}.
Mana: Forest (241) - {T}: Add {G}.
Add To Stack: Ai(3)-Gabe_Food cast Farseek
Resolve Stack: Farseek (229) - Ai(3)-Gabe_Food searches their library for a Plains, Island, Swamp or Mountain card, puts it onto the battlefield tapped, then shuffles.
Phase: Ai(3)-Gabe_Food's Beginning of Combat Step
Phase: Ai(3)-Gabe_Food's Declare Attackers Step
Phase: Ai(3)-Gabe_Food's Declare Blockers Step
Phase: Ai(3)-Gabe_Food's First Strike Damage Step
Phase: Ai(3)-Gabe_Food's Combat Damage Step
Phase: Ai(3)-Gabe_Food's End of Combat Step
Phase: Ai(3)-Gabe_Food's Main phase, postcombat
Mana: Graypelt Refuge (246) - {T}: Add {G} or {W}.
Mana: Isolated Chapel (245) - {T}: Add {W} or {B}.
Mana: Swamp (264) - {T}: Add {B}.
Mana: Scattered Groves (248) - {T}: Add {G}.
Add To Stack: Ai(3)-Gabe_Food cast Treebeard, Gracious Host
Resolve Stack: Treebeard, Gracious Host - Creature 0 / 5
Add To Stack: Ai(3)-Gabe_Food triggered Treebeard, Gracious Host
Resolve Stack: When Treebeard, Gracious Host enters, create two Food tokens. [Zone Changer: Treebeard, Gracious Host (281)]
Phase: Ai(3)-Gabe_Food's End step
Phase: Ai(3)-Gabe_Food's Cleanup step
Turn: Turn 33 (Ai(4)-Destyn_Turtles)
Phase: Ai(4)-Destyn_Turtles' Untap step
Phase: Ai(4)-Destyn_Turtles' Upkeep step
Phase: Ai(4)-Destyn_Turtles' Draw step
Phase: Ai(4)-Destyn_Turtles' Main phase, precombat
Mana: Path of Ancestry (315) - {T}: Add one mana of any color in your commander's color identity. When that mana is spent to cast a creature spell that shares a creature type with your commander, scry 1. (Look at the top card of your library. You may put that card on the bottom.)
Mana: Command Tower (331) - {T}: Add one mana of any color in your commander's color identity.
Mana: Island (332) - {T}: Add {U}.
Mana: Spire Garden (392) - {T}: Add {R} or {G}.
Mana: Forest (341) - {T}: Add {G}.
Add To Stack: Ai(4)-Destyn_Turtles cast Heroes in a Half Shell
Add To Stack: Ai(4)-Destyn_Turtles triggered Path of Ancestry
Resolve Stack: Ai(4)-Destyn_Turtles scried 1 card(s) to the top of the library
Resolve Stack: When mana produced by Path of Ancestry is spent to cast a creature spell that shares a creature type with your commander, scry 1. ([Heroes in a Half Shell - Creature 5 / 5]) [Card: Heroes in a Half Shell (375), Activator: Ai(4)-Destyn_Turtles, SpellAbility: Heroes in a Half Shell - Creature 5 / 5]
Resolve Stack: Heroes in a Half Shell - Creature 5 / 5
Phase: Ai(4)-Destyn_Turtles' Beginning of Combat Step
Phase: Ai(4)-Destyn_Turtles' Declare Attackers Step
Combat: Ai(4)-Destyn_Turtles assigned Heroes in a Half Shell (375) and Tempestra, Dame of Games (382) to attack Ai(3)-Gabe_Food.
Phase: Ai(4)-Destyn_Turtles' Declare Blockers Step
Combat: Ai(3)-Gabe_Food didn't block Heroes in a Half Shell (375).
Ai(3)-Gabe_Food assigned Treebeard, Gracious Host (281) to block Tempestra, Dame of Games (382).
Phase: Ai(4)-Destyn_Turtles' First Strike Damage Step
Phase: Ai(4)-Destyn_Turtles' Combat Damage Step
Damage: Heroes in a Half Shell (375) deals 5 combat damage to Ai(3)-Gabe_Food.
Damage: Tempestra, Dame of Games (382) deals 1 damage to Treebeard, Gracious Host (281).
Life: Life: Ai(3)-Gabe_Food 35 > 30
Add To Stack: Ai(4)-Destyn_Turtles triggered Heroes in a Half Shell
Resolve Stack: Whenever one or more Mutants, Ninjas, and/or Turtles you control deal combat damage to a player, put a +1/+1 counter on each of those creatures and draw a card. [Damaged: Ai(3)-Gabe_Food, Amount: 5]
Phase: Ai(4)-Destyn_Turtles' End of Combat Step
Phase: Ai(4)-Destyn_Turtles' Main phase, postcombat
Phase: Ai(4)-Destyn_Turtles' End step
Phase: Ai(4)-Destyn_Turtles' Cleanup step
Turn: Turn 34 (Ai(1)-GGS_Oni_diagnostic)
Phase: Ai(1)-GGS_Oni_diagnostic's Untap step
Phase: Ai(1)-GGS_Oni_diagnostic's Upkeep step
Phase: Ai(1)-GGS_Oni_diagnostic's Draw step
Phase: Ai(1)-GGS_Oni_diagnostic's Main phase, precombat
Mana: Malakir Mire (5) - {T}: Add {B}.
Add To Stack: Ai(1)-GGS_Oni_diagnostic cast Skullclamp
Resolve Stack: Skullclamp
Phase: Ai(1)-GGS_Oni_diagnostic's Beginning of Combat Step
Phase: Ai(1)-GGS_Oni_diagnostic's Declare Attackers Step
Combat: Ai(1)-GGS_Oni_diagnostic assigned Draconic Visitor (14) to attack Ai(4)-Destyn_Turtles.
Phase: Ai(1)-GGS_Oni_diagnostic's Declare Blockers Step
Combat: Ai(4)-Destyn_Turtles didn't block Draconic Visitor (14).
Phase: Ai(1)-GGS_Oni_diagnostic's First Strike Damage Step
Phase: Ai(1)-GGS_Oni_diagnostic's Combat Damage Step
Damage: Draconic Visitor (14) deals 5 combat damage to Ai(4)-Destyn_Turtles.
Life: Life: Ai(4)-Destyn_Turtles 35 > 30
Phase: Ai(1)-GGS_Oni_diagnostic's End of Combat Step
Phase: Ai(1)-GGS_Oni_diagnostic's Main phase, postcombat
Mana: Steam Vents (43) - {T}: Add {R}.
Mana: Xander's Lounge (86) - {T}: Add {R}.
Mana: Swamp (82) - {T}: Add {B}.
Mana: Watery Grave (71) - {T}: Add {B}.
Mana: Gloomlake Verge (24) - {T}: Add {B}. Activate only if you control an Island or a Swamp.
Add To Stack: Ai(1)-GGS_Oni_diagnostic cast Port Razer
Resolve Stack: Port Razer - Creature 4 / 4
Phase: Ai(1)-GGS_Oni_diagnostic's End step
Phase: Ai(1)-GGS_Oni_diagnostic's Cleanup step
Turn: Turn 35 (Ai(2)-Jaymie_Ezio)
Phase: Ai(2)-Jaymie_Ezio's Untap step
Phase: Ai(2)-Jaymie_Ezio's Upkeep step
Add To Stack: Ai(2)-Jaymie_Ezio triggered Smoke Bomb
Zone Change: Smoke Bomb (153) was put into Graveyard from Battlefield.
Resolve Stack: At the beginning of your upkeep, sacrifice Smoke Bomb. When you do, target creature you control can't be blocked this turn. [Phase: Ai(2)-Jaymie_Ezio]
Phase: Ai(2)-Jaymie_Ezio's Draw step
Phase: Ai(2)-Jaymie_Ezio's Main phase, precombat
Land: Ai(2)-Jaymie_Ezio played Shadowblood Ridge (156)
Phase: Ai(2)-Jaymie_Ezio's Beginning of Combat Step
Phase: Ai(2)-Jaymie_Ezio's Declare Attackers Step
Phase: Ai(2)-Jaymie_Ezio's Declare Blockers Step
Phase: Ai(2)-Jaymie_Ezio's First Strike Damage Step
Phase: Ai(2)-Jaymie_Ezio's Combat Damage Step
Phase: Ai(2)-Jaymie_Ezio's End of Combat Step
Phase: Ai(2)-Jaymie_Ezio's Main phase, postcombat
Mana: Forest (137) - {T}: Add {G}.
Mana: Island (134) - {T}: Add {U}.
Mana: Plains (191) - {T}: Add {W}.
Zone Change: Abstergo Entertainment (121) was put into Exile from Battlefield.
Add To Stack: Ai(2)-Jaymie_Ezio activated Abstergo Entertainment targeting [Aveline de Grandpré (154)]
Resolve Stack: Abstergo Entertainment (121) - Return Aveline de Grandpré (154) from the graveyard to its owner's hand. 
Phase: Ai(2)-Jaymie_Ezio's End step
Phase: Ai(2)-Jaymie_Ezio's Cleanup step
Turn: Turn 36 (Ai(3)-Gabe_Food)
Phase: Ai(3)-Gabe_Food's Untap step
Phase: Ai(3)-Gabe_Food's Upkeep step
Phase: Ai(3)-Gabe_Food's Draw step
Phase: Ai(3)-Gabe_Food's Main phase, precombat
Mana: Plains (289) - {T}: Add {W}.
Mana: Forest (238) - {T}: Add {G}.
Mana: Forest (241) - {T}: Add {G}.
Mana: Swamp (264) - {T}: Add {B}.
Mana: Swamp (262) - {T}: Add {B}.
Mana: Graypelt Refuge (246) - {T}: Add {G} or {W}.
Mana: Isolated Chapel (245) - {T}: Add {W} or {B}.
Add To Stack: Ai(3)-Gabe_Food cast Sam, Loyal Attendant
Resolve Stack: Sam, Loyal Attendant - Creature 2 / 4
Add To Stack: Ai(3)-Gabe_Food triggered Sam, Loyal Attendant targeting [Ai(3)-Gabe_Food]
Resolve Stack: Partner with Frodo, Adventurous Hobbit (When this creature enters, target player may put Frodo into their hand from their library, then shuffle.) (Targeting: [[Ai(3)-Gabe_Food]]) [Zone Changer: Sam, Loyal Attendant (303)]
Phase: Ai(3)-Gabe_Food's Beginning of Combat Step
Add To Stack: Ai(3)-Gabe_Food triggered Sam, Loyal Attendant
Resolve Stack: At the beginning of combat on your turn, create a Food token. (It's an artifact with "{2}, {T}, Sacrifice this token: You gain 3 life.") [Phase: Ai(3)-Gabe_Food]
Phase: Ai(3)-Gabe_Food's Declare Attackers Step
Phase: Ai(3)-Gabe_Food's Declare Blockers Step
Phase: Ai(3)-Gabe_Food's First Strike Damage Step
Phase: Ai(3)-Gabe_Food's Combat Damage Step
Phase: Ai(3)-Gabe_Food's End of Combat Step
Phase: Ai(3)-Gabe_Food's Main phase, postcombat
Phase: Ai(3)-Gabe_Food's End step
Phase: Ai(3)-Gabe_Food's Cleanup step
Turn: Turn 37 (Ai(4)-Destyn_Turtles)
Phase: Ai(4)-Destyn_Turtles' Untap step
Phase: Ai(4)-Destyn_Turtles' Upkeep step
Phase: Ai(4)-Destyn_Turtles' Draw step
Phase: Ai(4)-Destyn_Turtles' Main phase, precombat
Land: Ai(4)-Destyn_Turtles played Exotic Orchard (344)
Phase: Ai(4)-Destyn_Turtles' Beginning of Combat Step
Phase: Ai(4)-Destyn_Turtles' Declare Attackers Step
Combat: Ai(4)-Destyn_Turtles assigned Heroes in a Half Shell (375) to attack Ai(3)-Gabe_Food.
Phase: Ai(4)-Destyn_Turtles' Declare Blockers Step
Combat: Ai(3)-Gabe_Food didn't block Heroes in a Half Shell (375).
Phase: Ai(4)-Destyn_Turtles' First Strike Damage Step
Phase: Ai(4)-Destyn_Turtles' Combat Damage Step
Damage: Heroes in a Half Shell (375) deals 6 combat damage to Ai(3)-Gabe_Food.
Life: Life: Ai(3)-Gabe_Food 30 > 24
Add To Stack: Ai(4)-Destyn_Turtles triggered Heroes in a Half Shell
Resolve Stack: Whenever one or more Mutants, Ninjas, and/or Turtles you control deal combat damage to a player, put a +1/+1 counter on each of those creatures and draw a card. [Damaged: Ai(3)-Gabe_Food, Amount: 6]
Phase: Ai(4)-Destyn_Turtles' End of Combat Step
Phase: Ai(4)-Destyn_Turtles' Main phase, postcombat
Mana: Exotic Orchard (344) - {T}: Add one mana of any color that a land an opponent controls could produce.
Mana: Path of Ancestry (315) - {T}: Add one mana of any color in your commander's color identity. When that mana is spent to cast a creature spell that shares a creature type with your commander, scry 1. (Look at the top card of your library. You may put that card on the bottom.)
Mana: Island (332) - {T}: Add {U}.
Mana: Forest (341) - {T}: Add {G}.
Mana: Spire Garden (392) - {T}: Add {R} or {G}.
Add To Stack: Ai(4)-Destyn_Turtles cast Shredder, Shadow Master
Add To Stack: Ai(4)-Destyn_Turtles triggered Path of Ancestry
Resolve Stack: Ai(4)-Destyn_Turtles scried 1 card(s) to the top of the library
Resolve Stack: When mana produced by Path of Ancestry is spent to cast a creature spell that shares a creature type with your commander, scry 1. ([Shredder, Shadow Master - Creature 5 / 5]) [Card: Shredder, Shadow Master (307), Activator: Ai(4)-Destyn_Turtles, SpellAbility: Shredder, Shadow Master - Creature 5 / 5]
Resolve Stack: Shredder, Shadow Master - Creature 5 / 5
Mana: Command Tower (331) - {T}: Add one mana of any color in your commander's color identity.
Mana: Rootbound Crag (396) - {T}: Add {R} or {G}.
Add To Stack: Ai(4)-Destyn_Turtles cast Bebop, Skull & Crossbones
Resolve Stack: Bebop, Skull & Crossbones - Creature 2 / 1
Add To Stack: Ai(4)-Destyn_Turtles triggered Bebop, Skull & Crossbones targeting [Ai(4)-Destyn_Turtles]
Resolve Stack: Partner with Rocksteady, Mutant Marauder (When this creature enters, target player may put Rocksteady into their hand from their library, then shuffle.) (Targeting: [[Ai(4)-Destyn_Turtles]]) [Zone Changer: Bebop, Skull & Crossbones (318)]
Phase: Ai(4)-Destyn_Turtles' End step
Phase: Ai(4)-Destyn_Turtles' Cleanup step
Turn: Turn 38 (Ai(1)-GGS_Oni_diagnostic)
Phase: Ai(1)-GGS_Oni_diagnostic's Untap step
Phase: Ai(1)-GGS_Oni_diagnostic's Upkeep step
Phase: Ai(1)-GGS_Oni_diagnostic's Draw step
Phase: Ai(1)-GGS_Oni_diagnostic's Main phase, precombat
Mana: Malakir Mire (5) - {T}: Add {B}.
Add To Stack: Ai(1)-GGS_Oni_diagnostic activated Skullclamp targeting [Draconic Visitor (14)]
Resolve Stack: Skullclamp (38) -  Attach to Draconic Visitor (14)
Phase: Ai(1)-GGS_Oni_diagnostic's Beginning of Combat Step
Phase: Ai(1)-GGS_Oni_diagnostic's Declare Attackers Step
Combat: Ai(1)-GGS_Oni_diagnostic assigned Draconic Visitor (14) to attack Ai(4)-Destyn_Turtles.
Phase: Ai(1)-GGS_Oni_diagnostic's Declare Blockers Step
Combat: Ai(4)-Destyn_Turtles didn't block Draconic Visitor (14).
Phase: Ai(1)-GGS_Oni_diagnostic's First Strike Damage Step
Phase: Ai(1)-GGS_Oni_diagnostic's Combat Damage Step
Damage: Draconic Visitor (14) deals 6 combat damage to Ai(4)-Destyn_Turtles.
Life: Life: Ai(4)-Destyn_Turtles 30 > 24
Phase: Ai(1)-GGS_Oni_diagnostic's End of Combat Step
Phase: Ai(1)-GGS_Oni_diagnostic's Main phase, postcombat
Mana: Watery Grave (71) - {T}: Add {U}.
Mana: Swamp (82) - {T}: Add {B}.
Mana: Gloomlake Verge (24) - {T}: Add {B}. Activate only if you control an Island or a Swamp.
Mana: Steam Vents (43) - {T}: Add {R}.
Add To Stack: Ai(1)-GGS_Oni_diagnostic cast Kaito, Bane of Nightmares
Replacement Effect: Kaito, Bane of Nightmares enters with four loyalty counters on it.
Resolve Stack: Kaito, Bane of Nightmares
Add To Stack: Ai(1)-GGS_Oni_diagnostic activated Kaito, Bane of Nightmares
Resolve Stack: Ai(1)-GGS_Oni_diagnostic surveiled 2 card(s) to the top of the library
Resolve Stack: Kaito, Bane of Nightmares (55) - Ai(1)-GGS_Oni_diagnostic surveils (2). Ai(1)-GGS_Oni_diagnostic draws a card.
Mana: Xander's Lounge (86) - {T}: Add {R}.
Add To Stack: Ai(1)-GGS_Oni_diagnostic cast Gingerbrute
Resolve Stack: Gingerbrute - Creature 1 / 1
Phase: Ai(1)-GGS_Oni_diagnostic's End step
Phase: Ai(1)-GGS_Oni_diagnostic's Cleanup step
Turn: Turn 39 (Ai(2)-Jaymie_Ezio)
Phase: Ai(2)-Jaymie_Ezio's Untap step
Phase: Ai(2)-Jaymie_Ezio's Upkeep step
Phase: Ai(2)-Jaymie_Ezio's Draw step
Phase: Ai(2)-Jaymie_Ezio's Main phase, precombat
Mana: Forest (137) - {T}: Add {G}.
Mana: Island (134) - {T}: Add {U}.
Mana: Mountain (189) - {T}: Add {R}.
Add To Stack: Ai(2)-Jaymie_Ezio cast 
Resolve Stack: Disguise - Creature 2/2
Phase: Ai(2)-Jaymie_Ezio's Beginning of Combat Step
Phase: Ai(2)-Jaymie_Ezio's Declare Attackers Step
Phase: Ai(2)-Jaymie_Ezio's Declare Blockers Step
Phase: Ai(2)-Jaymie_Ezio's First Strike Damage Step
Phase: Ai(2)-Jaymie_Ezio's Combat Damage Step
Phase: Ai(2)-Jaymie_Ezio's End of Combat Step
Phase: Ai(2)-Jaymie_Ezio's Main phase, postcombat
Phase: Ai(2)-Jaymie_Ezio's End step
Phase: Ai(2)-Jaymie_Ezio's Cleanup step
Turn: Turn 40 (Ai(3)-Gabe_Food)
Phase: Ai(3)-Gabe_Food's Untap step
Phase: Ai(3)-Gabe_Food's Upkeep step
Phase: Ai(3)-Gabe_Food's Draw step
Phase: Ai(3)-Gabe_Food's Main phase, precombat
Land: Ai(3)-Gabe_Food played Forest (239)
Phase: Ai(3)-Gabe_Food's Beginning of Combat Step
Add To Stack: Ai(3)-Gabe_Food triggered Sam, Loyal Attendant
Resolve Stack: At the beginning of combat on your turn, create a Food token. (It's an artifact with "{2}, {T}, Sacrifice this token: You gain 3 life.") [Phase: Ai(3)-Gabe_Food]
Phase: Ai(3)-Gabe_Food's Declare Attackers Step
Phase: Ai(3)-Gabe_Food's Declare Blockers Step
Phase: Ai(3)-Gabe_Food's First Strike Damage Step
Phase: Ai(3)-Gabe_Food's Combat Damage Step
Phase: Ai(3)-Gabe_Food's End of Combat Step
Phase: Ai(3)-Gabe_Food's Main phase, postcombat
Mana: Swamp (264) - {T}: Add {B}.
Mana: Swamp (262) - {T}: Add {B}.
Mana: Forest (238) - {T}: Add {G}.
Mana: Forest (241) - {T}: Add {G}.
Mana: Forest (239) - {T}: Add {G}.
Add To Stack: Ai(3)-Gabe_Food cast Sanguine Bond
Resolve Stack: Sanguine Bond
Mana: Graypelt Refuge (246) - {T}: Add {G} or {W}.
Mana: Plains (289) - {T}: Add {W}.
Mana: Isolated Chapel (245) - {T}: Add {W} or {B}.
Add To Stack: Ai(3)-Gabe_Food cast Merry, Warden of Isengard
Resolve Stack: Merry, Warden of Isengard - Creature 1 / 4
Add To Stack: Ai(3)-Gabe_Food triggered Merry, Warden of Isengard targeting [Ai(3)-Gabe_Food]
Resolve Stack: Partner with Pippin, Warden of Isengard (When this creature enters, target player may put Pippin into their hand from their library, then shuffle.) (Targeting: [[Ai(3)-Gabe_Food]]) [Zone Changer: Merry, Warden of Isengard (208)]
Phase: Ai(3)-Gabe_Food's End step
Phase: Ai(3)-Gabe_Food's Cleanup step
Turn: Turn 41 (Ai(4)-Destyn_Turtles)
Phase: Ai(4)-Destyn_Turtles' Untap step
Phase: Ai(4)-Destyn_Turtles' Upkeep step
Phase: Ai(4)-Destyn_Turtles' Draw step
Phase: Ai(4)-Destyn_Turtles' Main phase, precombat
Land: Ai(4)-Destyn_Turtles played Vibrant Cityscape (377)
Zone Change: Vibrant Cityscape (377) was put into Graveyard from Battlefield.
Add To Stack: Ai(4)-Destyn_Turtles activated Vibrant Cityscape
Resolve Stack: Vibrant Cityscape (377) - Ai(4)-Destyn_Turtles searches their library for a basic land card, puts it onto the battlefield tapped, then shuffles.
Phase: Ai(4)-Destyn_Turtles' Beginning of Combat Step
Phase: Ai(4)-Destyn_Turtles' Declare Attackers Step
Combat: Ai(4)-Destyn_Turtles assigned Shredder, Shadow Master (307) and Heroes in a Half Shell (375) to attack Kaito, Bane of Nightmares (55).
Phase: Ai(4)-Destyn_Turtles' Declare Blockers Step
Combat: Ai(1)-GGS_Oni_diagnostic didn't block Shredder, Shadow Master (307).
Ai(1)-GGS_Oni_diagnostic didn't block Heroes in a Half Shell (375).
Phase: Ai(4)-Destyn_Turtles' First Strike Damage Step
Phase: Ai(4)-Destyn_Turtles' Combat Damage Step
Zone Change: Kaito, Bane of Nightmares (55) was put into Graveyard from Battlefield.
Phase: Ai(4)-Destyn_Turtles' End of Combat Step
Phase: Ai(4)-Destyn_Turtles' Main phase, postcombat
Mana: Exotic Orchard (344) - {T}: Add one mana of any color that a land an opponent controls could produce.
Mana: Forest (341) - {T}: Add {G}.
Mana: Island (332) - {T}: Add {U}.
Mana: Spire Garden (392) - {T}: Add {R} or {G}.
Add To Stack: Ai(4)-Destyn_Turtles cast Corpsejack Menace
Resolve Stack: Corpsejack Menace - Creature 4 / 4
Mana: Rootbound Crag (396) - {T}: Add {R} or {G}.
Mana: Path of Ancestry (315) - {T}: Add one mana of any color in your commander's color identity. When that mana is spent to cast a creature spell that shares a creature type with your commander, scry 1. (Look at the top card of your library. You may put that card on the bottom.)
Mana: Command Tower (331) - {T}: Add one mana of any color in your commander's color identity.
Add To Stack: Ai(4)-Destyn_Turtles cast Exploding Barrel
Resolve Stack: Exploding Barrel
Phase: Ai(4)-Destyn_Turtles' End step
Phase: Ai(4)-Destyn_Turtles' Cleanup step
Turn: Turn 42 (Ai(1)-GGS_Oni_diagnostic)
Phase: Ai(1)-GGS_Oni_diagnostic's Untap step
Phase: Ai(1)-GGS_Oni_diagnostic's Upkeep step
Phase: Ai(1)-GGS_Oni_diagnostic's Draw step
Phase: Ai(1)-GGS_Oni_diagnostic's Main phase, precombat
Land: Ai(1)-GGS_Oni_diagnostic played Island (73)
Phase: Ai(1)-GGS_Oni_diagnostic's Beginning of Combat Step
Phase: Ai(1)-GGS_Oni_diagnostic's Declare Attackers Step
Combat: Ai(1)-GGS_Oni_diagnostic assigned Draconic Visitor (14) to attack Ai(4)-Destyn_Turtles.
Phase: Ai(1)-GGS_Oni_diagnostic's Declare Blockers Step
Combat: Ai(4)-Destyn_Turtles didn't block Draconic Visitor (14).
Phase: Ai(1)-GGS_Oni_diagnostic's First Strike Damage Step
Phase: Ai(1)-GGS_Oni_diagnostic's Combat Damage Step
Damage: Draconic Visitor (14) deals 6 combat damage to Ai(4)-Destyn_Turtles.
Life: Life: Ai(4)-Destyn_Turtles 24 > 18
Phase: Ai(1)-GGS_Oni_diagnostic's End of Combat Step
Phase: Ai(1)-GGS_Oni_diagnostic's Main phase, postcombat
Mana: Steam Vents (43) - {T}: Add {R}.
Mana: Island (73) - {T}: Add {U}.
Mana: Malakir Mire (5) - {T}: Add {B}.
Mana: Swamp (82) - {T}: Add {B}.
Mana: Watery Grave (71) - {T}: Add {B}.
Add To Stack: Ai(1)-GGS_Oni_diagnostic cast Goro-Goro and Satoru
Resolve Stack: Goro-Goro and Satoru - Creature 3 / 4
Mana: Xander's Lounge (86) - {T}: Add {R}.
Mana: Gloomlake Verge (24) - {T}: Add {B}. Activate only if you control an Island or a Swamp.
Add To Stack: Ai(1)-GGS_Oni_diagnostic cast Determined Iteration
Resolve Stack: Determined Iteration
Phase: Ai(1)-GGS_Oni_diagnostic's End step
Phase: Ai(1)-GGS_Oni_diagnostic's Cleanup step
Turn: Turn 43 (Ai(2)-Jaymie_Ezio)
Phase: Ai(2)-Jaymie_Ezio's Untap step
Phase: Ai(2)-Jaymie_Ezio's Upkeep step
Phase: Ai(2)-Jaymie_Ezio's Draw step
Phase: Ai(2)-Jaymie_Ezio's Main phase, precombat
Phase: Ai(2)-Jaymie_Ezio's Beginning of Combat Step
Phase: Ai(2)-Jaymie_Ezio's Declare Attackers Step
Phase: Ai(2)-Jaymie_Ezio's Declare Blockers Step
Phase: Ai(2)-Jaymie_Ezio's First Strike Damage Step
Phase: Ai(2)-Jaymie_Ezio's Combat Damage Step
Phase: Ai(2)-Jaymie_Ezio's End of Combat Step
Phase: Ai(2)-Jaymie_Ezio's Main phase, postcombat
Replacement Effect: Path of Ancestry enters tapped.
Land: Ai(2)-Jaymie_Ezio played Path of Ancestry (109)
Phase: Ai(2)-Jaymie_Ezio's End step
Phase: Ai(2)-Jaymie_Ezio's Cleanup step
Turn: Turn 44 (Ai(3)-Gabe_Food)
Phase: Ai(3)-Gabe_Food's Untap step
Phase: Ai(3)-Gabe_Food's Upkeep step
Phase: Ai(3)-Gabe_Food's Draw step
Phase: Ai(3)-Gabe_Food's Main phase, precombat
Mana: Swamp (264) - {T}: Add {B}.
Mana: Forest (238) - {T}: Add {G}.
Add To Stack: Ai(3)-Gabe_Food cast Pippin, Warden of Isengard
Resolve Stack: Pippin, Warden of Isengard - Creature 2 / 2
Add To Stack: Ai(3)-Gabe_Food triggered Pippin, Warden of Isengard targeting [Ai(3)-Gabe_Food]
Resolve Stack: Partner with Merry, Warden of Isengard (When this creature enters, target player may put Merry into their hand from their library, then shuffle.) (Targeting: [[Ai(3)-Gabe_Food]]) [Zone Changer: Pippin, Warden of Isengard (242)]
Phase: Ai(3)-Gabe_Food's Beginning of Combat Step
Add To Stack: Ai(3)-Gabe_Food triggered Sam, Loyal Attendant
Resolve Stack: At the beginning of combat on your turn, create a Food token. (It's an artifact with "{2}, {T}, Sacrifice this token: You gain 3 life.") [Phase: Ai(3)-Gabe_Food]
Add To Stack: Ai(3)-Gabe_Food triggered Merry, Warden of Isengard
Resolve Stack: Whenever one or more artifacts you control enter, create a 1/1 white Soldier creature token with lifelink. This ability triggers only once each turn. [Amount: 1]
Phase: Ai(3)-Gabe_Food's Declare Attackers Step
Phase: Ai(3)-Gabe_Food's Declare Blockers Step
Phase: Ai(3)-Gabe_Food's First Strike Damage Step
Phase: Ai(3)-Gabe_Food's Combat Damage Step
Phase: Ai(3)-Gabe_Food's End of Combat Step
Phase: Ai(3)-Gabe_Food's Main phase, postcombat
Mana: Plains (289) - {T}: Add {W}.
Mana: Forest (241) - {T}: Add {G}.
Mana: Forest (239) - {T}: Add {G}.
Add To Stack: Ai(3)-Gabe_Food cast Commander's Sphere
Resolve Stack: Commander's Sphere
Mana: Graypelt Refuge (246) - {T}: Add {G} or {W}.
Mana: Swamp (262) - {T}: Add {B}.
Mana: Isolated Chapel (245) - {T}: Add {W} or {B}.
Add To Stack: Ai(3)-Gabe_Food cast Cultivate
Resolve Stack: Cultivate (205) - Search your library for up to two basic land cards, reveal those cards, put one onto the battlefield tapped and the other into your hand, then shuffle.   
Land: Ai(3)-Gabe_Food played Plains (291)
Mana: Commander's Sphere (220) - {T}: Add one mana of any color in your commander's color identity.
Mana: Plains (291) - {T}: Add {W}.
Add To Stack: Ai(3)-Gabe_Food cast Frodo, Adventurous Hobbit
Resolve Stack: Frodo, Adventurous Hobbit - Creature 1 / 3
Add To Stack: Ai(3)-Gabe_Food triggered Frodo, Adventurous Hobbit targeting [Ai(3)-Gabe_Food]
Resolve Stack: Partner with Sam, Loyal Attendant (When this creature enters, target player may put Sam into their hand from their library, then shuffle.) (Targeting: [[Ai(3)-Gabe_Food]]) [Zone Changer: Frodo, Adventurous Hobbit (301)]
Mana: Scattered Groves (248) - {T}: Add {G}.
Add To Stack: Ai(3)-Gabe_Food cast Essence Warden
Resolve Stack: Essence Warden - Creature 1 / 1
Phase: Ai(3)-Gabe_Food's End step
Phase: Ai(3)-Gabe_Food's Cleanup step
Turn: Turn 45 (Ai(4)-Destyn_Turtles)
Phase: Ai(4)-Destyn_Turtles' Untap step
Phase: Ai(4)-Destyn_Turtles' Upkeep step
Phase: Ai(4)-Destyn_Turtles' Draw step
Phase: Ai(4)-Destyn_Turtles' Main phase, precombat
Mana: Island (332) - {T}: Add {U}.
Mana: Forest (341) - {T}: Add {G}.
Mana: Exotic Orchard (344) - {T}: Add one mana of any color that a land an opponent controls could produce.
Mana: Plains (390) - {T}: Add {W}.
Mana: Spire Garden (392) - {T}: Add {R} or {G}.
Mana: Rootbound Crag (396) - {T}: Add {R} or {G}.
Mana: Path of Ancestry (315) - {T}: Add one mana of any color in your commander's color identity. When that mana is spent to cast a creature spell that shares a creature type with your commander, scry 1. (Look at the top card of your library. You may put that card on the bottom.)
Mana: Command Tower (331) - {T}: Add one mana of any color in your commander's color identity.
Zone Change: Exploding Barrel (322) was put into Graveyard from Battlefield.
Add To Stack: Ai(4)-Destyn_Turtles activated Exploding Barrel targeting [Sam, Loyal Attendant (303)]
Damage: Exploding Barrel (322) deals 20 damage to Sam, Loyal Attendant (303).
Resolve Stack: Exploding Barrel (322) - Exploding Barrel deals 20 damage to Sam, Loyal Attendant (303).
Zone Change: Sam, Loyal Attendant (303) was put into Graveyard from Battlefield.
Phase: Ai(4)-Destyn_Turtles' Beginning of Combat Step
Phase: Ai(4)-Destyn_Turtles' Declare Attackers Step
Combat: Ai(4)-Destyn_Turtles assigned Shredder, Shadow Master (307), Bebop, Skull & Crossbones (318) and Heroes in a Half Shell (375) to attack Ai(3)-Gabe_Food.
Add To Stack: Ai(4)-Destyn_Turtles triggered Shredder, Shadow Master
Resolve Stack: Whenever Shredder attacks a player, for each other opponent, create a token that's a copy of Shredder tapped and attacking that player, except it isn't legendary. Sacrifice those tokens at end of combat. [Attacker: Shredder, Shadow Master (307)]
Add To Stack: Ai(3)-Gabe_Food triggered Essence Warden
Add To Stack: Ai(3)-Gabe_Food triggered Essence Warden
Life: Life: Ai(3)-Gabe_Food 24 > 25
Resolve Stack: Whenever another creature enters, you gain 1 life. [Zone Changer: Shredder, Shadow Master (514)]
Add To Stack: Ai(3)-Gabe_Food triggered Sanguine Bond targeting [Ai(4)-Destyn_Turtles]
Add To Stack: Ai(3)-Gabe_Food triggered Treebeard, Gracious Host targeting [Treebeard, Gracious Host (281)]
Resolve Stack: Whenever you gain life, put that many +1/+1 counters on target Halfling or Treefolk. (Targeting: [[Treebeard, Gracious Host (281)]]) [Player: Ai(3)-Gabe_Food, Gained Amount: 1]
Life: Life: Ai(4)-Destyn_Turtles 18 > 17
Resolve Stack: Whenever you gain life, target opponent loses that much life. (Targeting: [[Ai(4)-Destyn_Turtles]]) [Player: Ai(3)-Gabe_Food, Gained Amount: 1]
Life: Life: Ai(3)-Gabe_Food 25 > 26
Resolve Stack: Whenever another creature enters, you gain 1 life. [Zone Changer: Shredder, Shadow Master (512)]
Add To Stack: Ai(3)-Gabe_Food triggered Sanguine Bond targeting [Ai(4)-Destyn_Turtles]
Add To Stack: Ai(3)-Gabe_Food triggered Treebeard, Gracious Host targeting [Treebeard, Gracious Host (281)]
Resolve Stack: Whenever you gain life, put that many +1/+1 counters on target Halfling or Treefolk. (Targeting: [[Treebeard, Gracious Host (281)]]) [Player: Ai(3)-Gabe_Food, Gained Amount: 1]
Life: Life: Ai(4)-Destyn_Turtles 17 > 16
Resolve Stack: Whenever you gain life, target opponent loses that much life. (Targeting: [[Ai(4)-Destyn_Turtles]]) [Player: Ai(3)-Gabe_Food, Gained Amount: 1]
Phase: Ai(4)-Destyn_Turtles' Declare Blockers Step
Combat: Ai(1)-GGS_Oni_diagnostic didn't block Shredder, Shadow Master (512).
Combat: Ai(2)-Jaymie_Ezio didn't block Shredder, Shadow Master (514).
Combat: Ai(3)-Gabe_Food assigned Treebeard, Gracious Host (281) to block Shredder, Shadow Master (307).
Ai(3)-Gabe_Food assigned Soldier Token (510) to block Bebop, Skull & Crossbones (318).
Ai(3)-Gabe_Food didn't block Heroes in a Half Shell (375).
Phase: Ai(4)-Destyn_Turtles' First Strike Damage Step
Phase: Ai(4)-Destyn_Turtles' Combat Damage Step
Damage: Shredder, Shadow Master (307) deals 5 damage to Treebeard, Gracious Host (281).
Damage: Bebop, Skull & Crossbones (318) deals 2 damage (Deathtouch) to Soldier Token (510).
Damage: Heroes in a Half Shell (375) deals 7 combat damage to Ai(3)-Gabe_Food.
Damage: Shredder, Shadow Master (512) deals 5 combat damage to Ai(1)-GGS_Oni_diagnostic.
Damage: Shredder, Shadow Master (514) deals 5 combat damage to Ai(2)-Jaymie_Ezio.
Damage: Treebeard, Gracious Host (281) deals 2 damage to Shredder, Shadow Master (307).
Damage: Soldier Token (510) deals 1 damage to Bebop, Skull & Crossbones (318).
Life: Life: Ai(3)-Gabe_Food 26 > 27
Life: Life: Ai(1)-GGS_Oni_diagnostic 31 > 26
Life: Life: Ai(2)-Jaymie_Ezio 36 > 31
Life: Life: Ai(3)-Gabe_Food 27 > 20
Zone Change: Bebop, Skull & Crossbones (318) was put into Graveyard from Battlefield.
Zone Change: Soldier Token (510) was put into Graveyard from Battlefield.
Add To Stack: Ai(4)-Destyn_Turtles triggered Shredder, Shadow Master
Add To Stack: Ai(4)-Destyn_Turtles triggered Shredder, Shadow Master
Add To Stack: Ai(4)-Destyn_Turtles triggered Heroes in a Half Shell
Add To Stack: Ai(4)-Destyn_Turtles triggered Heroes in a Half Shell
Add To Stack: Ai(4)-Destyn_Turtles triggered Heroes in a Half Shell
Add To Stack: Ai(3)-Gabe_Food triggered Sanguine Bond targeting [Ai(4)-Destyn_Turtles]
Add To Stack: Ai(3)-Gabe_Food triggered Treebeard, Gracious Host targeting [Treebeard, Gracious Host (281)]
Resolve Stack: Whenever you gain life, put that many +1/+1 counters on target Halfling or Treefolk. (Targeting: [[Treebeard, Gracious Host (281)]]) [Player: Ai(3)-Gabe_Food, Gained Amount: 1]
Life: Life: Ai(4)-Destyn_Turtles 16 > 15
Resolve Stack: Whenever you gain life, target opponent loses that much life. (Targeting: [[Ai(4)-Destyn_Turtles]]) [Player: Ai(3)-Gabe_Food, Gained Amount: 1]
Replacement Effect: If one or more +1/+1 counters would be put on a creature you control, twice that many +1/+1 counters are put on it instead.
Resolve Stack: Whenever one or more Mutants, Ninjas, and/or Turtles you control deal combat damage to a player, put a +1/+1 counter on each of those creatures and draw a card. [Damaged: Ai(2)-Jaymie_Ezio, Amount: 5]
Replacement Effect: If one or more +1/+1 counters would be put on a creature you control, twice that many +1/+1 counters are put on it instead.
Resolve Stack: Whenever one or more Mutants, Ninjas, and/or Turtles you control deal combat damage to a player, put a +1/+1 counter on each of those creatures and draw a card. [Damaged: Ai(1)-GGS_Oni_diagnostic, Amount: 5]
Replacement Effect: If one or more +1/+1 counters would be put on a creature you control, twice that many +1/+1 counters are put on it instead.
Resolve Stack: Whenever one or more Mutants, Ninjas, and/or Turtles you control deal combat damage to a player, put a +1/+1 counter on each of those creatures and draw a card. [Damaged: Ai(3)-Gabe_Food, Amount: 7]
Life: Life: Ai(2)-Jaymie_Ezio 31 > 15
Resolve Stack: Whenever Shredder deals combat damage to a player, that player loses half their life, rounded up. [Damage Source: Shredder, Shadow Master (514), Damaged: Ai(2)-Jaymie_Ezio, Amount: 5]
Life: Life: Ai(1)-GGS_Oni_diagnostic 26 > 13
Resolve Stack: Whenever Shredder deals combat damage to a player, that player loses half their life, rounded up. [Damage Source: Shredder, Shadow Master (512), Damaged: Ai(1)-GGS_Oni_diagnostic, Amount: 5]
Phase: Ai(4)-Destyn_Turtles' End of Combat Step
Add To Stack: Ai(4)-Destyn_Turtles triggered Shredder, Shadow Master
Zone Change: Shredder, Shadow Master (512) was put into Graveyard from Battlefield.
Zone Change: Shredder, Shadow Master (514) was put into Graveyard from Battlefield.
Resolve Stack: Sacrifice those tokens at end of combat. ([Shredder, Shadow Master (512), Shredder, Shadow Master (514)]) [Phase: Ai(4)-Destyn_Turtles]
Phase: Ai(4)-Destyn_Turtles' Main phase, postcombat
Phase: Ai(4)-Destyn_Turtles' End step
Phase: Ai(4)-Destyn_Turtles' Cleanup step
Turn: Turn 46 (Ai(1)-GGS_Oni_diagnostic)
Phase: Ai(1)-GGS_Oni_diagnostic's Untap step
Phase: Ai(1)-GGS_Oni_diagnostic's Upkeep step
Phase: Ai(1)-GGS_Oni_diagnostic's Draw step
Phase: Ai(1)-GGS_Oni_diagnostic's Main phase, precombat
Phase: Ai(1)-GGS_Oni_diagnostic's Beginning of Combat Step
Add To Stack: Ai(1)-GGS_Oni_diagnostic triggered Determined Iteration
Resolve Stack: At the beginning of combat on your turn, populate. The token created this way gains haste. Sacrifice it at the beginning of the next end step. (To populate, create a token that's a copy of a creature token you control.) [Phase: Ai(1)-GGS_Oni_diagnostic]
Phase: Ai(1)-GGS_Oni_diagnostic's Declare Attackers Step
Combat: Ai(1)-GGS_Oni_diagnostic assigned Draconic Visitor (14) to attack Ai(3)-Gabe_Food.
Phase: Ai(1)-GGS_Oni_diagnostic's Declare Blockers Step
Combat: Ai(3)-Gabe_Food didn't block Draconic Visitor (14).
Phase: Ai(1)-GGS_Oni_diagnostic's First Strike Damage Step
Phase: Ai(1)-GGS_Oni_diagnostic's Combat Damage Step
Damage: Draconic Visitor (14) deals 6 combat damage to Ai(3)-Gabe_Food.
Life: Life: Ai(3)-Gabe_Food 20 > 14
Phase: Ai(1)-GGS_Oni_diagnostic's End of Combat Step
Phase: Ai(1)-GGS_Oni_diagnostic's Main phase, postcombat
Mana: Island (73) - {T}: Add {U}.
Mana: Malakir Mire (5) - {T}: Add {B}.
Mana: Swamp (82) - {T}: Add {B}.
Add To Stack: Ai(1)-GGS_Oni_diagnostic cast Yuriko, the Tiger's Shadow
Resolve Stack: Yuriko, the Tiger's Shadow - Creature 1 / 3
Add To Stack: Ai(3)-Gabe_Food triggered Essence Warden
Life: Life: Ai(3)-Gabe_Food 14 > 15
Resolve Stack: Whenever another creature enters, you gain 1 life. [Zone Changer: Yuriko, the Tiger's Shadow (98)]
Add To Stack: Ai(3)-Gabe_Food triggered Sanguine Bond targeting [Ai(4)-Destyn_Turtles]
Add To Stack: Ai(3)-Gabe_Food triggered Treebeard, Gracious Host targeting [Treebeard, Gracious Host (281)]
Resolve Stack: Whenever you gain life, put that many +1/+1 counters on target Halfling or Treefolk. (Targeting: [[Treebeard, Gracious Host (281)]]) [Player: Ai(3)-Gabe_Food, Gained Amount: 1]
Life: Life: Ai(4)-Destyn_Turtles 15 > 14
Resolve Stack: Whenever you gain life, target opponent loses that much life. (Targeting: [[Ai(4)-Destyn_Turtles]]) [Player: Ai(3)-Gabe_Food, Gained Amount: 1]
Mana: Watery Grave (71) - {T}: Add {B}.
Mana: Gloomlake Verge (24) - {T}: Add {B}. Activate only if you control an Island or a Swamp.
Mana: Steam Vents (43) - {T}: Add {R}.
Add To Stack: Ai(1)-GGS_Oni_diagnostic cast Fire Navy Trebuchet
Resolve Stack: Fire Navy Trebuchet - Creature 0 / 4
Add To Stack: Ai(3)-Gabe_Food triggered Essence Warden
Life: Life: Ai(3)-Gabe_Food 15 > 16
Resolve Stack: Whenever another creature enters, you gain 1 life. [Zone Changer: Fire Navy Trebuchet (56)]
Add To Stack: Ai(3)-Gabe_Food triggered Sanguine Bond targeting [Ai(4)-Destyn_Turtles]
Add To Stack: Ai(3)-Gabe_Food triggered Treebeard, Gracious Host targeting [Treebeard, Gracious Host (281)]
Resolve Stack: Whenever you gain life, put that many +1/+1 counters on target Halfling or Treefolk. (Targeting: [[Treebeard, Gracious Host (281)]]) [Player: Ai(3)-Gabe_Food, Gained Amount: 1]
Life: Life: Ai(4)-Destyn_Turtles 14 > 13
Resolve Stack: Whenever you gain life, target opponent loses that much life. (Targeting: [[Ai(4)-Destyn_Turtles]]) [Player: Ai(3)-Gabe_Food, Gained Amount: 1]
Phase: Ai(1)-GGS_Oni_diagnostic's End step
Add To Stack: Ai(1)-GGS_Oni_diagnostic triggered Determined Iteration
Resolve Stack: Sacrifice  at the beginning of the next end step. [Phase: Ai(1)-GGS_Oni_diagnostic]
Phase: Ai(1)-GGS_Oni_diagnostic's Cleanup step
Turn: Turn 47 (Ai(2)-Jaymie_Ezio)
Phase: Ai(2)-Jaymie_Ezio's Untap step
Phase: Ai(2)-Jaymie_Ezio's Upkeep step
Mana: Path of Ancestry (109) - {T}: Add one mana of any color in your commander's color identity. When that mana is spent to cast a creature spell that shares a creature type with your commander, scry 1. (Look at the top card of your library. You may put that card on the bottom.)
Mana: Forest (137) - {T}: Add {G}.
Resolve Stack: Ai(2)-Jaymie_Ezio has undisguised Aveline de Grandpré
Phase: Ai(2)-Jaymie_Ezio's Draw step
Phase: Ai(2)-Jaymie_Ezio's Main phase, precombat
Phase: Ai(2)-Jaymie_Ezio's Beginning of Combat Step
Phase: Ai(2)-Jaymie_Ezio's Declare Attackers Step
Phase: Ai(2)-Jaymie_Ezio's Declare Blockers Step
Phase: Ai(2)-Jaymie_Ezio's First Strike Damage Step
Phase: Ai(2)-Jaymie_Ezio's Combat Damage Step
Phase: Ai(2)-Jaymie_Ezio's End of Combat Step
Phase: Ai(2)-Jaymie_Ezio's Main phase, postcombat
Phase: Ai(2)-Jaymie_Ezio's End step
Zone Change: Commander's Sphere (220) was put into Graveyard from Battlefield.
Add To Stack: Ai(3)-Gabe_Food activated Commander's Sphere
Resolve Stack: Commander's Sphere (220) - Ai(3)-Gabe_Food draws a card.
Phase: Ai(2)-Jaymie_Ezio's Cleanup step
Discard: Ai(2)-Jaymie_Ezio discards Twisted Landscape (110).
Turn: Turn 48 (Ai(3)-Gabe_Food)
Phase: Ai(3)-Gabe_Food's Untap step
Phase: Ai(3)-Gabe_Food's Upkeep step
Phase: Ai(3)-Gabe_Food's Draw step
Phase: Ai(3)-Gabe_Food's Main phase, precombat
Land: Ai(3)-Gabe_Food played Command Tower (232)
Mana: Forest (238) - {T}: Add {G}.
Mana: Plains (289) - {T}: Add {W}.
Mana: Forest (241) - {T}: Add {G}.
Mana: Forest (239) - {T}: Add {G}.
Mana: Swamp (264) - {T}: Add {B}.
Mana: Swamp (262) - {T}: Add {B}.
Mana: Plains (290) - {T}: Add {W}.
Mana: Plains (291) - {T}: Add {W}.
Mana: Graypelt Refuge (246) - {T}: Add {G} or {W}.
Add To Stack: Ai(3)-Gabe_Food cast Sam, Loyal Attendant
Resolve Stack: Sam, Loyal Attendant - Creature 2 / 4
Add To Stack: Ai(3)-Gabe_Food triggered Essence Warden
Add To Stack: Ai(3)-Gabe_Food triggered Sam, Loyal Attendant targeting [Ai(3)-Gabe_Food]
Resolve Stack: Partner with Frodo, Adventurous Hobbit (When this creature enters, target player may put Frodo into their hand from their library, then shuffle.) (Targeting: [[Ai(3)-Gabe_Food]]) [Zone Changer: Sam, Loyal Attendant (303)]
Life: Life: Ai(3)-Gabe_Food 16 > 17
Resolve Stack: Whenever another creature enters, you gain 1 life. [Zone Changer: Sam, Loyal Attendant (303)]
Add To Stack: Ai(3)-Gabe_Food triggered Sanguine Bond targeting [Ai(4)-Destyn_Turtles]
Add To Stack: Ai(3)-Gabe_Food triggered Treebeard, Gracious Host targeting [Treebeard, Gracious Host (281)]
Resolve Stack: Whenever you gain life, put that many +1/+1 counters on target Halfling or Treefolk. (Targeting: [[Treebeard, Gracious Host (281)]]) [Player: Ai(3)-Gabe_Food, Gained Amount: 1]
Life: Life: Ai(4)-Destyn_Turtles 13 > 12
Resolve Stack: Whenever you gain life, target opponent loses that much life. (Targeting: [[Ai(4)-Destyn_Turtles]]) [Player: Ai(3)-Gabe_Food, Gained Amount: 1]
Mana: Isolated Chapel (245) - {T}: Add {W} or {B}.
Mana: Scattered Groves (248) - {T}: Add {G}.
Mana: Command Tower (232) - {T}: Add one mana of any color in your commander's color identity.
Add To Stack: Ai(3)-Gabe_Food cast Field-Tested Frying Pan
Resolve Stack: Field-Tested Frying Pan
Add To Stack: Ai(3)-Gabe_Food triggered Field-Tested Frying Pan
Add To Stack: Ai(3)-Gabe_Food triggered Merry, Warden of Isengard
Resolve Stack: Whenever one or more artifacts you control enter, create a 1/1 white Soldier creature token with lifelink. This ability triggers only once each turn. [Amount: 1]
Add To Stack: Ai(3)-Gabe_Food triggered Essence Warden
Life: Life: Ai(3)-Gabe_Food 17 > 18
Resolve Stack: Whenever another creature enters, you gain 1 life. [Zone Changer: Soldier Token (523)]
Add To Stack: Ai(3)-Gabe_Food triggered Sanguine Bond targeting [Ai(4)-Destyn_Turtles]
Add To Stack: Ai(3)-Gabe_Food triggered Treebeard, Gracious Host targeting [Treebeard, Gracious Host (281)]
Resolve Stack: Whenever you gain life, put that many +1/+1 counters on target Halfling or Treefolk. (Targeting: [[Treebeard, Gracious Host (281)]]) [Player: Ai(3)-Gabe_Food, Gained Amount: 1]
Life: Life: Ai(4)-Destyn_Turtles 12 > 11
Resolve Stack: Whenever you gain life, target opponent loses that much life. (Targeting: [[Ai(4)-Destyn_Turtles]]) [Player: Ai(3)-Gabe_Food, Gained Amount: 1]
Resolve Stack: When Field-Tested Frying Pan enters, create a Food token, then create a 1/1 white Halfling creature token and attach Field-Tested Frying Pan to it. [Zone Changer: Field-Tested Frying Pan (275)]
Add To Stack: Ai(3)-Gabe_Food triggered Essence Warden
Life: Life: Ai(3)-Gabe_Food 18 > 19
Resolve Stack: Whenever another creature enters, you gain 1 life. [Zone Changer: Halfling Token (527)]
Add To Stack: Ai(3)-Gabe_Food triggered Sanguine Bond targeting [Ai(4)-Destyn_Turtles]
Add To Stack: Ai(3)-Gabe_Food triggered Treebeard, Gracious Host targeting [Treebeard, Gracious Host (281)]
Add To Stack: Ai(3)-Gabe_Food triggered Halfling Token
Resolve Stack: Whenever you gain life, Halfling Token gets +X/+X until end of turn, where X is the amount of life you gained. [Player: Ai(3)-Gabe_Food, Gained Amount: 1]
Resolve Stack: Whenever you gain life, put that many +1/+1 counters on target Halfling or Treefolk. (Targeting: [[Treebeard, Gracious Host (281)]]) [Player: Ai(3)-Gabe_Food, Gained Amount: 1]
Life: Life: Ai(4)-Destyn_Turtles 11 > 10
Resolve Stack: Whenever you gain life, target opponent loses that much life. (Targeting: [[Ai(4)-Destyn_Turtles]]) [Player: Ai(3)-Gabe_Food, Gained Amount: 1]
Phase: Ai(3)-Gabe_Food's Beginning of Combat Step
Add To Stack: Ai(3)-Gabe_Food triggered Sam, Loyal Attendant
Resolve Stack: At the beginning of combat on your turn, create a Food token. (It's an artifact with "{2}, {T}, Sacrifice this token: You gain 3 life.") [Phase: Ai(3)-Gabe_Food]
Phase: Ai(3)-Gabe_Food's Declare Attackers Step
Phase: Ai(3)-Gabe_Food's Declare Blockers Step
Phase: Ai(3)-Gabe_Food's First Strike Damage Step
Phase: Ai(3)-Gabe_Food's Combat Damage Step
Phase: Ai(3)-Gabe_Food's End of Combat Step
Phase: Ai(3)-Gabe_Food's Main phase, postcombat
Phase: Ai(3)-Gabe_Food's End step
Phase: Ai(3)-Gabe_Food's Cleanup step
Turn: Turn 49 (Ai(4)-Destyn_Turtles)
Phase: Ai(4)-Destyn_Turtles' Untap step
Phase: Ai(4)-Destyn_Turtles' Upkeep step
Phase: Ai(4)-Destyn_Turtles' Draw step
Phase: Ai(4)-Destyn_Turtles' Main phase, precombat
Mana: Island (332) - {T}: Add {U}.
Mana: Forest (341) - {T}: Add {G}.
Mana: Plains (390) - {T}: Add {W}.
Mana: Exotic Orchard (344) - {T}: Add one mana of any color that a land an opponent controls could produce.
Add To Stack: Ai(4)-Destyn_Turtles cast Baxter, Fly in the Ointment
Resolve Stack: Baxter, Fly in the Ointment - Creature 2 / 2
Add To Stack: Ai(4)-Destyn_Turtles triggered Baxter, Fly in the Ointment
Add To Stack: Ai(3)-Gabe_Food triggered Essence Warden
Life: Life: Ai(3)-Gabe_Food 19 > 20
Resolve Stack: Whenever another creature enters, you gain 1 life. [Zone Changer: Baxter, Fly in the Ointment (330)]
Add To Stack: Ai(3)-Gabe_Food triggered Sanguine Bond targeting [Ai(4)-Destyn_Turtles]
Add To Stack: Ai(3)-Gabe_Food triggered Treebeard, Gracious Host targeting [Treebeard, Gracious Host (281)]
Add To Stack: Ai(3)-Gabe_Food triggered Halfling Token
Resolve Stack: Whenever you gain life, Halfling Token gets +X/+X until end of turn, where X is the amount of life you gained. [Player: Ai(3)-Gabe_Food, Gained Amount: 1]
Resolve Stack: Whenever you gain life, put that many +1/+1 counters on target Halfling or Treefolk. (Targeting: [[Treebeard, Gracious Host (281)]]) [Player: Ai(3)-Gabe_Food, Gained Amount: 1]
Life: Life: Ai(4)-Destyn_Turtles 10 > 9
Resolve Stack: Whenever you gain life, target opponent loses that much life. (Targeting: [[Ai(4)-Destyn_Turtles]]) [Player: Ai(3)-Gabe_Food, Gained Amount: 1]
Resolve Stack: Whenever Baxter enters or attacks, each creature you control with a counter on it gains flying until end of turn. [Zone Changer: Baxter, Fly in the Ointment (330)]
Mana: Spire Garden (392) - {T}: Add {R} or {G}.
Mana: Rootbound Crag (396) - {T}: Add {R} or {G}.
Add To Stack: Ai(4)-Destyn_Turtles cast Level Up targeting [Heroes in a Half Shell (375)]
Resolve Stack: Level Up (393) -  Attach to Heroes in a Half Shell (375)
Add To Stack: Ai(4)-Destyn_Turtles triggered Level Up
Replacement Effect: If one or more +1/+1 counters would be put on a creature you control, twice that many +1/+1 counters are put on it instead.
Resolve Stack: When this Aura enters, put a +1/+1 counter on enchanted creature. [Zone Changer: Level Up (393)]
Phase: Ai(4)-Destyn_Turtles' Beginning of Combat Step
Phase: Ai(4)-Destyn_Turtles' Declare Attackers Step
Combat: Ai(4)-Destyn_Turtles assigned Heroes in a Half Shell (375) to attack Ai(3)-Gabe_Food.
Add To Stack: Ai(4)-Destyn_Turtles triggered Heroes in a Half Shell
Replacement Effect: If one or more +1/+1 counters would be put on a creature you control, twice that many +1/+1 counters are put on it instead.
Resolve Stack: Whenever this creature attacks, double the number of +1/+1 counters on it. Then if it has power 10 or greater, draw a card. [Attacker: Heroes in a Half Shell (375)]
Add To Stack: Ai(4)-Destyn_Turtles triggered Baxter, Fly in the Ointment
Replacement Effect: If one or more +1/+1 counters would be put on a creature you control, twice that many +1/+1 counters are put on it instead.
Resolve Stack: Whenever you draw a card, put a +1/+1 counter on Baxter. [Player: Ai(4)-Destyn_Turtles]
Phase: Ai(4)-Destyn_Turtles' Declare Blockers Step
Combat: Ai(3)-Gabe_Food didn't block Heroes in a Half Shell (375).
Phase: Ai(4)-Destyn_Turtles' First Strike Damage Step
Phase: Ai(4)-Destyn_Turtles' Combat Damage Step
Damage: Heroes in a Half Shell (375) deals 23 combat damage to Ai(3)-Gabe_Food.
Life: Life: Ai(3)-Gabe_Food 20 > -3
Add To Stack: Ai(4)-Destyn_Turtles triggered Heroes in a Half Shell
Replacement Effect: If one or more +1/+1 counters would be put on a creature you control, twice that many +1/+1 counters are put on it instead.
Resolve Stack: Whenever one or more Mutants, Ninjas, and/or Turtles you control deal combat damage to a player, put a +1/+1 counter on each of those creatures and draw a card. [Damaged: Ai(3)-Gabe_Food, Amount: 23]
Add To Stack: Ai(4)-Destyn_Turtles triggered Baxter, Fly in the Ointment
Replacement Effect: If one or more +1/+1 counters would be put on a creature you control, twice that many +1/+1 counters are put on it instead.
Resolve Stack: Whenever you draw a card, put a +1/+1 counter on Baxter. [Player: Ai(4)-Destyn_Turtles]
Phase: Ai(4)-Destyn_Turtles' End of Combat Step
Phase: Ai(4)-Destyn_Turtles' Main phase, postcombat
Replacement Effect: Hinterland Harbor enters tapped unless you control a Forest or an Island.
Land: Ai(4)-Destyn_Turtles played Hinterland Harbor (326)
Mana: Path of Ancestry (315) - {T}: Add one mana of any color in your commander's color identity. When that mana is spent to cast a creature spell that shares a creature type with your commander, scry 1. (Look at the top card of your library. You may put that card on the bottom.)
Mana: Hinterland Harbor (326) - {T}: Add {G} or {U}.
Add To Stack: Ai(4)-Destyn_Turtles cast Lita, Little Orphan Amphibian
Add To Stack: Ai(4)-Destyn_Turtles triggered Path of Ancestry
Resolve Stack: Ai(4)-Destyn_Turtles scried 1 card(s) to the bottom of the library
Resolve Stack: When mana produced by Path of Ancestry is spent to cast a creature spell that shares a creature type with your commander, scry 1. ([Lita, Little Orphan Amphibian - Creature 2 / 1]) [Card: Lita, Little Orphan Amphibian (349), Activator: Ai(4)-Destyn_Turtles, SpellAbility: Lita, Little Orphan Amphibian - Creature 2 / 1]
Resolve Stack: Lita, Little Orphan Amphibian - Creature 2 / 1
Phase: Ai(4)-Destyn_Turtles' End step
Phase: Ai(4)-Destyn_Turtles' Cleanup step
Turn: Turn 50 (Ai(1)-GGS_Oni_diagnostic)
Phase: Ai(1)-GGS_Oni_diagnostic's Untap step
Phase: Ai(1)-GGS_Oni_diagnostic's Upkeep step
Phase: Ai(1)-GGS_Oni_diagnostic's Draw step
Phase: Ai(1)-GGS_Oni_diagnostic's Main phase, precombat
Phase: Ai(1)-GGS_Oni_diagnostic's Beginning of Combat Step
Add To Stack: Ai(1)-GGS_Oni_diagnostic triggered Determined Iteration
Resolve Stack: At the beginning of combat on your turn, populate. The token created this way gains haste. Sacrifice it at the beginning of the next end step. (To populate, create a token that's a copy of a creature token you control.) [Phase: Ai(1)-GGS_Oni_diagnostic]
Phase: Ai(1)-GGS_Oni_diagnostic's Declare Attackers Step
Phase: Ai(1)-GGS_Oni_diagnostic's Declare Blockers Step
Phase: Ai(1)-GGS_Oni_diagnostic's First Strike Damage Step
Phase: Ai(1)-GGS_Oni_diagnostic's Combat Damage Step
Phase: Ai(1)-GGS_Oni_diagnostic's End of Combat Step
Phase: Ai(1)-GGS_Oni_diagnostic's Main phase, postcombat
Mana: Steam Vents (43) - {T}: Add {R}.
Mana: Malakir Mire (5) - {T}: Add {B}.
Mana: Swamp (82) - {T}: Add {B}.
Add To Stack: Ai(1)-GGS_Oni_diagnostic cast Professional Face-Breaker
Resolve Stack: Professional Face-Breaker - Creature 2 / 3
Phase: Ai(1)-GGS_Oni_diagnostic's End step
Add To Stack: Ai(1)-GGS_Oni_diagnostic triggered Determined Iteration
Resolve Stack: Sacrifice  at the beginning of the next end step. [Phase: Ai(1)-GGS_Oni_diagnostic]
Phase: Ai(1)-GGS_Oni_diagnostic's Cleanup step
Turn: Turn 51 (Ai(2)-Jaymie_Ezio)
Phase: Ai(2)-Jaymie_Ezio's Untap step
Phase: Ai(2)-Jaymie_Ezio's Upkeep step
Phase: Ai(2)-Jaymie_Ezio's Draw step
Phase: Ai(2)-Jaymie_Ezio's Main phase, precombat
Mana: Plains (191) - {T}: Add {W}.
Mana: Path of Ancestry (109) - {T}: Add one mana of any color in your commander's color identity. When that mana is spent to cast a creature spell that shares a creature type with your commander, scry 1. (Look at the top card of your library. You may put that card on the bottom.)
Mana: Forest (137) - {T}: Add {G}.
Mana: Island (134) - {T}: Add {U}.
Mana: Mountain (189) - {T}: Add {R}.
Add To Stack: Ai(2)-Jaymie_Ezio cast What Must Be Done
Zone Change: Aveline de Grandpré (154) was put into Graveyard from Battlefield.
Zone Change: Food Token (411) was put into Graveyard from Battlefield.
Zone Change: Food Token (416) was put into Graveyard from Battlefield.
Zone Change: Tempestra, Dame of Games (382) was put into Graveyard from Battlefield.
Zone Change: Heroes in a Half Shell (375) was put into Graveyard from Battlefield.
Zone Change: Shredder, Shadow Master (307) was put into Graveyard from Battlefield.
Zone Change: Corpsejack Menace (353) was put into Graveyard from Battlefield.
Zone Change: Baxter, Fly in the Ointment (330) was put into Graveyard from Battlefield.
Zone Change: Lita, Little Orphan Amphibian (349) was put into Graveyard from Battlefield.
Zone Change: Mutagen Token (453) was put into Graveyard from Battlefield.
Zone Change: Draconic Visitor (14) was put into Graveyard from Battlefield.
Zone Change: Skullclamp (38) was put into Graveyard from Battlefield.
Zone Change: Port Razer (35) was put into Graveyard from Battlefield.
Zone Change: Gingerbrute (64) was put into Graveyard from Battlefield.
Zone Change: Goro-Goro and Satoru (100) was put into Graveyard from Battlefield.
Zone Change: Yuriko, the Tiger's Shadow (98) was put into Graveyard from Battlefield.
Zone Change: Fire Navy Trebuchet (56) was put into Graveyard from Battlefield.
Zone Change: Professional Face-Breaker (66) was put into Graveyard from Battlefield.
Resolve Stack: What Must Be Done (197) -  Let the World Burn — Destroy all artifacts and creatures.
Zone Change: Level Up (393) was put into Graveyard from Battlefield.
Add To Stack: Ai(1)-GGS_Oni_diagnostic triggered Skullclamp
Resolve Stack: Whenever equipped creature dies, draw two cards. [Zone Changer: Draconic Visitor (14)]
Phase: Ai(2)-Jaymie_Ezio's Beginning of Combat Step
Phase: Ai(2)-Jaymie_Ezio's Declare Attackers Step
Phase: Ai(2)-Jaymie_Ezio's Declare Blockers Step
Phase: Ai(2)-Jaymie_Ezio's First Strike Damage Step
Phase: Ai(2)-Jaymie_Ezio's Combat Damage Step
Phase: Ai(2)-Jaymie_Ezio's End of Combat Step
Phase: Ai(2)-Jaymie_Ezio's Main phase, postcombat
Phase: Ai(2)-Jaymie_Ezio's End step
Phase: Ai(2)-Jaymie_Ezio's Cleanup step
Turn: Turn 52 (Ai(4)-Destyn_Turtles)
Phase: Ai(4)-Destyn_Turtles' Untap step
Phase: Ai(4)-Destyn_Turtles' Upkeep step
Phase: Ai(4)-Destyn_Turtles' Draw step
Phase: Ai(4)-Destyn_Turtles' Main phase, precombat
Mana: Exotic Orchard (344) - {T}: Add one mana of any color that a land an opponent controls could produce.
Mana: Plains (390) - {T}: Add {W}.
Mana: Forest (341) - {T}: Add {G}.
Mana: Island (332) - {T}: Add {U}.
Mana: Spire Garden (392) - {T}: Add {R} or {G}.
Add To Stack: Ai(4)-Destyn_Turtles cast Fast Forward
Resolve Stack: Fast Forward (334) - 
Phase: Ai(4)-Destyn_Turtles' Beginning of Combat Step
Phase: Ai(4)-Destyn_Turtles' Declare Attackers Step
Phase: Ai(4)-Destyn_Turtles' Declare Blockers Step
Phase: Ai(4)-Destyn_Turtles' First Strike Damage Step
Phase: Ai(4)-Destyn_Turtles' Combat Damage Step
Phase: Ai(4)-Destyn_Turtles' End of Combat Step
Phase: Ai(4)-Destyn_Turtles' Main phase, postcombat
Mana: Rootbound Crag (396) - {T}: Add {R} or {G}.
Mana: Hinterland Harbor (326) - {T}: Add {G} or {U}.
Mana: Path of Ancestry (315) - {T}: Add one mana of any color in your commander's color identity. When that mana is spent to cast a creature spell that shares a creature type with your commander, scry 1. (Look at the top card of your library. You may put that card on the bottom.)
Mana: Command Tower (331) - {T}: Add one mana of any color in your commander's color identity.
Add To Stack: Ai(4)-Destyn_Turtles cast Michelangelo, the Heart
Add To Stack: Ai(4)-Destyn_Turtles triggered Path of Ancestry
Resolve Stack: Ai(4)-Destyn_Turtles scried 1 card(s) to the top of the library
Resolve Stack: When mana produced by Path of Ancestry is spent to cast a creature spell that shares a creature type with your commander, scry 1. ([Michelangelo, the Heart - Creature 2 / 1]) [Card: Michelangelo, the Heart (402), Activator: Ai(4)-Destyn_Turtles, SpellAbility: Michelangelo, the Heart - Creature 2 / 1]
Resolve Stack: Michelangelo, the Heart - Creature 2 / 1
Phase: Ai(4)-Destyn_Turtles' End step
Phase: Ai(4)-Destyn_Turtles' Cleanup step
Turn: Turn 53 (Ai(1)-GGS_Oni_diagnostic)
Phase: Ai(1)-GGS_Oni_diagnostic's Untap step
Phase: Ai(1)-GGS_Oni_diagnostic's Upkeep step
Phase: Ai(1)-GGS_Oni_diagnostic's Draw step
Phase: Ai(1)-GGS_Oni_diagnostic's Main phase, precombat
Land: Ai(1)-GGS_Oni_diagnostic played Otawara, Soaring City (11)
Phase: Ai(1)-GGS_Oni_diagnostic's Beginning of Combat Step
Add To Stack: Ai(1)-GGS_Oni_diagnostic triggered Determined Iteration
Resolve Stack: At the beginning of combat on your turn, populate. The token created this way gains haste. Sacrifice it at the beginning of the next end step. (To populate, create a token that's a copy of a creature token you control.) [Phase: Ai(1)-GGS_Oni_diagnostic]
Phase: Ai(1)-GGS_Oni_diagnostic's Declare Attackers Step
Phase: Ai(1)-GGS_Oni_diagnostic's Declare Blockers Step
Phase: Ai(1)-GGS_Oni_diagnostic's First Strike Damage Step
Phase: Ai(1)-GGS_Oni_diagnostic's Combat Damage Step
Phase: Ai(1)-GGS_Oni_diagnostic's End of Combat Step
Phase: Ai(1)-GGS_Oni_diagnostic's Main phase, postcombat
Mana: Steam Vents (43) - {T}: Add {R}.
Mana: Island (73) - {T}: Add {U}.
Mana: Malakir Mire (5) - {T}: Add {B}.
Mana: Swamp (82) - {T}: Add {B}.
Mana: Otawara, Soaring City (11) - {T}: Add {U}.
Mana: Watery Grave (71) - {T}: Add {B}.
Mana: Gloomlake Verge (24) - {T}: Add {B}. Activate only if you control an Island or a Swamp.
Add To Stack: Ai(1)-GGS_Oni_diagnostic cast Goro-Goro and Satoru
Resolve Stack: Goro-Goro and Satoru - Creature 3 / 4
Phase: Ai(1)-GGS_Oni_diagnostic's End step
Add To Stack: Ai(1)-GGS_Oni_diagnostic triggered Determined Iteration
Resolve Stack: Sacrifice  at the beginning of the next end step. [Phase: Ai(1)-GGS_Oni_diagnostic]
Phase: Ai(1)-GGS_Oni_diagnostic's Cleanup step
Turn: Turn 54 (Ai(2)-Jaymie_Ezio)
Phase: Ai(2)-Jaymie_Ezio's Untap step
Phase: Ai(2)-Jaymie_Ezio's Upkeep step
Phase: Ai(2)-Jaymie_Ezio's Draw step
Mana: Path of Ancestry (109) - {T}: Add one mana of any color in your commander's color identity. When that mana is spent to cast a creature spell that shares a creature type with your commander, scry 1. (Look at the top card of your library. You may put that card on the bottom.)
Mana: Mountain (189) - {T}: Add {R}.
Add To Stack: Ai(2)-Jaymie_Ezio cast Terminate targeting [Goro-Goro and Satoru (100)]
Zone Change: Goro-Goro and Satoru (100) was put into Graveyard from Battlefield.
Resolve Stack: Terminate (168) - Destroy Goro-Goro and Satoru (100). It can't be regenerated.
Phase: Ai(2)-Jaymie_Ezio's Main phase, precombat
Phase: Ai(2)-Jaymie_Ezio's Beginning of Combat Step
Phase: Ai(2)-Jaymie_Ezio's Declare Attackers Step
Phase: Ai(2)-Jaymie_Ezio's Declare Blockers Step
Phase: Ai(2)-Jaymie_Ezio's First Strike Damage Step
Phase: Ai(2)-Jaymie_Ezio's Combat Damage Step
Phase: Ai(2)-Jaymie_Ezio's End of Combat Step
Phase: Ai(2)-Jaymie_Ezio's Main phase, postcombat
Phase: Ai(2)-Jaymie_Ezio's End step
Phase: Ai(2)-Jaymie_Ezio's Cleanup step
Turn: Turn 55 (Ai(4)-Destyn_Turtles)
Phase: Ai(4)-Destyn_Turtles' Untap step
Phase: Ai(4)-Destyn_Turtles' Upkeep step
Phase: Ai(4)-Destyn_Turtles' Draw step
Mana: Exotic Orchard (344) - {T}: Add one mana of any color that a land an opponent controls could produce.
Mana: Forest (341) - {T}: Add {G}.
Add To Stack: Ai(4)-Destyn_Turtles cast Assassin's Trophy targeting [Determined Iteration (32)]
Zone Change: Determined Iteration (32) was put into Graveyard from Battlefield.
Resolve Stack: Assassin's Trophy (345) - Destroy Determined Iteration (32). (OPTIONAL) Ai(4)-Destyn_Turtles searches Ai(1)-GGS_Oni_diagnostic library for a basic land card, puts it onto the battlefield, then shuffles.
Phase: Ai(4)-Destyn_Turtles' Main phase, precombat
Phase: Ai(4)-Destyn_Turtles' Beginning of Combat Step
Phase: Ai(4)-Destyn_Turtles' Declare Attackers Step
Combat: Ai(4)-Destyn_Turtles assigned Michelangelo, the Heart (402) to attack Ai(2)-Jaymie_Ezio.
Phase: Ai(4)-Destyn_Turtles' Declare Blockers Step
Combat: Ai(2)-Jaymie_Ezio didn't block Michelangelo, the Heart (402).
Phase: Ai(4)-Destyn_Turtles' First Strike Damage Step
Phase: Ai(4)-Destyn_Turtles' Combat Damage Step
Damage: Michelangelo, the Heart (402) deals 2 combat damage to Ai(2)-Jaymie_Ezio.
Life: Life: Ai(2)-Jaymie_Ezio 15 > 13
Phase: Ai(4)-Destyn_Turtles' End of Combat Step
Phase: Ai(4)-Destyn_Turtles' Main phase, postcombat
Add To Stack: Ai(4)-Destyn_Turtles triggered Michelangelo, the Heart targeting [Michelangelo, the Heart (402)]
Resolve Stack: Raid (the Fridge) — At the beginning of your second main phase, if you attacked this turn, put a +1/+1 counter on target creature and create a Food token. (Targeting: [[Michelangelo, the Heart (402)]]) [Phase: Ai(4)-Destyn_Turtles]
Mana: Plains (390) - {T}: Add {W}.
Mana: Island (332) - {T}: Add {U}.
Mana: Spire Garden (392) - {T}: Add {R} or {G}.
Mana: Rootbound Crag (396) - {T}: Add {R} or {G}.
Mana: Hinterland Harbor (326) - {T}: Add {G} or {U}.
Mana: Path of Ancestry (315) - {T}: Add one mana of any color in your commander's color identity. When that mana is spent to cast a creature spell that shares a creature type with your commander, scry 1. (Look at the top card of your library. You may put that card on the bottom.)
Add To Stack: Ai(4)-Destyn_Turtles cast Leonardo, the Balance
Add To Stack: Ai(4)-Destyn_Turtles triggered Path of Ancestry
Resolve Stack: Ai(4)-Destyn_Turtles scried 1 card(s) to the bottom of the library
Resolve Stack: When mana produced by Path of Ancestry is spent to cast a creature spell that shares a creature type with your commander, scry 1. ([Leonardo, the Balance - Creature 3 / 3]) [Card: Leonardo, the Balance (404), Activator: Ai(4)-Destyn_Turtles, SpellAbility: Leonardo, the Balance - Creature 3 / 3]
Resolve Stack: Leonardo, the Balance - Creature 3 / 3
Phase: Ai(4)-Destyn_Turtles' End step
Phase: Ai(4)-Destyn_Turtles' Cleanup step
Turn: Turn 56 (Ai(1)-GGS_Oni_diagnostic)
Phase: Ai(1)-GGS_Oni_diagnostic's Untap step
Phase: Ai(1)-GGS_Oni_diagnostic's Upkeep step
Phase: Ai(1)-GGS_Oni_diagnostic's Draw step
Phase: Ai(1)-GGS_Oni_diagnostic's Main phase, precombat
Land: Ai(1)-GGS_Oni_diagnostic played Scalding Tarn (53)
Life: Life: Ai(1)-GGS_Oni_diagnostic 13 > 12
Zone Change: Scalding Tarn (53) was put into Graveyard from Battlefield.
Add To Stack: Ai(1)-GGS_Oni_diagnostic activated Scalding Tarn
Replacement Effect: Undercity Sewers enters tapped.
Resolve Stack: Scalding Tarn (53) - Ai(1)-GGS_Oni_diagnostic searches their library for an Island or Mountain card, puts it onto the battlefield, then shuffles.
Add To Stack: Ai(1)-GGS_Oni_diagnostic triggered Undercity Sewers
Resolve Stack: Ai(1)-GGS_Oni_diagnostic surveiled 1 card(s) to the top of the library
Resolve Stack: When Undercity Sewers enters, surveil 1. (Look at the top card of your library. You may put it into your graveyard.) [Zone Changer: Undercity Sewers (3)]
Phase: Ai(1)-GGS_Oni_diagnostic's Beginning of Combat Step
Phase: Ai(1)-GGS_Oni_diagnostic's Declare Attackers Step
Phase: Ai(1)-GGS_Oni_diagnostic's Declare Blockers Step
Phase: Ai(1)-GGS_Oni_diagnostic's First Strike Damage Step
Phase: Ai(1)-GGS_Oni_diagnostic's Combat Damage Step
Phase: Ai(1)-GGS_Oni_diagnostic's End of Combat Step
Phase: Ai(1)-GGS_Oni_diagnostic's Main phase, postcombat
Mana: Mountain (94) - {T}: Add {R}.
Mana: Malakir Mire (5) - {T}: Add {B}.
Mana: Island (73) - {T}: Add {U}.
Mana: Swamp (82) - {T}: Add {B}.
Mana: Otawara, Soaring City (11) - {T}: Add {U}.
Mana: Watery Grave (71) - {T}: Add {B}.
Mana: Gloomlake Verge (24) - {T}: Add {B}. Activate only if you control an Island or a Swamp.
Mana: Steam Vents (43) - {T}: Add {R}.
Mana: Xander's Lounge (86) - {T}: Add {R}.
Add To Stack: Ai(1)-GGS_Oni_diagnostic cast Goro-Goro and Satoru
Resolve Stack: Goro-Goro and Satoru - Creature 3 / 4
Phase: Ai(1)-GGS_Oni_diagnostic's End step
Phase: Ai(1)-GGS_Oni_diagnostic's Cleanup step
Turn: Turn 57 (Ai(2)-Jaymie_Ezio)
Phase: Ai(2)-Jaymie_Ezio's Untap step
Phase: Ai(2)-Jaymie_Ezio's Upkeep step
Phase: Ai(2)-Jaymie_Ezio's Draw step
Phase: Ai(2)-Jaymie_Ezio's Main phase, precombat
Phase: Ai(2)-Jaymie_Ezio's Beginning of Combat Step
Phase: Ai(2)-Jaymie_Ezio's Declare Attackers Step
Phase: Ai(2)-Jaymie_Ezio's Declare Blockers Step
Phase: Ai(2)-Jaymie_Ezio's First Strike Damage Step
Phase: Ai(2)-Jaymie_Ezio's Combat Damage Step
Phase: Ai(2)-Jaymie_Ezio's End of Combat Step
Phase: Ai(2)-Jaymie_Ezio's Main phase, postcombat
Mana: Path of Ancestry (109) - {T}: Add one mana of any color in your commander's color identity. When that mana is spent to cast a creature spell that shares a creature type with your commander, scry 1. (Look at the top card of your library. You may put that card on the bottom.)
Mana: Island (134) - {T}: Add {U}.
Mana: Forest (137) - {T}: Add {G}.
Mana: Plains (191) - {T}: Add {W}.
Mana: Mountain (189) - {T}: Add {R}.
Add To Stack: Ai(2)-Jaymie_Ezio cast Ezio, Blade of Vengeance
Add To Stack: Ai(2)-Jaymie_Ezio triggered Path of Ancestry
Resolve Stack: Ai(2)-Jaymie_Ezio scried 1 card(s) to the top of the library
Resolve Stack: When mana produced by Path of Ancestry is spent to cast a creature spell that shares a creature type with your commander, scry 1. ([Ezio, Blade of Vengeance - Creature 5 / 5]) [Card: Ezio, Blade of Vengeance (141), Activator: Ai(2)-Jaymie_Ezio, SpellAbility: Ezio, Blade of Vengeance - Creature 5 / 5]
Resolve Stack: Ezio, Blade of Vengeance - Creature 5 / 5
Phase: Ai(2)-Jaymie_Ezio's End step
Phase: Ai(2)-Jaymie_Ezio's Cleanup step
Turn: Turn 58 (Ai(4)-Destyn_Turtles)
Phase: Ai(4)-Destyn_Turtles' Untap step
Phase: Ai(4)-Destyn_Turtles' Upkeep step
Phase: Ai(4)-Destyn_Turtles' Draw step
Phase: Ai(4)-Destyn_Turtles' Main phase, precombat
Mana: Exotic Orchard (344) - {T}: Add one mana of any color that a land an opponent controls could produce.
Mana: Plains (390) - {T}: Add {W}.
Mana: Island (332) - {T}: Add {U}.
Mana: Spire Garden (392) - {T}: Add {R} or {G}.
Mana: Forest (341) - {T}: Add {G}.
Add To Stack: Ai(4)-Destyn_Turtles activated Leonardo, the Balance
Resolve Stack: Leonardo, the Balance (404) - Creatures you control gain menace, trample, and lifelink until end of turn.
Phase: Ai(4)-Destyn_Turtles' Beginning of Combat Step
Phase: Ai(4)-Destyn_Turtles' Declare Attackers Step
Combat: Ai(4)-Destyn_Turtles assigned Michelangelo, the Heart (402) and Leonardo, the Balance (404) to attack Ai(1)-GGS_Oni_diagnostic.
Phase: Ai(4)-Destyn_Turtles' Declare Blockers Step
Combat: Ai(1)-GGS_Oni_diagnostic didn't block Michelangelo, the Heart (402).
Ai(1)-GGS_Oni_diagnostic didn't block Leonardo, the Balance (404).
Phase: Ai(4)-Destyn_Turtles' First Strike Damage Step
Phase: Ai(4)-Destyn_Turtles' Combat Damage Step
Damage: Michelangelo, the Heart (402) deals 3 combat damage to Ai(1)-GGS_Oni_diagnostic.
Life: Life: Ai(4)-Destyn_Turtles 9 > 12
Damage: Leonardo, the Balance (404) deals 3 combat damage to Ai(1)-GGS_Oni_diagnostic.
Life: Life: Ai(4)-Destyn_Turtles 12 > 15
Life: Life: Ai(1)-GGS_Oni_diagnostic 12 > 6
Phase: Ai(4)-Destyn_Turtles' End of Combat Step
Phase: Ai(4)-Destyn_Turtles' Main phase, postcombat
Add To Stack: Ai(4)-Destyn_Turtles triggered Michelangelo, the Heart targeting [Leonardo, the Balance (404)]
Resolve Stack: Raid (the Fridge) — At the beginning of your second main phase, if you attacked this turn, put a +1/+1 counter on target creature and create a Food token. (Targeting: [[Leonardo, the Balance (404)]]) [Phase: Ai(4)-Destyn_Turtles]
Add To Stack: Ai(4)-Destyn_Turtles triggered Leonardo, the Balance
Resolve Stack: Whenever a token you control enters, you may put a +1/+1 counter on each creature you control. Do this only once each turn. [Zone Changer: Food Token (556)]
Mana: Rootbound Crag (396) - {T}: Add {R} or {G}.
Mana: Hinterland Harbor (326) - {T}: Add {G} or {U}.
Mana: Path of Ancestry (315) - {T}: Add one mana of any color in your commander's color identity. When that mana is spent to cast a creature spell that shares a creature type with your commander, scry 1. (Look at the top card of your library. You may put that card on the bottom.)
Mana: Command Tower (331) - {T}: Add one mana of any color in your commander's color identity.
Add To Stack: Ai(4)-Destyn_Turtles cast Big Mother Mouser
Replacement Effect: Big Mother Mouser enters with two +1/+1 counters on it.
Resolve Stack: Big Mother Mouser - Creature 0 / 0
Phase: Ai(4)-Destyn_Turtles' End step
Phase: Ai(4)-Destyn_Turtles' Cleanup step
Turn: Turn 59 (Ai(1)-GGS_Oni_diagnostic)
Phase: Ai(1)-GGS_Oni_diagnostic's Untap step
Phase: Ai(1)-GGS_Oni_diagnostic's Upkeep step
Phase: Ai(1)-GGS_Oni_diagnostic's Draw step
Mana: Malakir Mire (5) - {T}: Add {B}.
Mana: Swamp (82) - {T}: Add {B}.
Mana: Island (73) - {T}: Add {U}.
Add To Stack: Ai(1)-GGS_Oni_diagnostic cast Mithril Coat
Resolve Stack: Mithril Coat
Add To Stack: Ai(1)-GGS_Oni_diagnostic triggered Mithril Coat targeting [Goro-Goro and Satoru (100)]
Resolve Stack: When Mithril Coat enters, attach it to target legendary creature you control. (Targeting: [[Goro-Goro and Satoru (100)]]) [Zone Changer: Mithril Coat (91)]
Phase: Ai(1)-GGS_Oni_diagnostic's Main phase, precombat
Phase: Ai(1)-GGS_Oni_diagnostic's Beginning of Combat Step
Phase: Ai(1)-GGS_Oni_diagnostic's Declare Attackers Step
Phase: Ai(1)-GGS_Oni_diagnostic's Declare Blockers Step
Phase: Ai(1)-GGS_Oni_diagnostic's First Strike Damage Step
Phase: Ai(1)-GGS_Oni_diagnostic's Combat Damage Step
Phase: Ai(1)-GGS_Oni_diagnostic's End of Combat Step
Phase: Ai(1)-GGS_Oni_diagnostic's Main phase, postcombat
Mana: Otawara, Soaring City (11) - {T}: Add {U}.
Mana: Mountain (94) - {T}: Add {R}.
Mana: Watery Grave (71) - {T}: Add {B}.
Add To Stack: Ai(1)-GGS_Oni_diagnostic cast Prosperous Thief
Resolve Stack: Prosperous Thief - Creature 3 / 2
Mana: Gloomlake Verge (24) - {T}: Add {U}.
Mana: Undercity Sewers (3) - {T}: Add {B}.
Add To Stack: Ai(1)-GGS_Oni_diagnostic cast Tetsuko Umezawa, Fugitive
Resolve Stack: Tetsuko Umezawa, Fugitive - Creature 1 / 3
Phase: Ai(1)-GGS_Oni_diagnostic's End step
Phase: Ai(1)-GGS_Oni_diagnostic's Cleanup step
Turn: Turn 60 (Ai(2)-Jaymie_Ezio)
Phase: Ai(2)-Jaymie_Ezio's Untap step
Phase: Ai(2)-Jaymie_Ezio's Upkeep step
Phase: Ai(2)-Jaymie_Ezio's Draw step
Phase: Ai(2)-Jaymie_Ezio's Main phase, precombat
Phase: Ai(2)-Jaymie_Ezio's Beginning of Combat Step
Phase: Ai(2)-Jaymie_Ezio's Declare Attackers Step
Phase: Ai(2)-Jaymie_Ezio's Declare Blockers Step
Phase: Ai(2)-Jaymie_Ezio's First Strike Damage Step
Phase: Ai(2)-Jaymie_Ezio's Combat Damage Step
Phase: Ai(2)-Jaymie_Ezio's End of Combat Step
Phase: Ai(2)-Jaymie_Ezio's Main phase, postcombat
Mana: Plains (191) - {T}: Add {W}.
Mana: Mountain (189) - {T}: Add {R}.
Mana: Forest (137) - {T}: Add {G}.
Mana: Island (134) - {T}: Add {U}.
Add To Stack: Ai(2)-Jaymie_Ezio cast Aya of Alexandria
Resolve Stack: Aya of Alexandria - Creature 4 / 3
Phase: Ai(2)-Jaymie_Ezio's End step
Phase: Ai(2)-Jaymie_Ezio's Cleanup step
Turn: Turn 61 (Ai(4)-Destyn_Turtles)
Phase: Ai(4)-Destyn_Turtles' Untap step
Phase: Ai(4)-Destyn_Turtles' Upkeep step
Phase: Ai(4)-Destyn_Turtles' Draw step
Phase: Ai(4)-Destyn_Turtles' Main phase, precombat
Mana: Exotic Orchard (344) - {T}: Add one mana of any color that a land an opponent controls could produce.
Mana: Plains (390) - {T}: Add {W}.
Add To Stack: Ai(4)-Destyn_Turtles cast Foot Chopper
Resolve Stack: Foot Chopper
Add To Stack: Ai(4)-Destyn_Turtles triggered Foot Chopper
Resolve Stack: When this Equipment enters, create a 1/1 black Ninja creature token, then attach this Equipment to it. [Zone Changer: Foot Chopper (395)]
Add To Stack: Ai(4)-Destyn_Turtles triggered Leonardo, the Balance
Resolve Stack: Whenever a token you control enters, you may put a +1/+1 counter on each creature you control. Do this only once each turn. [Zone Changer: Ninja Token (560)]
Phase: Ai(4)-Destyn_Turtles' Beginning of Combat Step
Phase: Ai(4)-Destyn_Turtles' Declare Attackers Step
Phase: Ai(4)-Destyn_Turtles' Declare Blockers Step
Phase: Ai(4)-Destyn_Turtles' First Strike Damage Step
Phase: Ai(4)-Destyn_Turtles' Combat Damage Step
Phase: Ai(4)-Destyn_Turtles' End of Combat Step
Phase: Ai(4)-Destyn_Turtles' Main phase, postcombat
Mana: Forest (341) - {T}: Add {G}.
Mana: Island (332) - {T}: Add {U}.
Mana: Spire Garden (392) - {T}: Add {R} or {G}.
Mana: Rootbound Crag (396) - {T}: Add {R} or {G}.
Mana: Hinterland Harbor (326) - {T}: Add {G} or {U}.
Add To Stack: Ai(4)-Destyn_Turtles cast Mole Module
Resolve Stack: Mole Module
Mana: Path of Ancestry (315) - {T}: Add one mana of any color in your commander's color identity. When that mana is spent to cast a creature spell that shares a creature type with your commander, scry 1. (Look at the top card of your library. You may put that card on the bottom.)
Mana: Command Tower (331) - {T}: Add one mana of any color in your commander's color identity.
Add To Stack: Ai(4)-Destyn_Turtles cast Arcane Signet
Resolve Stack: Arcane Signet
Phase: Ai(4)-Destyn_Turtles' End step
Phase: Ai(4)-Destyn_Turtles' Cleanup step
Turn: Turn 62 (Ai(1)-GGS_Oni_diagnostic)
Phase: Ai(1)-GGS_Oni_diagnostic's Untap step
Phase: Ai(1)-GGS_Oni_diagnostic's Upkeep step
Phase: Ai(1)-GGS_Oni_diagnostic's Draw step
Phase: Ai(1)-GGS_Oni_diagnostic's Main phase, precombat
Phase: Ai(1)-GGS_Oni_diagnostic's Beginning of Combat Step
Phase: Ai(1)-GGS_Oni_diagnostic's Declare Attackers Step
Phase: Ai(1)-GGS_Oni_diagnostic's Declare Blockers Step
Phase: Ai(1)-GGS_Oni_diagnostic's First Strike Damage Step
Phase: Ai(1)-GGS_Oni_diagnostic's Combat Damage Step
Phase: Ai(1)-GGS_Oni_diagnostic's End of Combat Step
Phase: Ai(1)-GGS_Oni_diagnostic's Main phase, postcombat
Phase: Ai(1)-GGS_Oni_diagnostic's End step
Phase: Ai(1)-GGS_Oni_diagnostic's Cleanup step
Turn: Turn 63 (Ai(2)-Jaymie_Ezio)
Phase: Ai(2)-Jaymie_Ezio's Untap step
Phase: Ai(2)-Jaymie_Ezio's Upkeep step
Phase: Ai(2)-Jaymie_Ezio's Draw step
Phase: Ai(2)-Jaymie_Ezio's Main phase, precombat
Land: Ai(2)-Jaymie_Ezio played Command Tower (133)
Phase: Ai(2)-Jaymie_Ezio's Beginning of Combat Step
Phase: Ai(2)-Jaymie_Ezio's Declare Attackers Step
Phase: Ai(2)-Jaymie_Ezio's Declare Blockers Step
Phase: Ai(2)-Jaymie_Ezio's First Strike Damage Step
Phase: Ai(2)-Jaymie_Ezio's Combat Damage Step
Phase: Ai(2)-Jaymie_Ezio's End of Combat Step
Phase: Ai(2)-Jaymie_Ezio's Main phase, postcombat
Mana: Mountain (189) - {T}: Add {R}.
Mana: Path of Ancestry (109) - {T}: Add one mana of any color in your commander's color identity. When that mana is spent to cast a creature spell that shares a creature type with your commander, scry 1. (Look at the top card of your library. You may put that card on the bottom.)
Mana: Forest (137) - {T}: Add {G}.
Mana: Island (134) - {T}: Add {U}.
Mana: Plains (191) - {T}: Add {W}.
Add To Stack: Ai(2)-Jaymie_Ezio cast Combustion Man
Add To Stack: Ai(2)-Jaymie_Ezio triggered Path of Ancestry
Resolve Stack: Ai(2)-Jaymie_Ezio scried 1 card(s) to the top of the library
Resolve Stack: When mana produced by Path of Ancestry is spent to cast a creature spell that shares a creature type with your commander, scry 1. ([Combustion Man - Creature 4 / 6]) [Card: Combustion Man (185), Activator: Ai(2)-Jaymie_Ezio, SpellAbility: Combustion Man - Creature 4 / 6]
Resolve Stack: Combustion Man - Creature 4 / 6
Phase: Ai(2)-Jaymie_Ezio's End step
Phase: Ai(2)-Jaymie_Ezio's Cleanup step
Turn: Turn 64 (Ai(4)-Destyn_Turtles)
Phase: Ai(4)-Destyn_Turtles' Untap step
Phase: Ai(4)-Destyn_Turtles' Upkeep step
Phase: Ai(4)-Destyn_Turtles' Draw step
Phase: Ai(4)-Destyn_Turtles' Main phase, precombat
Phase: Ai(4)-Destyn_Turtles' Beginning of Combat Step
Phase: Ai(4)-Destyn_Turtles' Declare Attackers Step
Combat: Ai(4)-Destyn_Turtles assigned Ninja Token (560) to attack Ai(1)-GGS_Oni_diagnostic.
Phase: Ai(4)-Destyn_Turtles' Declare Blockers Step
Combat: Ai(1)-GGS_Oni_diagnostic didn't block Ninja Token (560).
Phase: Ai(4)-Destyn_Turtles' First Strike Damage Step
Phase: Ai(4)-Destyn_Turtles' Combat Damage Step
Damage: Ninja Token (560) deals 2 combat damage to Ai(1)-GGS_Oni_diagnostic.
Life: Life: Ai(1)-GGS_Oni_diagnostic 6 > 4
Add To Stack: Ai(4)-Destyn_Turtles triggered Foot Chopper
Resolve Stack: Whenever equipped creature deals combat damage to a player, you may sacrifice it. If you do, draw cards equal to its power. [Damage Source: Ninja Token (560), Damaged: Ai(1)-GGS_Oni_diagnostic, Amount: 2]
Phase: Ai(4)-Destyn_Turtles' End of Combat Step
Phase: Ai(4)-Destyn_Turtles' Main phase, postcombat
Add To Stack: Ai(4)-Destyn_Turtles triggered Michelangelo, the Heart targeting [Leonardo, the Balance (404)]
Resolve Stack: Raid (the Fridge) — At the beginning of your second main phase, if you attacked this turn, put a +1/+1 counter on target creature and create a Food token. (Targeting: [[Leonardo, the Balance (404)]]) [Phase: Ai(4)-Destyn_Turtles]
Add To Stack: Ai(4)-Destyn_Turtles triggered Leonardo, the Balance
Resolve Stack: Whenever a token you control enters, you may put a +1/+1 counter on each creature you control. Do this only once each turn. [Zone Changer: Food Token (562)]
Mana: Exotic Orchard (344) - {T}: Add one mana of any color that a land an opponent controls could produce.
Mana: Plains (390) - {T}: Add {W}.
Mana: Forest (341) - {T}: Add {G}.
Mana: Island (332) - {T}: Add {U}.
Add To Stack: Ai(4)-Destyn_Turtles cast Casey Jones, Back Alley Brute
Resolve Stack: Casey Jones, Back Alley Brute - Creature 4 / 2
Mana: Spire Garden (392) - {T}: Add {R} or {G}.
Mana: Rootbound Crag (396) - {T}: Add {R} or {G}.
Mana: Hinterland Harbor (326) - {T}: Add {G} or {U}.
Mana: Path of Ancestry (315) - {T}: Add one mana of any color in your commander's color identity. When that mana is spent to cast a creature spell that shares a creature type with your commander, scry 1. (Look at the top card of your library. You may put that card on the bottom.)
Add To Stack: Ai(4)-Destyn_Turtles cast Coin of Mastery
Resolve Stack: Coin of Mastery
Phase: Ai(4)-Destyn_Turtles' End step
Phase: Ai(4)-Destyn_Turtles' Cleanup step
Turn: Turn 65 (Ai(1)-GGS_Oni_diagnostic)
Phase: Ai(1)-GGS_Oni_diagnostic's Untap step
Phase: Ai(1)-GGS_Oni_diagnostic's Upkeep step
Phase: Ai(1)-GGS_Oni_diagnostic's Draw step
Phase: Ai(1)-GGS_Oni_diagnostic's Main phase, precombat
Land: Ai(1)-GGS_Oni_diagnostic played Shizo, Death's Storehouse (20)
Phase: Ai(1)-GGS_Oni_diagnostic's Beginning of Combat Step
Phase: Ai(1)-GGS_Oni_diagnostic's Declare Attackers Step
Add To Stack: Ai(4)-Destyn_Turtles activated Coin of Mastery
Resolve Stack: Coin of Mastery (324) - Ai(4)-Destyn_Turtles creates a Treasure token.
Add To Stack: Ai(4)-Destyn_Turtles triggered Leonardo, the Balance
Resolve Stack: Whenever a token you control enters, you may put a +1/+1 counter on each creature you control. Do this only once each turn. [Zone Changer: Treasure Token (572)]
Add To Stack: Ai(4)-Destyn_Turtles triggered Casey Jones, Back Alley Brute targeting [Ai(1)-GGS_Oni_diagnostic]
Add To Stack: Ai(4)-Destyn_Turtles triggered Casey Jones, Back Alley Brute targeting [Ai(1)-GGS_Oni_diagnostic]
Add To Stack: Ai(4)-Destyn_Turtles triggered Casey Jones, Back Alley Brute targeting [Ai(1)-GGS_Oni_diagnostic]
Add To Stack: Ai(4)-Destyn_Turtles triggered Casey Jones, Back Alley Brute targeting [Ai(1)-GGS_Oni_diagnostic]
Add To Stack: Ai(4)-Destyn_Turtles triggered Casey Jones, Back Alley Brute targeting [Ai(1)-GGS_Oni_diagnostic]
Damage: Casey Jones, Back Alley Brute (309) deals 1 non-combat damage to Ai(1)-GGS_Oni_diagnostic.
Life: Life: Ai(1)-GGS_Oni_diagnostic 4 > 3
Resolve Stack: Whenever you put one or more +1/+1 counters on a creature you control, Casey Jones deals that much damage to target opponent. (Targeting: [[Ai(1)-GGS_Oni_diagnostic]]) [Added once: Casey Jones, Back Alley Brute (309) Amount: 1]
Damage: Casey Jones, Back Alley Brute (309) deals 1 non-combat damage to Ai(1)-GGS_Oni_diagnostic.
Life: Life: Ai(1)-GGS_Oni_diagnostic 3 > 2
Resolve Stack: Whenever you put one or more +1/+1 counters on a creature you control, Casey Jones deals that much damage to target opponent. (Targeting: [[Ai(1)-GGS_Oni_diagnostic]]) [Added once: Ninja Token (560) Amount: 1]
Damage: Casey Jones, Back Alley Brute (309) deals 1 non-combat damage to Ai(1)-GGS_Oni_diagnostic.
Life: Life: Ai(1)-GGS_Oni_diagnostic 2 > 1
Resolve Stack: Whenever you put one or more +1/+1 counters on a creature you control, Casey Jones deals that much damage to target opponent. (Targeting: [[Ai(1)-GGS_Oni_diagnostic]]) [Added once: Big Mother Mouser (343) Amount: 1]
Damage: Casey Jones, Back Alley Brute (309) deals 1 non-combat damage to Ai(1)-GGS_Oni_diagnostic.
Life: Life: Ai(1)-GGS_Oni_diagnostic 1 > 0
Resolve Stack: Whenever you put one or more +1/+1 counters on a creature you control, Casey Jones deals that much damage to target opponent. (Targeting: [[Ai(1)-GGS_Oni_diagnostic]]) [Added once: Leonardo, the Balance (404) Amount: 1]
Resolve Stack: Casey Jones, Back Alley Brute ability fizzles.
Phase: Ai(1)-GGS_Oni_diagnostic's Declare Blockers Step
Phase: Ai(1)-GGS_Oni_diagnostic's First Strike Damage Step
Phase: Ai(1)-GGS_Oni_diagnostic's Combat Damage Step
Phase: Ai(1)-GGS_Oni_diagnostic's End of Combat Step
Phase: Ai(1)-GGS_Oni_diagnostic's Main phase, postcombat
Phase: Ai(1)-GGS_Oni_diagnostic's End step
Phase: Ai(1)-GGS_Oni_diagnostic's Cleanup step
Turn: Turn 66 (Ai(2)-Jaymie_Ezio)
Phase: Ai(2)-Jaymie_Ezio's Untap step
Phase: Ai(2)-Jaymie_Ezio's Upkeep step
Phase: Ai(2)-Jaymie_Ezio's Draw step
Phase: Ai(2)-Jaymie_Ezio's Main phase, precombat
Phase: Ai(2)-Jaymie_Ezio's Beginning of Combat Step
Phase: Ai(2)-Jaymie_Ezio's Declare Attackers Step
Phase: Ai(2)-Jaymie_Ezio's Declare Blockers Step
Phase: Ai(2)-Jaymie_Ezio's First Strike Damage Step
Phase: Ai(2)-Jaymie_Ezio's Combat Damage Step
Phase: Ai(2)-Jaymie_Ezio's End of Combat Step
Phase: Ai(2)-Jaymie_Ezio's Main phase, postcombat
Mana: Path of Ancestry (109) - {T}: Add one mana of any color in your commander's color identity. When that mana is spent to cast a creature spell that shares a creature type with your commander, scry 1. (Look at the top card of your library. You may put that card on the bottom.)
Mana: Island (134) - {T}: Add {U}.
Mana: Mountain (189) - {T}: Add {R}.
Mana: Forest (137) - {T}: Add {G}.
Add To Stack: Ai(2)-Jaymie_Ezio cast Etrata, the Silencer
Add To Stack: Ai(2)-Jaymie_Ezio triggered Path of Ancestry
Resolve Stack: Ai(2)-Jaymie_Ezio scried 1 card(s) to the top of the library
Resolve Stack: When mana produced by Path of Ancestry is spent to cast a creature spell that shares a creature type with your commander, scry 1. ([Etrata, the Silencer - Creature 3 / 5]) [Card: Etrata, the Silencer (167), Activator: Ai(2)-Jaymie_Ezio, SpellAbility: Etrata, the Silencer - Creature 3 / 5]
Resolve Stack: Etrata, the Silencer - Creature 3 / 5
Mana: Command Tower (133) - {T}: Add one mana of any color in your commander's color identity.
Mana: Plains (191) - {T}: Add {W}.
Add To Stack: Ai(2)-Jaymie_Ezio cast Ezio Auditore da Firenze
Resolve Stack: Ezio Auditore da Firenze - Creature 3 / 2
Phase: Ai(2)-Jaymie_Ezio's End step
Phase: Ai(2)-Jaymie_Ezio's Cleanup step
Turn: Turn 67 (Ai(4)-Destyn_Turtles)
Phase: Ai(4)-Destyn_Turtles' Untap step
Phase: Ai(4)-Destyn_Turtles' Upkeep step
Mana: Exotic Orchard (344) - {T}: Add one mana of any color that a land an opponent controls could produce.
Mana: Plains (390) - {T}: Add {W}.
Mana: Island (332) - {T}: Add {U}.
Mana: Spire Garden (392) - {T}: Add {R} or {G}.
Mana: Forest (341) - {T}: Add {G}.
Add To Stack: Ai(4)-Destyn_Turtles activated Leonardo, the Balance
Resolve Stack: Leonardo, the Balance (404) - Creatures you control gain menace, trample, and lifelink until end of turn.
Phase: Ai(4)-Destyn_Turtles' Draw step
Phase: Ai(4)-Destyn_Turtles' Main phase, precombat
Land: Ai(4)-Destyn_Turtles played Mountain (389)
Phase: Ai(4)-Destyn_Turtles' Beginning of Combat Step
Phase: Ai(4)-Destyn_Turtles' Declare Attackers Step
Combat: Ai(4)-Destyn_Turtles assigned Leonardo, the Balance (404), Michelangelo, the Heart (402), Big Mother Mouser (343), Casey Jones, Back Alley Brute (309) and Ninja Token (560) to attack Ai(2)-Jaymie_Ezio.
Add To Stack: Ai(4)-Destyn_Turtles triggered Big Mother Mouser
Add To Stack: Ai(4)-Destyn_Turtles triggered Casey Jones, Back Alley Brute targeting [Leonardo, the Balance (404)]
Resolve Stack: Whenever Casey Jones attacks, put a +1/+1 counter on target attacking creature. (Targeting: [[Leonardo, the Balance (404)]]) [Attacker: Casey Jones, Back Alley Brute (309)]
Add To Stack: Ai(4)-Destyn_Turtles triggered Casey Jones, Back Alley Brute targeting [Ai(2)-Jaymie_Ezio]
Damage: Casey Jones, Back Alley Brute (309) deals 1 non-combat damage to Ai(2)-Jaymie_Ezio.
Life: Life: Ai(4)-Destyn_Turtles 15 > 16
Life: Life: Ai(2)-Jaymie_Ezio 13 > 12
Resolve Stack: Whenever you put one or more +1/+1 counters on a creature you control, Casey Jones deals that much damage to target opponent. (Targeting: [[Ai(2)-Jaymie_Ezio]]) [Added once: Leonardo, the Balance (404) Amount: 1]
Resolve Stack: Whenever this creature attacks, double the number of +1/+1 counters on it. [Attacker: Big Mother Mouser (343)]
Add To Stack: Ai(4)-Destyn_Turtles triggered Casey Jones, Back Alley Brute targeting [Ai(2)-Jaymie_Ezio]
Damage: Casey Jones, Back Alley Brute (309) deals 5 non-combat damage to Ai(2)-Jaymie_Ezio.
Life: Life: Ai(4)-Destyn_Turtles 16 > 21
Life: Life: Ai(2)-Jaymie_Ezio 12 > 7
Resolve Stack: Whenever you put one or more +1/+1 counters on a creature you control, Casey Jones deals that much damage to target opponent. (Targeting: [[Ai(2)-Jaymie_Ezio]]) [Added once: Big Mother Mouser (343) Amount: 5]
Phase: Ai(4)-Destyn_Turtles' Declare Blockers Step
Combat: Ai(2)-Jaymie_Ezio assigned Ezio, Blade of Vengeance (141), Aya of Alexandria (113) and Ezio Auditore da Firenze (201) to block Leonardo, the Balance (404).
Ai(2)-Jaymie_Ezio didn't block Michelangelo, the Heart (402).
Ai(2)-Jaymie_Ezio assigned Combustion Man (185) and Etrata, the Silencer (167) to block Big Mother Mouser (343).
Ai(2)-Jaymie_Ezio didn't block Casey Jones, Back Alley Brute (309).
Ai(2)-Jaymie_Ezio didn't block Ninja Token (560).
Phase: Ai(4)-Destyn_Turtles' First Strike Damage Step
Phase: Ai(4)-Destyn_Turtles' Combat Damage Step
Damage: Leonardo, the Balance (404) deals 3 damage to Aya of Alexandria (113).
Damage: Leonardo, the Balance (404) deals 2 damage to Ezio Auditore da Firenze (201).
Damage: Leonardo, the Balance (404) deals 5 damage to Ezio, Blade of Vengeance (141).
Life: Life: Ai(4)-Destyn_Turtles 21 > 31
Damage: Michelangelo, the Heart (402) deals 7 combat damage to Ai(2)-Jaymie_Ezio.
Life: Life: Ai(4)-Destyn_Turtles 31 > 38
Damage: Big Mother Mouser (343) deals 4 damage to Etrata, the Silencer (167).
Damage: Big Mother Mouser (343) deals 6 damage to Combustion Man (185).
Life: Life: Ai(4)-Destyn_Turtles 38 > 48
Damage: Casey Jones, Back Alley Brute (309) deals 5 combat damage to Ai(2)-Jaymie_Ezio.
Life: Life: Ai(4)-Destyn_Turtles 48 > 53
Damage: Ninja Token (560) deals 4 combat damage to Ai(2)-Jaymie_Ezio.
Life: Life: Ai(4)-Destyn_Turtles 53 > 57
Damage: Ezio, Blade of Vengeance (141) deals 5 damage (Deathtouch) to Leonardo, the Balance (404).
Damage: Aya of Alexandria (113) deals 4 damage to Leonardo, the Balance (404).
Life: Life: Ai(2)-Jaymie_Ezio 7 > 11
Damage: Ezio Auditore da Firenze (201) deals 3 damage to Leonardo, the Balance (404).
Damage: Combustion Man (185) deals 4 damage to Big Mother Mouser (343).
Damage: Etrata, the Silencer (167) deals 3 damage to Big Mother Mouser (343).
Life: Life: Ai(2)-Jaymie_Ezio 11 > -5
Player Control: Ai(1)-GGS_Oni_diagnostic has restored control over themself
Player Control: Ai(2)-Jaymie_Ezio has restored control over themself
Player Control: Ai(3)-Gabe_Food has restored control over themself
Player Control: Ai(4)-Destyn_Turtles has restored control over themself
Game Outcome: Match Duration 1m : 54s
Game Outcome: Turn 34
Game Outcome: Ai(1)-GGS_Oni_diagnostic has lost because life total reached 0
Game Outcome: Ai(2)-Jaymie_Ezio has lost because life total reached 0
Game Outcome: Ai(3)-Gabe_Food has lost because life total reached 0
Game Outcome: Ai(4)-Destyn_Turtles has won because all opponents have lost
Match Result: Ai(1)-GGS_Oni_diagnostic: 0 Ai(2)-Jaymie_Ezio: 0 Ai(3)-Gabe_Food: 0 Ai(4)-Destyn_Turtles: 1 

Game Result: Game 1 ended in 117215 ms. Ai(4)-Destyn_Turtles has won!

