Error handling registered!
20:37:35 [INFO ] GuiBase: ##########################################
20:37:35 [INFO ] GuiBase: APP: Forge v.2.0.15-SNAPSHOT-09.28
20:37:35 [INFO ] GuiBase: Java: 17.0.20 (Ubuntu)
20:37:35 [INFO ] GuiBase: OS: Linux 6.18.44 amd64
20:37:35 [INFO ] GuiBase: RAM: 1536 MB max, 8 CPUs
20:37:35 [INFO ] GuiBase: ##########################################
Language 'en-US' loaded successfully.
(ThreadUtil first call): Running with priority 5
Read cards: 34010 archived files in 1 ms (25 parts) using thread pool
Upcoming set Star Trek (TRK) dated in the future. All `upcoming` cards will be added to this set with unknown rarity.
The card A-Alrund's Epiphany was not assigned to any set. Adding it to UNKNOWN set... to fix see res/editions/ folder. 
The card A-Baba Lysaga, Night Witch was not assigned to any set. Adding it to UNKNOWN set... to fix see res/editions/ folder. 
The card A-Divide by Zero was not assigned to any set. Adding it to UNKNOWN set... to fix see res/editions/ folder. 
The card A-Esika's Chariot was not assigned to any set. Adding it to UNKNOWN set... to fix see res/editions/ folder. 
The card A-Faceless Haven was not assigned to any set. Adding it to UNKNOWN set... to fix see res/editions/ folder. 
The card A-Fires of Invention was not assigned to any set. Adding it to UNKNOWN set... to fix see res/editions/ folder. 
The card A-Goldspan Dragon was not assigned to any set. Adding it to UNKNOWN set... to fix see res/editions/ folder. 
The card A-Hullbreaker Horror was not assigned to any set. Adding it to UNKNOWN set... to fix see res/editions/ folder. 
The card A-Kumano Faces Kakkazan was not assigned to any set. Adding it to UNKNOWN set... to fix see res/editions/ folder. 
The card A-Luminarch Aspirant was not assigned to any set. Adding it to UNKNOWN set... to fix see res/editions/ folder. 
The card A-Monster Manual was not assigned to any set. Adding it to UNKNOWN set... to fix see res/editions/ folder. 
The card A-Omnath, Locus of Creation was not assigned to any set. Adding it to UNKNOWN set... to fix see res/editions/ folder. 
The card A-The Meathook Massacre was not assigned to any set. Adding it to UNKNOWN set... to fix see res/editions/ folder. 
The card A-Unholy Heat was not assigned to any set. Adding it to UNKNOWN set... to fix see res/editions/ folder. 
The card Blinding Radiance was not assigned to any set. Adding it to UNKNOWN set... to fix see res/editions/ folder. 
The card Goblin Bruiser was not assigned to any set. Adding it to UNKNOWN set... to fix see res/editions/ folder. 
The card Ogre Painbringer was not assigned to any set. Adding it to UNKNOWN set... to fix see res/editions/ folder. 
The card Titanic Pelagosaur was not assigned to any set. Adding it to UNKNOWN set... to fix see res/editions/ folder. 
The card Treetop Recluse was not assigned to any set. Adding it to UNKNOWN set... to fix see res/editions/ folder. 
Upcoming set Star Trek (TRK) dated in the future. All `upcoming` cards will be added to this set with unknown rarity.
Read cards: 854 files in 0 ms (8 parts) using thread pool
Simulation mode
Ai(1)-Jaymie_Ezio vs Ai(2)-Gabe_Food vs Ai(3)-Destyn_Turtles vs Ai(4)-GGS_Four_card_package - one game of Commander seed 20260930
Warning: default (ie. inherited from base class) implementation of confirmAction is used by Goro-Goro and Satoru for forge.ai.ability.PermanentCreatureAi. Consider declaring an overloaded method
Warning: default (ie. inherited from base class) implementation of chkAIDrawback is used by Assassin Gauntlet for forge.ai.ability.TapAllAi. Consider declaring an overloaded method
Warning: default (ie. inherited from base class) implementation of chkAIDrawback is used by Assassin Gauntlet for forge.ai.ability.TapAllAi. Consider declaring an overloaded method
Warning: default (ie. inherited from base class) implementation of chkAIDrawback is used by Assassin Gauntlet for forge.ai.ability.TapAllAi. Consider declaring an overloaded method
Warning: default (ie. inherited from base class) implementation of chkAIDrawback is used by Assassin Gauntlet for forge.ai.ability.TapAllAi. Consider declaring an overloaded method
Warning: default (ie. inherited from base class) implementation of chkAIDrawback is used by Assassin Gauntlet for forge.ai.ability.TapAllAi. Consider declaring an overloaded method
Warning: default (ie. inherited from base class) implementation of chkAIDrawback is used by Assassin Gauntlet for forge.ai.ability.TapAllAi. Consider declaring an overloaded method
Warning: default (ie. inherited from base class) implementation of chkAIDrawback is used by Assassin Gauntlet for forge.ai.ability.TapAllAi. Consider declaring an overloaded method
Warning: default (ie. inherited from base class) implementation of chkAIDrawback is used by Assassin Gauntlet for forge.ai.ability.TapAllAi. Consider declaring an overloaded method
Warning: default (ie. inherited from base class) implementation of chkAIDrawback is used by Assassin Gauntlet for forge.ai.ability.TapAllAi. Consider declaring an overloaded method
Warning: default (ie. inherited from base class) implementation of chkAIDrawback is used by Assassin Gauntlet for forge.ai.ability.TapAllAi. Consider declaring an overloaded method
Mulligan: Ai(4)-GGS_Four_card_package has kept a hand of 7 cards
Mulligan: Ai(1)-Jaymie_Ezio has kept a hand of 7 cards
Mulligan: Ai(2)-Gabe_Food has kept a hand of 7 cards
Mulligan: Ai(3)-Destyn_Turtles has kept a hand of 7 cards
Turn: Turn 1 (Ai(4)-GGS_Four_card_package)
Phase: Ai(4)-GGS_Four_card_package's Untap step
Phase: Ai(4)-GGS_Four_card_package's Upkeep step
Phase: Ai(4)-GGS_Four_card_package's Draw step
Phase: Ai(4)-GGS_Four_card_package's Main phase, precombat
Replacement Effect: Training Center enters tapped unless you have two or more opponents.
Land: Ai(4)-GGS_Four_card_package played Training Center (332)
Phase: Ai(4)-GGS_Four_card_package's Beginning of Combat Step
Phase: Ai(4)-GGS_Four_card_package's Declare Attackers Step
Phase: Ai(4)-GGS_Four_card_package's Declare Blockers Step
Phase: Ai(4)-GGS_Four_card_package's First Strike Damage Step
Phase: Ai(4)-GGS_Four_card_package's Combat Damage Step
Phase: Ai(4)-GGS_Four_card_package's End of Combat Step
Phase: Ai(4)-GGS_Four_card_package's Main phase, postcombat
Phase: Ai(4)-GGS_Four_card_package's End step
Phase: Ai(4)-GGS_Four_card_package's Cleanup step
Turn: Turn 2 (Ai(1)-Jaymie_Ezio)
Phase: Ai(1)-Jaymie_Ezio's Untap step
Phase: Ai(1)-Jaymie_Ezio's Upkeep step
Phase: Ai(1)-Jaymie_Ezio's Draw step
Phase: Ai(1)-Jaymie_Ezio's Main phase, precombat
Land: Ai(1)-Jaymie_Ezio played Command Tower (32)
Phase: Ai(1)-Jaymie_Ezio's Beginning of Combat Step
Phase: Ai(1)-Jaymie_Ezio's Declare Attackers Step
Phase: Ai(1)-Jaymie_Ezio's Declare Blockers Step
Phase: Ai(1)-Jaymie_Ezio's First Strike Damage Step
Phase: Ai(1)-Jaymie_Ezio's Combat Damage Step
Phase: Ai(1)-Jaymie_Ezio's End of Combat Step
Phase: Ai(1)-Jaymie_Ezio's Main phase, postcombat
Mana: Command Tower (32) - {T}: Add one mana of any color in your commander's color identity.
Add To Stack: Ai(1)-Jaymie_Ezio cast Assassin Initiate
Resolve Stack: Assassin Initiate - Creature 1 / 1
Phase: Ai(1)-Jaymie_Ezio's End step
Phase: Ai(1)-Jaymie_Ezio's Cleanup step
Turn: Turn 3 (Ai(2)-Gabe_Food)
Phase: Ai(2)-Gabe_Food's Untap step
Phase: Ai(2)-Gabe_Food's Upkeep step
Phase: Ai(2)-Gabe_Food's Draw step
Phase: Ai(2)-Gabe_Food's Main phase, precombat
Land: Ai(2)-Gabe_Food played Forest (140)
Phase: Ai(2)-Gabe_Food's Beginning of Combat Step
Phase: Ai(2)-Gabe_Food's Declare Attackers Step
Phase: Ai(2)-Gabe_Food's Declare Blockers Step
Phase: Ai(2)-Gabe_Food's First Strike Damage Step
Phase: Ai(2)-Gabe_Food's Combat Damage Step
Phase: Ai(2)-Gabe_Food's End of Combat Step
Phase: Ai(2)-Gabe_Food's Main phase, postcombat
Phase: Ai(2)-Gabe_Food's End step
Phase: Ai(2)-Gabe_Food's Cleanup step
Turn: Turn 4 (Ai(3)-Destyn_Turtles)
Phase: Ai(3)-Destyn_Turtles' Untap step
Phase: Ai(3)-Destyn_Turtles' Upkeep step
Phase: Ai(3)-Destyn_Turtles' Draw step
Phase: Ai(3)-Destyn_Turtles' Main phase, precombat
Replacement Effect: This land enters tapped unless you control two or more basic lands.
Land: Ai(3)-Destyn_Turtles played Sodden Verdure (283)
Phase: Ai(3)-Destyn_Turtles' Beginning of Combat Step
Phase: Ai(3)-Destyn_Turtles' Declare Attackers Step
Phase: Ai(3)-Destyn_Turtles' Declare Blockers Step
Phase: Ai(3)-Destyn_Turtles' First Strike Damage Step
Phase: Ai(3)-Destyn_Turtles' Combat Damage Step
Phase: Ai(3)-Destyn_Turtles' End of Combat Step
Phase: Ai(3)-Destyn_Turtles' Main phase, postcombat
Phase: Ai(3)-Destyn_Turtles' End step
Phase: Ai(3)-Destyn_Turtles' Cleanup step
Turn: Turn 5 (Ai(4)-GGS_Four_card_package)
Phase: Ai(4)-GGS_Four_card_package's Untap step
Phase: Ai(4)-GGS_Four_card_package's Upkeep step
Phase: Ai(4)-GGS_Four_card_package's Draw step
Phase: Ai(4)-GGS_Four_card_package's Main phase, precombat
Replacement Effect: Luxury Suite enters tapped unless you have two or more opponents.
Land: Ai(4)-GGS_Four_card_package played Luxury Suite (378)
Phase: Ai(4)-GGS_Four_card_package's Beginning of Combat Step
Phase: Ai(4)-GGS_Four_card_package's Declare Attackers Step
Phase: Ai(4)-GGS_Four_card_package's Declare Blockers Step
Phase: Ai(4)-GGS_Four_card_package's First Strike Damage Step
Phase: Ai(4)-GGS_Four_card_package's Combat Damage Step
Phase: Ai(4)-GGS_Four_card_package's End of Combat Step
Phase: Ai(4)-GGS_Four_card_package's Main phase, postcombat
Mana: Training Center (332) - {T}: Add {U} or {R}.
Mana: Luxury Suite (378) - {T}: Add {B} or {R}.
Add To Stack: Ai(4)-GGS_Four_card_package cast Moon-Circuit Hacker
Resolve Stack: Moon-Circuit Hacker - Creature 2 / 1
Phase: Ai(4)-GGS_Four_card_package's End step
Phase: Ai(4)-GGS_Four_card_package's Cleanup step
Turn: Turn 6 (Ai(1)-Jaymie_Ezio)
Phase: Ai(1)-Jaymie_Ezio's Untap step
Phase: Ai(1)-Jaymie_Ezio's Upkeep step
Phase: Ai(1)-Jaymie_Ezio's Draw step
Phase: Ai(1)-Jaymie_Ezio's Main phase, precombat
Phase: Ai(1)-Jaymie_Ezio's Beginning of Combat Step
Phase: Ai(1)-Jaymie_Ezio's Declare Attackers Step
Phase: Ai(1)-Jaymie_Ezio's Declare Blockers Step
Phase: Ai(1)-Jaymie_Ezio's First Strike Damage Step
Phase: Ai(1)-Jaymie_Ezio's Combat Damage Step
Phase: Ai(1)-Jaymie_Ezio's End of Combat Step
Phase: Ai(1)-Jaymie_Ezio's Main phase, postcombat
Replacement Effect: Path of Ancestry enters tapped.
Land: Ai(1)-Jaymie_Ezio played Path of Ancestry (8)
Mana: Command Tower (32) - {T}: Add one mana of any color in your commander's color identity.
Add To Stack: Ai(1)-Jaymie_Ezio cast Changeling Outcast
Resolve Stack: Changeling Outcast - Creature 1 / 1
Phase: Ai(1)-Jaymie_Ezio's End step
Phase: Ai(1)-Jaymie_Ezio's Cleanup step
Turn: Turn 7 (Ai(2)-Gabe_Food)
Phase: Ai(2)-Gabe_Food's Untap step
Phase: Ai(2)-Gabe_Food's Upkeep step
Phase: Ai(2)-Gabe_Food's Draw step
Phase: Ai(2)-Gabe_Food's Main phase, precombat
Land: Ai(2)-Gabe_Food played Swamp (163)
Phase: Ai(2)-Gabe_Food's Beginning of Combat Step
Phase: Ai(2)-Gabe_Food's Declare Attackers Step
Phase: Ai(2)-Gabe_Food's Declare Blockers Step
Phase: Ai(2)-Gabe_Food's First Strike Damage Step
Phase: Ai(2)-Gabe_Food's Combat Damage Step
Phase: Ai(2)-Gabe_Food's End of Combat Step
Phase: Ai(2)-Gabe_Food's Main phase, postcombat
Mana: Forest (140) - {T}: Add {G}.
Mana: Swamp (163) - {T}: Add {B}.
Add To Stack: Ai(2)-Gabe_Food cast Prize Pig
Resolve Stack: Prize Pig - Creature 0 / 3
Phase: Ai(2)-Gabe_Food's End step
Phase: Ai(2)-Gabe_Food's Cleanup step
Turn: Turn 8 (Ai(3)-Destyn_Turtles)
Phase: Ai(3)-Destyn_Turtles' Untap step
Phase: Ai(3)-Destyn_Turtles' Upkeep step
Phase: Ai(3)-Destyn_Turtles' Draw step
Phase: Ai(3)-Destyn_Turtles' Main phase, precombat
Land: Ai(3)-Destyn_Turtles played City of Brass (247)
Phase: Ai(3)-Destyn_Turtles' Beginning of Combat Step
Phase: Ai(3)-Destyn_Turtles' Declare Attackers Step
Phase: Ai(3)-Destyn_Turtles' Declare Blockers Step
Phase: Ai(3)-Destyn_Turtles' First Strike Damage Step
Phase: Ai(3)-Destyn_Turtles' Combat Damage Step
Phase: Ai(3)-Destyn_Turtles' End of Combat Step
Phase: Ai(3)-Destyn_Turtles' Main phase, postcombat
Mana: Sodden Verdure (283) - {T}: Add {G}.
Mana: City of Brass (247) - {T}: Add one mana of any color.
Add To Stack: Ai(3)-Destyn_Turtles cast Michelangelo, the Heart
Add To Stack: Ai(3)-Destyn_Turtles triggered City of Brass
Damage: City of Brass (247) deals 1 non-combat damage to Ai(3)-Destyn_Turtles.
Life: Life: Ai(3)-Destyn_Turtles 40 > 39
Resolve Stack: Whenever City of Brass becomes tapped, it deals 1 damage to you. [Tapped: City of Brass (247)]
Resolve Stack: Michelangelo, the Heart - Creature 2 / 1
Phase: Ai(3)-Destyn_Turtles' End step
Phase: Ai(3)-Destyn_Turtles' Cleanup step
Turn: Turn 9 (Ai(4)-GGS_Four_card_package)
Phase: Ai(4)-GGS_Four_card_package's Untap step
Phase: Ai(4)-GGS_Four_card_package's Upkeep step
Phase: Ai(4)-GGS_Four_card_package's Draw step
Phase: Ai(4)-GGS_Four_card_package's Main phase, precombat
Land: Ai(4)-GGS_Four_card_package played Exotic Orchard (331)
Phase: Ai(4)-GGS_Four_card_package's Beginning of Combat Step
Phase: Ai(4)-GGS_Four_card_package's Declare Attackers Step
Phase: Ai(4)-GGS_Four_card_package's Declare Blockers Step
Phase: Ai(4)-GGS_Four_card_package's First Strike Damage Step
Phase: Ai(4)-GGS_Four_card_package's Combat Damage Step
Phase: Ai(4)-GGS_Four_card_package's End of Combat Step
Phase: Ai(4)-GGS_Four_card_package's Main phase, postcombat
Mana: Exotic Orchard (331) - {T}: Add one mana of any color that a land an opponent controls could produce.
Mana: Luxury Suite (378) - {T}: Add {B} or {R}.
Mana: Training Center (332) - {T}: Add {U} or {R}.
Add To Stack: Ai(4)-GGS_Four_card_package cast Goro-Goro and Satoru
Resolve Stack: Goro-Goro and Satoru - Creature 3 / 4
Phase: Ai(4)-GGS_Four_card_package's End step
Phase: Ai(4)-GGS_Four_card_package's Cleanup step
Turn: Turn 10 (Ai(1)-Jaymie_Ezio)
Phase: Ai(1)-Jaymie_Ezio's Untap step
Phase: Ai(1)-Jaymie_Ezio's Upkeep step
Phase: Ai(1)-Jaymie_Ezio's Draw step
Phase: Ai(1)-Jaymie_Ezio's Main phase, precombat
Replacement Effect: Smoldering Marsh enters tapped unless you control two or more basic lands.
Land: Ai(1)-Jaymie_Ezio played Smoldering Marsh (71)
Mana: Command Tower (32) - {T}: Add one mana of any color in your commander's color identity.
Mana: Path of Ancestry (8) - {T}: Add one mana of any color in your commander's color identity. When that mana is spent to cast a creature spell that shares a creature type with your commander, scry 1. (Look at the top card of your library. You may put that card on the bottom.)
Add To Stack: Ai(1)-Jaymie_Ezio cast Rampant Growth
Resolve Stack: Rampant Growth (78) - Search your library for a basic land card, put that card onto the battlefield tapped, then shuffle.
Phase: Ai(1)-Jaymie_Ezio's Beginning of Combat Step
Phase: Ai(1)-Jaymie_Ezio's Declare Attackers Step
Combat: Ai(1)-Jaymie_Ezio assigned Changeling Outcast (14) to attack Ai(4)-GGS_Four_card_package.
Phase: Ai(1)-Jaymie_Ezio's Declare Blockers Step
Combat: Ai(4)-GGS_Four_card_package didn't block Changeling Outcast (14).
Phase: Ai(1)-Jaymie_Ezio's First Strike Damage Step
Phase: Ai(1)-Jaymie_Ezio's Combat Damage Step
Damage: Changeling Outcast (14) deals 1 combat damage to Ai(4)-GGS_Four_card_package.
Life: Life: Ai(4)-GGS_Four_card_package 40 > 39
Phase: Ai(1)-Jaymie_Ezio's End of Combat Step
Phase: Ai(1)-Jaymie_Ezio's Main phase, postcombat
Phase: Ai(1)-Jaymie_Ezio's End step
Phase: Ai(1)-Jaymie_Ezio's Cleanup step
Turn: Turn 11 (Ai(2)-Gabe_Food)
Phase: Ai(2)-Gabe_Food's Untap step
Phase: Ai(2)-Gabe_Food's Upkeep step
Mana: Prize Pig (130) - {T}: Add one mana of any color.
Add To Stack: Ai(2)-Gabe_Food cast Swords to Plowshares targeting [Goro-Goro and Satoru (403)]
Zone Change: Goro-Goro and Satoru (403) was put into Exile from Battlefield.
Life: Life: Ai(4)-GGS_Four_card_package 39 > 42
Resolve Stack: Swords to Plowshares (185) - Exile Goro-Goro and Satoru (403). Ai(4)-GGS_Four_card_package gains life equal to its power.
Phase: Ai(2)-Gabe_Food's Draw step
Phase: Ai(2)-Gabe_Food's Main phase, precombat
Land: Ai(2)-Gabe_Food played Command Tower (131)
Mana: Command Tower (131) - {T}: Add one mana of any color in your commander's color identity.
Mana: Forest (140) - {T}: Add {G}.
Mana: Swamp (163) - {T}: Add {B}.
Add To Stack: Ai(2)-Gabe_Food cast Sam, Loyal Attendant
Resolve Stack: Sam, Loyal Attendant - Creature 2 / 4
Add To Stack: Ai(2)-Gabe_Food triggered Sam, Loyal Attendant targeting [Ai(2)-Gabe_Food]
Resolve Stack: Partner with Frodo, Adventurous Hobbit (When this creature enters, target player may put Frodo into their hand from their library, then shuffle.) (Targeting: [[Ai(2)-Gabe_Food]]) [Zone Changer: Sam, Loyal Attendant (202)]
Phase: Ai(2)-Gabe_Food's Beginning of Combat Step
Add To Stack: Ai(2)-Gabe_Food triggered Sam, Loyal Attendant
Resolve Stack: At the beginning of combat on your turn, create a Food token. (It's an artifact with "{2}, {T}, Sacrifice this token: You gain 3 life.") [Phase: Ai(2)-Gabe_Food]
Phase: Ai(2)-Gabe_Food's Declare Attackers Step
Phase: Ai(2)-Gabe_Food's Declare Blockers Step
Phase: Ai(2)-Gabe_Food's First Strike Damage Step
Phase: Ai(2)-Gabe_Food's Combat Damage Step
Phase: Ai(2)-Gabe_Food's End of Combat Step
Phase: Ai(2)-Gabe_Food's Main phase, postcombat
Phase: Ai(2)-Gabe_Food's End step
Phase: Ai(2)-Gabe_Food's Cleanup step
Turn: Turn 12 (Ai(3)-Destyn_Turtles)
Phase: Ai(3)-Destyn_Turtles' Untap step
Phase: Ai(3)-Destyn_Turtles' Upkeep step
Phase: Ai(3)-Destyn_Turtles' Draw step
Phase: Ai(3)-Destyn_Turtles' Main phase, precombat
Replacement Effect: Cinder Glade enters tapped unless you control two or more basic lands.
Land: Ai(3)-Destyn_Turtles played Cinder Glade (218)
Phase: Ai(3)-Destyn_Turtles' Beginning of Combat Step
Phase: Ai(3)-Destyn_Turtles' Declare Attackers Step
Phase: Ai(3)-Destyn_Turtles' Declare Blockers Step
Phase: Ai(3)-Destyn_Turtles' First Strike Damage Step
Phase: Ai(3)-Destyn_Turtles' Combat Damage Step
Phase: Ai(3)-Destyn_Turtles' End of Combat Step
Phase: Ai(3)-Destyn_Turtles' Main phase, postcombat
Mana: Sodden Verdure (283) - {T}: Add {G}.
Mana: City of Brass (247) - {T}: Add one mana of any color.
Add To Stack: Ai(3)-Destyn_Turtles cast Everything Pizza
Add To Stack: Ai(3)-Destyn_Turtles triggered City of Brass
Damage: City of Brass (247) deals 1 non-combat damage to Ai(3)-Destyn_Turtles.
Life: Life: Ai(3)-Destyn_Turtles 39 > 38
Resolve Stack: Whenever City of Brass becomes tapped, it deals 1 damage to you. [Tapped: City of Brass (247)]
Resolve Stack: Everything Pizza
Add To Stack: Ai(3)-Destyn_Turtles triggered Everything Pizza
Resolve Stack: When this artifact enters, search your library for a basic land card, reveal it, put it into your hand, then shuffle. [Zone Changer: Everything Pizza (268)]
Phase: Ai(3)-Destyn_Turtles' End step
Phase: Ai(3)-Destyn_Turtles' Cleanup step
Turn: Turn 13 (Ai(4)-GGS_Four_card_package)
Phase: Ai(4)-GGS_Four_card_package's Untap step
Phase: Ai(4)-GGS_Four_card_package's Upkeep step
Phase: Ai(4)-GGS_Four_card_package's Draw step
Phase: Ai(4)-GGS_Four_card_package's Main phase, precombat
Mana: Exotic Orchard (331) - {T}: Add one mana of any color that a land an opponent controls could produce.
Add To Stack: Ai(4)-GGS_Four_card_package cast Vandalblast targeting [Everything Pizza (268)]
Zone Change: Everything Pizza (268) was put into Graveyard from Battlefield.
Resolve Stack: Vandalblast (343) - Destroy Everything Pizza (268).
Phase: Ai(4)-GGS_Four_card_package's Beginning of Combat Step
Phase: Ai(4)-GGS_Four_card_package's Declare Attackers Step
Phase: Ai(4)-GGS_Four_card_package's Declare Blockers Step
Phase: Ai(4)-GGS_Four_card_package's First Strike Damage Step
Phase: Ai(4)-GGS_Four_card_package's Combat Damage Step
Phase: Ai(4)-GGS_Four_card_package's End of Combat Step
Phase: Ai(4)-GGS_Four_card_package's Main phase, postcombat
Replacement Effect: Raucous Theater enters tapped.
Land: Ai(4)-GGS_Four_card_package played Raucous Theater (385)
Add To Stack: Ai(4)-GGS_Four_card_package triggered Raucous Theater
Resolve Stack: Ai(4)-GGS_Four_card_package surveiled 1 card(s) to the top of the library
Resolve Stack: When Raucous Theater enters, surveil 1. (Look at the top card of your library. You may put it into your graveyard.) [Zone Changer: Raucous Theater (385)]
Mana: Luxury Suite (378) - {T}: Add {B} or {R}.
Mana: Training Center (332) - {T}: Add {U} or {R}.
Add To Stack: Ai(4)-GGS_Four_card_package cast Talisman of Indulgence
Resolve Stack: Talisman of Indulgence
Phase: Ai(4)-GGS_Four_card_package's End step
Phase: Ai(4)-GGS_Four_card_package's Cleanup step
Turn: Turn 14 (Ai(1)-Jaymie_Ezio)
Phase: Ai(1)-Jaymie_Ezio's Untap step
Phase: Ai(1)-Jaymie_Ezio's Upkeep step
Phase: Ai(1)-Jaymie_Ezio's Draw step
Phase: Ai(1)-Jaymie_Ezio's Main phase, precombat
Mana: Command Tower (32) - {T}: Add one mana of any color in your commander's color identity.
Mana: Path of Ancestry (8) - {T}: Add one mana of any color in your commander's color identity. When that mana is spent to cast a creature spell that shares a creature type with your commander, scry 1. (Look at the top card of your library. You may put that card on the bottom.)
Mana: Plains (90) - {T}: Add {W}.
Mana: Smoldering Marsh (71) - {T}: Add {R}.
Add To Stack: Ai(1)-Jaymie_Ezio cast Coastal Piracy
Resolve Stack: Coastal Piracy
Phase: Ai(1)-Jaymie_Ezio's Beginning of Combat Step
Phase: Ai(1)-Jaymie_Ezio's Declare Attackers Step
Combat: Ai(1)-Jaymie_Ezio assigned Changeling Outcast (14) to attack Ai(2)-Gabe_Food.
Phase: Ai(1)-Jaymie_Ezio's Declare Blockers Step
Combat: Ai(2)-Gabe_Food didn't block Changeling Outcast (14).
Phase: Ai(1)-Jaymie_Ezio's First Strike Damage Step
Phase: Ai(1)-Jaymie_Ezio's Combat Damage Step
Damage: Changeling Outcast (14) deals 1 combat damage to Ai(2)-Gabe_Food.
Life: Life: Ai(2)-Gabe_Food 40 > 39
Add To Stack: Ai(1)-Jaymie_Ezio triggered Coastal Piracy
Resolve Stack: Whenever a creature you control deals combat damage to an opponent, you may draw a card. [Damage Source: Changeling Outcast (14), Damaged: Ai(2)-Gabe_Food, Amount: 1]
Phase: Ai(1)-Jaymie_Ezio's End of Combat Step
Phase: Ai(1)-Jaymie_Ezio's Main phase, postcombat
Replacement Effect: Thriving Grove enters tapped.
Replacement Effect: As Thriving Grove enters, choose a color other than green.
Land: Ai(1)-Jaymie_Ezio played Thriving Grove (27)
Phase: Ai(1)-Jaymie_Ezio's End step
Phase: Ai(1)-Jaymie_Ezio's Cleanup step
Turn: Turn 15 (Ai(2)-Gabe_Food)
Phase: Ai(2)-Gabe_Food's Untap step
Phase: Ai(2)-Gabe_Food's Upkeep step
Phase: Ai(2)-Gabe_Food's Draw step
Phase: Ai(2)-Gabe_Food's Main phase, precombat
Land: Ai(2)-Gabe_Food played Shire Terrace (172)
Mana: Forest (140) - {T}: Add {G}.
Mana: Swamp (163) - {T}: Add {B}.
Mana: Command Tower (131) - {T}: Add one mana of any color in your commander's color identity.
Mana: Shire Terrace (172) - {T}: Add {C}.
Add To Stack: Ai(2)-Gabe_Food cast Assemble the Entmoot
Resolve Stack: Assemble the Entmoot
Phase: Ai(2)-Gabe_Food's Beginning of Combat Step
Add To Stack: Ai(2)-Gabe_Food triggered Sam, Loyal Attendant
Resolve Stack: At the beginning of combat on your turn, create a Food token. (It's an artifact with "{2}, {T}, Sacrifice this token: You gain 3 life.") [Phase: Ai(2)-Gabe_Food]
Phase: Ai(2)-Gabe_Food's Declare Attackers Step
Combat: Ai(2)-Gabe_Food assigned Sam, Loyal Attendant (202) to attack Ai(1)-Jaymie_Ezio.
Phase: Ai(2)-Gabe_Food's Declare Blockers Step
Combat: Ai(1)-Jaymie_Ezio didn't block Sam, Loyal Attendant (202).
Phase: Ai(2)-Gabe_Food's First Strike Damage Step
Phase: Ai(2)-Gabe_Food's Combat Damage Step
Damage: Sam, Loyal Attendant (202) deals 2 combat damage to Ai(1)-Jaymie_Ezio.
Life: Life: Ai(1)-Jaymie_Ezio 40 > 38
Phase: Ai(2)-Gabe_Food's End of Combat Step
Phase: Ai(2)-Gabe_Food's Main phase, postcombat
Phase: Ai(2)-Gabe_Food's End step
Phase: Ai(2)-Gabe_Food's Cleanup step
Turn: Turn 16 (Ai(3)-Destyn_Turtles)
Phase: Ai(3)-Destyn_Turtles' Untap step
Phase: Ai(3)-Destyn_Turtles' Upkeep step
Phase: Ai(3)-Destyn_Turtles' Draw step
Phase: Ai(3)-Destyn_Turtles' Main phase, precombat
Land: Ai(3)-Destyn_Turtles played Plains (289)
Phase: Ai(3)-Destyn_Turtles' Beginning of Combat Step
Phase: Ai(3)-Destyn_Turtles' Declare Attackers Step
Zone Change: Assemble the Entmoot (102) was put into Graveyard from Battlefield.
Add To Stack: Ai(2)-Gabe_Food activated Assemble the Entmoot
Resolve Stack: Assemble the Entmoot (102) - Ai(2)-Gabe_Food creates three tapped X/X green Treefolk creature tokens, where X is the amount of life you gained this turn. Put a reach counter on each of them. Ai(2)-Gabe_Food puts a reach counter on . 
Zone Change: Treefolk Token (426) was put into Graveyard from Battlefield.
Zone Change: Treefolk Token (427) was put into Graveyard from Battlefield.
Zone Change: Treefolk Token (428) was put into Graveyard from Battlefield.
Phase: Ai(3)-Destyn_Turtles' Declare Blockers Step
Phase: Ai(3)-Destyn_Turtles' First Strike Damage Step
Phase: Ai(3)-Destyn_Turtles' Combat Damage Step
Phase: Ai(3)-Destyn_Turtles' End of Combat Step
Phase: Ai(3)-Destyn_Turtles' Main phase, postcombat
Mana: Cinder Glade (218) - {T}: Add {R}.
Mana: Plains (289) - {T}: Add {W}.
Mana: Sodden Verdure (283) - {T}: Add {G}.
Mana: City of Brass (247) - {T}: Add one mana of any color.
Add To Stack: Ai(3)-Destyn_Turtles cast Casey Jones, Back Alley Brute
Add To Stack: Ai(3)-Destyn_Turtles triggered City of Brass
Damage: City of Brass (247) deals 1 non-combat damage to Ai(3)-Destyn_Turtles.
Life: Life: Ai(3)-Destyn_Turtles 38 > 37
Resolve Stack: Whenever City of Brass becomes tapped, it deals 1 damage to you. [Tapped: City of Brass (247)]
Resolve Stack: Casey Jones, Back Alley Brute - Creature 4 / 2
Phase: Ai(3)-Destyn_Turtles' End step
Phase: Ai(3)-Destyn_Turtles' Cleanup step
Turn: Turn 17 (Ai(4)-GGS_Four_card_package)
Phase: Ai(4)-GGS_Four_card_package's Untap step
Phase: Ai(4)-GGS_Four_card_package's Upkeep step
Phase: Ai(4)-GGS_Four_card_package's Draw step
Phase: Ai(4)-GGS_Four_card_package's Main phase, precombat
Phase: Ai(4)-GGS_Four_card_package's Beginning of Combat Step
Phase: Ai(4)-GGS_Four_card_package's Declare Attackers Step
Phase: Ai(4)-GGS_Four_card_package's Declare Blockers Step
Phase: Ai(4)-GGS_Four_card_package's First Strike Damage Step
Phase: Ai(4)-GGS_Four_card_package's Combat Damage Step
Phase: Ai(4)-GGS_Four_card_package's End of Combat Step
Phase: Ai(4)-GGS_Four_card_package's Main phase, postcombat
Mana: Exotic Orchard (331) - {T}: Add one mana of any color that a land an opponent controls could produce.
Mana: Training Center (332) - {T}: Add {U} or {R}.
Mana: Luxury Suite (378) - {T}: Add {B} or {R}.
Mana: Raucous Theater (385) - {T}: Add {R}.
Mana: Talisman of Indulgence (315) - {T}: Add {C}.
Add To Stack: Ai(4)-GGS_Four_card_package cast Terror of the Peaks
Resolve Stack: Terror of the Peaks - Creature 5 / 4
Phase: Ai(4)-GGS_Four_card_package's End step
Phase: Ai(4)-GGS_Four_card_package's Cleanup step
Turn: Turn 18 (Ai(1)-Jaymie_Ezio)
Phase: Ai(1)-Jaymie_Ezio's Untap step
Phase: Ai(1)-Jaymie_Ezio's Upkeep step
Mana: Plains (90) - {T}: Add {W}.
Mana: Thriving Grove (27) - {T}: Add {G} or one mana of the chosen color.
Mana: Smoldering Marsh (71) - {T}: Add {R}.
Life: Life: Ai(1)-Jaymie_Ezio 38 > 35
Add To Stack: Ai(1)-Jaymie_Ezio cast Mortify targeting [Terror of the Peaks (321)]
Zone Change: Terror of the Peaks (321) was put into Graveyard from Battlefield.
Resolve Stack: Mortify (63) - Destroy Terror of the Peaks (321).
Phase: Ai(1)-Jaymie_Ezio's Draw step
Phase: Ai(1)-Jaymie_Ezio's Main phase, precombat
Land: Ai(1)-Jaymie_Ezio played Mountain (87)
Mana: Mountain (87) - {T}: Add {R}.
Mana: Command Tower (32) - {T}: Add one mana of any color in your commander's color identity.
Mana: Path of Ancestry (8) - {T}: Add one mana of any color in your commander's color identity. When that mana is spent to cast a creature spell that shares a creature type with your commander, scry 1. (Look at the top card of your library. You may put that card on the bottom.)
Add To Stack: Ai(1)-Jaymie_Ezio cast 
Resolve Stack: Disguise - Creature 2/2
Phase: Ai(1)-Jaymie_Ezio's Beginning of Combat Step
Phase: Ai(1)-Jaymie_Ezio's Declare Attackers Step
Combat: Ai(1)-Jaymie_Ezio assigned Changeling Outcast (14) to attack Ai(3)-Destyn_Turtles.
Phase: Ai(1)-Jaymie_Ezio's Declare Blockers Step
Combat: Ai(3)-Destyn_Turtles didn't block Changeling Outcast (14).
Phase: Ai(1)-Jaymie_Ezio's First Strike Damage Step
Phase: Ai(1)-Jaymie_Ezio's Combat Damage Step
Damage: Changeling Outcast (14) deals 1 combat damage to Ai(3)-Destyn_Turtles.
Life: Life: Ai(3)-Destyn_Turtles 37 > 36
Add To Stack: Ai(1)-Jaymie_Ezio triggered Coastal Piracy
Resolve Stack: Whenever a creature you control deals combat damage to an opponent, you may draw a card. [Damage Source: Changeling Outcast (14), Damaged: Ai(3)-Destyn_Turtles, Amount: 1]
Phase: Ai(1)-Jaymie_Ezio's End of Combat Step
Phase: Ai(1)-Jaymie_Ezio's Main phase, postcombat
Phase: Ai(1)-Jaymie_Ezio's End step
Phase: Ai(1)-Jaymie_Ezio's Cleanup step
Turn: Turn 19 (Ai(2)-Gabe_Food)
Phase: Ai(2)-Gabe_Food's Untap step
Phase: Ai(2)-Gabe_Food's Upkeep step
Mana: Forest (140) - {T}: Add {G}.
Zone Change: Shire Terrace (172) was put into Graveyard from Battlefield.
Add To Stack: Ai(2)-Gabe_Food activated Shire Terrace
Resolve Stack: Shire Terrace (172) - Ai(2)-Gabe_Food searches their library for a basic land card, puts it onto the battlefield tapped, then shuffles.
Phase: Ai(2)-Gabe_Food's Draw step
Phase: Ai(2)-Gabe_Food's Main phase, precombat
Replacement Effect: As Necroblossom Snarl enters, you may reveal a Swamp or Forest card from your hand. If you don't, Necroblossom Snarl enters tapped.
Land: Ai(2)-Gabe_Food played Necroblossom Snarl (165)
Phase: Ai(2)-Gabe_Food's Beginning of Combat Step
Add To Stack: Ai(2)-Gabe_Food triggered Sam, Loyal Attendant
Resolve Stack: At the beginning of combat on your turn, create a Food token. (It's an artifact with "{2}, {T}, Sacrifice this token: You gain 3 life.") [Phase: Ai(2)-Gabe_Food]
Phase: Ai(2)-Gabe_Food's Declare Attackers Step
Combat: Ai(2)-Gabe_Food assigned Sam, Loyal Attendant (202) to attack Ai(1)-Jaymie_Ezio.
Phase: Ai(2)-Gabe_Food's Declare Blockers Step
Combat: Ai(1)-Jaymie_Ezio didn't block Sam, Loyal Attendant (202).
Phase: Ai(2)-Gabe_Food's First Strike Damage Step
Phase: Ai(2)-Gabe_Food's Combat Damage Step
Damage: Sam, Loyal Attendant (202) deals 2 combat damage to Ai(1)-Jaymie_Ezio.
Life: Life: Ai(1)-Jaymie_Ezio 35 > 33
Phase: Ai(2)-Gabe_Food's End of Combat Step
Phase: Ai(2)-Gabe_Food's Main phase, postcombat
Mana: Command Tower (131) - {T}: Add one mana of any color in your commander's color identity.
Mana: Swamp (163) - {T}: Add {B}.
Add To Stack: Ai(2)-Gabe_Food cast Frodo, Adventurous Hobbit
Resolve Stack: Frodo, Adventurous Hobbit - Creature 1 / 3
Add To Stack: Ai(2)-Gabe_Food triggered Frodo, Adventurous Hobbit targeting [Ai(2)-Gabe_Food]
Resolve Stack: Partner with Sam, Loyal Attendant (When this creature enters, target player may put Sam into their hand from their library, then shuffle.) (Targeting: [[Ai(2)-Gabe_Food]]) [Zone Changer: Frodo, Adventurous Hobbit (200)]
Phase: Ai(2)-Gabe_Food's End step
Phase: Ai(2)-Gabe_Food's Cleanup step
Turn: Turn 20 (Ai(3)-Destyn_Turtles)
Phase: Ai(3)-Destyn_Turtles' Untap step
Phase: Ai(3)-Destyn_Turtles' Upkeep step
Phase: Ai(3)-Destyn_Turtles' Draw step
Phase: Ai(3)-Destyn_Turtles' Main phase, precombat
Replacement Effect: Sunken Hollow enters tapped unless you control two or more basic lands.
Land: Ai(3)-Destyn_Turtles played Sunken Hollow (226)
Mana: Sodden Verdure (283) - {T}: Add {U}.
Mana: Plains (289) - {T}: Add {W}.
Mana: Cinder Glade (218) - {T}: Add {G}.
Add To Stack: Ai(3)-Destyn_Turtles cast Irma, Part-Time Mutant
Resolve Stack: Irma, Part-Time Mutant - Creature 1 / 1
Phase: Ai(3)-Destyn_Turtles' Beginning of Combat Step
Add To Stack: Ai(3)-Destyn_Turtles triggered Irma, Part-Time Mutant targeting [Casey Jones, Back Alley Brute (208)]
Resolve Stack: At the beginning of combat on your turn, Irma becomes a copy of up to one other target creature you control, except her name is Irma, Part-Time Mutant and she has this ability. Then put a +1/+1 counter on her. (Targeting: [[Casey Jones, Back Alley Brute (208)]]) [Phase: Ai(3)-Destyn_Turtles]
Add To Stack: Ai(3)-Destyn_Turtles triggered Casey Jones, Back Alley Brute targeting [Ai(1)-Jaymie_Ezio]
Add To Stack: Ai(3)-Destyn_Turtles triggered Irma, Part-Time Mutant targeting [Ai(1)-Jaymie_Ezio]
Damage: Irma, Part-Time Mutant (209) deals 1 non-combat damage to Ai(1)-Jaymie_Ezio.
Life: Life: Ai(1)-Jaymie_Ezio 33 > 32
Resolve Stack: Whenever you put one or more +1/+1 counters on a creature you control, Irma deals that much damage to target opponent. (Targeting: [[Ai(1)-Jaymie_Ezio]]) [Added once: Irma, Part-Time Mutant (209) Amount: 1]
Damage: Casey Jones, Back Alley Brute (208) deals 1 non-combat damage to Ai(1)-Jaymie_Ezio.
Life: Life: Ai(1)-Jaymie_Ezio 32 > 31
Resolve Stack: Whenever you put one or more +1/+1 counters on a creature you control, Casey Jones deals that much damage to target opponent. (Targeting: [[Ai(1)-Jaymie_Ezio]]) [Added once: Irma, Part-Time Mutant (209) Amount: 1]
Phase: Ai(3)-Destyn_Turtles' Declare Attackers Step
Combat: Ai(3)-Destyn_Turtles assigned Casey Jones, Back Alley Brute (208) to attack Ai(2)-Gabe_Food.
Add To Stack: Ai(3)-Destyn_Turtles triggered Casey Jones, Back Alley Brute targeting [Casey Jones, Back Alley Brute (208)]
Resolve Stack: Whenever Casey Jones attacks, put a +1/+1 counter on target attacking creature. (Targeting: [[Casey Jones, Back Alley Brute (208)]]) [Attacker: Casey Jones, Back Alley Brute (208)]
Add To Stack: Ai(3)-Destyn_Turtles triggered Casey Jones, Back Alley Brute targeting [Ai(1)-Jaymie_Ezio]
Add To Stack: Ai(3)-Destyn_Turtles triggered Irma, Part-Time Mutant targeting [Ai(1)-Jaymie_Ezio]
Damage: Irma, Part-Time Mutant (209) deals 1 non-combat damage to Ai(1)-Jaymie_Ezio.
Life: Life: Ai(1)-Jaymie_Ezio 31 > 30
Resolve Stack: Whenever you put one or more +1/+1 counters on a creature you control, Irma deals that much damage to target opponent. (Targeting: [[Ai(1)-Jaymie_Ezio]]) [Added once: Casey Jones, Back Alley Brute (208) Amount: 1]
Damage: Casey Jones, Back Alley Brute (208) deals 1 non-combat damage to Ai(1)-Jaymie_Ezio.
Life: Life: Ai(1)-Jaymie_Ezio 30 > 29
Resolve Stack: Whenever you put one or more +1/+1 counters on a creature you control, Casey Jones deals that much damage to target opponent. (Targeting: [[Ai(1)-Jaymie_Ezio]]) [Added once: Casey Jones, Back Alley Brute (208) Amount: 1]
Phase: Ai(3)-Destyn_Turtles' Declare Blockers Step
Combat: Ai(2)-Gabe_Food didn't block Casey Jones, Back Alley Brute (208).
Phase: Ai(3)-Destyn_Turtles' First Strike Damage Step
Phase: Ai(3)-Destyn_Turtles' Combat Damage Step
Damage: Casey Jones, Back Alley Brute (208) deals 5 combat damage to Ai(2)-Gabe_Food.
Life: Life: Ai(2)-Gabe_Food 39 > 34
Phase: Ai(3)-Destyn_Turtles' End of Combat Step
Phase: Ai(3)-Destyn_Turtles' Main phase, postcombat
Add To Stack: Ai(3)-Destyn_Turtles triggered Michelangelo, the Heart targeting [Irma, Part-Time Mutant (209)]
Resolve Stack: Raid (the Fridge) — At the beginning of your second main phase, if you attacked this turn, put a +1/+1 counter on target creature and create a Food token. (Targeting: [[Irma, Part-Time Mutant (209)]]) [Phase: Ai(3)-Destyn_Turtles]
Add To Stack: Ai(3)-Destyn_Turtles triggered Casey Jones, Back Alley Brute targeting [Ai(1)-Jaymie_Ezio]
Add To Stack: Ai(3)-Destyn_Turtles triggered Irma, Part-Time Mutant targeting [Ai(1)-Jaymie_Ezio]
Damage: Irma, Part-Time Mutant (209) deals 1 non-combat damage to Ai(1)-Jaymie_Ezio.
Life: Life: Ai(1)-Jaymie_Ezio 29 > 28
Resolve Stack: Whenever you put one or more +1/+1 counters on a creature you control, Irma deals that much damage to target opponent. (Targeting: [[Ai(1)-Jaymie_Ezio]]) [Added once: Irma, Part-Time Mutant (209) Amount: 1]
Damage: Casey Jones, Back Alley Brute (208) deals 1 non-combat damage to Ai(1)-Jaymie_Ezio.
Life: Life: Ai(1)-Jaymie_Ezio 28 > 27
Resolve Stack: Whenever you put one or more +1/+1 counters on a creature you control, Casey Jones deals that much damage to target opponent. (Targeting: [[Ai(1)-Jaymie_Ezio]]) [Added once: Irma, Part-Time Mutant (209) Amount: 1]
Phase: Ai(3)-Destyn_Turtles' End step
Phase: Ai(3)-Destyn_Turtles' Cleanup step
Turn: Turn 21 (Ai(4)-GGS_Four_card_package)
Phase: Ai(4)-GGS_Four_card_package's Untap step
Phase: Ai(4)-GGS_Four_card_package's Upkeep step
Phase: Ai(4)-GGS_Four_card_package's Draw step
Phase: Ai(4)-GGS_Four_card_package's Main phase, precombat
Mana: Exotic Orchard (331) - {T}: Add one mana of any color that a land an opponent controls could produce.
Mana: Luxury Suite (378) - {T}: Add {B} or {R}.
Mana: Training Center (332) - {T}: Add {U} or {R}.
Add To Stack: Ai(4)-GGS_Four_card_package cast Sword of Feast and Famine
Resolve Stack: Sword of Feast and Famine
Mana: Raucous Theater (385) - {T}: Add {R}.
Mana: Talisman of Indulgence (315) - {T}: Add {C}.
Add To Stack: Ai(4)-GGS_Four_card_package activated Sword of Feast and Famine targeting [Moon-Circuit Hacker (392)]
Resolve Stack: Sword of Feast and Famine (400) -  Attach to Moon-Circuit Hacker (392)
Phase: Ai(4)-GGS_Four_card_package's Beginning of Combat Step
Phase: Ai(4)-GGS_Four_card_package's Declare Attackers Step
Phase: Ai(4)-GGS_Four_card_package's Declare Blockers Step
Phase: Ai(4)-GGS_Four_card_package's First Strike Damage Step
Phase: Ai(4)-GGS_Four_card_package's Combat Damage Step
Phase: Ai(4)-GGS_Four_card_package's End of Combat Step
Phase: Ai(4)-GGS_Four_card_package's Main phase, postcombat
Phase: Ai(4)-GGS_Four_card_package's End step
Phase: Ai(4)-GGS_Four_card_package's Cleanup step
Turn: Turn 22 (Ai(1)-Jaymie_Ezio)
Phase: Ai(1)-Jaymie_Ezio's Untap step
Phase: Ai(1)-Jaymie_Ezio's Upkeep step
Mana: Thriving Grove (27) - {T}: Add {G} or one mana of the chosen color.
Mana: Mountain (87) - {T}: Add {R}.
Resolve Stack: Ai(1)-Jaymie_Ezio has undisguised Arno Dorian
Phase: Ai(1)-Jaymie_Ezio's Draw step
Phase: Ai(1)-Jaymie_Ezio's Main phase, precombat
Land: Ai(1)-Jaymie_Ezio played Swamp (59)
Phase: Ai(1)-Jaymie_Ezio's Beginning of Combat Step
Phase: Ai(1)-Jaymie_Ezio's Declare Attackers Step
Combat: Ai(1)-Jaymie_Ezio assigned Changeling Outcast (14) to attack Ai(4)-GGS_Four_card_package.
Phase: Ai(1)-Jaymie_Ezio's Declare Blockers Step
Combat: Ai(4)-GGS_Four_card_package didn't block Changeling Outcast (14).
Phase: Ai(1)-Jaymie_Ezio's First Strike Damage Step
Phase: Ai(1)-Jaymie_Ezio's Combat Damage Step
Damage: Changeling Outcast (14) deals 3 combat damage to Ai(4)-GGS_Four_card_package.
Life: Life: Ai(4)-GGS_Four_card_package 42 > 39
Add To Stack: Ai(1)-Jaymie_Ezio triggered Coastal Piracy
Resolve Stack: Whenever a creature you control deals combat damage to an opponent, you may draw a card. [Damage Source: Changeling Outcast (14), Damaged: Ai(4)-GGS_Four_card_package, Amount: 3]
Phase: Ai(1)-Jaymie_Ezio's End of Combat Step
Phase: Ai(1)-Jaymie_Ezio's Main phase, postcombat
Mana: Command Tower (32) - {T}: Add one mana of any color in your commander's color identity.
Mana: Smoldering Marsh (71) - {T}: Add {R}.
Mana: Swamp (59) - {T}: Add {B}.
Mana: Plains (90) - {T}: Add {W}.
Mana: Path of Ancestry (8) - {T}: Add one mana of any color in your commander's color identity. When that mana is spent to cast a creature spell that shares a creature type with your commander, scry 1. (Look at the top card of your library. You may put that card on the bottom.)
Add To Stack: Ai(1)-Jaymie_Ezio cast Edward Kenway
Add To Stack: Ai(1)-Jaymie_Ezio triggered Path of Ancestry
Resolve Stack: Ai(1)-Jaymie_Ezio scried 1 card(s) to the bottom of the library
Resolve Stack: When mana produced by Path of Ancestry is spent to cast a creature spell that shares a creature type with your commander, scry 1. ([Edward Kenway - Creature 5 / 5]) [Card: Edward Kenway (5), Activator: Ai(1)-Jaymie_Ezio, SpellAbility: Edward Kenway - Creature 5 / 5]
Resolve Stack: Edward Kenway - Creature 5 / 5
Phase: Ai(1)-Jaymie_Ezio's End step
Add To Stack: Ai(1)-Jaymie_Ezio triggered Edward Kenway
Resolve Stack: At the beginning of your end step, create a Treasure token for each tapped Assassin, Pirate, and/or Vehicle you control. [Phase: Ai(1)-Jaymie_Ezio]
Phase: Ai(1)-Jaymie_Ezio's Cleanup step
Turn: Turn 23 (Ai(2)-Gabe_Food)
Phase: Ai(2)-Gabe_Food's Untap step
Phase: Ai(2)-Gabe_Food's Upkeep step
Phase: Ai(2)-Gabe_Food's Draw step
Phase: Ai(2)-Gabe_Food's Main phase, precombat
Replacement Effect: Isolated Chapel enters tapped unless you control a Plains or a Swamp.
Land: Ai(2)-Gabe_Food played Isolated Chapel (144)
Phase: Ai(2)-Gabe_Food's Beginning of Combat Step
Add To Stack: Ai(2)-Gabe_Food triggered Sam, Loyal Attendant
Resolve Stack: At the beginning of combat on your turn, create a Food token. (It's an artifact with "{2}, {T}, Sacrifice this token: You gain 3 life.") [Phase: Ai(2)-Gabe_Food]
Phase: Ai(2)-Gabe_Food's Declare Attackers Step
Phase: Ai(2)-Gabe_Food's Declare Blockers Step
Phase: Ai(2)-Gabe_Food's First Strike Damage Step
Phase: Ai(2)-Gabe_Food's Combat Damage Step
Phase: Ai(2)-Gabe_Food's End of Combat Step
Phase: Ai(2)-Gabe_Food's Main phase, postcombat
Mana: Plains (187) - {T}: Add {W}.
Mana: Forest (140) - {T}: Add {G}.
Mana: Swamp (163) - {T}: Add {B}.
Mana: Necroblossom Snarl (165) - {T}: Add {B} or {G}.
Mana: Isolated Chapel (144) - {T}: Add {W} or {B}.
Add To Stack: Ai(2)-Gabe_Food cast Gwaihir, Greatest of the Eagles
Resolve Stack: Gwaihir, Greatest of the Eagles - Creature 5 / 5
Mana: Command Tower (131) - {T}: Add one mana of any color in your commander's color identity.
Mana: Prize Pig (130) - {T}: Add one mana of any color.
Add To Stack: Ai(2)-Gabe_Food cast Night's Whisper
Life: Life: Ai(2)-Gabe_Food 34 > 32
Resolve Stack: Night's Whisper (151) - Ai(2)-Gabe_Food draws two cards. Ai(2)-Gabe_Food loses 2 life.
Phase: Ai(2)-Gabe_Food's End step
Phase: Ai(2)-Gabe_Food's Cleanup step
Turn: Turn 24 (Ai(3)-Destyn_Turtles)
Phase: Ai(3)-Destyn_Turtles' Untap step
Phase: Ai(3)-Destyn_Turtles' Upkeep step
Phase: Ai(3)-Destyn_Turtles' Draw step
Phase: Ai(3)-Destyn_Turtles' Main phase, precombat
Land: Ai(3)-Destyn_Turtles played Fabled Passage (278)
Zone Change: Fabled Passage (278) was put into Graveyard from Battlefield.
Add To Stack: Ai(3)-Destyn_Turtles activated Fabled Passage
Resolve Stack: Fabled Passage (278) - Search your library for a basic land card, put it onto the battlefield tapped, then shuffle. Then if you control four or more lands, untap that land.  
Mana: Sodden Verdure (283) - {T}: Add {G}.
Mana: Cinder Glade (218) - {T}: Add {G}.
Mana: Plains (289) - {T}: Add {W}.
Mana: Plains (290) - {T}: Add {W}.
Mana: Sunken Hollow (226) - {T}: Add {B}.
Add To Stack: Ai(3)-Destyn_Turtles cast Acidic Slime
Resolve Stack: Acidic Slime - Creature 2 / 2
Add To Stack: Ai(3)-Destyn_Turtles triggered Acidic Slime targeting [Coastal Piracy (1)]
Zone Change: Coastal Piracy (1) was put into Graveyard from Battlefield.
Resolve Stack: When Acidic Slime enters, destroy target artifact, enchantment, or land. (Targeting: [[Coastal Piracy (1)]]) [Zone Changer: Acidic Slime (264)]
Phase: Ai(3)-Destyn_Turtles' Beginning of Combat Step
Add To Stack: Ai(3)-Destyn_Turtles triggered Irma, Part-Time Mutant targeting [Casey Jones, Back Alley Brute (208)]
Resolve Stack: At the beginning of combat on your turn, Irma becomes a copy of up to one other target creature you control, except her name is Irma, Part-Time Mutant and she has this ability. Then put a +1/+1 counter on her. (Targeting: [[Casey Jones, Back Alley Brute (208)]]) [Phase: Ai(3)-Destyn_Turtles]
Add To Stack: Ai(3)-Destyn_Turtles triggered Casey Jones, Back Alley Brute targeting [Ai(1)-Jaymie_Ezio]
Add To Stack: Ai(3)-Destyn_Turtles triggered Irma, Part-Time Mutant targeting [Ai(1)-Jaymie_Ezio]
Damage: Irma, Part-Time Mutant (209) deals 1 non-combat damage to Ai(1)-Jaymie_Ezio.
Life: Life: Ai(1)-Jaymie_Ezio 27 > 26
Resolve Stack: Whenever you put one or more +1/+1 counters on a creature you control, Irma deals that much damage to target opponent. (Targeting: [[Ai(1)-Jaymie_Ezio]]) [Added once: Irma, Part-Time Mutant (209) Amount: 1]
Damage: Casey Jones, Back Alley Brute (208) deals 1 non-combat damage to Ai(1)-Jaymie_Ezio.
Life: Life: Ai(1)-Jaymie_Ezio 26 > 25
Resolve Stack: Whenever you put one or more +1/+1 counters on a creature you control, Casey Jones deals that much damage to target opponent. (Targeting: [[Ai(1)-Jaymie_Ezio]]) [Added once: Irma, Part-Time Mutant (209) Amount: 1]
Phase: Ai(3)-Destyn_Turtles' Declare Attackers Step
Combat: Ai(3)-Destyn_Turtles assigned Irma, Part-Time Mutant (209) to attack Ai(2)-Gabe_Food.
Add To Stack: Ai(3)-Destyn_Turtles triggered Irma, Part-Time Mutant targeting [Irma, Part-Time Mutant (209)]
Resolve Stack: Whenever Irma attacks, put a +1/+1 counter on target attacking creature. (Targeting: [[Irma, Part-Time Mutant (209)]]) [Attacker: Irma, Part-Time Mutant (209)]
Add To Stack: Ai(3)-Destyn_Turtles triggered Casey Jones, Back Alley Brute targeting [Ai(1)-Jaymie_Ezio]
Add To Stack: Ai(3)-Destyn_Turtles triggered Irma, Part-Time Mutant targeting [Ai(1)-Jaymie_Ezio]
Damage: Irma, Part-Time Mutant (209) deals 1 non-combat damage to Ai(1)-Jaymie_Ezio.
Life: Life: Ai(1)-Jaymie_Ezio 25 > 24
Resolve Stack: Whenever you put one or more +1/+1 counters on a creature you control, Irma deals that much damage to target opponent. (Targeting: [[Ai(1)-Jaymie_Ezio]]) [Added once: Irma, Part-Time Mutant (209) Amount: 1]
Damage: Casey Jones, Back Alley Brute (208) deals 1 non-combat damage to Ai(1)-Jaymie_Ezio.
Life: Life: Ai(1)-Jaymie_Ezio 24 > 23
Resolve Stack: Whenever you put one or more +1/+1 counters on a creature you control, Casey Jones deals that much damage to target opponent. (Targeting: [[Ai(1)-Jaymie_Ezio]]) [Added once: Irma, Part-Time Mutant (209) Amount: 1]
Phase: Ai(3)-Destyn_Turtles' Declare Blockers Step
Combat: Ai(2)-Gabe_Food didn't block Irma, Part-Time Mutant (209).
Phase: Ai(3)-Destyn_Turtles' First Strike Damage Step
Phase: Ai(3)-Destyn_Turtles' Combat Damage Step
Damage: Irma, Part-Time Mutant (209) deals 8 combat damage to Ai(2)-Gabe_Food.
Life: Life: Ai(2)-Gabe_Food 32 > 24
Phase: Ai(3)-Destyn_Turtles' End of Combat Step
Phase: Ai(3)-Destyn_Turtles' Main phase, postcombat
Add To Stack: Ai(3)-Destyn_Turtles triggered Michelangelo, the Heart targeting [Irma, Part-Time Mutant (209)]
Resolve Stack: Raid (the Fridge) — At the beginning of your second main phase, if you attacked this turn, put a +1/+1 counter on target creature and create a Food token. (Targeting: [[Irma, Part-Time Mutant (209)]]) [Phase: Ai(3)-Destyn_Turtles]
Add To Stack: Ai(3)-Destyn_Turtles triggered Casey Jones, Back Alley Brute targeting [Ai(1)-Jaymie_Ezio]
Add To Stack: Ai(3)-Destyn_Turtles triggered Irma, Part-Time Mutant targeting [Ai(1)-Jaymie_Ezio]
Damage: Irma, Part-Time Mutant (209) deals 1 non-combat damage to Ai(1)-Jaymie_Ezio.
Life: Life: Ai(1)-Jaymie_Ezio 23 > 22
Resolve Stack: Whenever you put one or more +1/+1 counters on a creature you control, Irma deals that much damage to target opponent. (Targeting: [[Ai(1)-Jaymie_Ezio]]) [Added once: Irma, Part-Time Mutant (209) Amount: 1]
Damage: Casey Jones, Back Alley Brute (208) deals 1 non-combat damage to Ai(1)-Jaymie_Ezio.
Life: Life: Ai(1)-Jaymie_Ezio 22 > 21
Resolve Stack: Whenever you put one or more +1/+1 counters on a creature you control, Casey Jones deals that much damage to target opponent. (Targeting: [[Ai(1)-Jaymie_Ezio]]) [Added once: Irma, Part-Time Mutant (209) Amount: 1]
Phase: Ai(3)-Destyn_Turtles' End step
Phase: Ai(3)-Destyn_Turtles' Cleanup step
Turn: Turn 25 (Ai(4)-GGS_Four_card_package)
Phase: Ai(4)-GGS_Four_card_package's Untap step
Phase: Ai(4)-GGS_Four_card_package's Upkeep step
Phase: Ai(4)-GGS_Four_card_package's Draw step
Phase: Ai(4)-GGS_Four_card_package's Main phase, precombat
Phase: Ai(4)-GGS_Four_card_package's Beginning of Combat Step
Phase: Ai(4)-GGS_Four_card_package's Declare Attackers Step
Phase: Ai(4)-GGS_Four_card_package's Declare Blockers Step
Phase: Ai(4)-GGS_Four_card_package's First Strike Damage Step
Phase: Ai(4)-GGS_Four_card_package's Combat Damage Step
Phase: Ai(4)-GGS_Four_card_package's End of Combat Step
Phase: Ai(4)-GGS_Four_card_package's Main phase, postcombat
Mana: Exotic Orchard (331) - {T}: Add one mana of any color that a land an opponent controls could produce.
Mana: Luxury Suite (378) - {T}: Add {B} or {R}.
Mana: Training Center (332) - {T}: Add {U} or {R}.
Mana: Raucous Theater (385) - {T}: Add {R}.
Mana: Talisman of Indulgence (315) - {T}: Add {C}.
Add To Stack: Ai(4)-GGS_Four_card_package cast Goro-Goro and Satoru
Resolve Stack: Goro-Goro and Satoru - Creature 3 / 4
Phase: Ai(4)-GGS_Four_card_package's End step
Phase: Ai(4)-GGS_Four_card_package's Cleanup step
Turn: Turn 26 (Ai(1)-Jaymie_Ezio)
Phase: Ai(1)-Jaymie_Ezio's Untap step
Phase: Ai(1)-Jaymie_Ezio's Upkeep step
Phase: Ai(1)-Jaymie_Ezio's Draw step
Phase: Ai(1)-Jaymie_Ezio's Main phase, precombat
Land: Ai(1)-Jaymie_Ezio played Kessig Wolf Run (4)
Phase: Ai(1)-Jaymie_Ezio's Beginning of Combat Step
Phase: Ai(1)-Jaymie_Ezio's Declare Attackers Step
Combat: Ai(1)-Jaymie_Ezio assigned Changeling Outcast (14) to attack Ai(4)-GGS_Four_card_package.
Phase: Ai(1)-Jaymie_Ezio's Declare Blockers Step
Combat: Ai(4)-GGS_Four_card_package didn't block Changeling Outcast (14).
Phase: Ai(1)-Jaymie_Ezio's First Strike Damage Step
Phase: Ai(1)-Jaymie_Ezio's Combat Damage Step
Damage: Changeling Outcast (14) deals 3 combat damage to Ai(4)-GGS_Four_card_package.
Life: Life: Ai(4)-GGS_Four_card_package 39 > 36
Phase: Ai(1)-Jaymie_Ezio's End of Combat Step
Phase: Ai(1)-Jaymie_Ezio's Main phase, postcombat
Mana: Swamp (59) - {T}: Add {B}.
Mana: Plains (90) - {T}: Add {W}.
Mana: Mountain (87) - {T}: Add {R}.
Add To Stack: Ai(1)-Jaymie_Ezio cast Black Market Connections
Resolve Stack: Black Market Connections
Mana: Thriving Grove (27) - {T}: Add {G} or one mana of the chosen color.
Mana: Smoldering Marsh (71) - {T}: Add {R}.
Add To Stack: Ai(1)-Jaymie_Ezio cast Ezio Auditore da Firenze
Resolve Stack: Ezio Auditore da Firenze - Creature 3 / 2
Mana: Command Tower (32) - {T}: Add one mana of any color in your commander's color identity.
Mana: Path of Ancestry (8) - {T}: Add one mana of any color in your commander's color identity. When that mana is spent to cast a creature spell that shares a creature type with your commander, scry 1. (Look at the top card of your library. You may put that card on the bottom.)
Add To Stack: Ai(1)-Jaymie_Ezio cast Vraska Joins Up
Resolve Stack: Vraska Joins Up
Add To Stack: Ai(1)-Jaymie_Ezio triggered Vraska Joins Up
Resolve Stack: When Vraska Joins Up enters, put a deathtouch counter on each creature you control. [Zone Changer: Vraska Joins Up (11)]
Phase: Ai(1)-Jaymie_Ezio's End step
Add To Stack: Ai(1)-Jaymie_Ezio triggered Edward Kenway
Resolve Stack: At the beginning of your end step, create a Treasure token for each tapped Assassin, Pirate, and/or Vehicle you control. [Phase: Ai(1)-Jaymie_Ezio]
Phase: Ai(1)-Jaymie_Ezio's Cleanup step
Turn: Turn 27 (Ai(2)-Gabe_Food)
Phase: Ai(2)-Gabe_Food's Untap step
Phase: Ai(2)-Gabe_Food's Upkeep step
Phase: Ai(2)-Gabe_Food's Draw step
Phase: Ai(2)-Gabe_Food's Main phase, precombat
Replacement Effect: As Fortified Village enters, you may reveal a Forest or Plains card from your hand. If you don't, Fortified Village enters tapped.
Land: Ai(2)-Gabe_Food played Fortified Village (150)
Mana: Forest (140) - {T}: Add {G}.
Mana: Swamp (163) - {T}: Add {B}.
Add To Stack: Ai(2)-Gabe_Food cast Pippin, Warden of Isengard
Resolve Stack: Pippin, Warden of Isengard - Creature 2 / 2
Add To Stack: Ai(2)-Gabe_Food triggered Pippin, Warden of Isengard targeting [Ai(2)-Gabe_Food]
Resolve Stack: Partner with Merry, Warden of Isengard (When this creature enters, target player may put Merry into their hand from their library, then shuffle.) (Targeting: [[Ai(2)-Gabe_Food]]) [Zone Changer: Pippin, Warden of Isengard (141)]
Phase: Ai(2)-Gabe_Food's Beginning of Combat Step
Add To Stack: Ai(2)-Gabe_Food triggered Sam, Loyal Attendant
Resolve Stack: At the beginning of combat on your turn, create a Food token. (It's an artifact with "{2}, {T}, Sacrifice this token: You gain 3 life.") [Phase: Ai(2)-Gabe_Food]
Phase: Ai(2)-Gabe_Food's Declare Attackers Step
Phase: Ai(2)-Gabe_Food's Declare Blockers Step
Phase: Ai(2)-Gabe_Food's First Strike Damage Step
Phase: Ai(2)-Gabe_Food's Combat Damage Step
Phase: Ai(2)-Gabe_Food's End of Combat Step
Phase: Ai(2)-Gabe_Food's Main phase, postcombat
Mana: Plains (187) - {T}: Add {W}.
Mana: Isolated Chapel (144) - {T}: Add {W} or {B}.
Mana: Necroblossom Snarl (165) - {T}: Add {B} or {G}.
Mana: Command Tower (131) - {T}: Add one mana of any color in your commander's color identity.
Mana: Prize Pig (130) - {T}: Add one mana of any color.
Add To Stack: Ai(2)-Gabe_Food cast Call for Unity
Resolve Stack: Call for Unity
Phase: Ai(2)-Gabe_Food's End step
Phase: Ai(2)-Gabe_Food's Cleanup step
Turn: Turn 28 (Ai(3)-Destyn_Turtles)
Phase: Ai(3)-Destyn_Turtles' Untap step
Phase: Ai(3)-Destyn_Turtles' Upkeep step
Phase: Ai(3)-Destyn_Turtles' Draw step
Phase: Ai(3)-Destyn_Turtles' Main phase, precombat
Phase: Ai(3)-Destyn_Turtles' Beginning of Combat Step
Add To Stack: Ai(3)-Destyn_Turtles triggered Irma, Part-Time Mutant targeting [Casey Jones, Back Alley Brute (208)]
Resolve Stack: At the beginning of combat on your turn, Irma becomes a copy of up to one other target creature you control, except her name is Irma, Part-Time Mutant and she has this ability. Then put a +1/+1 counter on her. (Targeting: [[Casey Jones, Back Alley Brute (208)]]) [Phase: Ai(3)-Destyn_Turtles]
Add To Stack: Ai(3)-Destyn_Turtles triggered Casey Jones, Back Alley Brute targeting [Ai(1)-Jaymie_Ezio]
Add To Stack: Ai(3)-Destyn_Turtles triggered Irma, Part-Time Mutant targeting [Ai(1)-Jaymie_Ezio]
Damage: Irma, Part-Time Mutant (209) deals 1 non-combat damage to Ai(1)-Jaymie_Ezio.
Life: Life: Ai(1)-Jaymie_Ezio 21 > 20
Resolve Stack: Whenever you put one or more +1/+1 counters on a creature you control, Irma deals that much damage to target opponent. (Targeting: [[Ai(1)-Jaymie_Ezio]]) [Added once: Irma, Part-Time Mutant (209) Amount: 1]
Damage: Casey Jones, Back Alley Brute (208) deals 1 non-combat damage to Ai(1)-Jaymie_Ezio.
Life: Life: Ai(1)-Jaymie_Ezio 20 > 19
Resolve Stack: Whenever you put one or more +1/+1 counters on a creature you control, Casey Jones deals that much damage to target opponent. (Targeting: [[Ai(1)-Jaymie_Ezio]]) [Added once: Irma, Part-Time Mutant (209) Amount: 1]
Phase: Ai(3)-Destyn_Turtles' Declare Attackers Step
Phase: Ai(3)-Destyn_Turtles' Declare Blockers Step
Phase: Ai(3)-Destyn_Turtles' First Strike Damage Step
Phase: Ai(3)-Destyn_Turtles' Combat Damage Step
Phase: Ai(3)-Destyn_Turtles' End of Combat Step
Phase: Ai(3)-Destyn_Turtles' Main phase, postcombat
Mana: Plains (289) - {T}: Add {W}.
Mana: Plains (290) - {T}: Add {W}.
Mana: Sunken Hollow (226) - {T}: Add {B}.
Mana: Cinder Glade (218) - {T}: Add {G}.
Add To Stack: Ai(3)-Destyn_Turtles cast Leonardo, the Balance
Resolve Stack: Leonardo, the Balance - Creature 3 / 3
Mana: Sodden Verdure (283) - {T}: Add {G}.
Mana: City of Brass (247) - {T}: Add one mana of any color.
Discard: Ai(3)-Destyn_Turtles discards Rain-Slicked Copse (259).
Add To Stack: Ai(3)-Destyn_Turtles activated Rain-Slicked Copse
Add To Stack: Ai(3)-Destyn_Turtles triggered City of Brass
Damage: City of Brass (247) deals 1 non-combat damage to Ai(3)-Destyn_Turtles.
Life: Life: Ai(3)-Destyn_Turtles 36 > 35
Resolve Stack: Whenever City of Brass becomes tapped, it deals 1 damage to you. [Tapped: City of Brass (247)]
Resolve Stack: Rain-Slicked Copse (259) - Ai(3)-Destyn_Turtles draws a card.
Land: Ai(3)-Destyn_Turtles played Forest (240)
Phase: Ai(3)-Destyn_Turtles' End step
Phase: Ai(3)-Destyn_Turtles' Cleanup step
Turn: Turn 29 (Ai(4)-GGS_Four_card_package)
Phase: Ai(4)-GGS_Four_card_package's Untap step
Phase: Ai(4)-GGS_Four_card_package's Upkeep step
Phase: Ai(4)-GGS_Four_card_package's Draw step
Phase: Ai(4)-GGS_Four_card_package's Main phase, precombat
Phase: Ai(4)-GGS_Four_card_package's Beginning of Combat Step
Phase: Ai(4)-GGS_Four_card_package's Declare Attackers Step
Phase: Ai(4)-GGS_Four_card_package's Declare Blockers Step
Phase: Ai(4)-GGS_Four_card_package's First Strike Damage Step
Phase: Ai(4)-GGS_Four_card_package's Combat Damage Step
Phase: Ai(4)-GGS_Four_card_package's End of Combat Step
Phase: Ai(4)-GGS_Four_card_package's Main phase, postcombat
Mana: Exotic Orchard (331) - {T}: Add one mana of any color that a land an opponent controls could produce.
Mana: Luxury Suite (378) - {T}: Add {B} or {R}.
Mana: Training Center (332) - {T}: Add {U} or {R}.
Mana: Raucous Theater (385) - {T}: Add {R}.
Add To Stack: Ai(4)-GGS_Four_card_package cast Grim Hireling
Resolve Stack: Grim Hireling - Creature 3 / 2
Phase: Ai(4)-GGS_Four_card_package's End step
Phase: Ai(4)-GGS_Four_card_package's Cleanup step
Turn: Turn 30 (Ai(1)-Jaymie_Ezio)
Phase: Ai(1)-Jaymie_Ezio's Untap step
Phase: Ai(1)-Jaymie_Ezio's Upkeep step
Phase: Ai(1)-Jaymie_Ezio's Draw step
Phase: Ai(1)-Jaymie_Ezio's Main phase, precombat
Add To Stack: Ai(1)-Jaymie_Ezio triggered Black Market Connections
Life: Life: Ai(1)-Jaymie_Ezio 19 > 18
Resolve Stack: At the beginning of your first main phase, sell Contraband — Create a Treasure token. You lose 1 life. Ai(1)-Jaymie_Ezio loses 1 life. [Phase: Ai(1)-Jaymie_Ezio]
Phase: Ai(1)-Jaymie_Ezio's Beginning of Combat Step
Phase: Ai(1)-Jaymie_Ezio's Declare Attackers Step
Combat: Ai(1)-Jaymie_Ezio assigned Changeling Outcast (14) to attack Ai(4)-GGS_Four_card_package.
Phase: Ai(1)-Jaymie_Ezio's Declare Blockers Step
Combat: Ai(4)-GGS_Four_card_package didn't block Changeling Outcast (14).
Phase: Ai(1)-Jaymie_Ezio's First Strike Damage Step
Phase: Ai(1)-Jaymie_Ezio's Combat Damage Step
Damage: Changeling Outcast (14) deals 3 combat damage to Ai(4)-GGS_Four_card_package.
Life: Life: Ai(4)-GGS_Four_card_package 36 > 33
Phase: Ai(1)-Jaymie_Ezio's End of Combat Step
Phase: Ai(1)-Jaymie_Ezio's Main phase, postcombat
Mana: Swamp (59) - {T}: Add {B}.
Mana: Thriving Grove (27) - {T}: Add {G} or one mana of the chosen color.
Add To Stack: Ai(1)-Jaymie_Ezio cast Achilles Davenport
Resolve Stack: Achilles Davenport - Creature 3 / 3
Phase: Ai(1)-Jaymie_Ezio's End step
Add To Stack: Ai(1)-Jaymie_Ezio triggered Edward Kenway
Resolve Stack: At the beginning of your end step, create a Treasure token for each tapped Assassin, Pirate, and/or Vehicle you control. [Phase: Ai(1)-Jaymie_Ezio]
Phase: Ai(1)-Jaymie_Ezio's Cleanup step
Turn: Turn 31 (Ai(2)-Gabe_Food)
Phase: Ai(2)-Gabe_Food's Untap step
Phase: Ai(2)-Gabe_Food's Upkeep step
Phase: Ai(2)-Gabe_Food's Draw step
Phase: Ai(2)-Gabe_Food's Main phase, precombat
Phase: Ai(2)-Gabe_Food's Beginning of Combat Step
Add To Stack: Ai(2)-Gabe_Food triggered Sam, Loyal Attendant
Resolve Stack: At the beginning of combat on your turn, create a Food token. (It's an artifact with "{2}, {T}, Sacrifice this token: You gain 3 life.") [Phase: Ai(2)-Gabe_Food]
Phase: Ai(2)-Gabe_Food's Declare Attackers Step
Phase: Ai(2)-Gabe_Food's Declare Blockers Step
Phase: Ai(2)-Gabe_Food's First Strike Damage Step
Phase: Ai(2)-Gabe_Food's Combat Damage Step
Phase: Ai(2)-Gabe_Food's End of Combat Step
Phase: Ai(2)-Gabe_Food's Main phase, postcombat
Mana: Swamp (163) - {T}: Add {B}.
Mana: Forest (140) - {T}: Add {G}.
Mana: Plains (187) - {T}: Add {W}.
Mana: Necroblossom Snarl (165) - {T}: Add {B} or {G}.
Add To Stack: Ai(2)-Gabe_Food cast Well of Lost Dreams
Resolve Stack: Well of Lost Dreams
Mana: Fortified Village (150) - {T}: Add {G} or {W}.
Mana: Isolated Chapel (144) - {T}: Add {W} or {B}.
Mana: Command Tower (131) - {T}: Add one mana of any color in your commander's color identity.
Add To Stack: Ai(2)-Gabe_Food cast Merry, Warden of Isengard
Resolve Stack: Merry, Warden of Isengard - Creature 1 / 4
Add To Stack: Ai(2)-Gabe_Food triggered Merry, Warden of Isengard targeting [Ai(2)-Gabe_Food]
Resolve Stack: Partner with Pippin, Warden of Isengard (When this creature enters, target player may put Pippin into their hand from their library, then shuffle.) (Targeting: [[Ai(2)-Gabe_Food]]) [Zone Changer: Merry, Warden of Isengard (107)]
Mana: Prize Pig (130) - {T}: Add one mana of any color.
Add To Stack: Ai(2)-Gabe_Food cast Essence Warden
Resolve Stack: Essence Warden - Creature 1 / 1
Phase: Ai(2)-Gabe_Food's End step
Phase: Ai(2)-Gabe_Food's Cleanup step
Turn: Turn 32 (Ai(3)-Destyn_Turtles)
Phase: Ai(3)-Destyn_Turtles' Untap step
Phase: Ai(3)-Destyn_Turtles' Upkeep step
Phase: Ai(3)-Destyn_Turtles' Draw step
Phase: Ai(3)-Destyn_Turtles' Main phase, precombat
Replacement Effect: Dragonskull Summit enters tapped unless you control a Swamp or a Mountain.
Land: Ai(3)-Destyn_Turtles played Dragonskull Summit (249)
Phase: Ai(3)-Destyn_Turtles' Beginning of Combat Step
Add To Stack: Ai(3)-Destyn_Turtles triggered Irma, Part-Time Mutant targeting [Casey Jones, Back Alley Brute (208)]
Resolve Stack: At the beginning of combat on your turn, Irma becomes a copy of up to one other target creature you control, except her name is Irma, Part-Time Mutant and she has this ability. Then put a +1/+1 counter on her. (Targeting: [[Casey Jones, Back Alley Brute (208)]]) [Phase: Ai(3)-Destyn_Turtles]
Add To Stack: Ai(3)-Destyn_Turtles triggered Casey Jones, Back Alley Brute targeting [Ai(1)-Jaymie_Ezio]
Add To Stack: Ai(3)-Destyn_Turtles triggered Irma, Part-Time Mutant targeting [Ai(1)-Jaymie_Ezio]
Damage: Irma, Part-Time Mutant (209) deals 1 non-combat damage to Ai(1)-Jaymie_Ezio.
Life: Life: Ai(1)-Jaymie_Ezio 18 > 17
Resolve Stack: Whenever you put one or more +1/+1 counters on a creature you control, Irma deals that much damage to target opponent. (Targeting: [[Ai(1)-Jaymie_Ezio]]) [Added once: Irma, Part-Time Mutant (209) Amount: 1]
Damage: Casey Jones, Back Alley Brute (208) deals 1 non-combat damage to Ai(1)-Jaymie_Ezio.
Life: Life: Ai(1)-Jaymie_Ezio 17 > 16
Resolve Stack: Whenever you put one or more +1/+1 counters on a creature you control, Casey Jones deals that much damage to target opponent. (Targeting: [[Ai(1)-Jaymie_Ezio]]) [Added once: Irma, Part-Time Mutant (209) Amount: 1]
Phase: Ai(3)-Destyn_Turtles' Declare Attackers Step
Phase: Ai(3)-Destyn_Turtles' Declare Blockers Step
Phase: Ai(3)-Destyn_Turtles' First Strike Damage Step
Phase: Ai(3)-Destyn_Turtles' Combat Damage Step
Phase: Ai(3)-Destyn_Turtles' End of Combat Step
Phase: Ai(3)-Destyn_Turtles' Main phase, postcombat
Mana: Sodden Verdure (283) - {T}: Add {U}.
Mana: Plains (289) - {T}: Add {W}.
Mana: Plains (290) - {T}: Add {W}.
Add To Stack: Ai(3)-Destyn_Turtles cast Ray Fillet, Wave Warrior
Resolve Stack: Ray Fillet, Wave Warrior - Creature 0 / 2
Add To Stack: Ai(2)-Gabe_Food triggered Essence Warden
Life: Life: Ai(2)-Gabe_Food 24 > 25
Resolve Stack: Whenever another creature enters, you gain 1 life. [Zone Changer: Ray Fillet, Wave Warrior (269)]
Add To Stack: Ai(2)-Gabe_Food triggered Well of Lost Dreams
Add To Stack: Ai(2)-Gabe_Food triggered Prize Pig
Resolve Stack: Whenever you gain life, put that many ribbon counters on Prize Pig. Then if there are three or more ribbon counters on Prize Pig, remove those counters and untap it. [Player: Ai(2)-Gabe_Food, Gained Amount: 1]
Resolve Stack: Whenever you gain life, you may pay {X}, where X is less than or equal to the amount of life you gained. If you do, draw X cards. [Player: Ai(2)-Gabe_Food, Gained Amount: 1]
Mana: Forest (240) - {T}: Add {G}.
Mana: Cinder Glade (218) - {T}: Add {G}.
Mana: Dragonskull Summit (249) - {T}: Add {B} or {R}.
Mana: Sunken Hollow (226) - {T}: Add {B}.
Add To Stack: Ai(3)-Destyn_Turtles cast Harmonize
Resolve Stack: Harmonize (265) - Ai(3)-Destyn_Turtles draws three cards.
Phase: Ai(3)-Destyn_Turtles' End step
Phase: Ai(3)-Destyn_Turtles' Cleanup step
Turn: Turn 33 (Ai(4)-GGS_Four_card_package)
Phase: Ai(4)-GGS_Four_card_package's Untap step
Phase: Ai(4)-GGS_Four_card_package's Upkeep step
Phase: Ai(4)-GGS_Four_card_package's Draw step
Phase: Ai(4)-GGS_Four_card_package's Main phase, precombat
Phase: Ai(4)-GGS_Four_card_package's Beginning of Combat Step
Phase: Ai(4)-GGS_Four_card_package's Declare Attackers Step
Combat: Ai(4)-GGS_Four_card_package assigned Moon-Circuit Hacker (392) to attack Ai(1)-Jaymie_Ezio.
Phase: Ai(4)-GGS_Four_card_package's Declare Blockers Step
Combat: Ai(1)-Jaymie_Ezio didn't block Moon-Circuit Hacker (392).
Mana: Exotic Orchard (331) - {T}: Add one mana of any color that a land an opponent controls could produce.
Mana: Luxury Suite (378) - {T}: Add {B} or {R}.
Add To Stack: Ai(4)-GGS_Four_card_package activated Yuriko, the Tiger's Shadow
Resolve Stack: Yuriko, the Tiger's Shadow (401) - Ai(4)-GGS_Four_card_package puts Yuriko, the Tiger's Shadow (401) from their hand onto the battlefield tapped and attacking.
Add To Stack: Ai(2)-Gabe_Food triggered Essence Warden
Mana: Training Center (332) - {T}: Add {U} or {R}.
Mana: Raucous Theater (385) - {T}: Add {R}.
Add To Stack: Ai(4)-GGS_Four_card_package activated Sakashima's Student
Replacement Effect: You may have Irma, Part-Time Mutant enter as a copy of any creature on the battlefield, except it's a Ninja in addition to its other creature types.
Resolve Stack: Irma, Part-Time Mutant (350) - Ai(4)-GGS_Four_card_package puts Irma, Part-Time Mutant (350) from their hand onto the battlefield tapped and attacking.
Add To Stack: Ai(2)-Gabe_Food triggered Essence Warden
Life: Life: Ai(2)-Gabe_Food 25 > 26
Resolve Stack: Whenever another creature enters, you gain 1 life. [Zone Changer: Irma, Part-Time Mutant (350)]
Add To Stack: Ai(2)-Gabe_Food triggered Well of Lost Dreams
Add To Stack: Ai(2)-Gabe_Food triggered Prize Pig
Resolve Stack: Whenever you gain life, put that many ribbon counters on Prize Pig. Then if there are three or more ribbon counters on Prize Pig, remove those counters and untap it. [Player: Ai(2)-Gabe_Food, Gained Amount: 1]
Resolve Stack: Whenever you gain life, you may pay {X}, where X is less than or equal to the amount of life you gained. If you do, draw X cards. [Player: Ai(2)-Gabe_Food, Gained Amount: 1]
Life: Life: Ai(2)-Gabe_Food 26 > 27
Resolve Stack: Whenever another creature enters, you gain 1 life. [Zone Changer: Yuriko, the Tiger's Shadow (401)]
Add To Stack: Ai(2)-Gabe_Food triggered Well of Lost Dreams
Add To Stack: Ai(2)-Gabe_Food triggered Prize Pig
Resolve Stack: Whenever you gain life, put that many ribbon counters on Prize Pig. Then if there are three or more ribbon counters on Prize Pig, remove those counters and untap it. [Player: Ai(2)-Gabe_Food, Gained Amount: 1]
Mana: Prize Pig (130) - {T}: Add one mana of any color.
Resolve Stack: Whenever you gain life, you may pay {X}, where X is less than or equal to the amount of life you gained. If you do, draw X cards. [Player: Ai(2)-Gabe_Food, Gained Amount: 1]
Phase: Ai(4)-GGS_Four_card_package's First Strike Damage Step
Phase: Ai(4)-GGS_Four_card_package's Combat Damage Step
Damage: Irma, Part-Time Mutant (350) deals 4 combat damage to Ai(1)-Jaymie_Ezio.
Life: Life: Ai(1)-Jaymie_Ezio 16 > 12
Add To Stack: Ai(4)-GGS_Four_card_package triggered Goro-Goro and Satoru
Add To Stack: Ai(4)-GGS_Four_card_package triggered Grim Hireling
Resolve Stack: Whenever one or more creatures you control deal combat damage to a player, create two Treasure tokens. [Damaged: Ai(1)-Jaymie_Ezio, Amount: 4]
Resolve Stack: Whenever one or more creatures you control that entered this turn deal combat damage to a player, create a 5/5 red Dragon Spirit creature token with flying. [Damaged: Ai(1)-Jaymie_Ezio, Amount: 4]
Add To Stack: Ai(2)-Gabe_Food triggered Essence Warden
Life: Life: Ai(2)-Gabe_Food 27 > 28
Resolve Stack: Whenever another creature enters, you gain 1 life. [Zone Changer: Dragon Spirit Token (523)]
Add To Stack: Ai(2)-Gabe_Food triggered Well of Lost Dreams
Add To Stack: Ai(2)-Gabe_Food triggered Prize Pig
Resolve Stack: Whenever you gain life, put that many ribbon counters on Prize Pig. Then if there are three or more ribbon counters on Prize Pig, remove those counters and untap it. [Player: Ai(2)-Gabe_Food, Gained Amount: 1]
Resolve Stack: Whenever you gain life, you may pay {X}, where X is less than or equal to the amount of life you gained. If you do, draw X cards. [Player: Ai(2)-Gabe_Food, Gained Amount: 1]
Phase: Ai(4)-GGS_Four_card_package's End of Combat Step
Phase: Ai(4)-GGS_Four_card_package's Main phase, postcombat
Zone Change: Treasure Token (519) was put into Graveyard from Battlefield.
Mana: Treasure Token (519) - {T}, Sacrifice this token: Add one mana of any color.
Damage: Talisman of Indulgence (315) deals 1 non-combat damage to Ai(4)-GGS_Four_card_package.
Life: Life: Ai(4)-GGS_Four_card_package 33 > 32
Mana: Talisman of Indulgence (315) - {T}: Add {B} or {R}. Talisman of Indulgence deals 1 damage to you. 
Zone Change: Treasure Token (518) was put into Graveyard from Battlefield.
Mana: Treasure Token (518) - {T}, Sacrifice this token: Add one mana of any color.
Add To Stack: Ai(4)-GGS_Four_card_package cast Yuriko, the Tiger's Shadow
Resolve Stack: Yuriko, the Tiger's Shadow - Creature 1 / 3
Add To Stack: Ai(2)-Gabe_Food triggered Essence Warden
Life: Life: Ai(2)-Gabe_Food 28 > 29
Resolve Stack: Whenever another creature enters, you gain 1 life. [Zone Changer: Yuriko, the Tiger's Shadow (401)]
Add To Stack: Ai(2)-Gabe_Food triggered Well of Lost Dreams
Add To Stack: Ai(2)-Gabe_Food triggered Prize Pig
Resolve Stack: Whenever you gain life, put that many ribbon counters on Prize Pig. Then if there are three or more ribbon counters on Prize Pig, remove those counters and untap it. [Player: Ai(2)-Gabe_Food, Gained Amount: 1]
Resolve Stack: Whenever you gain life, you may pay {X}, where X is less than or equal to the amount of life you gained. If you do, draw X cards. [Player: Ai(2)-Gabe_Food, Gained Amount: 1]
Phase: Ai(4)-GGS_Four_card_package's End step
Add To Stack: Ai(2)-Gabe_Food triggered Gwaihir, Greatest of the Eagles
Resolve Stack: At the beginning of each end step, if you gained 3 or more life this turn, create a 3/3 white Bird creature token with flying and "Whenever this token attacks, target attacking creature gains flying until end of turn." [Phase: Ai(4)-GGS_Four_card_package]
Add To Stack: Ai(2)-Gabe_Food triggered Essence Warden
Life: Life: Ai(2)-Gabe_Food 29 > 30
Resolve Stack: Whenever another creature enters, you gain 1 life. [Zone Changer: Bird Token (534)]
Add To Stack: Ai(2)-Gabe_Food triggered Well of Lost Dreams
Add To Stack: Ai(2)-Gabe_Food triggered Prize Pig
Resolve Stack: Whenever you gain life, put that many ribbon counters on Prize Pig. Then if there are three or more ribbon counters on Prize Pig, remove those counters and untap it. [Player: Ai(2)-Gabe_Food, Gained Amount: 1]
Mana: Prize Pig (130) - {T}: Add one mana of any color.
Resolve Stack: Whenever you gain life, you may pay {X}, where X is less than or equal to the amount of life you gained. If you do, draw X cards. [Player: Ai(2)-Gabe_Food, Gained Amount: 1]
Phase: Ai(4)-GGS_Four_card_package's Cleanup step
Turn: Turn 34 (Ai(1)-Jaymie_Ezio)
Phase: Ai(1)-Jaymie_Ezio's Untap step
Phase: Ai(1)-Jaymie_Ezio's Upkeep step
Phase: Ai(1)-Jaymie_Ezio's Draw step
Phase: Ai(1)-Jaymie_Ezio's Main phase, precombat
Add To Stack: Ai(1)-Jaymie_Ezio triggered Black Market Connections
Life: Life: Ai(1)-Jaymie_Ezio 12 > 11
Resolve Stack: At the beginning of your first main phase, sell Contraband — Create a Treasure token. You lose 1 life. Ai(1)-Jaymie_Ezio loses 1 life. [Phase: Ai(1)-Jaymie_Ezio]
Phase: Ai(1)-Jaymie_Ezio's Beginning of Combat Step
Phase: Ai(1)-Jaymie_Ezio's Declare Attackers Step
Combat: Ai(1)-Jaymie_Ezio assigned Changeling Outcast (14) to attack Ai(2)-Gabe_Food.
Phase: Ai(1)-Jaymie_Ezio's Declare Blockers Step
Combat: Ai(2)-Gabe_Food didn't block Changeling Outcast (14).
Mana: Thriving Grove (27) - {T}: Add {G} or one mana of the chosen color.
Mana: Mountain (87) - {T}: Add {R}.
Mana: Plains (90) - {T}: Add {W}.
Mana: Swamp (59) - {T}: Add {B}.
Mana: Smoldering Marsh (71) - {T}: Add {R}.
Mana: Command Tower (32) - {T}: Add one mana of any color in your commander's color identity.
Mana: Path of Ancestry (8) - {T}: Add one mana of any color in your commander's color identity. When that mana is spent to cast a creature spell that shares a creature type with your commander, scry 1. (Look at the top card of your library. You may put that card on the bottom.)
Zone Change: Treasure Token (544) was put into Graveyard from Battlefield.
Mana: Treasure Token (544) - {T}, Sacrifice this token: Add one mana of any color.
Zone Change: Treasure Token (469) was put into Graveyard from Battlefield.
Mana: Treasure Token (469) - {T}, Sacrifice this token: Add one mana of any color.
Zone Change: Treasure Token (466) was put into Graveyard from Battlefield.
Mana: Treasure Token (466) - {T}, Sacrifice this token: Add one mana of any color.
Zone Change: Treasure Token (458) was put into Graveyard from Battlefield.
Mana: Treasure Token (458) - {T}, Sacrifice this token: Add one mana of any color.
Zone Change: Treasure Token (450) was put into Graveyard from Battlefield.
Mana: Treasure Token (450) - {T}, Sacrifice this token: Add one mana of any color.
Add To Stack: Ai(1)-Jaymie_Ezio activated Kessig Wolf Run targeting [Changeling Outcast (14)]
Resolve Stack: Kessig Wolf Run (4) - Changeling Outcast (14) gets +10/+0 and gains trample until end of turn. (X=10)
Phase: Ai(1)-Jaymie_Ezio's First Strike Damage Step
Phase: Ai(1)-Jaymie_Ezio's Combat Damage Step
Damage: Changeling Outcast (14) deals 14 combat damage to Ai(2)-Gabe_Food.
Life: Life: Ai(2)-Gabe_Food 30 > 16
Phase: Ai(1)-Jaymie_Ezio's End of Combat Step
Phase: Ai(1)-Jaymie_Ezio's Main phase, postcombat
Phase: Ai(1)-Jaymie_Ezio's End step
Add To Stack: Ai(1)-Jaymie_Ezio triggered Edward Kenway
Resolve Stack: At the beginning of your end step, create a Treasure token for each tapped Assassin, Pirate, and/or Vehicle you control. [Phase: Ai(1)-Jaymie_Ezio]
Phase: Ai(1)-Jaymie_Ezio's Cleanup step
Turn: Turn 35 (Ai(2)-Gabe_Food)
Phase: Ai(2)-Gabe_Food's Untap step
Phase: Ai(2)-Gabe_Food's Upkeep step
Phase: Ai(2)-Gabe_Food's Draw step
Phase: Ai(2)-Gabe_Food's Main phase, precombat
Replacement Effect: As Murmuring Bosk enters, you may reveal a Treefolk card from your hand. If you don't, Murmuring Bosk enters tapped.
Land: Ai(2)-Gabe_Food played Murmuring Bosk (125)
Phase: Ai(2)-Gabe_Food's Beginning of Combat Step
Add To Stack: Ai(2)-Gabe_Food triggered Sam, Loyal Attendant
Resolve Stack: At the beginning of combat on your turn, create a Food token. (It's an artifact with "{2}, {T}, Sacrifice this token: You gain 3 life.") [Phase: Ai(2)-Gabe_Food]
Add To Stack: Ai(2)-Gabe_Food triggered Merry, Warden of Isengard
Resolve Stack: Whenever one or more artifacts you control enter, create a 1/1 white Soldier creature token with lifelink. This ability triggers only once each turn. [Amount: 1]
Add To Stack: Ai(2)-Gabe_Food triggered Essence Warden
Life: Life: Ai(2)-Gabe_Food 16 > 17
Resolve Stack: Whenever another creature enters, you gain 1 life. [Zone Changer: Soldier Token (574)]
Add To Stack: Ai(2)-Gabe_Food triggered Well of Lost Dreams
Add To Stack: Ai(2)-Gabe_Food triggered Prize Pig
Resolve Stack: Whenever you gain life, put that many ribbon counters on Prize Pig. Then if there are three or more ribbon counters on Prize Pig, remove those counters and untap it. [Player: Ai(2)-Gabe_Food, Gained Amount: 1]
Mana: Swamp (163) - {T}: Add {B}.
Resolve Stack: Whenever you gain life, you may pay {X}, where X is less than or equal to the amount of life you gained. If you do, draw X cards. [Player: Ai(2)-Gabe_Food, Gained Amount: 1]
Phase: Ai(2)-Gabe_Food's Declare Attackers Step
Combat: Ai(2)-Gabe_Food assigned Gwaihir, Greatest of the Eagles (191) and Bird Token (534) to attack Ai(1)-Jaymie_Ezio.
Add To Stack: Ai(2)-Gabe_Food triggered Gwaihir, Greatest of the Eagles targeting [Gwaihir, Greatest of the Eagles (191)]
Add To Stack: Ai(2)-Gabe_Food triggered Bird Token targeting [Gwaihir, Greatest of the Eagles (191)]
Resolve Stack: Whenever this creature attacks, target attacking creature gains flying until end of turn. (Targeting: [[Gwaihir, Greatest of the Eagles (191)]]) [Attacker: Bird Token (534)]
Resolve Stack: Whenever Gwaihir attacks, target attacking creature gains flying until end of turn. (Targeting: [[Gwaihir, Greatest of the Eagles (191)]]) [Attacker: Gwaihir, Greatest of the Eagles (191)]
Phase: Ai(2)-Gabe_Food's Declare Blockers Step
Combat: Ai(1)-Jaymie_Ezio didn't block Gwaihir, Greatest of the Eagles (191).
Ai(1)-Jaymie_Ezio didn't block Bird Token (534).
Phase: Ai(2)-Gabe_Food's First Strike Damage Step
Phase: Ai(2)-Gabe_Food's Combat Damage Step
Damage: Gwaihir, Greatest of the Eagles (191) deals 5 combat damage to Ai(1)-Jaymie_Ezio.
Damage: Bird Token (534) deals 3 combat damage to Ai(1)-Jaymie_Ezio.
Life: Life: Ai(1)-Jaymie_Ezio 11 > 3
Phase: Ai(2)-Gabe_Food's End of Combat Step
Phase: Ai(2)-Gabe_Food's Main phase, postcombat
Mana: Forest (140) - {T}: Add {G}.
Mana: Plains (187) - {T}: Add {W}.
Add To Stack: Ai(2)-Gabe_Food cast Revive the Shire targeting [Assemble the Entmoot (102)]
Resolve Stack: Revive the Shire (116) - Return Assemble the Entmoot (102) from the graveyard to its owner's hand. 
Mana: Necroblossom Snarl (165) - {T}: Add {B} or {G}.
Mana: Fortified Village (150) - {T}: Add {G} or {W}.
Mana: Isolated Chapel (144) - {T}: Add {W} or {B}.
Mana: Command Tower (131) - {T}: Add one mana of any color in your commander's color identity.
Add To Stack: Ai(2)-Gabe_Food cast Assemble the Entmoot
Resolve Stack: Assemble the Entmoot
Mana: Prize Pig (130) - {T}: Add one mana of any color.
Discard: Ai(2)-Gabe_Food discards Ash Barrens (173).
Add To Stack: Ai(2)-Gabe_Food activated Ash Barrens
Resolve Stack: Ash Barrens (173) - Ai(2)-Gabe_Food searches their library for a Basic card, reveals it, puts it into their hand, then shuffles.
Phase: Ai(2)-Gabe_Food's End step
Phase: Ai(2)-Gabe_Food's Cleanup step
Turn: Turn 36 (Ai(3)-Destyn_Turtles)
Phase: Ai(3)-Destyn_Turtles' Untap step
Phase: Ai(3)-Destyn_Turtles' Upkeep step
Phase: Ai(3)-Destyn_Turtles' Draw step
Phase: Ai(3)-Destyn_Turtles' Main phase, precombat
Land: Ai(3)-Destyn_Turtles played Island (232)
Mana: Island (232) - {T}: Add {U}.
Mana: Plains (289) - {T}: Add {W}.
Mana: Plains (290) - {T}: Add {W}.
Mana: Forest (240) - {T}: Add {G}.
Add To Stack: Ai(3)-Destyn_Turtles cast Baxter, Fly in the Ointment
Resolve Stack: Baxter, Fly in the Ointment - Creature 2 / 2
Add To Stack: Ai(3)-Destyn_Turtles triggered Ray Fillet, Wave Warrior
Add To Stack: Ai(3)-Destyn_Turtles triggered Baxter, Fly in the Ointment
Add To Stack: Ai(2)-Gabe_Food triggered Essence Warden
Life: Life: Ai(2)-Gabe_Food 17 > 18
Resolve Stack: Whenever another creature enters, you gain 1 life. [Zone Changer: Baxter, Fly in the Ointment (229)]
Add To Stack: Ai(2)-Gabe_Food triggered Well of Lost Dreams
Add To Stack: Ai(2)-Gabe_Food triggered Prize Pig
Resolve Stack: Whenever you gain life, put that many ribbon counters on Prize Pig. Then if there are three or more ribbon counters on Prize Pig, remove those counters and untap it. [Player: Ai(2)-Gabe_Food, Gained Amount: 1]
Resolve Stack: Whenever you gain life, you may pay {X}, where X is less than or equal to the amount of life you gained. If you do, draw X cards. [Player: Ai(2)-Gabe_Food, Gained Amount: 1]
Resolve Stack: Whenever Baxter enters or attacks, each creature you control with a counter on it gains flying until end of turn. [Zone Changer: Baxter, Fly in the Ointment (229)]
Resolve Stack: Evolve (Whenever a creature you control enters, if that creature has greater power or toughness than this creature, put a +1/+1 counter on this creature.) [Zone Changer: Baxter, Fly in the Ointment (229)]
Add To Stack: Ai(3)-Destyn_Turtles triggered Casey Jones, Back Alley Brute targeting [Ai(1)-Jaymie_Ezio]
Add To Stack: Ai(3)-Destyn_Turtles triggered Irma, Part-Time Mutant targeting [Ai(1)-Jaymie_Ezio]
Damage: Irma, Part-Time Mutant (209) deals 1 non-combat damage to Ai(1)-Jaymie_Ezio.
Life: Life: Ai(1)-Jaymie_Ezio 3 > 2
Resolve Stack: Whenever you put one or more +1/+1 counters on a creature you control, Irma deals that much damage to target opponent. (Targeting: [[Ai(1)-Jaymie_Ezio]]) [Added once: Ray Fillet, Wave Warrior (269) Amount: 1]
Damage: Casey Jones, Back Alley Brute (208) deals 1 non-combat damage to Ai(1)-Jaymie_Ezio.
Life: Life: Ai(1)-Jaymie_Ezio 2 > 1
Resolve Stack: Whenever you put one or more +1/+1 counters on a creature you control, Casey Jones deals that much damage to target opponent. (Targeting: [[Ai(1)-Jaymie_Ezio]]) [Added once: Ray Fillet, Wave Warrior (269) Amount: 1]
Mana: Dragonskull Summit (249) - {T}: Add {B} or {R}.
Mana: Sunken Hollow (226) - {T}: Add {B}.
Add To Stack: Ai(3)-Destyn_Turtles cast Foot Chopper
Resolve Stack: Foot Chopper
Add To Stack: Ai(3)-Destyn_Turtles triggered Foot Chopper
Resolve Stack: When this Equipment enters, create a 1/1 black Ninja creature token, then attach this Equipment to it. [Zone Changer: Foot Chopper (294)]
Add To Stack: Ai(3)-Destyn_Turtles triggered Leonardo, the Balance
Add To Stack: Ai(2)-Gabe_Food triggered Essence Warden
Life: Life: Ai(2)-Gabe_Food 18 > 19
Resolve Stack: Whenever another creature enters, you gain 1 life. [Zone Changer: Ninja Token (609)]
Add To Stack: Ai(2)-Gabe_Food triggered Well of Lost Dreams
Add To Stack: Ai(2)-Gabe_Food triggered Prize Pig
Resolve Stack: Whenever you gain life, put that many ribbon counters on Prize Pig. Then if there are three or more ribbon counters on Prize Pig, remove those counters and untap it. [Player: Ai(2)-Gabe_Food, Gained Amount: 1]
Mana: Prize Pig (130) - {T}: Add one mana of any color.
Resolve Stack: Whenever you gain life, you may pay {X}, where X is less than or equal to the amount of life you gained. If you do, draw X cards. [Player: Ai(2)-Gabe_Food, Gained Amount: 1]
Resolve Stack: Whenever a token you control enters, you may put a +1/+1 counter on each creature you control. Do this only once each turn. [Zone Changer: Ninja Token (609)]
Add To Stack: Ai(3)-Destyn_Turtles triggered Casey Jones, Back Alley Brute targeting [Ai(1)-Jaymie_Ezio]
Add To Stack: Ai(3)-Destyn_Turtles triggered Irma, Part-Time Mutant targeting [Ai(1)-Jaymie_Ezio]
Add To Stack: Ai(3)-Destyn_Turtles triggered Casey Jones, Back Alley Brute targeting [Ai(1)-Jaymie_Ezio]
Add To Stack: Ai(3)-Destyn_Turtles triggered Irma, Part-Time Mutant targeting [Ai(1)-Jaymie_Ezio]
Add To Stack: Ai(3)-Destyn_Turtles triggered Casey Jones, Back Alley Brute targeting [Ai(1)-Jaymie_Ezio]
Add To Stack: Ai(3)-Destyn_Turtles triggered Irma, Part-Time Mutant targeting [Ai(1)-Jaymie_Ezio]
Add To Stack: Ai(3)-Destyn_Turtles triggered Casey Jones, Back Alley Brute targeting [Ai(1)-Jaymie_Ezio]
Add To Stack: Ai(3)-Destyn_Turtles triggered Irma, Part-Time Mutant targeting [Ai(1)-Jaymie_Ezio]
Add To Stack: Ai(3)-Destyn_Turtles triggered Casey Jones, Back Alley Brute targeting [Ai(1)-Jaymie_Ezio]
Add To Stack: Ai(3)-Destyn_Turtles triggered Irma, Part-Time Mutant targeting [Ai(1)-Jaymie_Ezio]
Add To Stack: Ai(3)-Destyn_Turtles triggered Casey Jones, Back Alley Brute targeting [Ai(1)-Jaymie_Ezio]
Add To Stack: Ai(3)-Destyn_Turtles triggered Irma, Part-Time Mutant targeting [Ai(1)-Jaymie_Ezio]
Add To Stack: Ai(3)-Destyn_Turtles triggered Casey Jones, Back Alley Brute targeting [Ai(1)-Jaymie_Ezio]
Add To Stack: Ai(3)-Destyn_Turtles triggered Irma, Part-Time Mutant targeting [Ai(1)-Jaymie_Ezio]
Add To Stack: Ai(3)-Destyn_Turtles triggered Casey Jones, Back Alley Brute targeting [Ai(1)-Jaymie_Ezio]
Add To Stack: Ai(3)-Destyn_Turtles triggered Irma, Part-Time Mutant targeting [Ai(1)-Jaymie_Ezio]
Damage: Irma, Part-Time Mutant (209) deals 1 non-combat damage to Ai(1)-Jaymie_Ezio.
Life: Life: Ai(1)-Jaymie_Ezio 1 > 0
Resolve Stack: Whenever you put one or more +1/+1 counters on a creature you control, Irma deals that much damage to target opponent. (Targeting: [[Ai(1)-Jaymie_Ezio]]) [Added once: Ninja Token (609) Amount: 1]
Resolve Stack: Casey Jones, Back Alley Brute ability fizzles.
Resolve Stack: Irma, Part-Time Mutant ability fizzles.
Resolve Stack: Casey Jones, Back Alley Brute ability fizzles.
Resolve Stack: Irma, Part-Time Mutant ability fizzles.
Resolve Stack: Casey Jones, Back Alley Brute ability fizzles.
Resolve Stack: Irma, Part-Time Mutant ability fizzles.
Resolve Stack: Casey Jones, Back Alley Brute ability fizzles.
Resolve Stack: Irma, Part-Time Mutant ability fizzles.
Resolve Stack: Casey Jones, Back Alley Brute ability fizzles.
Resolve Stack: Irma, Part-Time Mutant ability fizzles.
Resolve Stack: Casey Jones, Back Alley Brute ability fizzles.
Resolve Stack: Irma, Part-Time Mutant ability fizzles.
Resolve Stack: Casey Jones, Back Alley Brute ability fizzles.
Resolve Stack: Irma, Part-Time Mutant ability fizzles.
Resolve Stack: Casey Jones, Back Alley Brute ability fizzles.
Phase: Ai(3)-Destyn_Turtles' Beginning of Combat Step
Add To Stack: Ai(3)-Destyn_Turtles triggered Irma, Part-Time Mutant targeting [Casey Jones, Back Alley Brute (208)]
Resolve Stack: At the beginning of combat on your turn, Irma becomes a copy of up to one other target creature you control, except her name is Irma, Part-Time Mutant and she has this ability. Then put a +1/+1 counter on her. (Targeting: [[Casey Jones, Back Alley Brute (208)]]) [Phase: Ai(3)-Destyn_Turtles]
Add To Stack: Ai(3)-Destyn_Turtles triggered Casey Jones, Back Alley Brute targeting [Ai(2)-Gabe_Food]
Add To Stack: Ai(3)-Destyn_Turtles triggered Irma, Part-Time Mutant targeting [Ai(2)-Gabe_Food]
Damage: Irma, Part-Time Mutant (209) deals 1 non-combat damage to Ai(2)-Gabe_Food.
Life: Life: Ai(2)-Gabe_Food 19 > 18
Resolve Stack: Whenever you put one or more +1/+1 counters on a creature you control, Irma deals that much damage to target opponent. (Targeting: [[Ai(2)-Gabe_Food]]) [Added once: Irma, Part-Time Mutant (209) Amount: 1]
Damage: Casey Jones, Back Alley Brute (208) deals 1 non-combat damage to Ai(2)-Gabe_Food.
Life: Life: Ai(2)-Gabe_Food 18 > 17
Resolve Stack: Whenever you put one or more +1/+1 counters on a creature you control, Casey Jones deals that much damage to target opponent. (Targeting: [[Ai(2)-Gabe_Food]]) [Added once: Irma, Part-Time Mutant (209) Amount: 1]
Phase: Ai(3)-Destyn_Turtles' Declare Attackers Step
Combat: Ai(3)-Destyn_Turtles assigned Irma, Part-Time Mutant (209), Casey Jones, Back Alley Brute (208), Leonardo, the Balance (303) and Acidic Slime (264) to attack Ai(2)-Gabe_Food.
Add To Stack: Ai(3)-Destyn_Turtles triggered Irma, Part-Time Mutant targeting [Irma, Part-Time Mutant (209)]
Add To Stack: Ai(3)-Destyn_Turtles triggered Casey Jones, Back Alley Brute targeting [Irma, Part-Time Mutant (209)]
Zone Change: Assemble the Entmoot (102) was put into Graveyard from Battlefield.
Add To Stack: Ai(2)-Gabe_Food activated Assemble the Entmoot
Resolve Stack: Assemble the Entmoot (102) - Ai(2)-Gabe_Food creates three tapped X/X green Treefolk creature tokens, where X is the amount of life you gained this turn. Put a reach counter on each of them. Ai(2)-Gabe_Food puts a reach counter on . 
Add To Stack: Ai(2)-Gabe_Food triggered Essence Warden
Add To Stack: Ai(2)-Gabe_Food triggered Essence Warden
Add To Stack: Ai(2)-Gabe_Food triggered Essence Warden
Life: Life: Ai(2)-Gabe_Food 17 > 18
Resolve Stack: Whenever another creature enters, you gain 1 life. [Zone Changer: Treefolk Token (659)]
Add To Stack: Ai(2)-Gabe_Food triggered Well of Lost Dreams
Add To Stack: Ai(2)-Gabe_Food triggered Prize Pig
Resolve Stack: Whenever you gain life, put that many ribbon counters on Prize Pig. Then if there are three or more ribbon counters on Prize Pig, remove those counters and untap it. [Player: Ai(2)-Gabe_Food, Gained Amount: 1]
Resolve Stack: Whenever you gain life, you may pay {X}, where X is less than or equal to the amount of life you gained. If you do, draw X cards. [Player: Ai(2)-Gabe_Food, Gained Amount: 1]
Life: Life: Ai(2)-Gabe_Food 18 > 19
Resolve Stack: Whenever another creature enters, you gain 1 life. [Zone Changer: Treefolk Token (658)]
Add To Stack: Ai(2)-Gabe_Food triggered Well of Lost Dreams
Add To Stack: Ai(2)-Gabe_Food triggered Prize Pig
Resolve Stack: Whenever you gain life, put that many ribbon counters on Prize Pig. Then if there are three or more ribbon counters on Prize Pig, remove those counters and untap it. [Player: Ai(2)-Gabe_Food, Gained Amount: 1]
Resolve Stack: Whenever you gain life, you may pay {X}, where X is less than or equal to the amount of life you gained. If you do, draw X cards. [Player: Ai(2)-Gabe_Food, Gained Amount: 1]
Life: Life: Ai(2)-Gabe_Food 19 > 20
Resolve Stack: Whenever another creature enters, you gain 1 life. [Zone Changer: Treefolk Token (657)]
Add To Stack: Ai(2)-Gabe_Food triggered Well of Lost Dreams
Add To Stack: Ai(2)-Gabe_Food triggered Prize Pig
Resolve Stack: Whenever you gain life, put that many ribbon counters on Prize Pig. Then if there are three or more ribbon counters on Prize Pig, remove those counters and untap it. [Player: Ai(2)-Gabe_Food, Gained Amount: 1]
Mana: Prize Pig (130) - {T}: Add one mana of any color.
Resolve Stack: Whenever you gain life, you may pay {X}, where X is less than or equal to the amount of life you gained. If you do, draw X cards. [Player: Ai(2)-Gabe_Food, Gained Amount: 1]
Resolve Stack: Whenever Casey Jones attacks, put a +1/+1 counter on target attacking creature. (Targeting: [[Irma, Part-Time Mutant (209)]]) [Attacker: Casey Jones, Back Alley Brute (208)]
Add To Stack: Ai(3)-Destyn_Turtles triggered Casey Jones, Back Alley Brute targeting [Ai(2)-Gabe_Food]
Add To Stack: Ai(3)-Destyn_Turtles triggered Irma, Part-Time Mutant targeting [Ai(2)-Gabe_Food]
Damage: Irma, Part-Time Mutant (209) deals 1 non-combat damage to Ai(2)-Gabe_Food.
Life: Life: Ai(2)-Gabe_Food 20 > 19
Resolve Stack: Whenever you put one or more +1/+1 counters on a creature you control, Irma deals that much damage to target opponent. (Targeting: [[Ai(2)-Gabe_Food]]) [Added once: Irma, Part-Time Mutant (209) Amount: 1]
Damage: Casey Jones, Back Alley Brute (208) deals 1 non-combat damage to Ai(2)-Gabe_Food.
Life: Life: Ai(2)-Gabe_Food 19 > 18
Resolve Stack: Whenever you put one or more +1/+1 counters on a creature you control, Casey Jones deals that much damage to target opponent. (Targeting: [[Ai(2)-Gabe_Food]]) [Added once: Irma, Part-Time Mutant (209) Amount: 1]
Resolve Stack: Whenever Irma attacks, put a +1/+1 counter on target attacking creature. (Targeting: [[Irma, Part-Time Mutant (209)]]) [Attacker: Irma, Part-Time Mutant (209)]
Add To Stack: Ai(3)-Destyn_Turtles triggered Casey Jones, Back Alley Brute targeting [Ai(2)-Gabe_Food]
Add To Stack: Ai(3)-Destyn_Turtles triggered Irma, Part-Time Mutant targeting [Ai(2)-Gabe_Food]
Damage: Irma, Part-Time Mutant (209) deals 1 non-combat damage to Ai(2)-Gabe_Food.
Life: Life: Ai(2)-Gabe_Food 18 > 17
Resolve Stack: Whenever you put one or more +1/+1 counters on a creature you control, Irma deals that much damage to target opponent. (Targeting: [[Ai(2)-Gabe_Food]]) [Added once: Irma, Part-Time Mutant (209) Amount: 1]
Damage: Casey Jones, Back Alley Brute (208) deals 1 non-combat damage to Ai(2)-Gabe_Food.
Life: Life: Ai(2)-Gabe_Food 17 > 16
Resolve Stack: Whenever you put one or more +1/+1 counters on a creature you control, Casey Jones deals that much damage to target opponent. (Targeting: [[Ai(2)-Gabe_Food]]) [Added once: Irma, Part-Time Mutant (209) Amount: 1]
Phase: Ai(3)-Destyn_Turtles' Declare Blockers Step
Combat: Ai(2)-Gabe_Food didn't block Irma, Part-Time Mutant (209).
Ai(2)-Gabe_Food didn't block Casey Jones, Back Alley Brute (208).
Ai(2)-Gabe_Food assigned Soldier Token (574) to block Leonardo, the Balance (303).
Ai(2)-Gabe_Food assigned Essence Warden (109) and Sam, Loyal Attendant (202) to block Acidic Slime (264).
Phase: Ai(3)-Destyn_Turtles' First Strike Damage Step
Phase: Ai(3)-Destyn_Turtles' Combat Damage Step
Damage: Irma, Part-Time Mutant (209) deals 15 combat damage to Ai(2)-Gabe_Food.
Damage: Casey Jones, Back Alley Brute (208) deals 6 combat damage to Ai(2)-Gabe_Food.
Damage: Leonardo, the Balance (303) deals 4 damage to Soldier Token (574).
Damage: Acidic Slime (264) deals 1 damage (Deathtouch) to Sam, Loyal Attendant (202).
Damage: Acidic Slime (264) deals 2 damage (Deathtouch) to Essence Warden (109).
Damage: Soldier Token (574) deals 1 damage to Leonardo, the Balance (303).
Life: Life: Ai(2)-Gabe_Food 16 > 17
Damage: Essence Warden (109) deals 1 damage to Acidic Slime (264).
Damage: Sam, Loyal Attendant (202) deals 2 damage to Acidic Slime (264).
Life: Life: Ai(2)-Gabe_Food 17 > -4
Zone Change: Acidic Slime (264) was put into Graveyard from Battlefield.
Add To Stack: Ai(3)-Destyn_Turtles triggered Ray Fillet, Wave Warrior
Add To Stack: Ai(3)-Destyn_Turtles triggered Ray Fillet, Wave Warrior
Resolve Stack: Whenever a creature you control with a counter on it deals combat damage to a player, draw a card. [Damage Source: Casey Jones, Back Alley Brute (208), Damaged: Ai(2)-Gabe_Food, Amount: 6]
Add To Stack: Ai(3)-Destyn_Turtles triggered Baxter, Fly in the Ointment
Resolve Stack: Whenever you draw a card, put a +1/+1 counter on Baxter. [Player: Ai(3)-Destyn_Turtles]
Add To Stack: Ai(3)-Destyn_Turtles triggered Casey Jones, Back Alley Brute targeting [Ai(4)-GGS_Four_card_package]
Add To Stack: Ai(3)-Destyn_Turtles triggered Irma, Part-Time Mutant targeting [Ai(4)-GGS_Four_card_package]
Damage: Irma, Part-Time Mutant (209) deals 1 non-combat damage to Ai(4)-GGS_Four_card_package.
Life: Life: Ai(4)-GGS_Four_card_package 32 > 31
Resolve Stack: Whenever you put one or more +1/+1 counters on a creature you control, Irma deals that much damage to target opponent. (Targeting: [[Ai(4)-GGS_Four_card_package]]) [Added once: Baxter, Fly in the Ointment (229) Amount: 1]
Damage: Casey Jones, Back Alley Brute (208) deals 1 non-combat damage to Ai(4)-GGS_Four_card_package.
Life: Life: Ai(4)-GGS_Four_card_package 31 > 30
Resolve Stack: Whenever you put one or more +1/+1 counters on a creature you control, Casey Jones deals that much damage to target opponent. (Targeting: [[Ai(4)-GGS_Four_card_package]]) [Added once: Baxter, Fly in the Ointment (229) Amount: 1]
Resolve Stack: Whenever a creature you control with a counter on it deals combat damage to a player, draw a card. [Damage Source: Irma, Part-Time Mutant (209), Damaged: Ai(2)-Gabe_Food, Amount: 15]
Add To Stack: Ai(3)-Destyn_Turtles triggered Baxter, Fly in the Ointment
Resolve Stack: Whenever you draw a card, put a +1/+1 counter on Baxter. [Player: Ai(3)-Destyn_Turtles]
Add To Stack: Ai(3)-Destyn_Turtles triggered Casey Jones, Back Alley Brute targeting [Ai(4)-GGS_Four_card_package]
Add To Stack: Ai(3)-Destyn_Turtles triggered Irma, Part-Time Mutant targeting [Ai(4)-GGS_Four_card_package]
Damage: Irma, Part-Time Mutant (209) deals 1 non-combat damage to Ai(4)-GGS_Four_card_package.
Life: Life: Ai(4)-GGS_Four_card_package 30 > 29
Resolve Stack: Whenever you put one or more +1/+1 counters on a creature you control, Irma deals that much damage to target opponent. (Targeting: [[Ai(4)-GGS_Four_card_package]]) [Added once: Baxter, Fly in the Ointment (229) Amount: 1]
Damage: Casey Jones, Back Alley Brute (208) deals 1 non-combat damage to Ai(4)-GGS_Four_card_package.
Life: Life: Ai(4)-GGS_Four_card_package 29 > 28
Resolve Stack: Whenever you put one or more +1/+1 counters on a creature you control, Casey Jones deals that much damage to target opponent. (Targeting: [[Ai(4)-GGS_Four_card_package]]) [Added once: Baxter, Fly in the Ointment (229) Amount: 1]
Phase: Ai(3)-Destyn_Turtles' End of Combat Step
Phase: Ai(3)-Destyn_Turtles' Main phase, postcombat
Add To Stack: Ai(3)-Destyn_Turtles triggered Michelangelo, the Heart targeting [Irma, Part-Time Mutant (209)]
Resolve Stack: Raid (the Fridge) — At the beginning of your second main phase, if you attacked this turn, put a +1/+1 counter on target creature and create a Food token. (Targeting: [[Irma, Part-Time Mutant (209)]]) [Phase: Ai(3)-Destyn_Turtles]
Add To Stack: Ai(3)-Destyn_Turtles triggered Casey Jones, Back Alley Brute targeting [Ai(4)-GGS_Four_card_package]
Add To Stack: Ai(3)-Destyn_Turtles triggered Irma, Part-Time Mutant targeting [Ai(4)-GGS_Four_card_package]
Damage: Irma, Part-Time Mutant (209) deals 1 non-combat damage to Ai(4)-GGS_Four_card_package.
Life: Life: Ai(4)-GGS_Four_card_package 28 > 27
Resolve Stack: Whenever you put one or more +1/+1 counters on a creature you control, Irma deals that much damage to target opponent. (Targeting: [[Ai(4)-GGS_Four_card_package]]) [Added once: Irma, Part-Time Mutant (209) Amount: 1]
Damage: Casey Jones, Back Alley Brute (208) deals 1 non-combat damage to Ai(4)-GGS_Four_card_package.
Life: Life: Ai(4)-GGS_Four_card_package 27 > 26
Resolve Stack: Whenever you put one or more +1/+1 counters on a creature you control, Casey Jones deals that much damage to target opponent. (Targeting: [[Ai(4)-GGS_Four_card_package]]) [Added once: Irma, Part-Time Mutant (209) Amount: 1]
Mana: Sodden Verdure (283) - {T}: Add {G}.
Mana: Cinder Glade (218) - {T}: Add {G}.
Mana: City of Brass (247) - {T}: Add one mana of any color.
Add To Stack: Ai(3)-Destyn_Turtles cast High Score
Add To Stack: Ai(3)-Destyn_Turtles triggered City of Brass
Damage: City of Brass (247) deals 1 non-combat damage to Ai(3)-Destyn_Turtles.
Life: Life: Ai(3)-Destyn_Turtles 35 > 34
Resolve Stack: Whenever City of Brass becomes tapped, it deals 1 damage to you. [Tapped: City of Brass (247)]
Resolve Stack: High Score
Phase: Ai(3)-Destyn_Turtles' End step
Add To Stack: Ai(3)-Destyn_Turtles triggered High Score
Resolve Stack: At the beginning of your end step, draw a card if you control a creature with the greatest power among creatures on the battlefield. [Phase: Ai(3)-Destyn_Turtles]
Add To Stack: Ai(3)-Destyn_Turtles triggered Baxter, Fly in the Ointment
Replacement Effect: If one or more +1/+1 counters would be put on a creature you control, that many plus one +1/+1 counters are put on it instead.
Resolve Stack: Whenever you draw a card, put a +1/+1 counter on Baxter. [Player: Ai(3)-Destyn_Turtles]
Add To Stack: Ai(3)-Destyn_Turtles triggered Casey Jones, Back Alley Brute targeting [Ai(4)-GGS_Four_card_package]
Add To Stack: Ai(3)-Destyn_Turtles triggered Irma, Part-Time Mutant targeting [Ai(4)-GGS_Four_card_package]
Damage: Irma, Part-Time Mutant (209) deals 2 non-combat damage to Ai(4)-GGS_Four_card_package.
Life: Life: Ai(4)-GGS_Four_card_package 26 > 24
Resolve Stack: Whenever you put one or more +1/+1 counters on a creature you control, Irma deals that much damage to target opponent. (Targeting: [[Ai(4)-GGS_Four_card_package]]) [Added once: Baxter, Fly in the Ointment (229) Amount: 2]
Damage: Casey Jones, Back Alley Brute (208) deals 2 non-combat damage to Ai(4)-GGS_Four_card_package.
Life: Life: Ai(4)-GGS_Four_card_package 24 > 22
Resolve Stack: Whenever you put one or more +1/+1 counters on a creature you control, Casey Jones deals that much damage to target opponent. (Targeting: [[Ai(4)-GGS_Four_card_package]]) [Added once: Baxter, Fly in the Ointment (229) Amount: 2]
Phase: Ai(3)-Destyn_Turtles' Cleanup step
Turn: Turn 37 (Ai(4)-GGS_Four_card_package)
Phase: Ai(4)-GGS_Four_card_package's Untap step
Phase: Ai(4)-GGS_Four_card_package's Upkeep step
Phase: Ai(4)-GGS_Four_card_package's Draw step
Phase: Ai(4)-GGS_Four_card_package's Main phase, precombat
Mana: Exotic Orchard (331) - {T}: Add one mana of any color that a land an opponent controls could produce.
Mana: Luxury Suite (378) - {T}: Add {B} or {R}.
Add To Stack: Ai(4)-GGS_Four_card_package activated Sword of Feast and Famine targeting [Dragon Spirit Token (523)]
Resolve Stack: Sword of Feast and Famine (400) -  Attach to Dragon Spirit Token (523)
Phase: Ai(4)-GGS_Four_card_package's Beginning of Combat Step
Add To Stack: Ai(4)-GGS_Four_card_package triggered Irma, Part-Time Mutant targeting [Dragon Spirit Token (523)]
Resolve Stack: At the beginning of combat on your turn, Irma becomes a copy of up to one other target creature you control, except her name is Irma, Part-Time Mutant and she has this ability. Then put a +1/+1 counter on her. (Targeting: [[Dragon Spirit Token (523)]]) [Phase: Ai(4)-GGS_Four_card_package]
Phase: Ai(4)-GGS_Four_card_package's Declare Attackers Step
Phase: Ai(4)-GGS_Four_card_package's Declare Blockers Step
Phase: Ai(4)-GGS_Four_card_package's First Strike Damage Step
Phase: Ai(4)-GGS_Four_card_package's Combat Damage Step
Phase: Ai(4)-GGS_Four_card_package's End of Combat Step
Phase: Ai(4)-GGS_Four_card_package's Main phase, postcombat
Mana: Training Center (332) - {T}: Add {U} or {R}.
Mana: Raucous Theater (385) - {T}: Add {R}.
Add To Stack: Ai(4)-GGS_Four_card_package cast Moon-Circuit Hacker
Resolve Stack: Moon-Circuit Hacker - Creature 2 / 1
Phase: Ai(4)-GGS_Four_card_package's End step
Phase: Ai(4)-GGS_Four_card_package's Cleanup step
Turn: Turn 38 (Ai(3)-Destyn_Turtles)
Phase: Ai(3)-Destyn_Turtles' Untap step
Phase: Ai(3)-Destyn_Turtles' Upkeep step
Phase: Ai(3)-Destyn_Turtles' Draw step
Add To Stack: Ai(3)-Destyn_Turtles triggered Baxter, Fly in the Ointment
Replacement Effect: If one or more +1/+1 counters would be put on a creature you control, that many plus one +1/+1 counters are put on it instead.
Resolve Stack: Whenever you draw a card, put a +1/+1 counter on Baxter. [Player: Ai(3)-Destyn_Turtles]
Add To Stack: Ai(3)-Destyn_Turtles triggered Casey Jones, Back Alley Brute targeting [Ai(4)-GGS_Four_card_package]
Add To Stack: Ai(3)-Destyn_Turtles triggered Irma, Part-Time Mutant targeting [Ai(4)-GGS_Four_card_package]
Damage: Irma, Part-Time Mutant (209) deals 2 non-combat damage to Ai(4)-GGS_Four_card_package.
Life: Life: Ai(4)-GGS_Four_card_package 22 > 20
Resolve Stack: Whenever you put one or more +1/+1 counters on a creature you control, Irma deals that much damage to target opponent. (Targeting: [[Ai(4)-GGS_Four_card_package]]) [Added once: Baxter, Fly in the Ointment (229) Amount: 2]
Damage: Casey Jones, Back Alley Brute (208) deals 2 non-combat damage to Ai(4)-GGS_Four_card_package.
Life: Life: Ai(4)-GGS_Four_card_package 20 > 18
Resolve Stack: Whenever you put one or more +1/+1 counters on a creature you control, Casey Jones deals that much damage to target opponent. (Targeting: [[Ai(4)-GGS_Four_card_package]]) [Added once: Baxter, Fly in the Ointment (229) Amount: 2]
Phase: Ai(3)-Destyn_Turtles' Main phase, precombat
Land: Ai(3)-Destyn_Turtles played Mountain (287)
Mana: Forest (240) - {T}: Add {G}.
Mana: Sodden Verdure (283) - {T}: Add {G}.
Mana: Cinder Glade (218) - {T}: Add {G}.
Mana: Plains (289) - {T}: Add {W}.
Mana: Plains (290) - {T}: Add {W}.
Mana: Mountain (287) - {T}: Add {R}.
Add To Stack: Ai(3)-Destyn_Turtles cast Vigor
Resolve Stack: Vigor - Creature 6 / 6
Add To Stack: Ai(3)-Destyn_Turtles triggered Ray Fillet, Wave Warrior
Replacement Effect: If one or more +1/+1 counters would be put on a creature you control, that many plus one +1/+1 counters are put on it instead.
Resolve Stack: Evolve (Whenever a creature you control enters, if that creature has greater power or toughness than this creature, put a +1/+1 counter on this creature.) [Zone Changer: Vigor (213)]
Add To Stack: Ai(3)-Destyn_Turtles triggered Casey Jones, Back Alley Brute targeting [Ai(4)-GGS_Four_card_package]
Add To Stack: Ai(3)-Destyn_Turtles triggered Irma, Part-Time Mutant targeting [Ai(4)-GGS_Four_card_package]
Damage: Irma, Part-Time Mutant (209) deals 2 non-combat damage to Ai(4)-GGS_Four_card_package.
Life: Life: Ai(4)-GGS_Four_card_package 18 > 16
Resolve Stack: Whenever you put one or more +1/+1 counters on a creature you control, Irma deals that much damage to target opponent. (Targeting: [[Ai(4)-GGS_Four_card_package]]) [Added once: Ray Fillet, Wave Warrior (269) Amount: 2]
Damage: Casey Jones, Back Alley Brute (208) deals 2 non-combat damage to Ai(4)-GGS_Four_card_package.
Life: Life: Ai(4)-GGS_Four_card_package 16 > 14
Resolve Stack: Whenever you put one or more +1/+1 counters on a creature you control, Casey Jones deals that much damage to target opponent. (Targeting: [[Ai(4)-GGS_Four_card_package]]) [Added once: Ray Fillet, Wave Warrior (269) Amount: 2]
Phase: Ai(3)-Destyn_Turtles' Beginning of Combat Step
Add To Stack: Ai(3)-Destyn_Turtles triggered Irma, Part-Time Mutant targeting [Baxter, Fly in the Ointment (229)]
Replacement Effect: If one or more +1/+1 counters would be put on a creature you control, that many plus one +1/+1 counters are put on it instead.
Resolve Stack: At the beginning of combat on your turn, Irma becomes a copy of up to one other target creature you control, except her name is Irma, Part-Time Mutant and she has this ability. Then put a +1/+1 counter on her. (Targeting: [[Baxter, Fly in the Ointment (229)]]) [Phase: Ai(3)-Destyn_Turtles]
Add To Stack: Ai(3)-Destyn_Turtles triggered Casey Jones, Back Alley Brute targeting [Ai(4)-GGS_Four_card_package]
Damage: Casey Jones, Back Alley Brute (208) deals 2 non-combat damage to Ai(4)-GGS_Four_card_package.
Life: Life: Ai(4)-GGS_Four_card_package 14 > 12
Resolve Stack: Whenever you put one or more +1/+1 counters on a creature you control, Casey Jones deals that much damage to target opponent. (Targeting: [[Ai(4)-GGS_Four_card_package]]) [Added once: Irma, Part-Time Mutant (209) Amount: 2]
Phase: Ai(3)-Destyn_Turtles' Declare Attackers Step
Combat: Ai(3)-Destyn_Turtles assigned Irma, Part-Time Mutant (209) and Baxter, Fly in the Ointment (229) to attack Ai(4)-GGS_Four_card_package.
Add To Stack: Ai(3)-Destyn_Turtles triggered Irma, Part-Time Mutant
Add To Stack: Ai(3)-Destyn_Turtles triggered Baxter, Fly in the Ointment
Resolve Stack: Whenever Baxter enters or attacks, each creature you control with a counter on it gains flying until end of turn. [Attacker: Baxter, Fly in the Ointment (229)]
Resolve Stack: Whenever Irma enters or attacks, each creature you control with a counter on it gains flying until end of turn. [Attacker: Irma, Part-Time Mutant (209)]
Phase: Ai(3)-Destyn_Turtles' Declare Blockers Step
Combat: Ai(4)-GGS_Four_card_package assigned Irma, Part-Time Mutant (350) to block Irma, Part-Time Mutant (209).
Ai(4)-GGS_Four_card_package assigned Dragon Spirit Token (523) to block Baxter, Fly in the Ointment (229).
Phase: Ai(3)-Destyn_Turtles' First Strike Damage Step
Phase: Ai(3)-Destyn_Turtles' Combat Damage Step
Replacement Effect: If damage would be dealt to another creature you control, prevent that damage. Put a +1/+1 counter on that creature for each 1 damage prevented this way.
Replacement Effect: If damage would be dealt to another creature you control, prevent that damage. Put a +1/+1 counter on that creature for each 1 damage prevented this way.
Replacement Effect: If one or more +1/+1 counters would be put on a creature you control, that many plus one +1/+1 counters are put on it instead.
Replacement Effect: If one or more +1/+1 counters would be put on a creature you control, that many plus one +1/+1 counters are put on it instead.
Damage: Irma, Part-Time Mutant (209) deals 16 damage to Irma, Part-Time Mutant (350).
Damage: Baxter, Fly in the Ointment (229) deals 9 damage to Dragon Spirit Token (523).
Zone Change: Irma, Part-Time Mutant (350) was put into Graveyard from Battlefield.
Zone Change: Dragon Spirit Token (523) was put into Graveyard from Battlefield.
Add To Stack: Ai(3)-Destyn_Turtles triggered Casey Jones, Back Alley Brute targeting [Ai(4)-GGS_Four_card_package]
Add To Stack: Ai(3)-Destyn_Turtles triggered Casey Jones, Back Alley Brute targeting [Ai(4)-GGS_Four_card_package]
Damage: Casey Jones, Back Alley Brute (208) deals 8 non-combat damage to Ai(4)-GGS_Four_card_package.
Life: Life: Ai(4)-GGS_Four_card_package 12 > 4
Resolve Stack: Whenever you put one or more +1/+1 counters on a creature you control, Casey Jones deals that much damage to target opponent. (Targeting: [[Ai(4)-GGS_Four_card_package]]) [Added once: Baxter, Fly in the Ointment (229) Amount: 8]
Damage: Casey Jones, Back Alley Brute (208) deals 7 non-combat damage to Ai(4)-GGS_Four_card_package.
Life: Life: Ai(4)-GGS_Four_card_package 4 > -3
Resolve Stack: Whenever you put one or more +1/+1 counters on a creature you control, Casey Jones deals that much damage to target opponent. (Targeting: [[Ai(4)-GGS_Four_card_package]]) [Added once: Irma, Part-Time Mutant (209) Amount: 7]
Player Control: Ai(1)-Jaymie_Ezio has restored control over themself
Player Control: Ai(2)-Gabe_Food has restored control over themself
Player Control: Ai(3)-Destyn_Turtles has restored control over themself
Player Control: Ai(4)-GGS_Four_card_package has restored control over themself
Game Outcome: Match Duration 2m : 17s
Game Outcome: Turn 19
Game Outcome: Ai(1)-Jaymie_Ezio has lost because life total reached 0
Game Outcome: Ai(2)-Gabe_Food has lost because life total reached 0
Game Outcome: Ai(3)-Destyn_Turtles has won because all opponents have lost
Game Outcome: Ai(4)-GGS_Four_card_package has lost because life total reached 0
Match Result: Ai(1)-Jaymie_Ezio: 0 Ai(2)-Gabe_Food: 0 Ai(3)-Destyn_Turtles: 1 Ai(4)-GGS_Four_card_package: 0 

Game Result: Game 1 ended in 138712 ms. Ai(3)-Destyn_Turtles has won!

