Error handling registered!
20:33:54 [INFO ] GuiBase: ##########################################
20:33:54 [INFO ] GuiBase: APP: Forge v.2.0.15-SNAPSHOT-09.28
20:33:54 [INFO ] GuiBase: Java: 17.0.20 (Ubuntu)
20:33:54 [INFO ] GuiBase: OS: Linux 6.18.44 amd64
20:33:54 [INFO ] GuiBase: RAM: 1536 MB max, 8 CPUs
20:33:54 [INFO ] GuiBase: ##########################################
Language 'en-US' loaded successfully.
(ThreadUtil first call): Running with priority 5
Read cards: 34010 archived files in 1 ms (25 parts) using thread pool
Upcoming set Star Trek (TRK) dated in the future. All `upcoming` cards will be added to this set with unknown rarity.
The card A-Alrund's Epiphany was not assigned to any set. Adding it to UNKNOWN set... to fix see res/editions/ folder. 
The card A-Baba Lysaga, Night Witch was not assigned to any set. Adding it to UNKNOWN set... to fix see res/editions/ folder. 
The card A-Divide by Zero was not assigned to any set. Adding it to UNKNOWN set... to fix see res/editions/ folder. 
The card A-Esika's Chariot was not assigned to any set. Adding it to UNKNOWN set... to fix see res/editions/ folder. 
The card A-Faceless Haven was not assigned to any set. Adding it to UNKNOWN set... to fix see res/editions/ folder. 
The card A-Fires of Invention was not assigned to any set. Adding it to UNKNOWN set... to fix see res/editions/ folder. 
The card A-Goldspan Dragon was not assigned to any set. Adding it to UNKNOWN set... to fix see res/editions/ folder. 
The card A-Hullbreaker Horror was not assigned to any set. Adding it to UNKNOWN set... to fix see res/editions/ folder. 
The card A-Kumano Faces Kakkazan was not assigned to any set. Adding it to UNKNOWN set... to fix see res/editions/ folder. 
The card A-Luminarch Aspirant was not assigned to any set. Adding it to UNKNOWN set... to fix see res/editions/ folder. 
The card A-Monster Manual was not assigned to any set. Adding it to UNKNOWN set... to fix see res/editions/ folder. 
The card A-Omnath, Locus of Creation was not assigned to any set. Adding it to UNKNOWN set... to fix see res/editions/ folder. 
The card A-The Meathook Massacre was not assigned to any set. Adding it to UNKNOWN set... to fix see res/editions/ folder. 
The card A-Unholy Heat was not assigned to any set. Adding it to UNKNOWN set... to fix see res/editions/ folder. 
The card Blinding Radiance was not assigned to any set. Adding it to UNKNOWN set... to fix see res/editions/ folder. 
The card Goblin Bruiser was not assigned to any set. Adding it to UNKNOWN set... to fix see res/editions/ folder. 
The card Ogre Painbringer was not assigned to any set. Adding it to UNKNOWN set... to fix see res/editions/ folder. 
The card Titanic Pelagosaur was not assigned to any set. Adding it to UNKNOWN set... to fix see res/editions/ folder. 
The card Treetop Recluse was not assigned to any set. Adding it to UNKNOWN set... to fix see res/editions/ folder. 
Upcoming set Star Trek (TRK) dated in the future. All `upcoming` cards will be added to this set with unknown rarity.
Read cards: 854 files in 0 ms (8 parts) using thread pool
Simulation mode
Ai(1)-Destyn_Turtles vs Ai(2)-GGS_Higure_only vs Ai(3)-Jaymie_Ezio vs Ai(4)-Gabe_Food - one game of Commander seed 20260930
Watery Grave Did not have activator set in SpellAbility_Condition.checkConditions()
Watery Grave Did not have activator set in SpellAbility_Condition.checkConditions()
Watery Grave Did not have activator set in SpellAbility_Condition.checkConditions()
Watery Grave Did not have activator set in SpellAbility_Condition.checkConditions()
Watery Grave Did not have activator set in SpellAbility_Condition.checkConditions()
Watery Grave Did not have activator set in SpellAbility_Condition.checkConditions()
Watery Grave Did not have activator set in SpellAbility_Condition.checkConditions()
Watery Grave Did not have activator set in SpellAbility_Condition.checkConditions()
Watery Grave Did not have activator set in SpellAbility_Condition.checkConditions()
Watery Grave Did not have activator set in SpellAbility_Condition.checkConditions()
Watery Grave Did not have activator set in SpellAbility_Condition.checkConditions()
Watery Grave Did not have activator set in SpellAbility_Condition.checkConditions()
Warning: default (ie. inherited from base class) implementation of confirmAction is used by Frodo, Adventurous Hobbit for forge.ai.ability.PermanentCreatureAi. Consider declaring an overloaded method
Warning: default (ie. inherited from base class) implementation of confirmAction is used by Ezio Auditore da Firenze for forge.ai.ability.PermanentCreatureAi. Consider declaring an overloaded method
Warning: default (ie. inherited from base class) implementation of confirmAction is used by Michelangelo, the Heart for forge.ai.ability.PermanentCreatureAi. Consider declaring an overloaded method
Warning: default (ie. inherited from base class) implementation of confirmAction is used by Goro-Goro and Satoru for forge.ai.ability.PermanentCreatureAi. Consider declaring an overloaded method
Warning: default (ie. inherited from base class) implementation of confirmAction is used by Sam, Loyal Attendant for forge.ai.ability.PermanentCreatureAi. Consider declaring an overloaded method
Warning: default (ie. inherited from base class) implementation of confirmAction is used by Leonardo, the Balance for forge.ai.ability.PermanentCreatureAi. Consider declaring an overloaded method
Warning: default (ie. inherited from base class) implementation of confirmAction is used by Goro-Goro and Satoru for forge.ai.ability.PermanentCreatureAi. Consider declaring an overloaded method
Warning: default (ie. inherited from base class) implementation of confirmAction is used by Ezio Auditore da Firenze for forge.ai.ability.PermanentCreatureAi. Consider declaring an overloaded method
Warning: default (ie. inherited from base class) implementation of confirmAction is used by Leonardo, the Balance for forge.ai.ability.PermanentCreatureAi. Consider declaring an overloaded method
Warning: default (ie. inherited from base class) implementation of chkAIDrawback is used by Assassin Gauntlet for forge.ai.ability.TapAllAi. Consider declaring an overloaded method
Warning: default (ie. inherited from base class) implementation of confirmAction is used by Michelangelo, the Heart for forge.ai.ability.PermanentCreatureAi. Consider declaring an overloaded method
Warning: default (ie. inherited from base class) implementation of confirmAction is used by Ezio Auditore da Firenze for forge.ai.ability.PermanentCreatureAi. Consider declaring an overloaded method
Warning: default (ie. inherited from base class) implementation of chkAIDrawback is used by Assassin Gauntlet for forge.ai.ability.TapAllAi. Consider declaring an overloaded method
Warning: default (ie. inherited from base class) implementation of chkAIDrawback is used by Assassin Gauntlet for forge.ai.ability.TapAllAi. Consider declaring an overloaded method
Warning: default (ie. inherited from base class) implementation of chkAIDrawback is used by Assassin Gauntlet for forge.ai.ability.TapAllAi. Consider declaring an overloaded method
Warning: default (ie. inherited from base class) implementation of chkAIDrawback is used by Assassin Gauntlet for forge.ai.ability.TapAllAi. Consider declaring an overloaded method
Warning: default (ie. inherited from base class) implementation of chkAIDrawback is used by Assassin Gauntlet for forge.ai.ability.TapAllAi. Consider declaring an overloaded method
Warning: default (ie. inherited from base class) implementation of chkAIDrawback is used by Assassin Gauntlet for forge.ai.ability.TapAllAi. Consider declaring an overloaded method
Warning: default (ie. inherited from base class) implementation of chkAIDrawback is used by Assassin Gauntlet for forge.ai.ability.TapAllAi. Consider declaring an overloaded method
Mulligan: Ai(2)-GGS_Higure_only has mulliganed down to 7 cards.
Mulligan: Ai(4)-Gabe_Food has kept a hand of 7 cards
Mulligan: Ai(1)-Destyn_Turtles has kept a hand of 7 cards
Mulligan: Ai(2)-GGS_Higure_only has kept a hand of 7 cards
Mulligan: Ai(3)-Jaymie_Ezio has kept a hand of 7 cards
Turn: Turn 1 (Ai(4)-Gabe_Food)
Phase: Ai(4)-Gabe_Food's Untap step
Phase: Ai(4)-Gabe_Food's Upkeep step
Phase: Ai(4)-Gabe_Food's Draw step
Phase: Ai(4)-Gabe_Food's Main phase, precombat
Land: Ai(4)-Gabe_Food played Swamp (365)
Phase: Ai(4)-Gabe_Food's Beginning of Combat Step
Phase: Ai(4)-Gabe_Food's Declare Attackers Step
Phase: Ai(4)-Gabe_Food's Declare Blockers Step
Phase: Ai(4)-Gabe_Food's First Strike Damage Step
Phase: Ai(4)-Gabe_Food's Combat Damage Step
Phase: Ai(4)-Gabe_Food's End of Combat Step
Phase: Ai(4)-Gabe_Food's Main phase, postcombat
Phase: Ai(4)-Gabe_Food's End step
Phase: Ai(4)-Gabe_Food's Cleanup step
Turn: Turn 2 (Ai(1)-Destyn_Turtles)
Phase: Ai(1)-Destyn_Turtles' Untap step
Phase: Ai(1)-Destyn_Turtles' Upkeep step
Phase: Ai(1)-Destyn_Turtles' Draw step
Phase: Ai(1)-Destyn_Turtles' Main phase, precombat
Replacement Effect: Sunken Hollow enters tapped unless you control two or more basic lands.
Land: Ai(1)-Destyn_Turtles played Sunken Hollow (24)
Phase: Ai(1)-Destyn_Turtles' Beginning of Combat Step
Phase: Ai(1)-Destyn_Turtles' Declare Attackers Step
Phase: Ai(1)-Destyn_Turtles' Declare Blockers Step
Phase: Ai(1)-Destyn_Turtles' First Strike Damage Step
Phase: Ai(1)-Destyn_Turtles' Combat Damage Step
Phase: Ai(1)-Destyn_Turtles' End of Combat Step
Phase: Ai(1)-Destyn_Turtles' Main phase, postcombat
Phase: Ai(1)-Destyn_Turtles' End step
Phase: Ai(1)-Destyn_Turtles' Cleanup step
Turn: Turn 3 (Ai(2)-GGS_Higure_only)
Phase: Ai(2)-GGS_Higure_only's Untap step
Phase: Ai(2)-GGS_Higure_only's Upkeep step
Phase: Ai(2)-GGS_Higure_only's Draw step
Phase: Ai(2)-GGS_Higure_only's Main phase, precombat
Land: Ai(2)-GGS_Higure_only played Mana Confluence (146)
Life: Life: Ai(2)-GGS_Higure_only 40 > 39
Mana: Mana Confluence (146) - {T}, Pay 1 life: Add one mana of any color.
Add To Stack: Ai(2)-GGS_Higure_only cast Phoenix Chick
Resolve Stack: Phoenix Chick - Creature 1 / 1
Phase: Ai(2)-GGS_Higure_only's Beginning of Combat Step
Phase: Ai(2)-GGS_Higure_only's Declare Attackers Step
Combat: Ai(2)-GGS_Higure_only assigned Phoenix Chick (171) to attack Ai(3)-Jaymie_Ezio.
Phase: Ai(2)-GGS_Higure_only's Declare Blockers Step
Combat: Ai(3)-Jaymie_Ezio didn't block Phoenix Chick (171).
Phase: Ai(2)-GGS_Higure_only's First Strike Damage Step
Phase: Ai(2)-GGS_Higure_only's Combat Damage Step
Damage: Phoenix Chick (171) deals 1 combat damage to Ai(3)-Jaymie_Ezio.
Life: Life: Ai(3)-Jaymie_Ezio 40 > 39
Phase: Ai(2)-GGS_Higure_only's End of Combat Step
Phase: Ai(2)-GGS_Higure_only's Main phase, postcombat
Phase: Ai(2)-GGS_Higure_only's End step
Phase: Ai(2)-GGS_Higure_only's Cleanup step
Turn: Turn 4 (Ai(3)-Jaymie_Ezio)
Phase: Ai(3)-Jaymie_Ezio's Untap step
Phase: Ai(3)-Jaymie_Ezio's Upkeep step
Phase: Ai(3)-Jaymie_Ezio's Draw step
Phase: Ai(3)-Jaymie_Ezio's Main phase, precombat
Land: Ai(3)-Jaymie_Ezio played Command Tower (234)
Phase: Ai(3)-Jaymie_Ezio's Beginning of Combat Step
Phase: Ai(3)-Jaymie_Ezio's Declare Attackers Step
Phase: Ai(3)-Jaymie_Ezio's Declare Blockers Step
Phase: Ai(3)-Jaymie_Ezio's First Strike Damage Step
Phase: Ai(3)-Jaymie_Ezio's Combat Damage Step
Phase: Ai(3)-Jaymie_Ezio's End of Combat Step
Phase: Ai(3)-Jaymie_Ezio's Main phase, postcombat
Phase: Ai(3)-Jaymie_Ezio's End step
Phase: Ai(3)-Jaymie_Ezio's Cleanup step
Turn: Turn 5 (Ai(4)-Gabe_Food)
Phase: Ai(4)-Gabe_Food's Untap step
Phase: Ai(4)-Gabe_Food's Upkeep step
Phase: Ai(4)-Gabe_Food's Draw step
Phase: Ai(4)-Gabe_Food's Main phase, precombat
Land: Ai(4)-Gabe_Food played Rogue's Passage (331)
Phase: Ai(4)-Gabe_Food's Beginning of Combat Step
Phase: Ai(4)-Gabe_Food's Declare Attackers Step
Phase: Ai(4)-Gabe_Food's Declare Blockers Step
Phase: Ai(4)-Gabe_Food's First Strike Damage Step
Phase: Ai(4)-Gabe_Food's Combat Damage Step
Phase: Ai(4)-Gabe_Food's End of Combat Step
Phase: Ai(4)-Gabe_Food's Main phase, postcombat
Phase: Ai(4)-Gabe_Food's End step
Mana: Command Tower (234) - {T}: Add one mana of any color in your commander's color identity.
Add To Stack: Ai(3)-Jaymie_Ezio cast Swords to Plowshares targeting [Phoenix Chick (171)]
Zone Change: Phoenix Chick (171) was put into Exile from Battlefield.
Life: Life: Ai(2)-GGS_Higure_only 39 > 40
Resolve Stack: Swords to Plowshares (285) - Exile Phoenix Chick (171). Ai(2)-GGS_Higure_only gains life equal to its power.
Phase: Ai(4)-Gabe_Food's Cleanup step
Turn: Turn 6 (Ai(1)-Destyn_Turtles)
Phase: Ai(1)-Destyn_Turtles' Untap step
Phase: Ai(1)-Destyn_Turtles' Upkeep step
Phase: Ai(1)-Destyn_Turtles' Draw step
Phase: Ai(1)-Destyn_Turtles' Main phase, precombat
Replacement Effect: Path of Ancestry enters tapped.
Land: Ai(1)-Destyn_Turtles played Path of Ancestry (12)
Phase: Ai(1)-Destyn_Turtles' Beginning of Combat Step
Phase: Ai(1)-Destyn_Turtles' Declare Attackers Step
Phase: Ai(1)-Destyn_Turtles' Declare Blockers Step
Phase: Ai(1)-Destyn_Turtles' First Strike Damage Step
Phase: Ai(1)-Destyn_Turtles' Combat Damage Step
Phase: Ai(1)-Destyn_Turtles' End of Combat Step
Phase: Ai(1)-Destyn_Turtles' Main phase, postcombat
Phase: Ai(1)-Destyn_Turtles' End step
Phase: Ai(1)-Destyn_Turtles' Cleanup step
Turn: Turn 7 (Ai(2)-GGS_Higure_only)
Phase: Ai(2)-GGS_Higure_only's Untap step
Phase: Ai(2)-GGS_Higure_only's Upkeep step
Phase: Ai(2)-GGS_Higure_only's Draw step
Phase: Ai(2)-GGS_Higure_only's Main phase, precombat
Land: Ai(2)-GGS_Higure_only played Misty Rainforest (116)
Life: Life: Ai(2)-GGS_Higure_only 40 > 39
Zone Change: Misty Rainforest (116) was put into Graveyard from Battlefield.
Add To Stack: Ai(2)-GGS_Higure_only activated Misty Rainforest
Replacement Effect: As Watery Grave enters, you may pay 2 life. If you don't, it enters tapped.
Resolve Stack: Misty Rainforest (116) - Ai(2)-GGS_Higure_only searches their library for a Forest or Island card, puts it onto the battlefield, then shuffles.
Phase: Ai(2)-GGS_Higure_only's Beginning of Combat Step
Phase: Ai(2)-GGS_Higure_only's Declare Attackers Step
Phase: Ai(2)-GGS_Higure_only's Declare Blockers Step
Phase: Ai(2)-GGS_Higure_only's First Strike Damage Step
Phase: Ai(2)-GGS_Higure_only's Combat Damage Step
Phase: Ai(2)-GGS_Higure_only's End of Combat Step
Phase: Ai(2)-GGS_Higure_only's Main phase, postcombat
Life: Life: Ai(2)-GGS_Higure_only 39 > 38
Mana: Mana Confluence (146) - {T}, Pay 1 life: Add one mana of any color.
Add To Stack: Ai(2)-GGS_Higure_only cast Sol Ring
Resolve Stack: Sol Ring
Mana: Sol Ring (141) - {T}: Add {C}{C}.
Add To Stack: Ai(2)-GGS_Higure_only cast Talisman of Indulgence
Resolve Stack: Talisman of Indulgence
Phase: Ai(2)-GGS_Higure_only's End step
Phase: Ai(2)-GGS_Higure_only's Cleanup step
Turn: Turn 8 (Ai(3)-Jaymie_Ezio)
Phase: Ai(3)-Jaymie_Ezio's Untap step
Phase: Ai(3)-Jaymie_Ezio's Upkeep step
Phase: Ai(3)-Jaymie_Ezio's Draw step
Phase: Ai(3)-Jaymie_Ezio's Main phase, precombat
Land: Ai(3)-Jaymie_Ezio played Twilight Mire (271)
Phase: Ai(3)-Jaymie_Ezio's Beginning of Combat Step
Phase: Ai(3)-Jaymie_Ezio's Declare Attackers Step
Phase: Ai(3)-Jaymie_Ezio's Declare Blockers Step
Phase: Ai(3)-Jaymie_Ezio's First Strike Damage Step
Phase: Ai(3)-Jaymie_Ezio's Combat Damage Step
Phase: Ai(3)-Jaymie_Ezio's End of Combat Step
Phase: Ai(3)-Jaymie_Ezio's Main phase, postcombat
Mana: Command Tower (234) - {T}: Add one mana of any color in your commander's color identity.
Mana: Twilight Mire (271) - {T}: Add {C}.
Add To Stack: Ai(3)-Jaymie_Ezio cast Ezio Auditore da Firenze
Resolve Stack: Ezio Auditore da Firenze - Creature 3 / 2
Phase: Ai(3)-Jaymie_Ezio's End step
Phase: Ai(3)-Jaymie_Ezio's Cleanup step
Turn: Turn 9 (Ai(4)-Gabe_Food)
Phase: Ai(4)-Gabe_Food's Untap step
Phase: Ai(4)-Gabe_Food's Upkeep step
Phase: Ai(4)-Gabe_Food's Draw step
Phase: Ai(4)-Gabe_Food's Main phase, precombat
Land: Ai(4)-Gabe_Food played Plains (392)
Phase: Ai(4)-Gabe_Food's Beginning of Combat Step
Phase: Ai(4)-Gabe_Food's Declare Attackers Step
Phase: Ai(4)-Gabe_Food's Declare Blockers Step
Phase: Ai(4)-Gabe_Food's First Strike Damage Step
Phase: Ai(4)-Gabe_Food's Combat Damage Step
Phase: Ai(4)-Gabe_Food's End of Combat Step
Phase: Ai(4)-Gabe_Food's Main phase, postcombat
Mana: Plains (392) - {T}: Add {W}.
Mana: Swamp (365) - {T}: Add {B}.
Add To Stack: Ai(4)-Gabe_Food cast Frodo, Adventurous Hobbit
Resolve Stack: Frodo, Adventurous Hobbit - Creature 1 / 3
Add To Stack: Ai(4)-Gabe_Food triggered Frodo, Adventurous Hobbit targeting [Ai(4)-Gabe_Food]
Resolve Stack: Partner with Sam, Loyal Attendant (When this creature enters, target player may put Sam into their hand from their library, then shuffle.) (Targeting: [[Ai(4)-Gabe_Food]]) [Zone Changer: Frodo, Adventurous Hobbit (402)]
Phase: Ai(4)-Gabe_Food's End step
Phase: Ai(4)-Gabe_Food's Cleanup step
Turn: Turn 10 (Ai(1)-Destyn_Turtles)
Phase: Ai(1)-Destyn_Turtles' Untap step
Phase: Ai(1)-Destyn_Turtles' Upkeep step
Phase: Ai(1)-Destyn_Turtles' Draw step
Phase: Ai(1)-Destyn_Turtles' Main phase, precombat
Replacement Effect: Hinterland Harbor enters tapped unless you control a Forest or an Island.
Land: Ai(1)-Destyn_Turtles played Hinterland Harbor (23)
Phase: Ai(1)-Destyn_Turtles' Beginning of Combat Step
Phase: Ai(1)-Destyn_Turtles' Declare Attackers Step
Phase: Ai(1)-Destyn_Turtles' Declare Blockers Step
Phase: Ai(1)-Destyn_Turtles' First Strike Damage Step
Phase: Ai(1)-Destyn_Turtles' Combat Damage Step
Phase: Ai(1)-Destyn_Turtles' End of Combat Step
Phase: Ai(1)-Destyn_Turtles' Main phase, postcombat
Mana: Hinterland Harbor (23) - {T}: Add {G} or {U}.
Mana: Sunken Hollow (24) - {T}: Add {B}.
Mana: Path of Ancestry (12) - {T}: Add one mana of any color in your commander's color identity. When that mana is spent to cast a creature spell that shares a creature type with your commander, scry 1. (Look at the top card of your library. You may put that card on the bottom.)
Add To Stack: Ai(1)-Destyn_Turtles cast Mona Lisa, Science Geek
Add To Stack: Ai(1)-Destyn_Turtles triggered Path of Ancestry
Resolve Stack: Ai(1)-Destyn_Turtles scried 1 card(s) to the bottom of the library
Resolve Stack: When mana produced by Path of Ancestry is spent to cast a creature spell that shares a creature type with your commander, scry 1. ([Mona Lisa, Science Geek - Creature 1 / 3]) [Card: Mona Lisa, Science Geek (61), Activator: Ai(1)-Destyn_Turtles, SpellAbility: Mona Lisa, Science Geek - Creature 1 / 3]
Resolve Stack: Mona Lisa, Science Geek - Creature 1 / 3
Phase: Ai(1)-Destyn_Turtles' End step
Phase: Ai(1)-Destyn_Turtles' Cleanup step
Turn: Turn 11 (Ai(2)-GGS_Higure_only)
Phase: Ai(2)-GGS_Higure_only's Untap step
Phase: Ai(2)-GGS_Higure_only's Upkeep step
Phase: Ai(2)-GGS_Higure_only's Draw step
Phase: Ai(2)-GGS_Higure_only's Main phase, precombat
Land: Ai(2)-GGS_Higure_only played Polluted Delta (113)
Life: Life: Ai(2)-GGS_Higure_only 38 > 37
Zone Change: Polluted Delta (113) was put into Graveyard from Battlefield.
Add To Stack: Ai(2)-GGS_Higure_only activated Polluted Delta
Replacement Effect: As Blood Crypt enters, you may pay 2 life. If you don't, it enters tapped.
Resolve Stack: Polluted Delta (113) - Ai(2)-GGS_Higure_only searches their library for an Island or Swamp card, puts it onto the battlefield, then shuffles.
Damage: Talisman of Indulgence (114) deals 1 non-combat damage to Ai(2)-GGS_Higure_only.
Life: Life: Ai(2)-GGS_Higure_only 37 > 36
Mana: Talisman of Indulgence (114) - {T}: Add {B} or {R}. Talisman of Indulgence deals 1 damage to you. 
Life: Life: Ai(2)-GGS_Higure_only 36 > 35
Mana: Mana Confluence (146) - {T}, Pay 1 life: Add one mana of any color.
Mana: Sol Ring (141) - {T}: Add {C}{C}.
Mana: Watery Grave (173) - {T}: Add {B}.
Add To Stack: Ai(2)-GGS_Higure_only cast Goldspan Dragon
Resolve Stack: Goldspan Dragon - Creature 4 / 4
Phase: Ai(2)-GGS_Higure_only's Beginning of Combat Step
Phase: Ai(2)-GGS_Higure_only's Declare Attackers Step
Combat: Ai(2)-GGS_Higure_only assigned Goldspan Dragon (103) to attack Ai(1)-Destyn_Turtles.
Add To Stack: Ai(2)-GGS_Higure_only triggered Goldspan Dragon
Resolve Stack: Whenever Goldspan Dragon attacks or becomes the target of a spell, create a Treasure token. [Attacker: Goldspan Dragon (103)]
Phase: Ai(2)-GGS_Higure_only's Declare Blockers Step
Combat: Ai(1)-Destyn_Turtles didn't block Goldspan Dragon (103).
Phase: Ai(2)-GGS_Higure_only's First Strike Damage Step
Phase: Ai(2)-GGS_Higure_only's Combat Damage Step
Damage: Goldspan Dragon (103) deals 4 combat damage to Ai(1)-Destyn_Turtles.
Life: Life: Ai(1)-Destyn_Turtles 40 > 36
Phase: Ai(2)-GGS_Higure_only's End of Combat Step
Phase: Ai(2)-GGS_Higure_only's Main phase, postcombat
Phase: Ai(2)-GGS_Higure_only's End step
Phase: Ai(2)-GGS_Higure_only's Cleanup step
Turn: Turn 12 (Ai(3)-Jaymie_Ezio)
Phase: Ai(3)-Jaymie_Ezio's Untap step
Phase: Ai(3)-Jaymie_Ezio's Upkeep step
Phase: Ai(3)-Jaymie_Ezio's Draw step
Phase: Ai(3)-Jaymie_Ezio's Main phase, precombat
Land: Ai(3)-Jaymie_Ezio played Kessig Wolf Run (206)
Mana: Command Tower (234) - {T}: Add one mana of any color in your commander's color identity.
Mana: Twilight Mire (271) - {T}: Add {C}.
Add To Stack: Ai(3)-Jaymie_Ezio cast Security Bypass targeting [Ezio Auditore da Firenze (302)]
Resolve Stack: Security Bypass (294) -  Attach to Ezio Auditore da Firenze (302)
Phase: Ai(3)-Jaymie_Ezio's Beginning of Combat Step
Phase: Ai(3)-Jaymie_Ezio's Declare Attackers Step
Combat: Ai(3)-Jaymie_Ezio assigned Ezio Auditore da Firenze (302) to attack Ai(2)-GGS_Higure_only.
Phase: Ai(3)-Jaymie_Ezio's Declare Blockers Step
Combat: Ai(2)-GGS_Higure_only didn't block Ezio Auditore da Firenze (302).
Phase: Ai(3)-Jaymie_Ezio's First Strike Damage Step
Phase: Ai(3)-Jaymie_Ezio's Combat Damage Step
Damage: Ezio Auditore da Firenze (302) deals 3 combat damage to Ai(2)-GGS_Higure_only.
Life: Life: Ai(2)-GGS_Higure_only 35 > 32
Add To Stack: Ai(3)-Jaymie_Ezio triggered Ezio Auditore da Firenze
Add To Stack: Ai(3)-Jaymie_Ezio triggered Ezio Auditore da Firenze
Discard: Ai(3)-Jaymie_Ezio discards Cinder Glade (220).
Resolve Stack: Whenever this creature deals combat damage to a player, it connives. [Damage Source: Ezio Auditore da Firenze (302), Damaged: Ai(2)-GGS_Higure_only, Amount: 3]
Resolve Stack: Whenever Ezio deals combat damage to a player, you may pay {W}{U}{B}{R}{G} if that player has 10 or less life. When you do, that player loses the game. [Damage Source: Ezio Auditore da Firenze (302), Damaged: Ai(2)-GGS_Higure_only, Amount: 3]
Phase: Ai(3)-Jaymie_Ezio's End of Combat Step
Phase: Ai(3)-Jaymie_Ezio's Main phase, postcombat
Phase: Ai(3)-Jaymie_Ezio's End step
Phase: Ai(3)-Jaymie_Ezio's Cleanup step
Turn: Turn 13 (Ai(4)-Gabe_Food)
Phase: Ai(4)-Gabe_Food's Untap step
Phase: Ai(4)-Gabe_Food's Upkeep step
Phase: Ai(4)-Gabe_Food's Draw step
Phase: Ai(4)-Gabe_Food's Main phase, precombat
Land: Ai(4)-Gabe_Food played Forest (335)
Mana: Plains (392) - {T}: Add {W}.
Mana: Forest (335) - {T}: Add {G}.
Mana: Swamp (365) - {T}: Add {B}.
Add To Stack: Ai(4)-Gabe_Food cast Sam, Loyal Attendant
Resolve Stack: Sam, Loyal Attendant - Creature 2 / 4
Add To Stack: Ai(4)-Gabe_Food triggered Sam, Loyal Attendant targeting [Ai(4)-Gabe_Food]
Resolve Stack: Partner with Frodo, Adventurous Hobbit (When this creature enters, target player may put Frodo into their hand from their library, then shuffle.) (Targeting: [[Ai(4)-Gabe_Food]]) [Zone Changer: Sam, Loyal Attendant (404)]
Phase: Ai(4)-Gabe_Food's Beginning of Combat Step
Add To Stack: Ai(4)-Gabe_Food triggered Sam, Loyal Attendant
Resolve Stack: At the beginning of combat on your turn, create a Food token. (It's an artifact with "{2}, {T}, Sacrifice this token: You gain 3 life.") [Phase: Ai(4)-Gabe_Food]
Phase: Ai(4)-Gabe_Food's Declare Attackers Step
Combat: Ai(4)-Gabe_Food assigned Frodo, Adventurous Hobbit (402) to attack Ai(2)-GGS_Higure_only.
Phase: Ai(4)-Gabe_Food's Declare Blockers Step
Combat: Ai(2)-GGS_Higure_only didn't block Frodo, Adventurous Hobbit (402).
Phase: Ai(4)-Gabe_Food's First Strike Damage Step
Phase: Ai(4)-Gabe_Food's Combat Damage Step
Damage: Frodo, Adventurous Hobbit (402) deals 1 combat damage to Ai(2)-GGS_Higure_only.
Life: Life: Ai(2)-GGS_Higure_only 32 > 31
Phase: Ai(4)-Gabe_Food's End of Combat Step
Phase: Ai(4)-Gabe_Food's Main phase, postcombat
Phase: Ai(4)-Gabe_Food's End step
Phase: Ai(4)-Gabe_Food's Cleanup step
Turn: Turn 14 (Ai(1)-Destyn_Turtles)
Phase: Ai(1)-Destyn_Turtles' Untap step
Phase: Ai(1)-Destyn_Turtles' Upkeep step
Phase: Ai(1)-Destyn_Turtles' Draw step
Phase: Ai(1)-Destyn_Turtles' Main phase, precombat
Land: Ai(1)-Destyn_Turtles played Evolving Wilds (32)
Zone Change: Evolving Wilds (32) was put into Graveyard from Battlefield.
Add To Stack: Ai(1)-Destyn_Turtles activated Evolving Wilds
Resolve Stack: Evolving Wilds (32) - Ai(1)-Destyn_Turtles searches their library for a basic land card, puts it onto the battlefield tapped, then shuffles.
Mana: Hinterland Harbor (23) - {T}: Add {G} or {U}.
Mana: Sunken Hollow (24) - {T}: Add {B}.
Mana: Path of Ancestry (12) - {T}: Add one mana of any color in your commander's color identity. When that mana is spent to cast a creature spell that shares a creature type with your commander, scry 1. (Look at the top card of your library. You may put that card on the bottom.)
Add To Stack: Ai(1)-Destyn_Turtles cast Irma, Part-Time Mutant
Add To Stack: Ai(1)-Destyn_Turtles triggered Path of Ancestry
Resolve Stack: Ai(1)-Destyn_Turtles scried 1 card(s) to the top of the library
Resolve Stack: When mana produced by Path of Ancestry is spent to cast a creature spell that shares a creature type with your commander, scry 1. ([Irma, Part-Time Mutant - Creature 1 / 1]) [Card: Irma, Part-Time Mutant (7), Activator: Ai(1)-Destyn_Turtles, SpellAbility: Irma, Part-Time Mutant - Creature 1 / 1]
Resolve Stack: Irma, Part-Time Mutant - Creature 1 / 1
Phase: Ai(1)-Destyn_Turtles' Beginning of Combat Step
Add To Stack: Ai(1)-Destyn_Turtles triggered Irma, Part-Time Mutant targeting [Mona Lisa, Science Geek (61)]
Resolve Stack: At the beginning of combat on your turn, Irma becomes a copy of up to one other target creature you control, except her name is Irma, Part-Time Mutant and she has this ability. Then put a +1/+1 counter on her. (Targeting: [[Mona Lisa, Science Geek (61)]]) [Phase: Ai(1)-Destyn_Turtles]
Phase: Ai(1)-Destyn_Turtles' Declare Attackers Step
Combat: Ai(1)-Destyn_Turtles assigned Mona Lisa, Science Geek (61) to attack Ai(2)-GGS_Higure_only.
Phase: Ai(1)-Destyn_Turtles' Declare Blockers Step
Combat: Ai(2)-GGS_Higure_only didn't block Mona Lisa, Science Geek (61).
Phase: Ai(1)-Destyn_Turtles' First Strike Damage Step
Phase: Ai(1)-Destyn_Turtles' Combat Damage Step
Damage: Mona Lisa, Science Geek (61) deals 1 combat damage to Ai(2)-GGS_Higure_only.
Life: Life: Ai(2)-GGS_Higure_only 31 > 30
Phase: Ai(1)-Destyn_Turtles' End of Combat Step
Phase: Ai(1)-Destyn_Turtles' Main phase, postcombat
Phase: Ai(1)-Destyn_Turtles' End step
Phase: Ai(1)-Destyn_Turtles' Cleanup step
Turn: Turn 15 (Ai(2)-GGS_Higure_only)
Phase: Ai(2)-GGS_Higure_only's Untap step
Phase: Ai(2)-GGS_Higure_only's Upkeep step
Mana: Blood Crypt (167) - {T}: Add {R}.
Mana: Sol Ring (141) - {T}: Add {C}{C}.
Add To Stack: Ai(2)-GGS_Higure_only cast Chaos Warp targeting [Irma, Part-Time Mutant (7)]
Replacement Effect: Rootbound Crag enters tapped unless you control a Mountain or a Forest.
Resolve Stack: Chaos Warp (152) - Shuffle Irma, Part-Time Mutant (7) into its owner's library. Ai(2)-GGS_Higure_only reveals the top card of Ai(1)-Destyn_Turtles' library.
Phase: Ai(2)-GGS_Higure_only's Draw step
Phase: Ai(2)-GGS_Higure_only's Main phase, precombat
Phase: Ai(2)-GGS_Higure_only's Beginning of Combat Step
Phase: Ai(2)-GGS_Higure_only's Declare Attackers Step
Combat: Ai(2)-GGS_Higure_only assigned Goldspan Dragon (103) to attack Ai(4)-Gabe_Food.
Add To Stack: Ai(2)-GGS_Higure_only triggered Goldspan Dragon
Resolve Stack: Whenever Goldspan Dragon attacks or becomes the target of a spell, create a Treasure token. [Attacker: Goldspan Dragon (103)]
Phase: Ai(2)-GGS_Higure_only's Declare Blockers Step
Combat: Ai(4)-Gabe_Food didn't block Goldspan Dragon (103).
Phase: Ai(2)-GGS_Higure_only's First Strike Damage Step
Phase: Ai(2)-GGS_Higure_only's Combat Damage Step
Damage: Goldspan Dragon (103) deals 4 combat damage to Ai(4)-Gabe_Food.
Life: Life: Ai(4)-Gabe_Food 40 > 36
Phase: Ai(2)-GGS_Higure_only's End of Combat Step
Phase: Ai(2)-GGS_Higure_only's Main phase, postcombat
Damage: Talisman of Indulgence (114) deals 1 non-combat damage to Ai(2)-GGS_Higure_only.
Life: Life: Ai(2)-GGS_Higure_only 30 > 29
Mana: Talisman of Indulgence (114) - {T}: Add {B} or {R}. Talisman of Indulgence deals 1 damage to you. 
Life: Life: Ai(2)-GGS_Higure_only 29 > 28
Mana: Mana Confluence (146) - {T}, Pay 1 life: Add one mana of any color.
Mana: Watery Grave (173) - {T}: Add {B}.
Zone Change: Treasure Token (413) was put into Graveyard from Battlefield.
Mana: Treasure Token (413) - {T}, Sacrifice this token: Add one mana of any color.
Zone Change: Treasure Token (407) was put into Graveyard from Battlefield.
Mana: Treasure Token (407) - {T}, Sacrifice this token: Add one mana of any color.
Add To Stack: Ai(2)-GGS_Higure_only cast Terror of the Peaks
Resolve Stack: Terror of the Peaks - Creature 5 / 4
Phase: Ai(2)-GGS_Higure_only's End step
Phase: Ai(2)-GGS_Higure_only's Cleanup step
Turn: Turn 16 (Ai(3)-Jaymie_Ezio)
Phase: Ai(3)-Jaymie_Ezio's Untap step
Phase: Ai(3)-Jaymie_Ezio's Upkeep step
Phase: Ai(3)-Jaymie_Ezio's Draw step
Phase: Ai(3)-Jaymie_Ezio's Main phase, precombat
Land: Ai(3)-Jaymie_Ezio played Mountain (289)
Phase: Ai(3)-Jaymie_Ezio's Beginning of Combat Step
Phase: Ai(3)-Jaymie_Ezio's Declare Attackers Step
Combat: Ai(3)-Jaymie_Ezio assigned Ezio Auditore da Firenze (302) to attack Ai(2)-GGS_Higure_only.
Phase: Ai(3)-Jaymie_Ezio's Declare Blockers Step
Combat: Ai(2)-GGS_Higure_only didn't block Ezio Auditore da Firenze (302).
Phase: Ai(3)-Jaymie_Ezio's First Strike Damage Step
Phase: Ai(3)-Jaymie_Ezio's Combat Damage Step
Damage: Ezio Auditore da Firenze (302) deals 3 combat damage to Ai(2)-GGS_Higure_only.
Life: Life: Ai(2)-GGS_Higure_only 28 > 25
Add To Stack: Ai(3)-Jaymie_Ezio triggered Ezio Auditore da Firenze
Add To Stack: Ai(3)-Jaymie_Ezio triggered Ezio Auditore da Firenze
Discard: Ai(3)-Jaymie_Ezio discards Thriving Grove (229).
Resolve Stack: Whenever this creature deals combat damage to a player, it connives. [Damage Source: Ezio Auditore da Firenze (302), Damaged: Ai(2)-GGS_Higure_only, Amount: 3]
Resolve Stack: Whenever Ezio deals combat damage to a player, you may pay {W}{U}{B}{R}{G} if that player has 10 or less life. When you do, that player loses the game. [Damage Source: Ezio Auditore da Firenze (302), Damaged: Ai(2)-GGS_Higure_only, Amount: 3]
Phase: Ai(3)-Jaymie_Ezio's End of Combat Step
Phase: Ai(3)-Jaymie_Ezio's Main phase, postcombat
Mana: Mountain (289) - {T}: Add {R}.
Mana: Twilight Mire (271) - {T}: Add {C}.
Mana: Command Tower (234) - {T}: Add one mana of any color in your commander's color identity.
Add To Stack: Ai(3)-Jaymie_Ezio cast Chromatic Lantern
Resolve Stack: Chromatic Lantern
Mana: Chromatic Lantern (299) - {T}: Add one mana of any color.
Mana: Kessig Wolf Run (206) - {T}: Add one mana of any color.
Add To Stack: Ai(3)-Jaymie_Ezio cast Shay Cormac
Resolve Stack: Shay Cormac - Creature 1 / 1
Phase: Ai(3)-Jaymie_Ezio's End step
Phase: Ai(3)-Jaymie_Ezio's Cleanup step
Turn: Turn 17 (Ai(4)-Gabe_Food)
Phase: Ai(4)-Gabe_Food's Untap step
Phase: Ai(4)-Gabe_Food's Upkeep step
Phase: Ai(4)-Gabe_Food's Draw step
Phase: Ai(4)-Gabe_Food's Main phase, precombat
Land: Ai(4)-Gabe_Food played Forest (340)
Mana: Forest (335) - {T}: Add {G}.
Mana: Forest (340) - {T}: Add {G}.
Mana: Swamp (365) - {T}: Add {B}.
Mana: Plains (392) - {T}: Add {W}.
Add To Stack: Ai(4)-Gabe_Food activated Rogue's Passage targeting [Sam, Loyal Attendant (404)]
Resolve Stack: Rogue's Passage (331) - Sam, Loyal Attendant (404) can't be blocked this turn.
Phase: Ai(4)-Gabe_Food's Beginning of Combat Step
Add To Stack: Ai(4)-Gabe_Food triggered Sam, Loyal Attendant
Resolve Stack: At the beginning of combat on your turn, create a Food token. (It's an artifact with "{2}, {T}, Sacrifice this token: You gain 3 life.") [Phase: Ai(4)-Gabe_Food]
Phase: Ai(4)-Gabe_Food's Declare Attackers Step
Combat: Ai(4)-Gabe_Food assigned Sam, Loyal Attendant (404) to attack Ai(2)-GGS_Higure_only.
Phase: Ai(4)-Gabe_Food's Declare Blockers Step
Combat: Ai(2)-GGS_Higure_only didn't block Sam, Loyal Attendant (404).
Phase: Ai(4)-Gabe_Food's First Strike Damage Step
Phase: Ai(4)-Gabe_Food's Combat Damage Step
Damage: Sam, Loyal Attendant (404) deals 2 combat damage to Ai(2)-GGS_Higure_only.
Life: Life: Ai(2)-GGS_Higure_only 25 > 23
Phase: Ai(4)-Gabe_Food's End of Combat Step
Phase: Ai(4)-Gabe_Food's Main phase, postcombat
Phase: Ai(4)-Gabe_Food's End step
Phase: Ai(4)-Gabe_Food's Cleanup step
Turn: Turn 18 (Ai(1)-Destyn_Turtles)
Phase: Ai(1)-Destyn_Turtles' Untap step
Phase: Ai(1)-Destyn_Turtles' Upkeep step
Phase: Ai(1)-Destyn_Turtles' Draw step
Phase: Ai(1)-Destyn_Turtles' Main phase, precombat
Phase: Ai(1)-Destyn_Turtles' Beginning of Combat Step
Phase: Ai(1)-Destyn_Turtles' Declare Attackers Step
Phase: Ai(1)-Destyn_Turtles' Declare Blockers Step
Phase: Ai(1)-Destyn_Turtles' First Strike Damage Step
Phase: Ai(1)-Destyn_Turtles' Combat Damage Step
Phase: Ai(1)-Destyn_Turtles' End of Combat Step
Phase: Ai(1)-Destyn_Turtles' Main phase, postcombat
Mana: Hinterland Harbor (23) - {T}: Add {G} or {U}.
Mana: Plains (87) - {T}: Add {W}.
Mana: Rootbound Crag (93) - {T}: Add {R} or {G}.
Mana: Sunken Hollow (24) - {T}: Add {B}.
Mana: Path of Ancestry (12) - {T}: Add one mana of any color in your commander's color identity. When that mana is spent to cast a creature spell that shares a creature type with your commander, scry 1. (Look at the top card of your library. You may put that card on the bottom.)
Add To Stack: Ai(1)-Destyn_Turtles cast Krang, the All-Powerful
Resolve Stack: Krang, the All-Powerful - Creature 3 / 3
Phase: Ai(1)-Destyn_Turtles' End step
Phase: Ai(1)-Destyn_Turtles' Cleanup step
Turn: Turn 19 (Ai(2)-GGS_Higure_only)
Phase: Ai(2)-GGS_Higure_only's Untap step
Phase: Ai(2)-GGS_Higure_only's Upkeep step
Phase: Ai(2)-GGS_Higure_only's Draw step
Phase: Ai(2)-GGS_Higure_only's Main phase, precombat
Mana: Watery Grave (173) - {T}: Add {U}.
Mana: Blood Crypt (167) - {T}: Add {B}.
Damage: Talisman of Indulgence (114) deals 1 non-combat damage to Ai(2)-GGS_Higure_only.
Life: Life: Ai(2)-GGS_Higure_only 23 > 22
Mana: Talisman of Indulgence (114) - {T}: Add {B} or {R}. Talisman of Indulgence deals 1 damage to you. 
Add To Stack: Ai(2)-GGS_Higure_only cast Goro-Goro and Satoru
Resolve Stack: Goro-Goro and Satoru - Creature 3 / 4
Add To Stack: Ai(2)-GGS_Higure_only triggered Terror of the Peaks targeting [Frodo, Adventurous Hobbit (402)]
Damage: Terror of the Peaks (120) deals 3 damage to Frodo, Adventurous Hobbit (402).
Resolve Stack: Whenever another creature you control enters, Terror of the Peaks deals damage equal to that creature's power to any target. (Targeting: [[Frodo, Adventurous Hobbit (402)]]) [Zone Changer: Goro-Goro and Satoru (201)]
Zone Change: Frodo, Adventurous Hobbit (402) was put into Graveyard from Battlefield.
Land: Ai(2)-GGS_Higure_only played Mountain (195)
Life: Life: Ai(2)-GGS_Higure_only 22 > 21
Mana: Mana Confluence (146) - {T}, Pay 1 life: Add one mana of any color.
Mana: Sol Ring (141) - {T}: Add {C}{C}.
Add To Stack: Ai(2)-GGS_Higure_only cast Prosperous Thief
Resolve Stack: Prosperous Thief - Creature 3 / 2
Add To Stack: Ai(2)-GGS_Higure_only triggered Terror of the Peaks targeting [Ai(4)-Gabe_Food]
Damage: Terror of the Peaks (120) deals 3 non-combat damage to Ai(4)-Gabe_Food.
Life: Life: Ai(4)-Gabe_Food 36 > 33
Resolve Stack: Whenever another creature you control enters, Terror of the Peaks deals damage equal to that creature's power to any target. (Targeting: [[Ai(4)-Gabe_Food]]) [Zone Changer: Prosperous Thief (128)]
Phase: Ai(2)-GGS_Higure_only's Beginning of Combat Step
Phase: Ai(2)-GGS_Higure_only's Declare Attackers Step
Combat: Ai(2)-GGS_Higure_only assigned Goldspan Dragon (103) and Terror of the Peaks (120) to attack Ai(3)-Jaymie_Ezio.
Add To Stack: Ai(2)-GGS_Higure_only triggered Goldspan Dragon
Resolve Stack: Whenever Goldspan Dragon attacks or becomes the target of a spell, create a Treasure token. [Attacker: Goldspan Dragon (103)]
Phase: Ai(2)-GGS_Higure_only's Declare Blockers Step
Combat: Ai(3)-Jaymie_Ezio didn't block Goldspan Dragon (103).
Ai(3)-Jaymie_Ezio didn't block Terror of the Peaks (120).
Phase: Ai(2)-GGS_Higure_only's First Strike Damage Step
Phase: Ai(2)-GGS_Higure_only's Combat Damage Step
Damage: Goldspan Dragon (103) deals 4 combat damage to Ai(3)-Jaymie_Ezio.
Damage: Terror of the Peaks (120) deals 5 combat damage to Ai(3)-Jaymie_Ezio.
Life: Life: Ai(3)-Jaymie_Ezio 39 > 30
Phase: Ai(2)-GGS_Higure_only's End of Combat Step
Phase: Ai(2)-GGS_Higure_only's Main phase, postcombat
Zone Change: Treasure Token (420) was put into Graveyard from Battlefield.
Mana: Treasure Token (420) - {T}, Sacrifice this token: Add one mana of any color.
Mana: Mountain (195) - {T}: Add {R}.
Add To Stack: Ai(2)-GGS_Higure_only cast Moon-Circuit Hacker
Resolve Stack: Moon-Circuit Hacker - Creature 2 / 1
Add To Stack: Ai(2)-GGS_Higure_only triggered Terror of the Peaks targeting [Ezio Auditore da Firenze (302)]
Damage: Terror of the Peaks (120) deals 2 damage to Ezio Auditore da Firenze (302).
Resolve Stack: Whenever another creature you control enters, Terror of the Peaks deals damage equal to that creature's power to any target. (Targeting: [[Ezio Auditore da Firenze (302)]]) [Zone Changer: Moon-Circuit Hacker (191)]
Zone Change: Ezio Auditore da Firenze (302) was put into Graveyard from Battlefield.
Zone Change: Security Bypass (294) was put into Graveyard from Battlefield.
Phase: Ai(2)-GGS_Higure_only's End step
Phase: Ai(2)-GGS_Higure_only's Cleanup step
Turn: Turn 20 (Ai(3)-Jaymie_Ezio)
Phase: Ai(3)-Jaymie_Ezio's Untap step
Phase: Ai(3)-Jaymie_Ezio's Upkeep step
Phase: Ai(3)-Jaymie_Ezio's Draw step
Phase: Ai(3)-Jaymie_Ezio's Main phase, precombat
Replacement Effect: Smoldering Marsh enters tapped unless you control two or more basic lands.
Land: Ai(3)-Jaymie_Ezio played Smoldering Marsh (273)
Mana: Chromatic Lantern (299) - {T}: Add one mana of any color.
Add To Stack: Ai(3)-Jaymie_Ezio cast Vorpal Sword
Resolve Stack: Vorpal Sword
Mana: Mountain (289) - {T}: Add one mana of any color.
Mana: Command Tower (234) - {T}: Add one mana of any color in your commander's color identity.
Add To Stack: Ai(3)-Jaymie_Ezio activated Vorpal Sword targeting [Shay Cormac (274)]
Resolve Stack: Vorpal Sword (212) -  Attach to Shay Cormac (274)
Phase: Ai(3)-Jaymie_Ezio's Beginning of Combat Step
Phase: Ai(3)-Jaymie_Ezio's Declare Attackers Step
Phase: Ai(3)-Jaymie_Ezio's Declare Blockers Step
Phase: Ai(3)-Jaymie_Ezio's First Strike Damage Step
Phase: Ai(3)-Jaymie_Ezio's Combat Damage Step
Phase: Ai(3)-Jaymie_Ezio's End of Combat Step
Phase: Ai(3)-Jaymie_Ezio's Main phase, postcombat
Mana: Twilight Mire (271) - {T}: Add one mana of any color.
Mana: Kessig Wolf Run (206) - {T}: Add one mana of any color.
Add To Stack: Ai(3)-Jaymie_Ezio cast Vraska Joins Up
Resolve Stack: Vraska Joins Up
Add To Stack: Ai(3)-Jaymie_Ezio triggered Vraska Joins Up
Resolve Stack: When Vraska Joins Up enters, put a deathtouch counter on each creature you control. [Zone Changer: Vraska Joins Up (213)]
Phase: Ai(3)-Jaymie_Ezio's End step
Phase: Ai(3)-Jaymie_Ezio's Cleanup step
Turn: Turn 21 (Ai(4)-Gabe_Food)
Phase: Ai(4)-Gabe_Food's Untap step
Phase: Ai(4)-Gabe_Food's Upkeep step
Phase: Ai(4)-Gabe_Food's Draw step
Phase: Ai(4)-Gabe_Food's Main phase, precombat
Mana: Swamp (365) - {T}: Add {B}.
Mana: Forest (335) - {T}: Add {G}.
Add To Stack: Ai(4)-Gabe_Food cast Pippin, Warden of Isengard
Resolve Stack: Pippin, Warden of Isengard - Creature 2 / 2
Add To Stack: Ai(4)-Gabe_Food triggered Pippin, Warden of Isengard targeting [Ai(4)-Gabe_Food]
Resolve Stack: Partner with Merry, Warden of Isengard (When this creature enters, target player may put Merry into their hand from their library, then shuffle.) (Targeting: [[Ai(4)-Gabe_Food]]) [Zone Changer: Pippin, Warden of Isengard (343)]
Phase: Ai(4)-Gabe_Food's Beginning of Combat Step
Add To Stack: Ai(4)-Gabe_Food triggered Sam, Loyal Attendant
Resolve Stack: At the beginning of combat on your turn, create a Food token. (It's an artifact with "{2}, {T}, Sacrifice this token: You gain 3 life.") [Phase: Ai(4)-Gabe_Food]
Phase: Ai(4)-Gabe_Food's Declare Attackers Step
Phase: Ai(4)-Gabe_Food's Declare Blockers Step
Phase: Ai(4)-Gabe_Food's First Strike Damage Step
Phase: Ai(4)-Gabe_Food's Combat Damage Step
Phase: Ai(4)-Gabe_Food's End of Combat Step
Phase: Ai(4)-Gabe_Food's Main phase, postcombat
Mana: Plains (392) - {T}: Add {W}.
Mana: Forest (340) - {T}: Add {G}.
Mana: Rogue's Passage (331) - {T}: Add {C}.
Add To Stack: Ai(4)-Gabe_Food cast Merry, Warden of Isengard
Resolve Stack: Merry, Warden of Isengard - Creature 1 / 4
Add To Stack: Ai(4)-Gabe_Food triggered Merry, Warden of Isengard targeting [Ai(4)-Gabe_Food]
Resolve Stack: Partner with Pippin, Warden of Isengard (When this creature enters, target player may put Pippin into their hand from their library, then shuffle.) (Targeting: [[Ai(4)-Gabe_Food]]) [Zone Changer: Merry, Warden of Isengard (309)]
Phase: Ai(4)-Gabe_Food's End step
Phase: Ai(4)-Gabe_Food's Cleanup step
Turn: Turn 22 (Ai(1)-Destyn_Turtles)
Phase: Ai(1)-Destyn_Turtles' Untap step
Phase: Ai(1)-Destyn_Turtles' Upkeep step
Phase: Ai(1)-Destyn_Turtles' Draw step
Phase: Ai(1)-Destyn_Turtles' Main phase, precombat
Land: Ai(1)-Destyn_Turtles played Exotic Orchard (41)
Phase: Ai(1)-Destyn_Turtles' Beginning of Combat Step
Phase: Ai(1)-Destyn_Turtles' Declare Attackers Step
Phase: Ai(1)-Destyn_Turtles' Declare Blockers Step
Phase: Ai(1)-Destyn_Turtles' First Strike Damage Step
Phase: Ai(1)-Destyn_Turtles' Combat Damage Step
Phase: Ai(1)-Destyn_Turtles' End of Combat Step
Phase: Ai(1)-Destyn_Turtles' Main phase, postcombat
Mana: Plains (87) - {T}: Add {W}.
Mana: Exotic Orchard (41) - {T}: Add one mana of any color that a land an opponent controls could produce.
Mana: Rootbound Crag (93) - {T}: Add {R} or {G}.
Mana: Hinterland Harbor (23) - {T}: Add {G} or {U}.
Mana: Sunken Hollow (24) - {T}: Add {B}.
Add To Stack: Ai(1)-Destyn_Turtles cast Mole Module
Resolve Stack: Mole Module
Mana: Path of Ancestry (12) - {T}: Add one mana of any color in your commander's color identity. When that mana is spent to cast a creature spell that shares a creature type with your commander, scry 1. (Look at the top card of your library. You may put that card on the bottom.)
Mana: Mona Lisa, Science Geek (61) - {T}: Add X mana of any one color, where X is Mona Lisa's power.
Add To Stack: Ai(1)-Destyn_Turtles cast Michelangelo, the Heart
Add To Stack: Ai(1)-Destyn_Turtles triggered Path of Ancestry
Resolve Stack: Ai(1)-Destyn_Turtles scried 1 card(s) to the top of the library
Resolve Stack: When mana produced by Path of Ancestry is spent to cast a creature spell that shares a creature type with your commander, scry 1. ([Michelangelo, the Heart - Creature 2 / 1]) [Card: Michelangelo, the Heart (99), Activator: Ai(1)-Destyn_Turtles, SpellAbility: Michelangelo, the Heart - Creature 2 / 1]
Resolve Stack: Michelangelo, the Heart - Creature 2 / 1
Phase: Ai(1)-Destyn_Turtles' End step
Phase: Ai(1)-Destyn_Turtles' Cleanup step
Turn: Turn 23 (Ai(2)-GGS_Higure_only)
Phase: Ai(2)-GGS_Higure_only's Untap step
Phase: Ai(2)-GGS_Higure_only's Upkeep step
Phase: Ai(2)-GGS_Higure_only's Draw step
Phase: Ai(2)-GGS_Higure_only's Main phase, precombat
Add To Stack: Ai(2)-GGS_Higure_only cast Deadly Rollick targeting [Krang, the All-Powerful (22)]
Zone Change: Krang, the All-Powerful (22) was put into Exile from Battlefield.
Resolve Stack: Deadly Rollick (161) - Exile Krang, the All-Powerful (22).
Phase: Ai(2)-GGS_Higure_only's Beginning of Combat Step
Phase: Ai(2)-GGS_Higure_only's Declare Attackers Step
Combat: Ai(2)-GGS_Higure_only assigned Goldspan Dragon (103) and Terror of the Peaks (120) to attack Ai(4)-Gabe_Food.
Add To Stack: Ai(2)-GGS_Higure_only triggered Goldspan Dragon
Resolve Stack: Whenever Goldspan Dragon attacks or becomes the target of a spell, create a Treasure token. [Attacker: Goldspan Dragon (103)]
Phase: Ai(2)-GGS_Higure_only's Declare Blockers Step
Combat: Ai(4)-Gabe_Food didn't block Goldspan Dragon (103).
Ai(4)-Gabe_Food didn't block Terror of the Peaks (120).
Phase: Ai(2)-GGS_Higure_only's First Strike Damage Step
Phase: Ai(2)-GGS_Higure_only's Combat Damage Step
Damage: Goldspan Dragon (103) deals 4 combat damage to Ai(4)-Gabe_Food.
Damage: Terror of the Peaks (120) deals 5 combat damage to Ai(4)-Gabe_Food.
Life: Life: Ai(4)-Gabe_Food 33 > 24
Phase: Ai(2)-GGS_Higure_only's End of Combat Step
Phase: Ai(2)-GGS_Higure_only's Main phase, postcombat
Phase: Ai(2)-GGS_Higure_only's End step
Phase: Ai(2)-GGS_Higure_only's Cleanup step
Turn: Turn 24 (Ai(3)-Jaymie_Ezio)
Phase: Ai(3)-Jaymie_Ezio's Untap step
Phase: Ai(3)-Jaymie_Ezio's Upkeep step
Phase: Ai(3)-Jaymie_Ezio's Draw step
Phase: Ai(3)-Jaymie_Ezio's Main phase, precombat
Mana: Chromatic Lantern (299) - {T}: Add one mana of any color.
Mana: Mountain (289) - {T}: Add {R}.
Mana: Smoldering Marsh (273) - {T}: Add {R}.
Add To Stack: Ai(3)-Jaymie_Ezio cast 
Resolve Stack: Disguise - Creature 2/2
Mana: Command Tower (234) - {T}: Add one mana of any color in your commander's color identity.
Mana: Twilight Mire (271) - {T}: Add one mana of any color.
Resolve Stack: Ai(3)-Jaymie_Ezio has undisguised Arno Dorian
Phase: Ai(3)-Jaymie_Ezio's Beginning of Combat Step
Phase: Ai(3)-Jaymie_Ezio's Declare Attackers Step
Phase: Ai(3)-Jaymie_Ezio's Declare Blockers Step
Phase: Ai(3)-Jaymie_Ezio's First Strike Damage Step
Phase: Ai(3)-Jaymie_Ezio's Combat Damage Step
Phase: Ai(3)-Jaymie_Ezio's End of Combat Step
Phase: Ai(3)-Jaymie_Ezio's Main phase, postcombat
Phase: Ai(3)-Jaymie_Ezio's End step
Phase: Ai(3)-Jaymie_Ezio's Cleanup step
Turn: Turn 25 (Ai(4)-Gabe_Food)
Phase: Ai(4)-Gabe_Food's Untap step
Phase: Ai(4)-Gabe_Food's Upkeep step
Phase: Ai(4)-Gabe_Food's Draw step
Phase: Ai(4)-Gabe_Food's Main phase, precombat
Mana: Swamp (365) - {T}: Add {B}.
Mana: Forest (335) - {T}: Add {G}.
Mana: Forest (340) - {T}: Add {G}.
Mana: Plains (392) - {T}: Add {W}.
Add To Stack: Ai(4)-Gabe_Food activated Rogue's Passage targeting [Sam, Loyal Attendant (404)]
Resolve Stack: Rogue's Passage (331) - Sam, Loyal Attendant (404) can't be blocked this turn.
Phase: Ai(4)-Gabe_Food's Beginning of Combat Step
Add To Stack: Ai(4)-Gabe_Food triggered Sam, Loyal Attendant
Resolve Stack: At the beginning of combat on your turn, create a Food token. (It's an artifact with "{2}, {T}, Sacrifice this token: You gain 3 life.") [Phase: Ai(4)-Gabe_Food]
Add To Stack: Ai(4)-Gabe_Food triggered Merry, Warden of Isengard
Resolve Stack: Whenever one or more artifacts you control enter, create a 1/1 white Soldier creature token with lifelink. This ability triggers only once each turn. [Amount: 1]
Phase: Ai(4)-Gabe_Food's Declare Attackers Step
Combat: Ai(4)-Gabe_Food assigned Sam, Loyal Attendant (404) to attack Ai(2)-GGS_Higure_only.
Phase: Ai(4)-Gabe_Food's Declare Blockers Step
Combat: Ai(2)-GGS_Higure_only didn't block Sam, Loyal Attendant (404).
Phase: Ai(4)-Gabe_Food's First Strike Damage Step
Phase: Ai(4)-Gabe_Food's Combat Damage Step
Damage: Sam, Loyal Attendant (404) deals 2 combat damage to Ai(2)-GGS_Higure_only.
Life: Life: Ai(2)-GGS_Higure_only 21 > 19
Phase: Ai(4)-Gabe_Food's End of Combat Step
Phase: Ai(4)-Gabe_Food's Main phase, postcombat
Replacement Effect: Graypelt Refuge enters tapped.
Land: Ai(4)-Gabe_Food played Graypelt Refuge (347)
Add To Stack: Ai(4)-Gabe_Food triggered Graypelt Refuge
Life: Life: Ai(4)-Gabe_Food 24 > 25
Resolve Stack: When Graypelt Refuge enters, you gain 1 life. [Zone Changer: Graypelt Refuge (347)]
Phase: Ai(4)-Gabe_Food's End step
Phase: Ai(4)-Gabe_Food's Cleanup step
Turn: Turn 26 (Ai(1)-Destyn_Turtles)
Phase: Ai(1)-Destyn_Turtles' Untap step
Phase: Ai(1)-Destyn_Turtles' Upkeep step
Phase: Ai(1)-Destyn_Turtles' Draw step
Phase: Ai(1)-Destyn_Turtles' Main phase, precombat
Phase: Ai(1)-Destyn_Turtles' Beginning of Combat Step
Add To Stack: Ai(1)-Destyn_Turtles activated Mole Module
Resolve Stack: Mole Module (64) - Mole Module (64) becomes an artifact creature until end of turn.
Phase: Ai(1)-Destyn_Turtles' Declare Attackers Step
Combat: Ai(1)-Destyn_Turtles assigned Mole Module (64) to attack Ai(2)-GGS_Higure_only.
Phase: Ai(1)-Destyn_Turtles' Declare Blockers Step
Combat: Ai(2)-GGS_Higure_only didn't block Mole Module (64).
Phase: Ai(1)-Destyn_Turtles' First Strike Damage Step
Phase: Ai(1)-Destyn_Turtles' Combat Damage Step
Damage: Mole Module (64) deals 6 combat damage to Ai(2)-GGS_Higure_only.
Life: Life: Ai(2)-GGS_Higure_only 19 > 13
Add To Stack: Ai(1)-Destyn_Turtles triggered Mole Module
Zone Change: Ai(1)-Destyn_Turtles milled Electric Seaweed (10), Vernal Fen (58), Mountain (86) and Escape Tunnel (9).
Resolve Stack: Whenever this Vehicle deals combat damage to a player, mill four cards. You may put a permanent card from among them onto the battlefield. [Damage Source: Mole Module (64), Damaged: Ai(2)-GGS_Higure_only, Amount: 6]
Add To Stack: Ai(1)-Destyn_Turtles triggered Electric Seaweed
Resolve Stack: When this creature enters, until end of turn, whenever another creature dies, this creature deals 1 damage to each non-Wall creature. [Zone Changer: Electric Seaweed (10)]
Add To Stack: Ai(1)-Destyn_Turtles activated Electric Seaweed targeting [Moon-Circuit Hacker (191)]
Damage: Electric Seaweed (10) deals 1 damage to Moon-Circuit Hacker (191).
Resolve Stack: Electric Seaweed (10) - Electric Seaweed (10) deals 1 damage to Moon-Circuit Hacker (191).
Zone Change: Moon-Circuit Hacker (191) was put into Graveyard from Battlefield.
Add To Stack: Ai(1)-Destyn_Turtles triggered Electric Seaweed (10)'s Effect
Damage: Electric Seaweed (10) deals 1 damage to Mona Lisa, Science Geek (61).
Damage: Electric Seaweed (10) deals 1 damage to Mole Module (64).
Damage: Electric Seaweed (10) deals 1 damage to Michelangelo, the Heart (99).
Damage: Electric Seaweed (10) deals 1 damage to Goldspan Dragon (103).
Damage: Electric Seaweed (10) deals 1 damage to Terror of the Peaks (120).
Damage: Electric Seaweed (10) deals 1 damage to Goro-Goro and Satoru (201).
Damage: Electric Seaweed (10) deals 1 damage to Prosperous Thief (128).
Damage: Electric Seaweed (10) deals 1 damage to Shay Cormac (274).
Damage: Electric Seaweed (10) deals 1 damage to Arno Dorian (226).
Damage: Electric Seaweed (10) deals 1 damage to Sam, Loyal Attendant (404).
Damage: Electric Seaweed (10) deals 1 damage to Pippin, Warden of Isengard (343).
Damage: Electric Seaweed (10) deals 1 damage to Merry, Warden of Isengard (309).
Damage: Electric Seaweed (10) deals 1 damage to Soldier Token (436).
Resolve Stack: Until end of turn, whenever another creature dies, this creature deals 1 damage to each non-Wall creature. [Zone Changer: Moon-Circuit Hacker (191)]
Zone Change: Michelangelo, the Heart (99) was put into Graveyard from Battlefield.
Zone Change: Shay Cormac (274) was put into Graveyard from Battlefield.
Zone Change: Soldier Token (436) was put into Graveyard from Battlefield.
Add To Stack: Ai(1)-Destyn_Turtles triggered Electric Seaweed (10)'s Effect
Add To Stack: Ai(1)-Destyn_Turtles triggered Electric Seaweed (10)'s Effect
Add To Stack: Ai(1)-Destyn_Turtles triggered Electric Seaweed (10)'s Effect
Damage: Electric Seaweed (10) deals 1 damage to Mona Lisa, Science Geek (61).
Damage: Electric Seaweed (10) deals 1 damage to Mole Module (64).
Damage: Electric Seaweed (10) deals 1 damage to Goldspan Dragon (103).
Damage: Electric Seaweed (10) deals 1 damage to Terror of the Peaks (120).
Damage: Electric Seaweed (10) deals 1 damage to Goro-Goro and Satoru (201).
Damage: Electric Seaweed (10) deals 1 damage to Prosperous Thief (128).
Damage: Electric Seaweed (10) deals 1 damage to Arno Dorian (226).
Damage: Electric Seaweed (10) deals 1 damage to Sam, Loyal Attendant (404).
Damage: Electric Seaweed (10) deals 1 damage to Pippin, Warden of Isengard (343).
Damage: Electric Seaweed (10) deals 1 damage to Merry, Warden of Isengard (309).
Resolve Stack: Until end of turn, whenever another creature dies, this creature deals 1 damage to each non-Wall creature. [Zone Changer: Soldier Token (436)]
Zone Change: Prosperous Thief (128) was put into Graveyard from Battlefield.
Zone Change: Pippin, Warden of Isengard (343) was put into Graveyard from Battlefield.
Add To Stack: Ai(1)-Destyn_Turtles triggered Electric Seaweed (10)'s Effect
Add To Stack: Ai(1)-Destyn_Turtles triggered Electric Seaweed (10)'s Effect
Damage: Electric Seaweed (10) deals 1 damage to Mona Lisa, Science Geek (61).
Damage: Electric Seaweed (10) deals 1 damage to Mole Module (64).
Damage: Electric Seaweed (10) deals 1 damage to Goldspan Dragon (103).
Damage: Electric Seaweed (10) deals 1 damage to Terror of the Peaks (120).
Damage: Electric Seaweed (10) deals 1 damage to Goro-Goro and Satoru (201).
Damage: Electric Seaweed (10) deals 1 damage to Arno Dorian (226).
Damage: Electric Seaweed (10) deals 1 damage to Sam, Loyal Attendant (404).
Damage: Electric Seaweed (10) deals 1 damage to Merry, Warden of Isengard (309).
Resolve Stack: Until end of turn, whenever another creature dies, this creature deals 1 damage to each non-Wall creature. [Zone Changer: Pippin, Warden of Isengard (343)]
Zone Change: Mona Lisa, Science Geek (61) was put into Graveyard from Battlefield.
Zone Change: Arno Dorian (226) was put into Graveyard from Battlefield.
Add To Stack: Ai(1)-Destyn_Turtles triggered Electric Seaweed (10)'s Effect
Add To Stack: Ai(1)-Destyn_Turtles triggered Electric Seaweed (10)'s Effect
Damage: Electric Seaweed (10) deals 1 damage to Mole Module (64).
Damage: Electric Seaweed (10) deals 1 damage to Goldspan Dragon (103).
Damage: Electric Seaweed (10) deals 1 damage to Terror of the Peaks (120).
Damage: Electric Seaweed (10) deals 1 damage to Goro-Goro and Satoru (201).
Damage: Electric Seaweed (10) deals 1 damage to Sam, Loyal Attendant (404).
Damage: Electric Seaweed (10) deals 1 damage to Merry, Warden of Isengard (309).
Resolve Stack: Until end of turn, whenever another creature dies, this creature deals 1 damage to each non-Wall creature. [Zone Changer: Arno Dorian (226)]
Zone Change: Goldspan Dragon (103) was put into Graveyard from Battlefield.
Zone Change: Terror of the Peaks (120) was put into Graveyard from Battlefield.
Zone Change: Goro-Goro and Satoru (201) was put into Graveyard from Battlefield.
Zone Change: Sam, Loyal Attendant (404) was put into Graveyard from Battlefield.
Zone Change: Merry, Warden of Isengard (309) was put into Graveyard from Battlefield.
Add To Stack: Ai(1)-Destyn_Turtles triggered Electric Seaweed (10)'s Effect
Add To Stack: Ai(1)-Destyn_Turtles triggered Electric Seaweed (10)'s Effect
Add To Stack: Ai(1)-Destyn_Turtles triggered Electric Seaweed (10)'s Effect
Add To Stack: Ai(1)-Destyn_Turtles triggered Electric Seaweed (10)'s Effect
Add To Stack: Ai(1)-Destyn_Turtles triggered Electric Seaweed (10)'s Effect
Damage: Electric Seaweed (10) deals 1 damage to Mole Module (64).
Resolve Stack: Until end of turn, whenever another creature dies, this creature deals 1 damage to each non-Wall creature. [Zone Changer: Merry, Warden of Isengard (309)]
Damage: Electric Seaweed (10) deals 1 damage to Mole Module (64).
Resolve Stack: Until end of turn, whenever another creature dies, this creature deals 1 damage to each non-Wall creature. [Zone Changer: Sam, Loyal Attendant (404)]
Zone Change: Mole Module (64) was put into Graveyard from Battlefield.
Add To Stack: Ai(1)-Destyn_Turtles triggered Electric Seaweed (10)'s Effect
Resolve Stack: Until end of turn, whenever another creature dies, this creature deals 1 damage to each non-Wall creature. [Zone Changer: Mole Module (64)]
Resolve Stack: Until end of turn, whenever another creature dies, this creature deals 1 damage to each non-Wall creature. [Zone Changer: Goro-Goro and Satoru (201)]
Resolve Stack: Until end of turn, whenever another creature dies, this creature deals 1 damage to each non-Wall creature. [Zone Changer: Terror of the Peaks (120)]
Resolve Stack: Until end of turn, whenever another creature dies, this creature deals 1 damage to each non-Wall creature. [Zone Changer: Goldspan Dragon (103)]
Resolve Stack: Until end of turn, whenever another creature dies, this creature deals 1 damage to each non-Wall creature. [Zone Changer: Mona Lisa, Science Geek (61)]
Resolve Stack: Until end of turn, whenever another creature dies, this creature deals 1 damage to each non-Wall creature. [Zone Changer: Prosperous Thief (128)]
Resolve Stack: Until end of turn, whenever another creature dies, this creature deals 1 damage to each non-Wall creature. [Zone Changer: Shay Cormac (274)]
Resolve Stack: Until end of turn, whenever another creature dies, this creature deals 1 damage to each non-Wall creature. [Zone Changer: Michelangelo, the Heart (99)]
Phase: Ai(1)-Destyn_Turtles' End of Combat Step
Phase: Ai(1)-Destyn_Turtles' Main phase, postcombat
Mana: Plains (87) - {T}: Add {W}.
Mana: Exotic Orchard (41) - {T}: Add one mana of any color that a land an opponent controls could produce.
Mana: Rootbound Crag (93) - {T}: Add {R} or {G}.
Mana: Hinterland Harbor (23) - {T}: Add {G} or {U}.
Add To Stack: Ai(1)-Destyn_Turtles cast Leonardo, the Balance
Resolve Stack: Leonardo, the Balance - Creature 3 / 3
Mana: Sunken Hollow (24) - {T}: Add {U}.
Mana: Path of Ancestry (12) - {T}: Add one mana of any color in your commander's color identity. When that mana is spent to cast a creature spell that shares a creature type with your commander, scry 1. (Look at the top card of your library. You may put that card on the bottom.)
Add To Stack: Ai(1)-Destyn_Turtles cast April O'Neil, Live on the Scene
Resolve Stack: April O'Neil, Live on the Scene - Creature 2 / 1
Phase: Ai(1)-Destyn_Turtles' End step
Phase: Ai(1)-Destyn_Turtles' Cleanup step
Turn: Turn 27 (Ai(2)-GGS_Higure_only)
Phase: Ai(2)-GGS_Higure_only's Untap step
Phase: Ai(2)-GGS_Higure_only's Upkeep step
Phase: Ai(2)-GGS_Higure_only's Draw step
Phase: Ai(2)-GGS_Higure_only's Main phase, precombat
Phase: Ai(2)-GGS_Higure_only's Beginning of Combat Step
Phase: Ai(2)-GGS_Higure_only's Declare Attackers Step
Phase: Ai(2)-GGS_Higure_only's Declare Blockers Step
Phase: Ai(2)-GGS_Higure_only's First Strike Damage Step
Phase: Ai(2)-GGS_Higure_only's Combat Damage Step
Phase: Ai(2)-GGS_Higure_only's End of Combat Step
Phase: Ai(2)-GGS_Higure_only's Main phase, postcombat
Mana: Watery Grave (173) - {T}: Add {U}.
Mana: Blood Crypt (167) - {T}: Add {B}.
Mana: Mountain (195) - {T}: Add {R}.
Mana: Sol Ring (141) - {T}: Add {C}{C}.
Add To Stack: Ai(2)-GGS_Higure_only cast Goro-Goro and Satoru
Resolve Stack: Goro-Goro and Satoru - Creature 3 / 4
Damage: Talisman of Indulgence (114) deals 1 non-combat damage to Ai(2)-GGS_Higure_only.
Life: Life: Ai(2)-GGS_Higure_only 13 > 12
Mana: Talisman of Indulgence (114) - {T}: Add {B} or {R}. Talisman of Indulgence deals 1 damage to you. 
Zone Change: Treasure Token (426) was put into Graveyard from Battlefield.
Mana: Treasure Token (426) - {T}, Sacrifice this token: Add one mana of any color.
Life: Life: Ai(2)-GGS_Higure_only 12 > 11
Mana: Mana Confluence (146) - {T}, Pay 1 life: Add one mana of any color.
Add To Stack: Ai(2)-GGS_Higure_only cast Fire Navy Trebuchet
Resolve Stack: Fire Navy Trebuchet - Creature 0 / 4
Phase: Ai(2)-GGS_Higure_only's End step
Phase: Ai(2)-GGS_Higure_only's Cleanup step
Turn: Turn 28 (Ai(3)-Jaymie_Ezio)
Phase: Ai(3)-Jaymie_Ezio's Untap step
Phase: Ai(3)-Jaymie_Ezio's Upkeep step
Phase: Ai(3)-Jaymie_Ezio's Draw step
Phase: Ai(3)-Jaymie_Ezio's Main phase, precombat
Phase: Ai(3)-Jaymie_Ezio's Beginning of Combat Step
Phase: Ai(3)-Jaymie_Ezio's Declare Attackers Step
Phase: Ai(3)-Jaymie_Ezio's Declare Blockers Step
Phase: Ai(3)-Jaymie_Ezio's First Strike Damage Step
Phase: Ai(3)-Jaymie_Ezio's Combat Damage Step
Phase: Ai(3)-Jaymie_Ezio's End of Combat Step
Phase: Ai(3)-Jaymie_Ezio's Main phase, postcombat
Mana: Chromatic Lantern (299) - {T}: Add one mana of any color.
Mana: Mountain (289) - {T}: Add {R}.
Mana: Smoldering Marsh (273) - {T}: Add {R}.
Mana: Command Tower (234) - {T}: Add one mana of any color.
Add To Stack: Ai(3)-Jaymie_Ezio cast Ezio Auditore da Firenze
Resolve Stack: Ezio Auditore da Firenze - Creature 3 / 2
Mana: Twilight Mire (271) - {T}: Add one mana of any color.
Mana: Kessig Wolf Run (206) - {T}: Add {C}.
Add To Stack: Ai(3)-Jaymie_Ezio cast Haystack
Resolve Stack: Haystack
Phase: Ai(3)-Jaymie_Ezio's End step
Phase: Ai(3)-Jaymie_Ezio's Cleanup step
Turn: Turn 29 (Ai(4)-Gabe_Food)
Phase: Ai(4)-Gabe_Food's Untap step
Phase: Ai(4)-Gabe_Food's Upkeep step
Phase: Ai(4)-Gabe_Food's Draw step
Phase: Ai(4)-Gabe_Food's Main phase, precombat
Mana: Plains (392) - {T}: Add {W}.
Mana: Graypelt Refuge (347) - {T}: Add {G} or {W}.
Mana: Forest (335) - {T}: Add {G}.
Mana: Forest (340) - {T}: Add {G}.
Mana: Swamp (365) - {T}: Add {B}.
Add To Stack: Ai(4)-Gabe_Food cast Fumigate
Zone Change: Electric Seaweed (10) was put into Graveyard from Battlefield.
Zone Change: Leonardo, the Balance (101) was put into Graveyard from Battlefield.
Zone Change: April O'Neil, Live on the Scene (91) was put into Graveyard from Battlefield.
Zone Change: Goro-Goro and Satoru (201) was put into Graveyard from Battlefield.
Zone Change: Fire Navy Trebuchet (158) was put into Graveyard from Battlefield.
Zone Change: Ezio Auditore da Firenze (302) was put into Graveyard from Battlefield.
Life: Life: Ai(4)-Gabe_Food 25 > 31
Resolve Stack: Fumigate (359) - Destroy all creatures. You gain 1 life for each creature destroyed this way. Ai(4)-Gabe_Food gains 0 life. 
Phase: Ai(4)-Gabe_Food's Beginning of Combat Step
Phase: Ai(4)-Gabe_Food's Declare Attackers Step
Phase: Ai(4)-Gabe_Food's Declare Blockers Step
Phase: Ai(4)-Gabe_Food's First Strike Damage Step
Phase: Ai(4)-Gabe_Food's Combat Damage Step
Phase: Ai(4)-Gabe_Food's End of Combat Step
Phase: Ai(4)-Gabe_Food's Main phase, postcombat
Phase: Ai(4)-Gabe_Food's End step
Phase: Ai(4)-Gabe_Food's Cleanup step
Turn: Turn 30 (Ai(1)-Destyn_Turtles)
Phase: Ai(1)-Destyn_Turtles' Untap step
Phase: Ai(1)-Destyn_Turtles' Upkeep step
Phase: Ai(1)-Destyn_Turtles' Draw step
Phase: Ai(1)-Destyn_Turtles' Main phase, precombat
Phase: Ai(1)-Destyn_Turtles' Beginning of Combat Step
Phase: Ai(1)-Destyn_Turtles' Declare Attackers Step
Phase: Ai(1)-Destyn_Turtles' Declare Blockers Step
Phase: Ai(1)-Destyn_Turtles' First Strike Damage Step
Phase: Ai(1)-Destyn_Turtles' Combat Damage Step
Phase: Ai(1)-Destyn_Turtles' End of Combat Step
Phase: Ai(1)-Destyn_Turtles' Main phase, postcombat
Mana: Plains (87) - {T}: Add {W}.
Mana: Exotic Orchard (41) - {T}: Add one mana of any color that a land an opponent controls could produce.
Mana: Hinterland Harbor (23) - {T}: Add {G} or {U}.
Mana: Rootbound Crag (93) - {T}: Add {R} or {G}.
Mana: Sunken Hollow (24) - {T}: Add {B}.
Mana: Path of Ancestry (12) - {T}: Add one mana of any color in your commander's color identity. When that mana is spent to cast a creature spell that shares a creature type with your commander, scry 1. (Look at the top card of your library. You may put that card on the bottom.)
Add To Stack: Ai(1)-Destyn_Turtles cast Leonardo, the Balance
Add To Stack: Ai(1)-Destyn_Turtles triggered Path of Ancestry
Resolve Stack: Ai(1)-Destyn_Turtles scried 1 card(s) to the top of the library
Resolve Stack: When mana produced by Path of Ancestry is spent to cast a creature spell that shares a creature type with your commander, scry 1. ([Leonardo, the Balance - Creature 3 / 3]) [Card: Leonardo, the Balance (101), Activator: Ai(1)-Destyn_Turtles, SpellAbility: Leonardo, the Balance - Creature 3 / 3]
Resolve Stack: Leonardo, the Balance - Creature 3 / 3
Phase: Ai(1)-Destyn_Turtles' End step
Phase: Ai(1)-Destyn_Turtles' Cleanup step
Turn: Turn 31 (Ai(2)-GGS_Higure_only)
Phase: Ai(2)-GGS_Higure_only's Untap step
Phase: Ai(2)-GGS_Higure_only's Upkeep step
Phase: Ai(2)-GGS_Higure_only's Draw step
Phase: Ai(2)-GGS_Higure_only's Main phase, precombat
Phase: Ai(2)-GGS_Higure_only's Beginning of Combat Step
Phase: Ai(2)-GGS_Higure_only's Declare Attackers Step
Phase: Ai(2)-GGS_Higure_only's Declare Blockers Step
Phase: Ai(2)-GGS_Higure_only's First Strike Damage Step
Phase: Ai(2)-GGS_Higure_only's Combat Damage Step
Phase: Ai(2)-GGS_Higure_only's End of Combat Step
Phase: Ai(2)-GGS_Higure_only's Main phase, postcombat
Land: Ai(2)-GGS_Higure_only played Bloodstained Mire (142)
Life: Life: Ai(2)-GGS_Higure_only 11 > 10
Zone Change: Bloodstained Mire (142) was put into Graveyard from Battlefield.
Add To Stack: Ai(2)-GGS_Higure_only activated Bloodstained Mire
Replacement Effect: As Steam Vents enters, you may pay 2 life. If you don't, it enters tapped.
Resolve Stack: Bloodstained Mire (142) - Ai(2)-GGS_Higure_only searches their library for a Swamp or Mountain card, puts it onto the battlefield, then shuffles.
Mana: Watery Grave (173) - {T}: Add {U}.
Mana: Blood Crypt (167) - {T}: Add {B}.
Mana: Mountain (195) - {T}: Add {R}.
Mana: Sol Ring (141) - {T}: Add {C}{C}.
Mana: Talisman of Indulgence (114) - {T}: Add {C}.
Life: Life: Ai(2)-GGS_Higure_only 10 > 9
Mana: Mana Confluence (146) - {T}, Pay 1 life: Add one mana of any color.
Add To Stack: Ai(2)-GGS_Higure_only cast Goro-Goro and Satoru
Resolve Stack: Goro-Goro and Satoru - Creature 3 / 4
Phase: Ai(2)-GGS_Higure_only's End step
Phase: Ai(2)-GGS_Higure_only's Cleanup step
Turn: Turn 32 (Ai(3)-Jaymie_Ezio)
Phase: Ai(3)-Jaymie_Ezio's Untap step
Phase: Ai(3)-Jaymie_Ezio's Upkeep step
Phase: Ai(3)-Jaymie_Ezio's Draw step
Phase: Ai(3)-Jaymie_Ezio's Main phase, precombat
Phase: Ai(3)-Jaymie_Ezio's Beginning of Combat Step
Phase: Ai(3)-Jaymie_Ezio's Declare Attackers Step
Phase: Ai(3)-Jaymie_Ezio's Declare Blockers Step
Phase: Ai(3)-Jaymie_Ezio's First Strike Damage Step
Phase: Ai(3)-Jaymie_Ezio's Combat Damage Step
Phase: Ai(3)-Jaymie_Ezio's End of Combat Step
Phase: Ai(3)-Jaymie_Ezio's Main phase, postcombat
Mana: Chromatic Lantern (299) - {T}: Add one mana of any color.
Mana: Mountain (289) - {T}: Add {R}.
Mana: Smoldering Marsh (273) - {T}: Add {R}.
Mana: Command Tower (234) - {T}: Add one mana of any color.
Mana: Twilight Mire (271) - {T}: Add {C}.
Mana: Kessig Wolf Run (206) - {T}: Add {C}.
Add To Stack: Ai(3)-Jaymie_Ezio cast Ezio Auditore da Firenze
Resolve Stack: Ezio Auditore da Firenze - Creature 3 / 2
Phase: Ai(3)-Jaymie_Ezio's End step
Phase: Ai(3)-Jaymie_Ezio's Cleanup step
Turn: Turn 33 (Ai(4)-Gabe_Food)
Phase: Ai(4)-Gabe_Food's Untap step
Phase: Ai(4)-Gabe_Food's Upkeep step
Phase: Ai(4)-Gabe_Food's Draw step
Mana: Forest (335) - {T}: Add {G}.
Mana: Forest (340) - {T}: Add {G}.
Mana: Swamp (365) - {T}: Add {B}.
Mana: Plains (392) - {T}: Add {W}.
Mana: Graypelt Refuge (347) - {T}: Add {G} or {W}.
Mana: Rogue's Passage (331) - {T}: Add {C}.
Add To Stack: Ai(4)-Gabe_Food cast Great Oak Guardian
Resolve Stack: Great Oak Guardian - Creature 4 / 5
Add To Stack: Ai(4)-Gabe_Food triggered Great Oak Guardian targeting [Ai(4)-Gabe_Food]
Resolve Stack: When Great Oak Guardian enters, creatures target player controls get +2/+2 until end of turn. Untap them. (Targeting: [[Ai(4)-Gabe_Food]]) [Zone Changer: Great Oak Guardian (324)]
Phase: Ai(4)-Gabe_Food's Main phase, precombat
Phase: Ai(4)-Gabe_Food's Beginning of Combat Step
Phase: Ai(4)-Gabe_Food's Declare Attackers Step
Phase: Ai(4)-Gabe_Food's Declare Blockers Step
Phase: Ai(4)-Gabe_Food's First Strike Damage Step
Phase: Ai(4)-Gabe_Food's Combat Damage Step
Phase: Ai(4)-Gabe_Food's End of Combat Step
Phase: Ai(4)-Gabe_Food's Main phase, postcombat
Phase: Ai(4)-Gabe_Food's End step
Phase: Ai(4)-Gabe_Food's Cleanup step
Turn: Turn 34 (Ai(1)-Destyn_Turtles)
Phase: Ai(1)-Destyn_Turtles' Untap step
Phase: Ai(1)-Destyn_Turtles' Upkeep step
Mana: Plains (87) - {T}: Add {W}.
Mana: Exotic Orchard (41) - {T}: Add one mana of any color that a land an opponent controls could produce.
Mana: Rootbound Crag (93) - {T}: Add {R} or {G}.
Mana: Hinterland Harbor (23) - {T}: Add {G} or {U}.
Mana: Sunken Hollow (24) - {T}: Add {U}.
Add To Stack: Ai(1)-Destyn_Turtles activated Leonardo, the Balance
Resolve Stack: Leonardo, the Balance (101) - Creatures you control gain menace, trample, and lifelink until end of turn.
Phase: Ai(1)-Destyn_Turtles' Draw step
Phase: Ai(1)-Destyn_Turtles' Main phase, precombat
Phase: Ai(1)-Destyn_Turtles' Beginning of Combat Step
Phase: Ai(1)-Destyn_Turtles' Declare Attackers Step
Combat: Ai(1)-Destyn_Turtles assigned Leonardo, the Balance (101) to attack Ai(4)-Gabe_Food.
Phase: Ai(1)-Destyn_Turtles' Declare Blockers Step
Combat: Ai(4)-Gabe_Food didn't block Leonardo, the Balance (101).
Phase: Ai(1)-Destyn_Turtles' First Strike Damage Step
Phase: Ai(1)-Destyn_Turtles' Combat Damage Step
Damage: Leonardo, the Balance (101) deals 3 combat damage to Ai(4)-Gabe_Food.
Life: Life: Ai(1)-Destyn_Turtles 36 > 39
Life: Life: Ai(4)-Gabe_Food 31 > 28
Phase: Ai(1)-Destyn_Turtles' End of Combat Step
Phase: Ai(1)-Destyn_Turtles' Main phase, postcombat
Phase: Ai(1)-Destyn_Turtles' End step
Phase: Ai(1)-Destyn_Turtles' Cleanup step
Turn: Turn 35 (Ai(2)-GGS_Higure_only)
Phase: Ai(2)-GGS_Higure_only's Untap step
Phase: Ai(2)-GGS_Higure_only's Upkeep step
Phase: Ai(2)-GGS_Higure_only's Draw step
Phase: Ai(2)-GGS_Higure_only's Main phase, precombat
Land: Ai(2)-GGS_Higure_only played Command Beacon (162)
Phase: Ai(2)-GGS_Higure_only's Beginning of Combat Step
Phase: Ai(2)-GGS_Higure_only's Declare Attackers Step
Combat: Ai(2)-GGS_Higure_only assigned Goro-Goro and Satoru (201) to attack Ai(3)-Jaymie_Ezio.
Phase: Ai(2)-GGS_Higure_only's Declare Blockers Step
Combat: Ai(3)-Jaymie_Ezio didn't block Goro-Goro and Satoru (201).
Phase: Ai(2)-GGS_Higure_only's First Strike Damage Step
Phase: Ai(2)-GGS_Higure_only's Combat Damage Step
Damage: Goro-Goro and Satoru (201) deals 3 combat damage to Ai(3)-Jaymie_Ezio.
Life: Life: Ai(3)-Jaymie_Ezio 30 > 27
Phase: Ai(2)-GGS_Higure_only's End of Combat Step
Phase: Ai(2)-GGS_Higure_only's Main phase, postcombat
Phase: Ai(2)-GGS_Higure_only's End step
Phase: Ai(2)-GGS_Higure_only's Cleanup step
Turn: Turn 36 (Ai(3)-Jaymie_Ezio)
Phase: Ai(3)-Jaymie_Ezio's Untap step
Phase: Ai(3)-Jaymie_Ezio's Upkeep step
Phase: Ai(3)-Jaymie_Ezio's Draw step
Phase: Ai(3)-Jaymie_Ezio's Main phase, precombat
Land: Ai(3)-Jaymie_Ezio played Mountain (290)
Mana: Chromatic Lantern (299) - {T}: Add one mana of any color.
Mana: Mountain (289) - {T}: Add one mana of any color.
Add To Stack: Ai(3)-Jaymie_Ezio activated Vorpal Sword targeting [Ezio Auditore da Firenze (302)]
Resolve Stack: Vorpal Sword (212) -  Attach to Ezio Auditore da Firenze (302)
Mana: Mountain (290) - {T}: Add {R}.
Mana: Smoldering Marsh (273) - {T}: Add {R}.
Mana: Command Tower (234) - {T}: Add one mana of any color.
Add To Stack: Ai(3)-Jaymie_Ezio cast Sword of Feast and Famine
Resolve Stack: Sword of Feast and Famine
Mana: Twilight Mire (271) - {T}: Add {C}.
Mana: Kessig Wolf Run (206) - {T}: Add {C}.
Add To Stack: Ai(3)-Jaymie_Ezio activated Sword of Feast and Famine targeting [Ezio Auditore da Firenze (302)]
Resolve Stack: Sword of Feast and Famine (296) -  Attach to Ezio Auditore da Firenze (302)
Phase: Ai(3)-Jaymie_Ezio's Beginning of Combat Step
Phase: Ai(3)-Jaymie_Ezio's Declare Attackers Step
Combat: Ai(3)-Jaymie_Ezio assigned Ezio Auditore da Firenze (302) to attack Ai(4)-Gabe_Food.
Phase: Ai(3)-Jaymie_Ezio's Declare Blockers Step
Combat: Ai(4)-Gabe_Food didn't block Ezio Auditore da Firenze (302).
Phase: Ai(3)-Jaymie_Ezio's First Strike Damage Step
Phase: Ai(3)-Jaymie_Ezio's Combat Damage Step
Damage: Ezio Auditore da Firenze (302) deals 5 combat damage to Ai(4)-Gabe_Food.
Life: Life: Ai(4)-Gabe_Food 28 > 23
Add To Stack: Ai(3)-Jaymie_Ezio triggered Ezio Auditore da Firenze
Add To Stack: Ai(3)-Jaymie_Ezio triggered Sword of Feast and Famine
Add To Stack: Ai(3)-Jaymie_Ezio triggered Vraska Joins Up
Resolve Stack: Whenever a legendary creature you control deals combat damage to a player, draw a card. [Damage Source: Ezio Auditore da Firenze (302), Damaged: Ai(4)-Gabe_Food, Amount: 5]
Discard: Ai(4)-Gabe_Food discards Dusk // Dawn (315).
Resolve Stack: Whenever equipped creature deals combat damage to a player, that player discards a card and you untap all lands you control. [Damage Source: Ezio Auditore da Firenze (302), Damaged: Ai(4)-Gabe_Food, Amount: 5]
Resolve Stack: Whenever Ezio deals combat damage to a player, you may pay {W}{U}{B}{R}{G} if that player has 10 or less life. When you do, that player loses the game. [Damage Source: Ezio Auditore da Firenze (302), Damaged: Ai(4)-Gabe_Food, Amount: 5]
Phase: Ai(3)-Jaymie_Ezio's End of Combat Step
Phase: Ai(3)-Jaymie_Ezio's Main phase, postcombat
Mana: Mountain (289) - {T}: Add one mana of any color.
Mana: Mountain (290) - {T}: Add one mana of any color.
Add To Stack: Ai(3)-Jaymie_Ezio cast Lydia Frye
Resolve Stack: Lydia Frye - Creature 3 / 2
Mana: Smoldering Marsh (273) - {T}: Add {B}.
Add To Stack: Ai(3)-Jaymie_Ezio cast Assassin Initiate
Resolve Stack: Assassin Initiate - Creature 1 / 1
Mana: Command Tower (234) - {T}: Add one mana of any color in your commander's color identity.
Mana: Twilight Mire (271) - {T}: Add one mana of any color.
Add To Stack: Ai(3)-Jaymie_Ezio activated Vorpal Sword targeting [Lydia Frye (287)]
Resolve Stack: Vorpal Sword (212) -  Attach to Lydia Frye (287)
Phase: Ai(3)-Jaymie_Ezio's End step
Add To Stack: Ai(3)-Jaymie_Ezio triggered Lydia Frye
Resolve Stack: Ai(3)-Jaymie_Ezio surveiled 1 card(s) to the top of the library
Resolve Stack: At the beginning of your end step, surveil X, where X is the number of tapped Assassins you control. (Look at the top X cards of your library, then put any number of them into your graveyard and the rest on top of your library in any order.) [Phase: Ai(3)-Jaymie_Ezio]
Phase: Ai(3)-Jaymie_Ezio's Cleanup step
Turn: Turn 37 (Ai(4)-Gabe_Food)
Phase: Ai(4)-Gabe_Food's Untap step
Phase: Ai(4)-Gabe_Food's Upkeep step
Phase: Ai(4)-Gabe_Food's Draw step
Phase: Ai(4)-Gabe_Food's Main phase, precombat
Land: Ai(4)-Gabe_Food played Plains (391)
Mana: Plains (392) - {T}: Add {W}.
Mana: Plains (391) - {T}: Add {W}.
Mana: Forest (335) - {T}: Add {G}.
Mana: Forest (340) - {T}: Add {G}.
Mana: Swamp (365) - {T}: Add {B}.
Add To Stack: Ai(4)-Gabe_Food cast Dawn
Resolve Stack: Dawn (315) - Return all creature cards with power 2 or less from your graveyard to your hand.
Replacement Effect: Aftermath (Cast this spell only from your graveyard. Then exile it.)
Phase: Ai(4)-Gabe_Food's Beginning of Combat Step
Phase: Ai(4)-Gabe_Food's Declare Attackers Step
Phase: Ai(4)-Gabe_Food's Declare Blockers Step
Phase: Ai(4)-Gabe_Food's First Strike Damage Step
Phase: Ai(4)-Gabe_Food's Combat Damage Step
Phase: Ai(4)-Gabe_Food's End of Combat Step
Phase: Ai(4)-Gabe_Food's Main phase, postcombat
Mana: Graypelt Refuge (347) - {T}: Add {G} or {W}.
Mana: Rogue's Passage (331) - {T}: Add {C}.
Add To Stack: Ai(4)-Gabe_Food cast Prize Pig
Resolve Stack: Prize Pig - Creature 0 / 3
Phase: Ai(4)-Gabe_Food's End step
Phase: Ai(4)-Gabe_Food's Cleanup step
Turn: Turn 38 (Ai(1)-Destyn_Turtles)
Phase: Ai(1)-Destyn_Turtles' Untap step
Phase: Ai(1)-Destyn_Turtles' Upkeep step
Phase: Ai(1)-Destyn_Turtles' Draw step
Phase: Ai(1)-Destyn_Turtles' Main phase, precombat
Phase: Ai(1)-Destyn_Turtles' Beginning of Combat Step
Phase: Ai(1)-Destyn_Turtles' Declare Attackers Step
Phase: Ai(1)-Destyn_Turtles' Declare Blockers Step
Phase: Ai(1)-Destyn_Turtles' First Strike Damage Step
Phase: Ai(1)-Destyn_Turtles' Combat Damage Step
Phase: Ai(1)-Destyn_Turtles' End of Combat Step
Phase: Ai(1)-Destyn_Turtles' Main phase, postcombat
Mana: Exotic Orchard (41) - {T}: Add one mana of any color that a land an opponent controls could produce.
Mana: Plains (87) - {T}: Add {W}.
Mana: Hinterland Harbor (23) - {T}: Add {G} or {U}.
Mana: Rootbound Crag (93) - {T}: Add {R} or {G}.
Add To Stack: Ai(1)-Destyn_Turtles cast Michelangelo, the Heart
Resolve Stack: Michelangelo, the Heart - Creature 2 / 1
Mana: Sunken Hollow (24) - {T}: Add {B}.
Mana: Path of Ancestry (12) - {T}: Add one mana of any color in your commander's color identity. When that mana is spent to cast a creature spell that shares a creature type with your commander, scry 1. (Look at the top card of your library. You may put that card on the bottom.)
Add To Stack: Ai(1)-Destyn_Turtles cast Arcane Signet
Resolve Stack: Arcane Signet
Phase: Ai(1)-Destyn_Turtles' End step
Phase: Ai(1)-Destyn_Turtles' Cleanup step
Turn: Turn 39 (Ai(2)-GGS_Higure_only)
Phase: Ai(2)-GGS_Higure_only's Untap step
Phase: Ai(2)-GGS_Higure_only's Upkeep step
Phase: Ai(2)-GGS_Higure_only's Draw step
Phase: Ai(2)-GGS_Higure_only's Main phase, precombat
Mana: Sol Ring (141) - {T}: Add {C}{C}.
Add To Stack: Ai(2)-GGS_Higure_only cast Gingerbrute
Resolve Stack: Gingerbrute - Creature 1 / 1
Phase: Ai(2)-GGS_Higure_only's Beginning of Combat Step
Phase: Ai(2)-GGS_Higure_only's Declare Attackers Step
Phase: Ai(2)-GGS_Higure_only's Declare Blockers Step
Phase: Ai(2)-GGS_Higure_only's First Strike Damage Step
Phase: Ai(2)-GGS_Higure_only's Combat Damage Step
Phase: Ai(2)-GGS_Higure_only's End of Combat Step
Phase: Ai(2)-GGS_Higure_only's Main phase, postcombat
Phase: Ai(2)-GGS_Higure_only's End step
Phase: Ai(2)-GGS_Higure_only's Cleanup step
Turn: Turn 40 (Ai(3)-Jaymie_Ezio)
Phase: Ai(3)-Jaymie_Ezio's Untap step
Phase: Ai(3)-Jaymie_Ezio's Upkeep step
Phase: Ai(3)-Jaymie_Ezio's Draw step
Phase: Ai(3)-Jaymie_Ezio's Main phase, precombat
Phase: Ai(3)-Jaymie_Ezio's Beginning of Combat Step
Phase: Ai(3)-Jaymie_Ezio's Declare Attackers Step
Combat: Ai(3)-Jaymie_Ezio assigned Ezio Auditore da Firenze (302) and Lydia Frye (287) to attack Ai(4)-Gabe_Food.
Phase: Ai(3)-Jaymie_Ezio's Declare Blockers Step
Combat: Ai(4)-Gabe_Food didn't block Ezio Auditore da Firenze (302).
Ai(4)-Gabe_Food didn't block Lydia Frye (287).
Mana: Chromatic Lantern (299) - {T}: Add one mana of any color.
Mana: Mountain (289) - {T}: Add {R}.
Mana: Mountain (290) - {T}: Add {R}.
Mana: Smoldering Marsh (273) - {T}: Add {R}.
Mana: Command Tower (234) - {T}: Add one mana of any color.
Mana: Twilight Mire (271) - {T}: Add {C}.
Add To Stack: Ai(3)-Jaymie_Ezio activated Kessig Wolf Run targeting [Ezio Auditore da Firenze (302)]
Resolve Stack: Kessig Wolf Run (206) - Ezio Auditore da Firenze (302) gets +4/+0 and gains trample until end of turn. (X=4)
Phase: Ai(3)-Jaymie_Ezio's First Strike Damage Step
Phase: Ai(3)-Jaymie_Ezio's Combat Damage Step
Damage: Ezio Auditore da Firenze (302) deals 9 combat damage to Ai(4)-Gabe_Food.
Damage: Lydia Frye (287) deals 5 combat damage to Ai(4)-Gabe_Food.
Life: Life: Ai(4)-Gabe_Food 23 > 9
Add To Stack: Ai(3)-Jaymie_Ezio triggered Ezio Auditore da Firenze
Add To Stack: Ai(3)-Jaymie_Ezio triggered Sword of Feast and Famine
Add To Stack: Ai(3)-Jaymie_Ezio triggered Vraska Joins Up
Add To Stack: Ai(3)-Jaymie_Ezio triggered Vraska Joins Up
Resolve Stack: Whenever a legendary creature you control deals combat damage to a player, draw a card. [Damage Source: Lydia Frye (287), Damaged: Ai(4)-Gabe_Food, Amount: 5]
Resolve Stack: Whenever a legendary creature you control deals combat damage to a player, draw a card. [Damage Source: Ezio Auditore da Firenze (302), Damaged: Ai(4)-Gabe_Food, Amount: 9]
Discard: Ai(4)-Gabe_Food discards Chromatic Lantern (401).
Resolve Stack: Whenever equipped creature deals combat damage to a player, that player discards a card and you untap all lands you control. [Damage Source: Ezio Auditore da Firenze (302), Damaged: Ai(4)-Gabe_Food, Amount: 9]
Mana: Mountain (289) - {T}: Add one mana of any color.
Mana: Mountain (290) - {T}: Add one mana of any color.
Mana: Smoldering Marsh (273) - {T}: Add one mana of any color.
Mana: Command Tower (234) - {T}: Add one mana of any color in your commander's color identity.
Mana: Twilight Mire (271) - {T}: Add one mana of any color.
Resolve Stack: Whenever Ezio deals combat damage to a player, you may pay {W}{U}{B}{R}{G} if that player has 10 or less life. When you do, that player loses the game. [Damage Source: Ezio Auditore da Firenze (302), Damaged: Ai(4)-Gabe_Food, Amount: 9]
Add To Stack: Ai(3)-Jaymie_Ezio triggered Ezio Auditore da Firenze
Resolve Stack: When you do, that player loses the game.
Phase: Ai(3)-Jaymie_Ezio's End of Combat Step
Phase: Ai(3)-Jaymie_Ezio's Main phase, postcombat
Phase: Ai(3)-Jaymie_Ezio's End step
Add To Stack: Ai(3)-Jaymie_Ezio triggered Lydia Frye
Resolve Stack: Ai(3)-Jaymie_Ezio surveiled 2 card(s) to the top of the library
Resolve Stack: At the beginning of your end step, surveil X, where X is the number of tapped Assassins you control. (Look at the top X cards of your library, then put any number of them into your graveyard and the rest on top of your library in any order.) [Phase: Ai(3)-Jaymie_Ezio]
Phase: Ai(3)-Jaymie_Ezio's Cleanup step
Turn: Turn 41 (Ai(1)-Destyn_Turtles)
Phase: Ai(1)-Destyn_Turtles' Untap step
Phase: Ai(1)-Destyn_Turtles' Upkeep step
Phase: Ai(1)-Destyn_Turtles' Draw step
Phase: Ai(1)-Destyn_Turtles' Main phase, precombat
Mana: Plains (87) - {T}: Add {W}.
Mana: Exotic Orchard (41) - {T}: Add one mana of any color that a land an opponent controls could produce.
Add To Stack: Ai(1)-Destyn_Turtles cast Together Forever
Resolve Stack: Together Forever
Add To Stack: Ai(1)-Destyn_Turtles triggered Together Forever targeting [Leonardo, the Balance (101), Michelangelo, the Heart (99)]
Resolve Stack: When Together Forever enters, support 2. (Put a +1/+1 counter on each of up to two other target creatures.) (Targeting: [[Leonardo, the Balance (101), Michelangelo, the Heart (99)]]) [Zone Changer: Together Forever (14)]
Phase: Ai(1)-Destyn_Turtles' Beginning of Combat Step
Phase: Ai(1)-Destyn_Turtles' Declare Attackers Step
Phase: Ai(1)-Destyn_Turtles' Declare Blockers Step
Phase: Ai(1)-Destyn_Turtles' First Strike Damage Step
Phase: Ai(1)-Destyn_Turtles' Combat Damage Step
Phase: Ai(1)-Destyn_Turtles' End of Combat Step
Phase: Ai(1)-Destyn_Turtles' Main phase, postcombat
Mana: Sunken Hollow (24) - {T}: Add {B}.
Mana: Hinterland Harbor (23) - {T}: Add {G} or {U}.
Mana: Rootbound Crag (93) - {T}: Add {R} or {G}.
Mana: Path of Ancestry (12) - {T}: Add one mana of any color in your commander's color identity. When that mana is spent to cast a creature spell that shares a creature type with your commander, scry 1. (Look at the top card of your library. You may put that card on the bottom.)
Add To Stack: Ai(1)-Destyn_Turtles cast Dimension X Pizzasaur
Add To Stack: Ai(1)-Destyn_Turtles triggered Path of Ancestry
Resolve Stack: Ai(1)-Destyn_Turtles scried 1 card(s) to the top of the library
Resolve Stack: When mana produced by Path of Ancestry is spent to cast a creature spell that shares a creature type with your commander, scry 1. ([Dimension X Pizzasaur - Creature 2 / 1]) [Card: Dimension X Pizzasaur (39), Activator: Ai(1)-Destyn_Turtles, SpellAbility: Dimension X Pizzasaur - Creature 2 / 1]
Resolve Stack: Dimension X Pizzasaur - Creature 2 / 1
Add To Stack: Ai(1)-Destyn_Turtles triggered Dimension X Pizzasaur targeting [Leonardo, the Balance (101)]
Resolve Stack: When this creature enters, put two +1/+1 counters on target creature. When you do, destroy up to one target creature with mana value less than or equal to the number of counters among permanents you control. (Targeting: [[Leonardo, the Balance (101)]]) [Zone Changer: Dimension X Pizzasaur (39)]
Add To Stack: Ai(1)-Destyn_Turtles triggered Dimension X Pizzasaur targeting [Lydia Frye (287)]
Zone Change: Lydia Frye (287) was put into Graveyard from Battlefield.
Resolve Stack: When you do, destroy up to one target creature with mana value less than or equal to the number of counters among permanents you control. (Targeting: [[Lydia Frye (287)]])
Phase: Ai(1)-Destyn_Turtles' End step
Phase: Ai(1)-Destyn_Turtles' Cleanup step
Turn: Turn 42 (Ai(2)-GGS_Higure_only)
Phase: Ai(2)-GGS_Higure_only's Untap step
Phase: Ai(2)-GGS_Higure_only's Upkeep step
Phase: Ai(2)-GGS_Higure_only's Draw step
Phase: Ai(2)-GGS_Higure_only's Main phase, precombat
Land: Ai(2)-GGS_Higure_only played Scalding Tarn (155)
Life: Life: Ai(2)-GGS_Higure_only 9 > 8
Zone Change: Scalding Tarn (155) was put into Graveyard from Battlefield.
Add To Stack: Ai(2)-GGS_Higure_only activated Scalding Tarn
Replacement Effect: Undercity Sewers enters tapped.
Resolve Stack: Scalding Tarn (155) - Ai(2)-GGS_Higure_only searches their library for an Island or Mountain card, puts it onto the battlefield, then shuffles.
Add To Stack: Ai(2)-GGS_Higure_only triggered Undercity Sewers
Resolve Stack: Ai(2)-GGS_Higure_only surveiled 1 card(s) to the top of the library
Resolve Stack: When Undercity Sewers enters, surveil 1. (Look at the top card of your library. You may put it into your graveyard.) [Zone Changer: Undercity Sewers (104)]
Phase: Ai(2)-GGS_Higure_only's Beginning of Combat Step
Phase: Ai(2)-GGS_Higure_only's Declare Attackers Step
Phase: Ai(2)-GGS_Higure_only's Declare Blockers Step
Phase: Ai(2)-GGS_Higure_only's First Strike Damage Step
Phase: Ai(2)-GGS_Higure_only's Combat Damage Step
Phase: Ai(2)-GGS_Higure_only's End of Combat Step
Phase: Ai(2)-GGS_Higure_only's Main phase, postcombat
Phase: Ai(2)-GGS_Higure_only's End step
Phase: Ai(2)-GGS_Higure_only's Cleanup step
Turn: Turn 43 (Ai(3)-Jaymie_Ezio)
Phase: Ai(3)-Jaymie_Ezio's Untap step
Phase: Ai(3)-Jaymie_Ezio's Upkeep step
Phase: Ai(3)-Jaymie_Ezio's Draw step
Phase: Ai(3)-Jaymie_Ezio's Main phase, precombat
Land: Ai(3)-Jaymie_Ezio played Swamp (261)
Mana: Chromatic Lantern (299) - {T}: Add one mana of any color.
Mana: Mountain (289) - {T}: Add one mana of any color.
Add To Stack: Ai(3)-Jaymie_Ezio activated Vorpal Sword targeting [Assassin Initiate (253)]
Resolve Stack: Vorpal Sword (212) -  Attach to Assassin Initiate (253)
Mana: Mountain (290) - {T}: Add one mana of any color.
Mana: Swamp (261) - {T}: Add {B}.
Mana: Smoldering Marsh (273) - {T}: Add {R}.
Add To Stack: Ai(3)-Jaymie_Ezio cast Caduceus, Staff of Hermes
Resolve Stack: Caduceus, Staff of Hermes
Mana: Command Tower (234) - {T}: Add one mana of any color in your commander's color identity.
Mana: Twilight Mire (271) - {T}: Add one mana of any color.
Add To Stack: Ai(3)-Jaymie_Ezio activated Caduceus, Staff of Hermes targeting [Ezio Auditore da Firenze (302)]
Resolve Stack: Caduceus, Staff of Hermes (219) -  Attach to Ezio Auditore da Firenze (302)
Phase: Ai(3)-Jaymie_Ezio's Beginning of Combat Step
Phase: Ai(3)-Jaymie_Ezio's Declare Attackers Step
Combat: Ai(3)-Jaymie_Ezio assigned Ezio Auditore da Firenze (302) to attack Ai(1)-Destyn_Turtles.
Phase: Ai(3)-Jaymie_Ezio's Declare Blockers Step
Combat: Ai(1)-Destyn_Turtles didn't block Ezio Auditore da Firenze (302).
Phase: Ai(3)-Jaymie_Ezio's First Strike Damage Step
Phase: Ai(3)-Jaymie_Ezio's Combat Damage Step
Damage: Ezio Auditore da Firenze (302) deals 5 combat damage to Ai(1)-Destyn_Turtles.
Life: Life: Ai(3)-Jaymie_Ezio 27 > 32
Life: Life: Ai(1)-Destyn_Turtles 39 > 34
Add To Stack: Ai(3)-Jaymie_Ezio triggered Ezio Auditore da Firenze
Add To Stack: Ai(3)-Jaymie_Ezio triggered Sword of Feast and Famine
Add To Stack: Ai(3)-Jaymie_Ezio triggered Vraska Joins Up
Resolve Stack: Whenever a legendary creature you control deals combat damage to a player, draw a card. [Damage Source: Ezio Auditore da Firenze (302), Damaged: Ai(1)-Destyn_Turtles, Amount: 5]
Discard: Ai(1)-Destyn_Turtles discards High Score (49).
Resolve Stack: Whenever equipped creature deals combat damage to a player, that player discards a card and you untap all lands you control. [Damage Source: Ezio Auditore da Firenze (302), Damaged: Ai(1)-Destyn_Turtles, Amount: 5]
Resolve Stack: Whenever Ezio deals combat damage to a player, you may pay {W}{U}{B}{R}{G} if that player has 10 or less life. When you do, that player loses the game. [Damage Source: Ezio Auditore da Firenze (302), Damaged: Ai(1)-Destyn_Turtles, Amount: 5]
Phase: Ai(3)-Jaymie_Ezio's End of Combat Step
Phase: Ai(3)-Jaymie_Ezio's Main phase, postcombat
Mana: Mountain (289) - {T}: Add one mana of any color.
Mana: Mountain (290) - {T}: Add one mana of any color.
Mana: Swamp (261) - {T}: Add one mana of any color.
Discard: Ai(3)-Jaymie_Ezio discards Twisted Landscape (211).
Add To Stack: Ai(3)-Jaymie_Ezio activated Twisted Landscape
Resolve Stack: Twisted Landscape (211) - Ai(3)-Jaymie_Ezio draws a card.
Mana: Smoldering Marsh (273) - {T}: Add one mana of any color.
Mana: Command Tower (234) - {T}: Add one mana of any color in your commander's color identity.
Mana: Twilight Mire (271) - {T}: Add {C}.
Add To Stack: Ai(3)-Jaymie_Ezio cast Rooftop Bypass
Resolve Stack: Rooftop Bypass
Phase: Ai(3)-Jaymie_Ezio's End step
Phase: Ai(3)-Jaymie_Ezio's Cleanup step
Turn: Turn 44 (Ai(1)-Destyn_Turtles)
Phase: Ai(1)-Destyn_Turtles' Untap step
Phase: Ai(1)-Destyn_Turtles' Upkeep step
Phase: Ai(1)-Destyn_Turtles' Draw step
Phase: Ai(1)-Destyn_Turtles' Main phase, precombat
Phase: Ai(1)-Destyn_Turtles' Beginning of Combat Step
Phase: Ai(1)-Destyn_Turtles' Declare Attackers Step
Phase: Ai(1)-Destyn_Turtles' Declare Blockers Step
Phase: Ai(1)-Destyn_Turtles' First Strike Damage Step
Phase: Ai(1)-Destyn_Turtles' Combat Damage Step
Phase: Ai(1)-Destyn_Turtles' End of Combat Step
Phase: Ai(1)-Destyn_Turtles' Main phase, postcombat
Mana: Plains (87) - {T}: Add {W}.
Mana: Exotic Orchard (41) - {T}: Add one mana of any color that a land an opponent controls could produce.
Mana: Hinterland Harbor (23) - {T}: Add {G} or {U}.
Mana: Rootbound Crag (93) - {T}: Add {R} or {G}.
Add To Stack: Ai(1)-Destyn_Turtles cast Big Mother Mouser
Replacement Effect: Big Mother Mouser enters with two +1/+1 counters on it.
Resolve Stack: Big Mother Mouser - Creature 0 / 0
Mana: Path of Ancestry (12) - {T}: Add one mana of any color in your commander's color identity. When that mana is spent to cast a creature spell that shares a creature type with your commander, scry 1. (Look at the top card of your library. You may put that card on the bottom.)
Mana: Arcane Signet (48) - {T}: Add one mana of any color in your commander's color identity.
Mana: Sunken Hollow (24) - {T}: Add {B}.
Add To Stack: Ai(1)-Destyn_Turtles cast Steelbane Hydra
Add To Stack: Ai(1)-Destyn_Turtles triggered Path of Ancestry
Resolve Stack: Ai(1)-Destyn_Turtles scried 1 card(s) to the top of the library
Resolve Stack: When mana produced by Path of Ancestry is spent to cast a creature spell that shares a creature type with your commander, scry 1. ([Steelbane Hydra - Creature 0 / 0 (X=0)]) [Card: Steelbane Hydra (34), Activator: Ai(1)-Destyn_Turtles, SpellAbility: Steelbane Hydra - Creature 0 / 0 (X=0)]
Replacement Effect: Steelbane Hydra enters with X +1/+1 counters on it.
Resolve Stack: Steelbane Hydra - Creature 0 / 0 (X=1)
Phase: Ai(1)-Destyn_Turtles' End step
Phase: Ai(1)-Destyn_Turtles' Cleanup step
Turn: Turn 45 (Ai(2)-GGS_Higure_only)
Phase: Ai(2)-GGS_Higure_only's Untap step
Phase: Ai(2)-GGS_Higure_only's Upkeep step
Phase: Ai(2)-GGS_Higure_only's Draw step
Phase: Ai(2)-GGS_Higure_only's Main phase, precombat
Phase: Ai(2)-GGS_Higure_only's Beginning of Combat Step
Phase: Ai(2)-GGS_Higure_only's Declare Attackers Step
Phase: Ai(2)-GGS_Higure_only's Declare Blockers Step
Phase: Ai(2)-GGS_Higure_only's First Strike Damage Step
Phase: Ai(2)-GGS_Higure_only's Combat Damage Step
Phase: Ai(2)-GGS_Higure_only's End of Combat Step
Phase: Ai(2)-GGS_Higure_only's Main phase, postcombat
Mana: Sol Ring (141) - {T}: Add {C}{C}.
Add To Stack: Ai(2)-GGS_Higure_only cast Arcane Signet
Resolve Stack: Arcane Signet
Phase: Ai(2)-GGS_Higure_only's End step
Phase: Ai(2)-GGS_Higure_only's Cleanup step
Turn: Turn 46 (Ai(3)-Jaymie_Ezio)
Phase: Ai(3)-Jaymie_Ezio's Untap step
Phase: Ai(3)-Jaymie_Ezio's Upkeep step
Phase: Ai(3)-Jaymie_Ezio's Draw step
Phase: Ai(3)-Jaymie_Ezio's Main phase, precombat
Phase: Ai(3)-Jaymie_Ezio's Beginning of Combat Step
Phase: Ai(3)-Jaymie_Ezio's Declare Attackers Step
Combat: Ai(3)-Jaymie_Ezio assigned Ezio Auditore da Firenze (302) to attack Ai(1)-Destyn_Turtles.
Phase: Ai(3)-Jaymie_Ezio's Declare Blockers Step
Combat: Ai(1)-Destyn_Turtles assigned Big Mother Mouser (40) and Leonardo, the Balance (101) to block Ezio Auditore da Firenze (302).
Mana: Chromatic Lantern (299) - {T}: Add one mana of any color.
Mana: Mountain (289) - {T}: Add {R}.
Mana: Mountain (290) - {T}: Add {R}.
Mana: Swamp (261) - {T}: Add {B}.
Mana: Smoldering Marsh (273) - {T}: Add {R}.
Mana: Command Tower (234) - {T}: Add one mana of any color.
Mana: Twilight Mire (271) - {T}: Add {C}.
Add To Stack: Ai(3)-Jaymie_Ezio activated Kessig Wolf Run targeting [Ezio Auditore da Firenze (302)]
Resolve Stack: Kessig Wolf Run (206) - Ezio Auditore da Firenze (302) gets +5/+0 and gains trample until end of turn. (X=5)
Phase: Ai(3)-Jaymie_Ezio's First Strike Damage Step
Phase: Ai(3)-Jaymie_Ezio's Combat Damage Step
Replacement Effect: Prevent all damage that would be dealt to Ezio Auditore da Firenze.
Replacement Effect: Prevent all damage that would be dealt to Ezio Auditore da Firenze.
Damage: Ezio Auditore da Firenze (302) deals 7 combat damage to Ai(1)-Destyn_Turtles.
Damage: Ezio Auditore da Firenze (302) deals 6 damage to Leonardo, the Balance (101).
Damage: Ezio Auditore da Firenze (302) deals 2 damage to Big Mother Mouser (40).
Life: Life: Ai(3)-Jaymie_Ezio 32 > 47
Life: Life: Ai(1)-Destyn_Turtles 34 > 27
Zone Change: Leonardo, the Balance (101) was put into Graveyard from Battlefield.
Zone Change: Big Mother Mouser (40) was put into Graveyard from Battlefield.
Add To Stack: Ai(3)-Jaymie_Ezio triggered Ezio Auditore da Firenze
Add To Stack: Ai(3)-Jaymie_Ezio triggered Sword of Feast and Famine
Add To Stack: Ai(3)-Jaymie_Ezio triggered Vraska Joins Up
Add To Stack: Ai(3)-Jaymie_Ezio triggered Rooftop Bypass
Add To Stack: Ai(1)-Destyn_Turtles triggered Big Mother Mouser
Resolve Stack: When this creature dies, create a number of 1/1 colorless Robot artifact creature tokens equal to the number of +1/+1 counters on this creature. [Zone Changer: Big Mother Mouser (40)]
Resolve Stack: Whenever one or more nontoken creatures you control deal combat damage to a player, create a 1/1 black Assassin creature token with menace. (It can't be blocked except by two or more creatures.) [Damaged: Ai(1)-Destyn_Turtles, Amount: 7]
Resolve Stack: Whenever a legendary creature you control deals combat damage to a player, draw a card. [Damage Source: Ezio Auditore da Firenze (302), Damaged: Ai(1)-Destyn_Turtles, Amount: 7]
Discard: Ai(1)-Destyn_Turtles discards Rain-Slicked Copse (57).
Resolve Stack: Whenever equipped creature deals combat damage to a player, that player discards a card and you untap all lands you control. [Damage Source: Ezio Auditore da Firenze (302), Damaged: Ai(1)-Destyn_Turtles, Amount: 7]
Resolve Stack: Whenever Ezio deals combat damage to a player, you may pay {W}{U}{B}{R}{G} if that player has 10 or less life. When you do, that player loses the game. [Damage Source: Ezio Auditore da Firenze (302), Damaged: Ai(1)-Destyn_Turtles, Amount: 7]
Phase: Ai(3)-Jaymie_Ezio's End of Combat Step
Phase: Ai(3)-Jaymie_Ezio's Main phase, postcombat
Land: Ai(3)-Jaymie_Ezio played Abstergo Entertainment (222)
Mana: Mountain (289) - {T}: Add one mana of any color.
Mana: Mountain (290) - {T}: Add one mana of any color.
Add To Stack: Ai(3)-Jaymie_Ezio cast Ezio, Blade of Vengeance
Resolve Stack: Ezio, Blade of Vengeance - Creature 5 / 5
Mana: Swamp (261) - {T}: Add {B}.
Mana: Smoldering Marsh (273) - {T}: Add {R}.
Mana: Command Tower (234) - {T}: Add one mana of any color.
Zone Change: Abstergo Entertainment (222) was put into Exile from Battlefield.
Add To Stack: Ai(3)-Jaymie_Ezio activated Abstergo Entertainment targeting [Arno Dorian (226)]
Resolve Stack: Abstergo Entertainment (222) - Return Arno Dorian (226) from the graveyard to its owner's hand. 
Mana: Twilight Mire (271) - {T}: Add one mana of any color.
Mana: Kessig Wolf Run (206) - {T}: Add one mana of any color.
Add To Stack: Ai(3)-Jaymie_Ezio cast Arno Dorian
Resolve Stack: Arno Dorian - Creature 3 / 3
Phase: Ai(3)-Jaymie_Ezio's End step
Phase: Ai(3)-Jaymie_Ezio's Cleanup step
Turn: Turn 47 (Ai(1)-Destyn_Turtles)
Phase: Ai(1)-Destyn_Turtles' Untap step
Phase: Ai(1)-Destyn_Turtles' Upkeep step
Phase: Ai(1)-Destyn_Turtles' Draw step
Phase: Ai(1)-Destyn_Turtles' Main phase, precombat
Phase: Ai(1)-Destyn_Turtles' Beginning of Combat Step
Phase: Ai(1)-Destyn_Turtles' Declare Attackers Step
Phase: Ai(1)-Destyn_Turtles' Declare Blockers Step
Phase: Ai(1)-Destyn_Turtles' First Strike Damage Step
Phase: Ai(1)-Destyn_Turtles' Combat Damage Step
Phase: Ai(1)-Destyn_Turtles' End of Combat Step
Phase: Ai(1)-Destyn_Turtles' Main phase, postcombat
Mana: Exotic Orchard (41) - {T}: Add one mana of any color that a land an opponent controls could produce.
Mana: Hinterland Harbor (23) - {T}: Add {G} or {U}.
Mana: Plains (87) - {T}: Add {W}.
Mana: Rootbound Crag (93) - {T}: Add {R} or {G}.
Add To Stack: Ai(1)-Destyn_Turtles cast Harmonize
Resolve Stack: Harmonize (63) - Ai(1)-Destyn_Turtles draws three cards.
Replacement Effect: Thriving Moor enters tapped.
Replacement Effect: As Thriving Moor enters, choose a color other than black.
Land: Ai(1)-Destyn_Turtles played Thriving Moor (96)
Mana: Path of Ancestry (12) - {T}: Add one mana of any color in your commander's color identity. When that mana is spent to cast a creature spell that shares a creature type with your commander, scry 1. (Look at the top card of your library. You may put that card on the bottom.)
Mana: Sunken Hollow (24) - {T}: Add {B}.
Mana: Arcane Signet (48) - {T}: Add one mana of any color in your commander's color identity.
Add To Stack: Ai(1)-Destyn_Turtles cast Rocksteady, Mutant Marauder
Add To Stack: Ai(1)-Destyn_Turtles triggered Path of Ancestry
Resolve Stack: Ai(1)-Destyn_Turtles scried 1 card(s) to the bottom of the library
Resolve Stack: When mana produced by Path of Ancestry is spent to cast a creature spell that shares a creature type with your commander, scry 1. ([Rocksteady, Mutant Marauder - Creature 3 / 3]) [Card: Rocksteady, Mutant Marauder (82), Activator: Ai(1)-Destyn_Turtles, SpellAbility: Rocksteady, Mutant Marauder - Creature 3 / 3]
Resolve Stack: Rocksteady, Mutant Marauder - Creature 3 / 3
Add To Stack: Ai(1)-Destyn_Turtles triggered Rocksteady, Mutant Marauder targeting [Ai(1)-Destyn_Turtles]
Resolve Stack: Partner with Bebop, Skull & Crossbones (When this creature enters, target player may put Bebop into their hand from their library, then shuffle.) (Targeting: [[Ai(1)-Destyn_Turtles]]) [Zone Changer: Rocksteady, Mutant Marauder (82)]
Phase: Ai(1)-Destyn_Turtles' End step
Phase: Ai(1)-Destyn_Turtles' Cleanup step
Turn: Turn 48 (Ai(2)-GGS_Higure_only)
Phase: Ai(2)-GGS_Higure_only's Untap step
Phase: Ai(2)-GGS_Higure_only's Upkeep step
Phase: Ai(2)-GGS_Higure_only's Draw step
Phase: Ai(2)-GGS_Higure_only's Main phase, precombat
Mana: Mountain (195) - {T}: Add {R}.
Mana: Sol Ring (141) - {T}: Add {C}{C}.
Mana: Blood Crypt (167) - {T}: Add {R}.
Mana: Steam Vents (144) - {T}: Add {R}.
Add To Stack: Ai(2)-GGS_Higure_only cast Vandalblast
Zone Change: Chromatic Lantern (299) was put into Graveyard from Battlefield.
Zone Change: Vorpal Sword (212) was put into Graveyard from Battlefield.
Zone Change: Haystack (205) was put into Graveyard from Battlefield.
Zone Change: Sword of Feast and Famine (296) was put into Graveyard from Battlefield.
Zone Change: Caduceus, Staff of Hermes (219) was put into Graveyard from Battlefield.
Zone Change: Arcane Signet (48) was put into Graveyard from Battlefield.
Zone Change: Dimension X Pizzasaur (39) was put into Graveyard from Battlefield.
Zone Change: Robot Token (467) was put into Graveyard from Battlefield.
Zone Change: Robot Token (468) was put into Graveyard from Battlefield.
Resolve Stack: Vandalblast (143) - Destroy each artifact you don't control.
Phase: Ai(2)-GGS_Higure_only's Beginning of Combat Step
Phase: Ai(2)-GGS_Higure_only's Declare Attackers Step
Phase: Ai(2)-GGS_Higure_only's Declare Blockers Step
Phase: Ai(2)-GGS_Higure_only's First Strike Damage Step
Phase: Ai(2)-GGS_Higure_only's Combat Damage Step
Phase: Ai(2)-GGS_Higure_only's End of Combat Step
Phase: Ai(2)-GGS_Higure_only's Main phase, postcombat
Phase: Ai(2)-GGS_Higure_only's End step
Phase: Ai(2)-GGS_Higure_only's Cleanup step
Turn: Turn 49 (Ai(3)-Jaymie_Ezio)
Phase: Ai(3)-Jaymie_Ezio's Untap step
Phase: Ai(3)-Jaymie_Ezio's Upkeep step
Phase: Ai(3)-Jaymie_Ezio's Draw step
Phase: Ai(3)-Jaymie_Ezio's Main phase, precombat
Land: Ai(3)-Jaymie_Ezio played Swamp (260)
Phase: Ai(3)-Jaymie_Ezio's Beginning of Combat Step
Phase: Ai(3)-Jaymie_Ezio's Declare Attackers Step
Combat: Ai(3)-Jaymie_Ezio assigned Ezio, Blade of Vengeance (242), Ezio Auditore da Firenze (302), Assassin Initiate (253), Assassin Token (470) and Arno Dorian (226) to attack Ai(2)-GGS_Higure_only.
Phase: Ai(3)-Jaymie_Ezio's Declare Blockers Step
Combat: Ai(2)-GGS_Higure_only assigned Gingerbrute (166) to block Ezio, Blade of Vengeance (242).
Ai(2)-GGS_Higure_only didn't block Ezio Auditore da Firenze (302).
Ai(2)-GGS_Higure_only assigned Goro-Goro and Satoru (201) to block Assassin Initiate (253).
Ai(2)-GGS_Higure_only didn't block Assassin Token (470).
Ai(2)-GGS_Higure_only didn't block Arno Dorian (226).
Mana: Command Tower (234) - {T}: Add one mana of any color in your commander's color identity.
Mana: Mountain (289) - {T}: Add {R}.
Mana: Mountain (290) - {T}: Add {R}.
Mana: Swamp (261) - {T}: Add {B}.
Mana: Swamp (260) - {T}: Add {B}.
Mana: Smoldering Marsh (273) - {T}: Add {R}.
Mana: Twilight Mire (271) - {T}: Add {C}.
Add To Stack: Ai(3)-Jaymie_Ezio activated Kessig Wolf Run targeting [Ezio, Blade of Vengeance (242)]
Mana: Watery Grave (173) - {T}: Add {B}.
Mana: Undercity Sewers (104) - {T}: Add {B}.
Zone Change: Gingerbrute (166) was put into Graveyard from Battlefield.
Add To Stack: Ai(2)-GGS_Higure_only activated Gingerbrute
Life: Life: Ai(2)-GGS_Higure_only 8 > 11
Resolve Stack: Gingerbrute (166) - Ai(2)-GGS_Higure_only gains 3 life.
Resolve Stack: Kessig Wolf Run (206) - Ezio, Blade of Vengeance (242) gets +5/+0 and gains trample until end of turn. (X=5)
Phase: Ai(3)-Jaymie_Ezio's First Strike Damage Step
Phase: Ai(3)-Jaymie_Ezio's Combat Damage Step
Damage: Ezio, Blade of Vengeance (242) deals 12 combat damage to Ai(2)-GGS_Higure_only.
Damage: Ezio Auditore da Firenze (302) deals 5 combat damage to Ai(2)-GGS_Higure_only.
Damage: Assassin Initiate (253) deals 3 damage to Goro-Goro and Satoru (201).
Damage: Assassin Token (470) deals 3 combat damage to Ai(2)-GGS_Higure_only.
Damage: Arno Dorian (226) deals 3 combat damage to Ai(2)-GGS_Higure_only.
Damage: Goro-Goro and Satoru (201) deals 3 damage to Assassin Initiate (253).
Life: Life: Ai(2)-GGS_Higure_only 11 > -12
Zone Change: Assassin Initiate (253) was put into Graveyard from Battlefield.
Add To Stack: Ai(3)-Jaymie_Ezio triggered Ezio Auditore da Firenze
Add To Stack: Ai(3)-Jaymie_Ezio triggered Vraska Joins Up
Add To Stack: Ai(3)-Jaymie_Ezio triggered Ezio, Blade of Vengeance
Add To Stack: Ai(3)-Jaymie_Ezio triggered Vraska Joins Up
Add To Stack: Ai(3)-Jaymie_Ezio triggered Ezio, Blade of Vengeance
Add To Stack: Ai(3)-Jaymie_Ezio triggered Ezio, Blade of Vengeance
Add To Stack: Ai(3)-Jaymie_Ezio triggered Vraska Joins Up
Add To Stack: Ai(3)-Jaymie_Ezio triggered Ezio, Blade of Vengeance
Add To Stack: Ai(3)-Jaymie_Ezio triggered Rooftop Bypass
Resolve Stack: Whenever one or more nontoken creatures you control deal combat damage to a player, create a 1/1 black Assassin creature token with menace. (It can't be blocked except by two or more creatures.) [Damaged: Ai(2)-GGS_Higure_only, Amount: 20]
Resolve Stack: Whenever an Assassin you control deals combat damage to a player, draw a card. [Damage Source: Arno Dorian (226), Damaged: Ai(2)-GGS_Higure_only, Amount: 3]
Resolve Stack: Whenever a legendary creature you control deals combat damage to a player, draw a card. [Damage Source: Arno Dorian (226), Damaged: Ai(2)-GGS_Higure_only, Amount: 3]
Resolve Stack: Whenever an Assassin you control deals combat damage to a player, draw a card. [Damage Source: Assassin Token (470), Damaged: Ai(2)-GGS_Higure_only, Amount: 3]
Resolve Stack: Whenever an Assassin you control deals combat damage to a player, draw a card. [Damage Source: Ezio Auditore da Firenze (302), Damaged: Ai(2)-GGS_Higure_only, Amount: 5]
Resolve Stack: Whenever a legendary creature you control deals combat damage to a player, draw a card. [Damage Source: Ezio Auditore da Firenze (302), Damaged: Ai(2)-GGS_Higure_only, Amount: 5]
Resolve Stack: Whenever an Assassin you control deals combat damage to a player, draw a card. [Damage Source: Ezio, Blade of Vengeance (242), Damaged: Ai(2)-GGS_Higure_only, Amount: 12]
Resolve Stack: Whenever a legendary creature you control deals combat damage to a player, draw a card. [Damage Source: Ezio, Blade of Vengeance (242), Damaged: Ai(2)-GGS_Higure_only, Amount: 12]
Resolve Stack: Whenever Ezio deals combat damage to a player, you may pay {W}{U}{B}{R}{G} if that player has 10 or less life. When you do, that player loses the game. [Damage Source: Ezio Auditore da Firenze (302), Damaged: Ai(2)-GGS_Higure_only, Amount: 5]
Phase: Ai(3)-Jaymie_Ezio's End of Combat Step
Phase: Ai(3)-Jaymie_Ezio's Main phase, postcombat
Phase: Ai(3)-Jaymie_Ezio's End step
Phase: Ai(3)-Jaymie_Ezio's Cleanup step
Discard: Ai(3)-Jaymie_Ezio discards Exotic Orchard (247).
Discard: Ai(3)-Jaymie_Ezio discards Reconnaissance (267).
Turn: Turn 50 (Ai(1)-Destyn_Turtles)
Phase: Ai(1)-Destyn_Turtles' Untap step
Phase: Ai(1)-Destyn_Turtles' Upkeep step
Phase: Ai(1)-Destyn_Turtles' Draw step
Phase: Ai(1)-Destyn_Turtles' Main phase, precombat
Land: Ai(1)-Destyn_Turtles played Plains (88)
Mana: Exotic Orchard (41) - {T}: Add one mana of any color that a land an opponent controls could produce.
Mana: Thriving Moor (96) - {T}: Add {B} or one mana of the chosen color.
Mana: Plains (87) - {T}: Add {W}.
Mana: Plains (88) - {T}: Add {W}.
Mana: Hinterland Harbor (23) - {T}: Add {G} or {U}.
Add To Stack: Ai(1)-Destyn_Turtles cast Game Over
Zone Change: Michelangelo, the Heart (99) was put into Graveyard from Battlefield.
Zone Change: Steelbane Hydra (34) was put into Graveyard from Battlefield.
Zone Change: Rocksteady, Mutant Marauder (82) was put into Graveyard from Battlefield.
Zone Change: Ezio Auditore da Firenze (302) was put into Graveyard from Battlefield.
Zone Change: Assassin Token (470) was put into Graveyard from Battlefield.
Zone Change: Ezio, Blade of Vengeance (242) was put into Graveyard from Battlefield.
Zone Change: Arno Dorian (226) was put into Graveyard from Battlefield.
Zone Change: Assassin Token (473) was put into Graveyard from Battlefield.
Resolve Stack: Game Over (8) - Destroy all creatures.
Phase: Ai(1)-Destyn_Turtles' Beginning of Combat Step
Phase: Ai(1)-Destyn_Turtles' Declare Attackers Step
Phase: Ai(1)-Destyn_Turtles' Declare Blockers Step
Phase: Ai(1)-Destyn_Turtles' First Strike Damage Step
Phase: Ai(1)-Destyn_Turtles' Combat Damage Step
Phase: Ai(1)-Destyn_Turtles' End of Combat Step
Phase: Ai(1)-Destyn_Turtles' Main phase, postcombat
Mana: Sunken Hollow (24) - {T}: Add {B}.
Mana: Rootbound Crag (93) - {T}: Add {R} or {G}.
Add To Stack: Ai(1)-Destyn_Turtles cast Bebop, Skull & Crossbones
Resolve Stack: Bebop, Skull & Crossbones - Creature 2 / 1
Add To Stack: Ai(1)-Destyn_Turtles triggered Bebop, Skull & Crossbones targeting [Ai(1)-Destyn_Turtles]
Resolve Stack: Partner with Rocksteady, Mutant Marauder (When this creature enters, target player may put Rocksteady into their hand from their library, then shuffle.) (Targeting: [[Ai(1)-Destyn_Turtles]]) [Zone Changer: Bebop, Skull & Crossbones (15)]
Phase: Ai(1)-Destyn_Turtles' End step
Phase: Ai(1)-Destyn_Turtles' Cleanup step
Turn: Turn 51 (Ai(3)-Jaymie_Ezio)
Phase: Ai(3)-Jaymie_Ezio's Untap step
Phase: Ai(3)-Jaymie_Ezio's Upkeep step
Phase: Ai(3)-Jaymie_Ezio's Draw step
Phase: Ai(3)-Jaymie_Ezio's Main phase, precombat
Land: Ai(3)-Jaymie_Ezio played Plains (291)
Mana: Mountain (289) - {T}: Add {R}.
Mana: Mountain (290) - {T}: Add {R}.
Mana: Swamp (261) - {T}: Add {B}.
Add To Stack: Ai(3)-Jaymie_Ezio cast 
Resolve Stack: Disguise - Creature 2/2
Mana: Plains (291) - {T}: Add {W}.
Mana: Smoldering Marsh (273) - {T}: Add {R}.
Mana: Swamp (260) - {T}: Add {B}.
Resolve Stack: Ai(3)-Jaymie_Ezio has undisguised Bayek of Siwa
Phase: Ai(3)-Jaymie_Ezio's Beginning of Combat Step
Phase: Ai(3)-Jaymie_Ezio's Declare Attackers Step
Phase: Ai(3)-Jaymie_Ezio's Declare Blockers Step
Phase: Ai(3)-Jaymie_Ezio's First Strike Damage Step
Phase: Ai(3)-Jaymie_Ezio's Combat Damage Step
Phase: Ai(3)-Jaymie_Ezio's End of Combat Step
Phase: Ai(3)-Jaymie_Ezio's Main phase, postcombat
Mana: Command Tower (234) - {T}: Add one mana of any color in your commander's color identity.
Mana: Twilight Mire (271) - {T}: Add {C}.
Add To Stack: Ai(3)-Jaymie_Ezio cast Cover of Darkness
Replacement Effect: As Cover of Darkness enters, choose a creature type.
Resolve Stack: Cover of Darkness
Phase: Ai(3)-Jaymie_Ezio's End step
Phase: Ai(3)-Jaymie_Ezio's Cleanup step
Turn: Turn 52 (Ai(1)-Destyn_Turtles)
Phase: Ai(1)-Destyn_Turtles' Untap step
Phase: Ai(1)-Destyn_Turtles' Upkeep step
Phase: Ai(1)-Destyn_Turtles' Draw step
Phase: Ai(1)-Destyn_Turtles' Main phase, precombat
Land: Ai(1)-Destyn_Turtles played City of Brass (45)
Phase: Ai(1)-Destyn_Turtles' Beginning of Combat Step
Phase: Ai(1)-Destyn_Turtles' Declare Attackers Step
Phase: Ai(1)-Destyn_Turtles' Declare Blockers Step
Phase: Ai(1)-Destyn_Turtles' First Strike Damage Step
Phase: Ai(1)-Destyn_Turtles' Combat Damage Step
Phase: Ai(1)-Destyn_Turtles' End of Combat Step
Phase: Ai(1)-Destyn_Turtles' Main phase, postcombat
Mana: Exotic Orchard (41) - {T}: Add one mana of any color that a land an opponent controls could produce.
Mana: Plains (87) - {T}: Add {W}.
Mana: Plains (88) - {T}: Add {W}.
Mana: Rootbound Crag (93) - {T}: Add {R} or {G}.
Add To Stack: Ai(1)-Destyn_Turtles cast Casey Jones, Back Alley Brute
Resolve Stack: Casey Jones, Back Alley Brute - Creature 4 / 2
Mana: Hinterland Harbor (23) - {T}: Add {G} or {U}.
Mana: Thriving Moor (96) - {T}: Add {B} or one mana of the chosen color.
Mana: Sunken Hollow (24) - {T}: Add {B}.
Add To Stack: Ai(1)-Destyn_Turtles cast Ray Fillet, Wave Warrior
Resolve Stack: Ray Fillet, Wave Warrior - Creature 0 / 2
Phase: Ai(1)-Destyn_Turtles' End step
Phase: Ai(1)-Destyn_Turtles' Cleanup step
Turn: Turn 53 (Ai(3)-Jaymie_Ezio)
Phase: Ai(3)-Jaymie_Ezio's Untap step
Phase: Ai(3)-Jaymie_Ezio's Upkeep step
Phase: Ai(3)-Jaymie_Ezio's Draw step
Phase: Ai(3)-Jaymie_Ezio's Main phase, precombat
Land: Ai(3)-Jaymie_Ezio played Forest (237)
Phase: Ai(3)-Jaymie_Ezio's Beginning of Combat Step
Phase: Ai(3)-Jaymie_Ezio's Declare Attackers Step
Combat: Ai(3)-Jaymie_Ezio assigned Bayek of Siwa (251) to attack Ai(1)-Destyn_Turtles.
Phase: Ai(3)-Jaymie_Ezio's Declare Blockers Step
Combat: Ai(1)-Destyn_Turtles didn't block Bayek of Siwa (251).
Mana: Forest (237) - {T}: Add {G}.
Mana: Mountain (289) - {T}: Add {R}.
Mana: Mountain (290) - {T}: Add {R}.
Mana: Swamp (261) - {T}: Add {B}.
Mana: Swamp (260) - {T}: Add {B}.
Mana: Plains (291) - {T}: Add {W}.
Mana: Smoldering Marsh (273) - {T}: Add {R}.
Mana: Twilight Mire (271) - {T}: Add {C}.
Mana: Command Tower (234) - {T}: Add one mana of any color in your commander's color identity.
Add To Stack: Ai(3)-Jaymie_Ezio activated Kessig Wolf Run targeting [Bayek of Siwa (251)]
Resolve Stack: Kessig Wolf Run (206) - Bayek of Siwa (251) gets +7/+0 and gains trample until end of turn. (X=7)
Phase: Ai(3)-Jaymie_Ezio's First Strike Damage Step
Damage: Bayek of Siwa (251) deals 10 combat damage to Ai(1)-Destyn_Turtles.
Life: Life: Ai(1)-Destyn_Turtles 27 > 17
Add To Stack: Ai(3)-Jaymie_Ezio triggered Vraska Joins Up
Add To Stack: Ai(3)-Jaymie_Ezio triggered Rooftop Bypass
Resolve Stack: Whenever one or more nontoken creatures you control deal combat damage to a player, create a 1/1 black Assassin creature token with menace. (It can't be blocked except by two or more creatures.) [Damaged: Ai(1)-Destyn_Turtles, Amount: 10]
Resolve Stack: Whenever a legendary creature you control deals combat damage to a player, draw a card. [Damage Source: Bayek of Siwa (251), Damaged: Ai(1)-Destyn_Turtles, Amount: 10]
Phase: Ai(3)-Jaymie_Ezio's Combat Damage Step
Damage: Bayek of Siwa (251) deals 10 combat damage to Ai(1)-Destyn_Turtles.
Life: Life: Ai(1)-Destyn_Turtles 17 > 7
Add To Stack: Ai(3)-Jaymie_Ezio triggered Vraska Joins Up
Add To Stack: Ai(3)-Jaymie_Ezio triggered Rooftop Bypass
Resolve Stack: Whenever one or more nontoken creatures you control deal combat damage to a player, create a 1/1 black Assassin creature token with menace. (It can't be blocked except by two or more creatures.) [Damaged: Ai(1)-Destyn_Turtles, Amount: 10]
Resolve Stack: Whenever a legendary creature you control deals combat damage to a player, draw a card. [Damage Source: Bayek of Siwa (251), Damaged: Ai(1)-Destyn_Turtles, Amount: 10]
Phase: Ai(3)-Jaymie_Ezio's End of Combat Step
Phase: Ai(3)-Jaymie_Ezio's Main phase, postcombat
Phase: Ai(3)-Jaymie_Ezio's End step
Phase: Ai(3)-Jaymie_Ezio's Cleanup step
Turn: Turn 54 (Ai(1)-Destyn_Turtles)
Phase: Ai(1)-Destyn_Turtles' Untap step
Phase: Ai(1)-Destyn_Turtles' Upkeep step
Phase: Ai(1)-Destyn_Turtles' Draw step
Phase: Ai(1)-Destyn_Turtles' Main phase, precombat
Mana: Plains (87) - {T}: Add {W}.
Mana: Exotic Orchard (41) - {T}: Add one mana of any color that a land an opponent controls could produce.
Mana: Plains (88) - {T}: Add {W}.
Mana: Hinterland Harbor (23) - {T}: Add {G} or {U}.
Mana: Rootbound Crag (93) - {T}: Add {R} or {G}.
Mana: Thriving Moor (96) - {T}: Add {B} or one mana of the chosen color.
Mana: Sunken Hollow (24) - {T}: Add {B}.
Mana: City of Brass (45) - {T}: Add one mana of any color.
Add To Stack: Ai(1)-Destyn_Turtles cast Leonardo, the Balance
Add To Stack: Ai(1)-Destyn_Turtles triggered City of Brass
Damage: City of Brass (45) deals 1 non-combat damage to Ai(1)-Destyn_Turtles.
Life: Life: Ai(1)-Destyn_Turtles 7 > 6
Resolve Stack: Whenever City of Brass becomes tapped, it deals 1 damage to you. [Tapped: City of Brass (45)]
Resolve Stack: Leonardo, the Balance - Creature 3 / 3
Add To Stack: Ai(1)-Destyn_Turtles triggered Ray Fillet, Wave Warrior
Resolve Stack: Evolve (Whenever a creature you control enters, if that creature has greater power or toughness than this creature, put a +1/+1 counter on this creature.) [Zone Changer: Leonardo, the Balance (101)]
Add To Stack: Ai(1)-Destyn_Turtles triggered Casey Jones, Back Alley Brute targeting [Ai(3)-Jaymie_Ezio]
Damage: Casey Jones, Back Alley Brute (6) deals 1 non-combat damage to Ai(3)-Jaymie_Ezio.
Life: Life: Ai(3)-Jaymie_Ezio 47 > 46
Resolve Stack: Whenever you put one or more +1/+1 counters on a creature you control, Casey Jones deals that much damage to target opponent. (Targeting: [[Ai(3)-Jaymie_Ezio]]) [Added once: Ray Fillet, Wave Warrior (67) Amount: 1]
Phase: Ai(1)-Destyn_Turtles' Beginning of Combat Step
Phase: Ai(1)-Destyn_Turtles' Declare Attackers Step
Combat: Ai(1)-Destyn_Turtles assigned Ray Fillet, Wave Warrior (67) to attack Ai(3)-Jaymie_Ezio.
Phase: Ai(1)-Destyn_Turtles' Declare Blockers Step
Combat: Ai(3)-Jaymie_Ezio didn't block Ray Fillet, Wave Warrior (67).
Phase: Ai(1)-Destyn_Turtles' First Strike Damage Step
Phase: Ai(1)-Destyn_Turtles' Combat Damage Step
Damage: Ray Fillet, Wave Warrior (67) deals 1 combat damage to Ai(3)-Jaymie_Ezio.
Life: Life: Ai(3)-Jaymie_Ezio 46 > 45
Add To Stack: Ai(1)-Destyn_Turtles triggered Ray Fillet, Wave Warrior
Resolve Stack: Whenever a creature you control with a counter on it deals combat damage to a player, draw a card. [Damage Source: Ray Fillet, Wave Warrior (67), Damaged: Ai(3)-Jaymie_Ezio, Amount: 1]
Phase: Ai(1)-Destyn_Turtles' End of Combat Step
Phase: Ai(1)-Destyn_Turtles' Main phase, postcombat
Replacement Effect: Undergrowth Stadium enters tapped unless you have two or more opponents.
Land: Ai(1)-Destyn_Turtles played Undergrowth Stadium (83)
Phase: Ai(1)-Destyn_Turtles' End step
Phase: Ai(1)-Destyn_Turtles' Cleanup step
Turn: Turn 55 (Ai(3)-Jaymie_Ezio)
Phase: Ai(3)-Jaymie_Ezio's Untap step
Phase: Ai(3)-Jaymie_Ezio's Upkeep step
Phase: Ai(3)-Jaymie_Ezio's Draw step
Phase: Ai(3)-Jaymie_Ezio's Main phase, precombat
Mana: Forest (237) - {T}: Add {G}.
Mana: Mountain (289) - {T}: Add {R}.
Add To Stack: Ai(3)-Jaymie_Ezio cast Farseek
Resolve Stack: Farseek (230) - Ai(3)-Jaymie_Ezio searches their library for a Plains, Island, Swamp or Mountain card, puts it onto the battlefield tapped, then shuffles.
Phase: Ai(3)-Jaymie_Ezio's Beginning of Combat Step
Phase: Ai(3)-Jaymie_Ezio's Declare Attackers Step
Combat: Ai(3)-Jaymie_Ezio assigned Bayek of Siwa (251), Assassin Token (476) and Assassin Token (479) to attack Ai(1)-Destyn_Turtles.
Phase: Ai(3)-Jaymie_Ezio's Declare Blockers Step
Combat: Ai(1)-Destyn_Turtles assigned Bebop, Skull & Crossbones (15) to block Bayek of Siwa (251).
Ai(1)-Destyn_Turtles didn't block Assassin Token (476).
Ai(1)-Destyn_Turtles didn't block Assassin Token (479).
Mana: Command Tower (234) - {T}: Add one mana of any color in your commander's color identity.
Mana: Mountain (290) - {T}: Add {R}.
Mana: Swamp (261) - {T}: Add {B}.
Mana: Swamp (260) - {T}: Add {B}.
Mana: Plains (291) - {T}: Add {W}.
Mana: Smoldering Marsh (273) - {T}: Add {R}.
Mana: Twilight Mire (271) - {T}: Add {C}.
Add To Stack: Ai(3)-Jaymie_Ezio activated Kessig Wolf Run targeting [Bayek of Siwa (251)]
Resolve Stack: Kessig Wolf Run (206) - Bayek of Siwa (251) gets +5/+0 and gains trample until end of turn. (X=5)
Phase: Ai(3)-Jaymie_Ezio's First Strike Damage Step
Damage: Bayek of Siwa (251) deals 7 combat damage to Ai(1)-Destyn_Turtles.
Damage: Bayek of Siwa (251) deals 1 damage to Bebop, Skull & Crossbones (15).
Life: Life: Ai(1)-Destyn_Turtles 6 > -1
Player Control: Ai(1)-Destyn_Turtles has restored control over themself
Player Control: Ai(2)-GGS_Higure_only has restored control over themself
Player Control: Ai(3)-Jaymie_Ezio has restored control over themself
Player Control: Ai(4)-Gabe_Food has restored control over themself
Game Outcome: Match Duration 2m : 57s
Game Outcome: Turn 28
Game Outcome: Ai(1)-Destyn_Turtles has lost because life total reached 0
Game Outcome: Ai(2)-GGS_Higure_only has lost because life total reached 0
Game Outcome: Ai(3)-Jaymie_Ezio has won because all opponents have lost
Game Outcome: Ai(4)-Gabe_Food has lost due to effect of spell 'Ezio Auditore da Firenze'
Match Result: Ai(1)-Destyn_Turtles: 0 Ai(2)-GGS_Higure_only: 0 Ai(3)-Jaymie_Ezio: 1 Ai(4)-Gabe_Food: 0 

Game Result: Game 1 ended in 178391 ms. Ai(3)-Jaymie_Ezio has won!

