Error handling registered!
20:50:09 [INFO ] GuiBase: ##########################################
20:50:09 [INFO ] GuiBase: APP: Forge v.2.0.15-SNAPSHOT-09.28
20:50:09 [INFO ] GuiBase: Java: 17.0.20 (Ubuntu)
20:50:09 [INFO ] GuiBase: OS: Linux 6.18.44 amd64
20:50:09 [INFO ] GuiBase: RAM: 1536 MB max, 8 CPUs
20:50:09 [INFO ] GuiBase: ##########################################
Language 'en-US' loaded successfully.
(ThreadUtil first call): Running with priority 5
Read cards: 34010 archived files in 1 ms (25 parts) using thread pool
Upcoming set Star Trek (TRK) dated in the future. All `upcoming` cards will be added to this set with unknown rarity.
The card A-Alrund's Epiphany was not assigned to any set. Adding it to UNKNOWN set... to fix see res/editions/ folder. 
The card A-Baba Lysaga, Night Witch was not assigned to any set. Adding it to UNKNOWN set... to fix see res/editions/ folder. 
The card A-Divide by Zero was not assigned to any set. Adding it to UNKNOWN set... to fix see res/editions/ folder. 
The card A-Esika's Chariot was not assigned to any set. Adding it to UNKNOWN set... to fix see res/editions/ folder. 
The card A-Faceless Haven was not assigned to any set. Adding it to UNKNOWN set... to fix see res/editions/ folder. 
The card A-Fires of Invention was not assigned to any set. Adding it to UNKNOWN set... to fix see res/editions/ folder. 
The card A-Goldspan Dragon was not assigned to any set. Adding it to UNKNOWN set... to fix see res/editions/ folder. 
The card A-Hullbreaker Horror was not assigned to any set. Adding it to UNKNOWN set... to fix see res/editions/ folder. 
The card A-Kumano Faces Kakkazan was not assigned to any set. Adding it to UNKNOWN set... to fix see res/editions/ folder. 
The card A-Luminarch Aspirant was not assigned to any set. Adding it to UNKNOWN set... to fix see res/editions/ folder. 
The card A-Monster Manual was not assigned to any set. Adding it to UNKNOWN set... to fix see res/editions/ folder. 
The card A-Omnath, Locus of Creation was not assigned to any set. Adding it to UNKNOWN set... to fix see res/editions/ folder. 
The card A-The Meathook Massacre was not assigned to any set. Adding it to UNKNOWN set... to fix see res/editions/ folder. 
The card A-Unholy Heat was not assigned to any set. Adding it to UNKNOWN set... to fix see res/editions/ folder. 
The card Blinding Radiance was not assigned to any set. Adding it to UNKNOWN set... to fix see res/editions/ folder. 
The card Goblin Bruiser was not assigned to any set. Adding it to UNKNOWN set... to fix see res/editions/ folder. 
The card Ogre Painbringer was not assigned to any set. Adding it to UNKNOWN set... to fix see res/editions/ folder. 
The card Titanic Pelagosaur was not assigned to any set. Adding it to UNKNOWN set... to fix see res/editions/ folder. 
The card Treetop Recluse was not assigned to any set. Adding it to UNKNOWN set... to fix see res/editions/ folder. 
Upcoming set Star Trek (TRK) dated in the future. All `upcoming` cards will be added to this set with unknown rarity.
Read cards: 854 files in 0 ms (8 parts) using thread pool
Simulation mode
Ai(1)-GGS_Reality_Shift_diagnostic vs Ai(2)-Jaymie_Ezio vs Ai(3)-Gabe_Food vs Ai(4)-Destyn_Turtles - one game of Commander seed 20260930
Steam Vents Did not have activator set in SpellAbility_Condition.checkConditions()
Steam Vents Did not have activator set in SpellAbility_Condition.checkConditions()
Steam Vents Did not have activator set in SpellAbility_Condition.checkConditions()
Steam Vents Did not have activator set in SpellAbility_Condition.checkConditions()
Steam Vents Did not have activator set in SpellAbility_Condition.checkConditions()
Steam Vents Did not have activator set in SpellAbility_Condition.checkConditions()
Steam Vents Did not have activator set in SpellAbility_Condition.checkConditions()
Steam Vents Did not have activator set in SpellAbility_Condition.checkConditions()
Steam Vents Did not have activator set in SpellAbility_Condition.checkConditions()
Steam Vents Did not have activator set in SpellAbility_Condition.checkConditions()
Steam Vents Did not have activator set in SpellAbility_Condition.checkConditions()
Steam Vents Did not have activator set in SpellAbility_Condition.checkConditions()
Warning: default (ie. inherited from base class) implementation of confirmAction is used by Sam, Loyal Attendant for forge.ai.ability.PermanentCreatureAi. Consider declaring an overloaded method
Warning: default (ie. inherited from base class) implementation of confirmAction is used by Michelangelo, the Heart for forge.ai.ability.PermanentCreatureAi. Consider declaring an overloaded method
Warning: default (ie. inherited from base class) implementation of confirmAction is used by Leonardo, the Balance for forge.ai.ability.PermanentCreatureAi. Consider declaring an overloaded method
Warning: default (ie. inherited from base class) implementation of confirmAction is used by Goro-Goro and Satoru for forge.ai.ability.PermanentCreatureAi. Consider declaring an overloaded method
Warning: default (ie. inherited from base class) implementation of confirmAction is used by Sam, Loyal Attendant for forge.ai.ability.PermanentCreatureAi. Consider declaring an overloaded method
Warning: default (ie. inherited from base class) implementation of confirmAction is used by Frodo, Adventurous Hobbit for forge.ai.ability.PermanentCreatureAi. Consider declaring an overloaded method
Warning: default (ie. inherited from base class) implementation of confirmAction is used by Michelangelo, the Heart for forge.ai.ability.PermanentCreatureAi. Consider declaring an overloaded method
Warning: default (ie. inherited from base class) implementation of confirmAction is used by Leonardo, the Balance for forge.ai.ability.PermanentCreatureAi. Consider declaring an overloaded method
Warning: default (ie. inherited from base class) implementation of confirmAction is used by Goro-Goro and Satoru for forge.ai.ability.PermanentCreatureAi. Consider declaring an overloaded method
Warning: default (ie. inherited from base class) implementation of confirmAction is used by Sam, Loyal Attendant for forge.ai.ability.PermanentCreatureAi. Consider declaring an overloaded method
Warning: default (ie. inherited from base class) implementation of confirmAction is used by Leonardo, the Balance for forge.ai.ability.PermanentCreatureAi. Consider declaring an overloaded method
Warning: default (ie. inherited from base class) implementation of confirmAction is used by Sam, Loyal Attendant for forge.ai.ability.PermanentCreatureAi. Consider declaring an overloaded method
Warning: default (ie. inherited from base class) implementation of confirmAction is used by Frodo, Adventurous Hobbit for forge.ai.ability.PermanentCreatureAi. Consider declaring an overloaded method
Warning: default (ie. inherited from base class) implementation of confirmAction is used by Michelangelo, the Heart for forge.ai.ability.PermanentCreatureAi. Consider declaring an overloaded method
Warning: default (ie. inherited from base class) implementation of chkAIDrawback is used by Evie Frye for forge.ai.ability.EffectAi. Consider declaring an overloaded method
Warning: default (ie. inherited from base class) implementation of chkAIDrawback is used by Evie Frye for forge.ai.ability.EffectAi. Consider declaring an overloaded method
Correcting zone for Hithlain Rope (227)
Warning: default (ie. inherited from base class) implementation of chkAIDrawback is used by Evie Frye for forge.ai.ability.EffectAi. Consider declaring an overloaded method
Warning: default (ie. inherited from base class) implementation of chkAIDrawback is used by Evie Frye for forge.ai.ability.EffectAi. Consider declaring an overloaded method
Warning: default (ie. inherited from base class) implementation of chkAIDrawback is used by Evie Frye for forge.ai.ability.EffectAi. Consider declaring an overloaded method
Warning: default (ie. inherited from base class) implementation of chkAIDrawback is used by Evie Frye for forge.ai.ability.EffectAi. Consider declaring an overloaded method
Warning: default (ie. inherited from base class) implementation of chkAIDrawback is used by Evie Frye for forge.ai.ability.EffectAi. Consider declaring an overloaded method
Warning: default (ie. inherited from base class) implementation of chkAIDrawback is used by Evie Frye for forge.ai.ability.EffectAi. Consider declaring an overloaded method
Warning: default (ie. inherited from base class) implementation of chkAIDrawback is used by Evie Frye for forge.ai.ability.EffectAi. Consider declaring an overloaded method
Warning: default (ie. inherited from base class) implementation of chkAIDrawback is used by Evie Frye for forge.ai.ability.EffectAi. Consider declaring an overloaded method
Warning: default (ie. inherited from base class) implementation of chkAIDrawback is used by Evie Frye for forge.ai.ability.EffectAi. Consider declaring an overloaded method
Warning: default (ie. inherited from base class) implementation of chkAIDrawback is used by Evie Frye for forge.ai.ability.EffectAi. Consider declaring an overloaded method
Warning: default (ie. inherited from base class) implementation of chkAIDrawback is used by Evie Frye for forge.ai.ability.EffectAi. Consider declaring an overloaded method
Warning: default (ie. inherited from base class) implementation of chkAIDrawback is used by Evie Frye for forge.ai.ability.EffectAi. Consider declaring an overloaded method
Correcting zone for Hithlain Rope (227)
Warning: default (ie. inherited from base class) implementation of confirmAction is used by Sam, Loyal Attendant for forge.ai.ability.PermanentCreatureAi. Consider declaring an overloaded method
Warning: default (ie. inherited from base class) implementation of chkAIDrawback is used by Evie Frye for forge.ai.ability.EffectAi. Consider declaring an overloaded method
Warning: default (ie. inherited from base class) implementation of chkAIDrawback is used by Evie Frye for forge.ai.ability.EffectAi. Consider declaring an overloaded method
Warning: default (ie. inherited from base class) implementation of chkAIDrawback is used by Evie Frye for forge.ai.ability.EffectAi. Consider declaring an overloaded method
Warning: default (ie. inherited from base class) implementation of chkAIDrawback is used by Evie Frye for forge.ai.ability.EffectAi. Consider declaring an overloaded method
Warning: default (ie. inherited from base class) implementation of chkAIDrawback is used by Evie Frye for forge.ai.ability.EffectAi. Consider declaring an overloaded method
Warning: default (ie. inherited from base class) implementation of chkAIDrawback is used by Evie Frye for forge.ai.ability.EffectAi. Consider declaring an overloaded method
Correcting zone for Hithlain Rope (227)
Warning: default (ie. inherited from base class) implementation of chkAIDrawback is used by Evie Frye for forge.ai.ability.EffectAi. Consider declaring an overloaded method
Warning: default (ie. inherited from base class) implementation of chkAIDrawback is used by Evie Frye for forge.ai.ability.EffectAi. Consider declaring an overloaded method
Warning: default (ie. inherited from base class) implementation of chkAIDrawback is used by Evie Frye for forge.ai.ability.EffectAi. Consider declaring an overloaded method
Warning: default (ie. inherited from base class) implementation of chkAIDrawback is used by Evie Frye for forge.ai.ability.EffectAi. Consider declaring an overloaded method
Warning: default (ie. inherited from base class) implementation of chkAIDrawback is used by Evie Frye for forge.ai.ability.EffectAi. Consider declaring an overloaded method
Warning: default (ie. inherited from base class) implementation of chkAIDrawback is used by Evie Frye for forge.ai.ability.EffectAi. Consider declaring an overloaded method
Warning: default (ie. inherited from base class) implementation of chkAIDrawback is used by Evie Frye for forge.ai.ability.EffectAi. Consider declaring an overloaded method
Correcting zone for Hithlain Rope (227)
Warning: default (ie. inherited from base class) implementation of chooseSingleCard is used by Frodo, Adventurous Hobbit for forge.ai.ability.AlwaysPlayAi. Consider declaring an overloaded method
Correcting zone for Hithlain Rope (227)
Correcting zone for Hithlain Rope (227)
Mulligan: Ai(3)-Gabe_Food has mulliganed down to 7 cards.
Mulligan: Ai(4)-Destyn_Turtles has kept a hand of 7 cards
Mulligan: Ai(1)-GGS_Reality_Shift_diagnostic has kept a hand of 7 cards
Mulligan: Ai(2)-Jaymie_Ezio has kept a hand of 7 cards
Mulligan: Ai(3)-Gabe_Food has kept a hand of 7 cards
Turn: Turn 1 (Ai(4)-Destyn_Turtles)
Phase: Ai(4)-Destyn_Turtles' Untap step
Phase: Ai(4)-Destyn_Turtles' Upkeep step
Phase: Ai(4)-Destyn_Turtles' Draw step
Phase: Ai(4)-Destyn_Turtles' Main phase, precombat
Replacement Effect: Path of Ancestry enters tapped.
Land: Ai(4)-Destyn_Turtles played Path of Ancestry (315)
Phase: Ai(4)-Destyn_Turtles' Beginning of Combat Step
Phase: Ai(4)-Destyn_Turtles' Declare Attackers Step
Phase: Ai(4)-Destyn_Turtles' Declare Blockers Step
Phase: Ai(4)-Destyn_Turtles' First Strike Damage Step
Phase: Ai(4)-Destyn_Turtles' Combat Damage Step
Phase: Ai(4)-Destyn_Turtles' End of Combat Step
Phase: Ai(4)-Destyn_Turtles' Main phase, postcombat
Phase: Ai(4)-Destyn_Turtles' End step
Phase: Ai(4)-Destyn_Turtles' Cleanup step
Turn: Turn 2 (Ai(1)-GGS_Reality_Shift_diagnostic)
Phase: Ai(1)-GGS_Reality_Shift_diagnostic's Untap step
Phase: Ai(1)-GGS_Reality_Shift_diagnostic's Upkeep step
Phase: Ai(1)-GGS_Reality_Shift_diagnostic's Draw step
Phase: Ai(1)-GGS_Reality_Shift_diagnostic's Main phase, precombat
Land: Ai(1)-GGS_Reality_Shift_diagnostic played Sokenzan, Crucible of Defiance (32)
Phase: Ai(1)-GGS_Reality_Shift_diagnostic's Beginning of Combat Step
Phase: Ai(1)-GGS_Reality_Shift_diagnostic's Declare Attackers Step
Phase: Ai(1)-GGS_Reality_Shift_diagnostic's Declare Blockers Step
Phase: Ai(1)-GGS_Reality_Shift_diagnostic's First Strike Damage Step
Phase: Ai(1)-GGS_Reality_Shift_diagnostic's Combat Damage Step
Phase: Ai(1)-GGS_Reality_Shift_diagnostic's End of Combat Step
Phase: Ai(1)-GGS_Reality_Shift_diagnostic's Main phase, postcombat
Phase: Ai(1)-GGS_Reality_Shift_diagnostic's End step
Phase: Ai(1)-GGS_Reality_Shift_diagnostic's Cleanup step
Turn: Turn 3 (Ai(2)-Jaymie_Ezio)
Phase: Ai(2)-Jaymie_Ezio's Untap step
Phase: Ai(2)-Jaymie_Ezio's Upkeep step
Phase: Ai(2)-Jaymie_Ezio's Draw step
Phase: Ai(2)-Jaymie_Ezio's Main phase, precombat
Land: Ai(2)-Jaymie_Ezio played Abstergo Entertainment (121)
Phase: Ai(2)-Jaymie_Ezio's Beginning of Combat Step
Phase: Ai(2)-Jaymie_Ezio's Declare Attackers Step
Phase: Ai(2)-Jaymie_Ezio's Declare Blockers Step
Phase: Ai(2)-Jaymie_Ezio's First Strike Damage Step
Phase: Ai(2)-Jaymie_Ezio's Combat Damage Step
Phase: Ai(2)-Jaymie_Ezio's End of Combat Step
Phase: Ai(2)-Jaymie_Ezio's Main phase, postcombat
Phase: Ai(2)-Jaymie_Ezio's End step
Phase: Ai(2)-Jaymie_Ezio's Cleanup step
Turn: Turn 4 (Ai(3)-Gabe_Food)
Phase: Ai(3)-Gabe_Food's Untap step
Phase: Ai(3)-Gabe_Food's Upkeep step
Phase: Ai(3)-Gabe_Food's Draw step
Phase: Ai(3)-Gabe_Food's Main phase, precombat
Replacement Effect: Isolated Chapel enters tapped unless you control a Plains or a Swamp.
Land: Ai(3)-Gabe_Food played Isolated Chapel (245)
Phase: Ai(3)-Gabe_Food's Beginning of Combat Step
Phase: Ai(3)-Gabe_Food's Declare Attackers Step
Phase: Ai(3)-Gabe_Food's Declare Blockers Step
Phase: Ai(3)-Gabe_Food's First Strike Damage Step
Phase: Ai(3)-Gabe_Food's Combat Damage Step
Phase: Ai(3)-Gabe_Food's End of Combat Step
Phase: Ai(3)-Gabe_Food's Main phase, postcombat
Phase: Ai(3)-Gabe_Food's End step
Phase: Ai(3)-Gabe_Food's Cleanup step
Turn: Turn 5 (Ai(4)-Destyn_Turtles)
Phase: Ai(4)-Destyn_Turtles' Untap step
Phase: Ai(4)-Destyn_Turtles' Upkeep step
Phase: Ai(4)-Destyn_Turtles' Draw step
Phase: Ai(4)-Destyn_Turtles' Main phase, precombat
Land: Ai(4)-Destyn_Turtles played Command Tower (331)
Phase: Ai(4)-Destyn_Turtles' Beginning of Combat Step
Phase: Ai(4)-Destyn_Turtles' Declare Attackers Step
Phase: Ai(4)-Destyn_Turtles' Declare Blockers Step
Phase: Ai(4)-Destyn_Turtles' First Strike Damage Step
Phase: Ai(4)-Destyn_Turtles' Combat Damage Step
Phase: Ai(4)-Destyn_Turtles' End of Combat Step
Phase: Ai(4)-Destyn_Turtles' Main phase, postcombat
Mana: Path of Ancestry (315) - {T}: Add one mana of any color in your commander's color identity. When that mana is spent to cast a creature spell that shares a creature type with your commander, scry 1. (Look at the top card of your library. You may put that card on the bottom.)
Mana: Command Tower (331) - {T}: Add one mana of any color in your commander's color identity.
Add To Stack: Ai(4)-Destyn_Turtles cast Michelangelo, the Heart
Add To Stack: Ai(4)-Destyn_Turtles triggered Path of Ancestry
Resolve Stack: Ai(4)-Destyn_Turtles scried 1 card(s) to the top of the library
Resolve Stack: When mana produced by Path of Ancestry is spent to cast a creature spell that shares a creature type with your commander, scry 1. ([Michelangelo, the Heart - Creature 2 / 1]) [Card: Michelangelo, the Heart (402), Activator: Ai(4)-Destyn_Turtles, SpellAbility: Michelangelo, the Heart - Creature 2 / 1]
Resolve Stack: Michelangelo, the Heart - Creature 2 / 1
Phase: Ai(4)-Destyn_Turtles' End step
Phase: Ai(4)-Destyn_Turtles' Cleanup step
Turn: Turn 6 (Ai(1)-GGS_Reality_Shift_diagnostic)
Phase: Ai(1)-GGS_Reality_Shift_diagnostic's Untap step
Phase: Ai(1)-GGS_Reality_Shift_diagnostic's Upkeep step
Phase: Ai(1)-GGS_Reality_Shift_diagnostic's Draw step
Phase: Ai(1)-GGS_Reality_Shift_diagnostic's Main phase, precombat
Land: Ai(1)-GGS_Reality_Shift_diagnostic played Flooded Strand (8)
Life: Life: Ai(1)-GGS_Reality_Shift_diagnostic 40 > 39
Zone Change: Flooded Strand (8) was put into Graveyard from Battlefield.
Add To Stack: Ai(1)-GGS_Reality_Shift_diagnostic activated Flooded Strand
Replacement Effect: As Steam Vents enters, you may pay 2 life. If you don't, it enters tapped.
Resolve Stack: Flooded Strand (8) - Ai(1)-GGS_Reality_Shift_diagnostic searches their library for a Plains or Island card, puts it onto the battlefield, then shuffles.
Phase: Ai(1)-GGS_Reality_Shift_diagnostic's Beginning of Combat Step
Phase: Ai(1)-GGS_Reality_Shift_diagnostic's Declare Attackers Step
Phase: Ai(1)-GGS_Reality_Shift_diagnostic's Declare Blockers Step
Phase: Ai(1)-GGS_Reality_Shift_diagnostic's First Strike Damage Step
Phase: Ai(1)-GGS_Reality_Shift_diagnostic's Combat Damage Step
Phase: Ai(1)-GGS_Reality_Shift_diagnostic's End of Combat Step
Phase: Ai(1)-GGS_Reality_Shift_diagnostic's Main phase, postcombat
Phase: Ai(1)-GGS_Reality_Shift_diagnostic's End step
Phase: Ai(1)-GGS_Reality_Shift_diagnostic's Cleanup step
Turn: Turn 7 (Ai(2)-Jaymie_Ezio)
Phase: Ai(2)-Jaymie_Ezio's Untap step
Phase: Ai(2)-Jaymie_Ezio's Upkeep step
Phase: Ai(2)-Jaymie_Ezio's Draw step
Phase: Ai(2)-Jaymie_Ezio's Main phase, precombat
Land: Ai(2)-Jaymie_Ezio played Plains (191)
Phase: Ai(2)-Jaymie_Ezio's Beginning of Combat Step
Phase: Ai(2)-Jaymie_Ezio's Declare Attackers Step
Phase: Ai(2)-Jaymie_Ezio's Declare Blockers Step
Phase: Ai(2)-Jaymie_Ezio's First Strike Damage Step
Phase: Ai(2)-Jaymie_Ezio's Combat Damage Step
Phase: Ai(2)-Jaymie_Ezio's End of Combat Step
Phase: Ai(2)-Jaymie_Ezio's Main phase, postcombat
Phase: Ai(2)-Jaymie_Ezio's End step
Phase: Ai(2)-Jaymie_Ezio's Cleanup step
Turn: Turn 8 (Ai(3)-Gabe_Food)
Phase: Ai(3)-Gabe_Food's Untap step
Phase: Ai(3)-Gabe_Food's Upkeep step
Phase: Ai(3)-Gabe_Food's Draw step
Phase: Ai(3)-Gabe_Food's Main phase, precombat
Land: Ai(3)-Gabe_Food played Forest (238)
Phase: Ai(3)-Gabe_Food's Beginning of Combat Step
Phase: Ai(3)-Gabe_Food's Declare Attackers Step
Phase: Ai(3)-Gabe_Food's Declare Blockers Step
Phase: Ai(3)-Gabe_Food's First Strike Damage Step
Phase: Ai(3)-Gabe_Food's Combat Damage Step
Phase: Ai(3)-Gabe_Food's End of Combat Step
Phase: Ai(3)-Gabe_Food's Main phase, postcombat
Mana: Forest (238) - {T}: Add {G}.
Discard: Ai(3)-Gabe_Food discards Eagles of the North (280).
Add To Stack: Ai(3)-Gabe_Food activated Eagles of the North
Resolve Stack: Eagles of the North (280) - Ai(3)-Gabe_Food searches their library for a Plains card, reveals it, puts it into their hand, then shuffles.
Phase: Ai(3)-Gabe_Food's End step
Phase: Ai(3)-Gabe_Food's Cleanup step
Turn: Turn 9 (Ai(4)-Destyn_Turtles)
Phase: Ai(4)-Destyn_Turtles' Untap step
Phase: Ai(4)-Destyn_Turtles' Upkeep step
Phase: Ai(4)-Destyn_Turtles' Draw step
Phase: Ai(4)-Destyn_Turtles' Main phase, precombat
Land: Ai(4)-Destyn_Turtles played Island (332)
Phase: Ai(4)-Destyn_Turtles' Beginning of Combat Step
Phase: Ai(4)-Destyn_Turtles' Declare Attackers Step
Combat: Ai(4)-Destyn_Turtles assigned Michelangelo, the Heart (402) to attack Ai(3)-Gabe_Food.
Phase: Ai(4)-Destyn_Turtles' Declare Blockers Step
Combat: Ai(3)-Gabe_Food didn't block Michelangelo, the Heart (402).
Phase: Ai(4)-Destyn_Turtles' First Strike Damage Step
Phase: Ai(4)-Destyn_Turtles' Combat Damage Step
Damage: Michelangelo, the Heart (402) deals 2 combat damage to Ai(3)-Gabe_Food.
Life: Life: Ai(3)-Gabe_Food 40 > 38
Phase: Ai(4)-Destyn_Turtles' End of Combat Step
Phase: Ai(4)-Destyn_Turtles' Main phase, postcombat
Add To Stack: Ai(4)-Destyn_Turtles triggered Michelangelo, the Heart targeting [Michelangelo, the Heart (402)]
Resolve Stack: Raid (the Fridge) — At the beginning of your second main phase, if you attacked this turn, put a +1/+1 counter on target creature and create a Food token. (Targeting: [[Michelangelo, the Heart (402)]]) [Phase: Ai(4)-Destyn_Turtles]
Mana: Path of Ancestry (315) - {T}: Add one mana of any color in your commander's color identity. When that mana is spent to cast a creature spell that shares a creature type with your commander, scry 1. (Look at the top card of your library. You may put that card on the bottom.)
Mana: Island (332) - {T}: Add {U}.
Mana: Command Tower (331) - {T}: Add one mana of any color in your commander's color identity.
Add To Stack: Ai(4)-Destyn_Turtles cast Ninja Pizza
Resolve Stack: Ninja Pizza
Phase: Ai(4)-Destyn_Turtles' End step
Phase: Ai(4)-Destyn_Turtles' Cleanup step
Turn: Turn 10 (Ai(1)-GGS_Reality_Shift_diagnostic)
Phase: Ai(1)-GGS_Reality_Shift_diagnostic's Untap step
Phase: Ai(1)-GGS_Reality_Shift_diagnostic's Upkeep step
Phase: Ai(1)-GGS_Reality_Shift_diagnostic's Draw step
Phase: Ai(1)-GGS_Reality_Shift_diagnostic's Main phase, precombat
Land: Ai(1)-GGS_Reality_Shift_diagnostic played Gloomlake Verge (25)
Mana: Sokenzan, Crucible of Defiance (32) - {T}: Add {R}.
Mana: Gloomlake Verge (25) - {T}: Add {B}. Activate only if you control an Island or a Swamp.
Add To Stack: Ai(1)-GGS_Reality_Shift_diagnostic cast Loyal Apprentice
Resolve Stack: Loyal Apprentice - Creature 2 / 1
Phase: Ai(1)-GGS_Reality_Shift_diagnostic's Beginning of Combat Step
Phase: Ai(1)-GGS_Reality_Shift_diagnostic's Declare Attackers Step
Combat: Ai(1)-GGS_Reality_Shift_diagnostic assigned Loyal Apprentice (1) to attack Ai(4)-Destyn_Turtles.
Phase: Ai(1)-GGS_Reality_Shift_diagnostic's Declare Blockers Step
Combat: Ai(4)-Destyn_Turtles didn't block Loyal Apprentice (1).
Phase: Ai(1)-GGS_Reality_Shift_diagnostic's First Strike Damage Step
Phase: Ai(1)-GGS_Reality_Shift_diagnostic's Combat Damage Step
Damage: Loyal Apprentice (1) deals 2 combat damage to Ai(4)-Destyn_Turtles.
Life: Life: Ai(4)-Destyn_Turtles 40 > 38
Phase: Ai(1)-GGS_Reality_Shift_diagnostic's End of Combat Step
Phase: Ai(1)-GGS_Reality_Shift_diagnostic's Main phase, postcombat
Phase: Ai(1)-GGS_Reality_Shift_diagnostic's End step
Phase: Ai(1)-GGS_Reality_Shift_diagnostic's Cleanup step
Turn: Turn 11 (Ai(2)-Jaymie_Ezio)
Phase: Ai(2)-Jaymie_Ezio's Untap step
Phase: Ai(2)-Jaymie_Ezio's Upkeep step
Phase: Ai(2)-Jaymie_Ezio's Draw step
Phase: Ai(2)-Jaymie_Ezio's Main phase, precombat
Land: Ai(2)-Jaymie_Ezio played Mountain (189)
Phase: Ai(2)-Jaymie_Ezio's Beginning of Combat Step
Phase: Ai(2)-Jaymie_Ezio's Declare Attackers Step
Phase: Ai(2)-Jaymie_Ezio's Declare Blockers Step
Phase: Ai(2)-Jaymie_Ezio's First Strike Damage Step
Phase: Ai(2)-Jaymie_Ezio's Combat Damage Step
Phase: Ai(2)-Jaymie_Ezio's End of Combat Step
Phase: Ai(2)-Jaymie_Ezio's Main phase, postcombat
Phase: Ai(2)-Jaymie_Ezio's End step
Phase: Ai(2)-Jaymie_Ezio's Cleanup step
Turn: Turn 12 (Ai(3)-Gabe_Food)
Phase: Ai(3)-Gabe_Food's Untap step
Phase: Ai(3)-Gabe_Food's Upkeep step
Phase: Ai(3)-Gabe_Food's Draw step
Phase: Ai(3)-Gabe_Food's Main phase, precombat
Replacement Effect: Scattered Groves enters tapped.
Land: Ai(3)-Gabe_Food played Scattered Groves (248)
Phase: Ai(3)-Gabe_Food's Beginning of Combat Step
Phase: Ai(3)-Gabe_Food's Declare Attackers Step
Phase: Ai(3)-Gabe_Food's Declare Blockers Step
Phase: Ai(3)-Gabe_Food's First Strike Damage Step
Phase: Ai(3)-Gabe_Food's Combat Damage Step
Phase: Ai(3)-Gabe_Food's End of Combat Step
Phase: Ai(3)-Gabe_Food's Main phase, postcombat
Phase: Ai(3)-Gabe_Food's End step
Phase: Ai(3)-Gabe_Food's Cleanup step
Turn: Turn 13 (Ai(4)-Destyn_Turtles)
Phase: Ai(4)-Destyn_Turtles' Untap step
Phase: Ai(4)-Destyn_Turtles' Upkeep step
Phase: Ai(4)-Destyn_Turtles' Draw step
Phase: Ai(4)-Destyn_Turtles' Main phase, precombat
Replacement Effect: Spire Garden enters tapped unless you have two or more opponents.
Land: Ai(4)-Destyn_Turtles played Spire Garden (392)
Mana: Spire Garden (392) - {T}: Add {R} or {G}.
Mana: Path of Ancestry (315) - {T}: Add one mana of any color in your commander's color identity. When that mana is spent to cast a creature spell that shares a creature type with your commander, scry 1. (Look at the top card of your library. You may put that card on the bottom.)
Mana: Island (332) - {T}: Add {U}.
Mana: Command Tower (331) - {T}: Add one mana of any color in your commander's color identity.
Zone Change: Food Token (425) was put into Graveyard from Battlefield.
Mana: Food Token (425) - {T}, Sacrifice this artifact: Add one mana of any color.
Add To Stack: Ai(4)-Destyn_Turtles cast Acidic Slime
Resolve Stack: Acidic Slime - Creature 2 / 2
Add To Stack: Ai(4)-Destyn_Turtles triggered Acidic Slime targeting [Abstergo Entertainment (121)]
Zone Change: Abstergo Entertainment (121) was put into Graveyard from Battlefield.
Resolve Stack: When Acidic Slime enters, destroy target artifact, enchantment, or land. (Targeting: [[Abstergo Entertainment (121)]]) [Zone Changer: Acidic Slime (365)]
Phase: Ai(4)-Destyn_Turtles' Beginning of Combat Step
Phase: Ai(4)-Destyn_Turtles' Declare Attackers Step
Combat: Ai(4)-Destyn_Turtles assigned Michelangelo, the Heart (402) to attack Ai(1)-GGS_Reality_Shift_diagnostic.
Phase: Ai(4)-Destyn_Turtles' Declare Blockers Step
Combat: Ai(1)-GGS_Reality_Shift_diagnostic didn't block Michelangelo, the Heart (402).
Phase: Ai(4)-Destyn_Turtles' First Strike Damage Step
Phase: Ai(4)-Destyn_Turtles' Combat Damage Step
Damage: Michelangelo, the Heart (402) deals 3 combat damage to Ai(1)-GGS_Reality_Shift_diagnostic.
Life: Life: Ai(1)-GGS_Reality_Shift_diagnostic 39 > 36
Phase: Ai(4)-Destyn_Turtles' End of Combat Step
Phase: Ai(4)-Destyn_Turtles' Main phase, postcombat
Add To Stack: Ai(4)-Destyn_Turtles triggered Michelangelo, the Heart targeting [Acidic Slime (365)]
Add To Stack: Ai(4)-Destyn_Turtles triggered Ninja Pizza
Resolve Stack: At the beginning of your second main phase, create a Food token. (It's an artifact with "{2}, {T}, Sacrifice this token: You gain 3 life.") [Phase: Ai(4)-Destyn_Turtles]
Resolve Stack: Raid (the Fridge) — At the beginning of your second main phase, if you attacked this turn, put a +1/+1 counter on target creature and create a Food token. (Targeting: [[Acidic Slime (365)]]) [Phase: Ai(4)-Destyn_Turtles]
Phase: Ai(4)-Destyn_Turtles' End step
Phase: Ai(4)-Destyn_Turtles' Cleanup step
Turn: Turn 14 (Ai(1)-GGS_Reality_Shift_diagnostic)
Phase: Ai(1)-GGS_Reality_Shift_diagnostic's Untap step
Phase: Ai(1)-GGS_Reality_Shift_diagnostic's Upkeep step
Mana: Steam Vents (44) - {T}: Add {U}.
Mana: Sokenzan, Crucible of Defiance (32) - {T}: Add {R}.
Add To Stack: Ai(1)-GGS_Reality_Shift_diagnostic cast Reality Shift targeting [Acidic Slime (365)]
Zone Change: Acidic Slime (365) was put into Exile from Battlefield.
Resolve Stack: Reality Shift (51) - Exile Acidic Slime (365). 
Zone Change: Food Token (433) was put into Graveyard from Battlefield.
Mana: Food Token (433) - {T}, Sacrifice this artifact: Add one mana of any color.
Zone Change: Food Token (431) was put into Graveyard from Battlefield.
Mana: Food Token (431) - {T}, Sacrifice this artifact: Add one mana of any color.
Resolve Stack: Ai(4)-Destyn_Turtles has unmanifested Tempestra, Dame of Games
Phase: Ai(1)-GGS_Reality_Shift_diagnostic's Draw step
Phase: Ai(1)-GGS_Reality_Shift_diagnostic's Main phase, precombat
Replacement Effect: As Fell Mire enters, you may pay 3 life. If you don't, it enters tapped.
Land: Ai(1)-GGS_Reality_Shift_diagnostic played Fell Mire (69)
Phase: Ai(1)-GGS_Reality_Shift_diagnostic's Beginning of Combat Step
Phase: Ai(1)-GGS_Reality_Shift_diagnostic's Declare Attackers Step
Phase: Ai(1)-GGS_Reality_Shift_diagnostic's Declare Blockers Step
Phase: Ai(1)-GGS_Reality_Shift_diagnostic's First Strike Damage Step
Phase: Ai(1)-GGS_Reality_Shift_diagnostic's Combat Damage Step
Phase: Ai(1)-GGS_Reality_Shift_diagnostic's End of Combat Step
Phase: Ai(1)-GGS_Reality_Shift_diagnostic's Main phase, postcombat
Phase: Ai(1)-GGS_Reality_Shift_diagnostic's End step
Phase: Ai(1)-GGS_Reality_Shift_diagnostic's Cleanup step
Turn: Turn 15 (Ai(2)-Jaymie_Ezio)
Phase: Ai(2)-Jaymie_Ezio's Untap step
Phase: Ai(2)-Jaymie_Ezio's Upkeep step
Phase: Ai(2)-Jaymie_Ezio's Draw step
Phase: Ai(2)-Jaymie_Ezio's Main phase, precombat
Land: Ai(2)-Jaymie_Ezio played Twisted Landscape (110)
Zone Change: Twisted Landscape (110) was put into Graveyard from Battlefield.
Add To Stack: Ai(2)-Jaymie_Ezio activated Twisted Landscape
Resolve Stack: Twisted Landscape (110) - Ai(2)-Jaymie_Ezio searches their library for a basic Swamp, Mountain, or Forest card, puts it onto the battlefield tapped, then shuffles.
Phase: Ai(2)-Jaymie_Ezio's Beginning of Combat Step
Phase: Ai(2)-Jaymie_Ezio's Declare Attackers Step
Phase: Ai(2)-Jaymie_Ezio's Declare Blockers Step
Phase: Ai(2)-Jaymie_Ezio's First Strike Damage Step
Phase: Ai(2)-Jaymie_Ezio's Combat Damage Step
Phase: Ai(2)-Jaymie_Ezio's End of Combat Step
Phase: Ai(2)-Jaymie_Ezio's Main phase, postcombat
Phase: Ai(2)-Jaymie_Ezio's End step
Phase: Ai(2)-Jaymie_Ezio's Cleanup step
Turn: Turn 16 (Ai(3)-Gabe_Food)
Phase: Ai(3)-Gabe_Food's Untap step
Phase: Ai(3)-Gabe_Food's Upkeep step
Phase: Ai(3)-Gabe_Food's Draw step
Phase: Ai(3)-Gabe_Food's Main phase, precombat
Land: Ai(3)-Gabe_Food played Exotic Orchard (249)
Phase: Ai(3)-Gabe_Food's Beginning of Combat Step
Phase: Ai(3)-Gabe_Food's Declare Attackers Step
Phase: Ai(3)-Gabe_Food's Declare Blockers Step
Phase: Ai(3)-Gabe_Food's First Strike Damage Step
Phase: Ai(3)-Gabe_Food's Combat Damage Step
Phase: Ai(3)-Gabe_Food's End of Combat Step
Phase: Ai(3)-Gabe_Food's Main phase, postcombat
Mana: Exotic Orchard (249) - {T}: Add one mana of any color that a land an opponent controls could produce.
Mana: Forest (238) - {T}: Add {G}.
Mana: Isolated Chapel (245) - {T}: Add {W} or {B}.
Add To Stack: Ai(3)-Gabe_Food cast Sam, Loyal Attendant
Resolve Stack: Sam, Loyal Attendant - Creature 2 / 4
Add To Stack: Ai(3)-Gabe_Food triggered Sam, Loyal Attendant targeting [Ai(3)-Gabe_Food]
Resolve Stack: Partner with Frodo, Adventurous Hobbit (When this creature enters, target player may put Frodo into their hand from their library, then shuffle.) (Targeting: [[Ai(3)-Gabe_Food]]) [Zone Changer: Sam, Loyal Attendant (303)]
Phase: Ai(3)-Gabe_Food's End step
Phase: Ai(3)-Gabe_Food's Cleanup step
Turn: Turn 17 (Ai(4)-Destyn_Turtles)
Phase: Ai(4)-Destyn_Turtles' Untap step
Phase: Ai(4)-Destyn_Turtles' Upkeep step
Phase: Ai(4)-Destyn_Turtles' Draw step
Phase: Ai(4)-Destyn_Turtles' Main phase, precombat
Phase: Ai(4)-Destyn_Turtles' Beginning of Combat Step
Phase: Ai(4)-Destyn_Turtles' Declare Attackers Step
Phase: Ai(4)-Destyn_Turtles' Declare Blockers Step
Phase: Ai(4)-Destyn_Turtles' First Strike Damage Step
Phase: Ai(4)-Destyn_Turtles' Combat Damage Step
Phase: Ai(4)-Destyn_Turtles' End of Combat Step
Phase: Ai(4)-Destyn_Turtles' Main phase, postcombat
Add To Stack: Ai(4)-Destyn_Turtles triggered Ninja Pizza
Resolve Stack: At the beginning of your second main phase, create a Food token. (It's an artifact with "{2}, {T}, Sacrifice this token: You gain 3 life.") [Phase: Ai(4)-Destyn_Turtles]
Mana: Spire Garden (392) - {T}: Add {R} or {G}.
Mana: Island (332) - {T}: Add {U}.
Mana: Path of Ancestry (315) - {T}: Add one mana of any color in your commander's color identity. When that mana is spent to cast a creature spell that shares a creature type with your commander, scry 1. (Look at the top card of your library. You may put that card on the bottom.)
Mana: Command Tower (331) - {T}: Add one mana of any color in your commander's color identity.
Zone Change: Food Token (438) was put into Graveyard from Battlefield.
Mana: Food Token (438) - {T}, Sacrifice this artifact: Add one mana of any color.
Add To Stack: Ai(4)-Destyn_Turtles cast Raphael, the Muscle
Add To Stack: Ai(4)-Destyn_Turtles triggered Path of Ancestry
Resolve Stack: Ai(4)-Destyn_Turtles scried 1 card(s) to the top of the library
Resolve Stack: When mana produced by Path of Ancestry is spent to cast a creature spell that shares a creature type with your commander, scry 1. ([Raphael, the Muscle - Creature 4 / 4]) [Card: Raphael, the Muscle (378), Activator: Ai(4)-Destyn_Turtles, SpellAbility: Raphael, the Muscle - Creature 4 / 4]
Resolve Stack: Raphael, the Muscle - Creature 4 / 4
Add To Stack: Ai(4)-Destyn_Turtles triggered Raphael, the Muscle
Resolve Stack: When Raphael enters, create a Mutagen token. [Zone Changer: Raphael, the Muscle (378)]
Phase: Ai(4)-Destyn_Turtles' End step
Phase: Ai(4)-Destyn_Turtles' Cleanup step
Turn: Turn 18 (Ai(1)-GGS_Reality_Shift_diagnostic)
Phase: Ai(1)-GGS_Reality_Shift_diagnostic's Untap step
Phase: Ai(1)-GGS_Reality_Shift_diagnostic's Upkeep step
Phase: Ai(1)-GGS_Reality_Shift_diagnostic's Draw step
Phase: Ai(1)-GGS_Reality_Shift_diagnostic's Main phase, precombat
Mana: Fell Mire (69) - {T}: Add {B}.
Mana: Sokenzan, Crucible of Defiance (32) - {T}: Add {R}.
Add To Stack: Ai(1)-GGS_Reality_Shift_diagnostic cast Feed the Swarm targeting [Raphael, the Muscle (378)]
Zone Change: Raphael, the Muscle (378) was put into Graveyard from Battlefield.
Life: Life: Ai(1)-GGS_Reality_Shift_diagnostic 36 > 31
Resolve Stack: Feed the Swarm (45) - Destroy Raphael, the Muscle (378). Ai(1)-GGS_Reality_Shift_diagnostic loses 5 life.
Phase: Ai(1)-GGS_Reality_Shift_diagnostic's Beginning of Combat Step
Phase: Ai(1)-GGS_Reality_Shift_diagnostic's Declare Attackers Step
Phase: Ai(1)-GGS_Reality_Shift_diagnostic's Declare Blockers Step
Phase: Ai(1)-GGS_Reality_Shift_diagnostic's First Strike Damage Step
Phase: Ai(1)-GGS_Reality_Shift_diagnostic's Combat Damage Step
Phase: Ai(1)-GGS_Reality_Shift_diagnostic's End of Combat Step
Phase: Ai(1)-GGS_Reality_Shift_diagnostic's Main phase, postcombat
Mana: Gloomlake Verge (25) - {T}: Add {B}. Activate only if you control an Island or a Swamp.
Mana: Steam Vents (44) - {T}: Add {R}.
Add To Stack: Ai(1)-GGS_Reality_Shift_diagnostic cast Talisman of Dominance
Resolve Stack: Talisman of Dominance
Phase: Ai(1)-GGS_Reality_Shift_diagnostic's End step
Phase: Ai(1)-GGS_Reality_Shift_diagnostic's Cleanup step
Turn: Turn 19 (Ai(2)-Jaymie_Ezio)
Phase: Ai(2)-Jaymie_Ezio's Untap step
Phase: Ai(2)-Jaymie_Ezio's Upkeep step
Phase: Ai(2)-Jaymie_Ezio's Draw step
Phase: Ai(2)-Jaymie_Ezio's Main phase, precombat
Land: Ai(2)-Jaymie_Ezio played Island (134)
Phase: Ai(2)-Jaymie_Ezio's Beginning of Combat Step
Phase: Ai(2)-Jaymie_Ezio's Declare Attackers Step
Phase: Ai(2)-Jaymie_Ezio's Declare Blockers Step
Phase: Ai(2)-Jaymie_Ezio's First Strike Damage Step
Phase: Ai(2)-Jaymie_Ezio's Combat Damage Step
Phase: Ai(2)-Jaymie_Ezio's End of Combat Step
Phase: Ai(2)-Jaymie_Ezio's Main phase, postcombat
Mana: Island (134) - {T}: Add {U}.
Mana: Swamp (161) - {T}: Add {B}.
Mana: Plains (191) - {T}: Add {W}.
Mana: Mountain (189) - {T}: Add {R}.
Add To Stack: Ai(2)-Jaymie_Ezio cast Achilles Davenport
Resolve Stack: Achilles Davenport - Creature 3 / 3
Phase: Ai(2)-Jaymie_Ezio's End step
Phase: Ai(2)-Jaymie_Ezio's Cleanup step
Turn: Turn 20 (Ai(3)-Gabe_Food)
Phase: Ai(3)-Gabe_Food's Untap step
Phase: Ai(3)-Gabe_Food's Upkeep step
Phase: Ai(3)-Gabe_Food's Draw step
Phase: Ai(3)-Gabe_Food's Main phase, precombat
Land: Ai(3)-Gabe_Food played Forest (236)
Mana: Forest (238) - {T}: Add {G}.
Mana: Forest (236) - {T}: Add {G}.
Mana: Exotic Orchard (249) - {T}: Add one mana of any color that a land an opponent controls could produce.
Mana: Isolated Chapel (245) - {T}: Add {W} or {B}.
Add To Stack: Ai(3)-Gabe_Food cast Assemble the Entmoot
Resolve Stack: Assemble the Entmoot
Phase: Ai(3)-Gabe_Food's Beginning of Combat Step
Add To Stack: Ai(3)-Gabe_Food triggered Sam, Loyal Attendant
Resolve Stack: At the beginning of combat on your turn, create a Food token. (It's an artifact with "{2}, {T}, Sacrifice this token: You gain 3 life.") [Phase: Ai(3)-Gabe_Food]
Phase: Ai(3)-Gabe_Food's Declare Attackers Step
Phase: Ai(3)-Gabe_Food's Declare Blockers Step
Phase: Ai(3)-Gabe_Food's First Strike Damage Step
Phase: Ai(3)-Gabe_Food's Combat Damage Step
Phase: Ai(3)-Gabe_Food's End of Combat Step
Phase: Ai(3)-Gabe_Food's Main phase, postcombat
Phase: Ai(3)-Gabe_Food's End step
Phase: Ai(3)-Gabe_Food's Cleanup step
Turn: Turn 21 (Ai(4)-Destyn_Turtles)
Phase: Ai(4)-Destyn_Turtles' Untap step
Phase: Ai(4)-Destyn_Turtles' Upkeep step
Phase: Ai(4)-Destyn_Turtles' Draw step
Phase: Ai(4)-Destyn_Turtles' Main phase, precombat
Phase: Ai(4)-Destyn_Turtles' Beginning of Combat Step
Phase: Ai(4)-Destyn_Turtles' Declare Attackers Step
Phase: Ai(4)-Destyn_Turtles' Declare Blockers Step
Phase: Ai(4)-Destyn_Turtles' First Strike Damage Step
Phase: Ai(4)-Destyn_Turtles' Combat Damage Step
Phase: Ai(4)-Destyn_Turtles' End of Combat Step
Zone Change: Assemble the Entmoot (203) was put into Graveyard from Battlefield.
Add To Stack: Ai(3)-Gabe_Food activated Assemble the Entmoot
Resolve Stack: Assemble the Entmoot (203) - Ai(3)-Gabe_Food creates three tapped X/X green Treefolk creature tokens, where X is the amount of life you gained this turn. Put a reach counter on each of them. Ai(3)-Gabe_Food puts a reach counter on . 
Zone Change: Treefolk Token (462) was put into Graveyard from Battlefield.
Zone Change: Treefolk Token (463) was put into Graveyard from Battlefield.
Zone Change: Treefolk Token (464) was put into Graveyard from Battlefield.
Phase: Ai(4)-Destyn_Turtles' Main phase, postcombat
Add To Stack: Ai(4)-Destyn_Turtles triggered Ninja Pizza
Resolve Stack: At the beginning of your second main phase, create a Food token. (It's an artifact with "{2}, {T}, Sacrifice this token: You gain 3 life.") [Phase: Ai(4)-Destyn_Turtles]
Replacement Effect: Thriving Moor enters tapped.
Replacement Effect: As Thriving Moor enters, choose a color other than black.
Land: Ai(4)-Destyn_Turtles played Thriving Moor (399)
Mana: Path of Ancestry (315) - {T}: Add one mana of any color in your commander's color identity. When that mana is spent to cast a creature spell that shares a creature type with your commander, scry 1. (Look at the top card of your library. You may put that card on the bottom.)
Mana: Island (332) - {T}: Add {U}.
Mana: Spire Garden (392) - {T}: Add {R} or {G}.
Mana: Command Tower (331) - {T}: Add one mana of any color in your commander's color identity.
Add To Stack: Ai(4)-Destyn_Turtles cast Leonardo, the Balance
Add To Stack: Ai(4)-Destyn_Turtles triggered Path of Ancestry
Resolve Stack: Ai(4)-Destyn_Turtles scried 1 card(s) to the top of the library
Resolve Stack: When mana produced by Path of Ancestry is spent to cast a creature spell that shares a creature type with your commander, scry 1. ([Leonardo, the Balance - Creature 3 / 3]) [Card: Leonardo, the Balance (404), Activator: Ai(4)-Destyn_Turtles, SpellAbility: Leonardo, the Balance - Creature 3 / 3]
Resolve Stack: Leonardo, the Balance - Creature 3 / 3
Phase: Ai(4)-Destyn_Turtles' End step
Phase: Ai(4)-Destyn_Turtles' Cleanup step
Turn: Turn 22 (Ai(1)-GGS_Reality_Shift_diagnostic)
Phase: Ai(1)-GGS_Reality_Shift_diagnostic's Untap step
Phase: Ai(1)-GGS_Reality_Shift_diagnostic's Upkeep step
Phase: Ai(1)-GGS_Reality_Shift_diagnostic's Draw step
Phase: Ai(1)-GGS_Reality_Shift_diagnostic's Main phase, precombat
Phase: Ai(1)-GGS_Reality_Shift_diagnostic's Beginning of Combat Step
Phase: Ai(1)-GGS_Reality_Shift_diagnostic's Declare Attackers Step
Phase: Ai(1)-GGS_Reality_Shift_diagnostic's Declare Blockers Step
Phase: Ai(1)-GGS_Reality_Shift_diagnostic's First Strike Damage Step
Phase: Ai(1)-GGS_Reality_Shift_diagnostic's Combat Damage Step
Phase: Ai(1)-GGS_Reality_Shift_diagnostic's End of Combat Step
Phase: Ai(1)-GGS_Reality_Shift_diagnostic's Main phase, postcombat
Mana: Sokenzan, Crucible of Defiance (32) - {T}: Add {R}.
Mana: Steam Vents (44) - {T}: Add {R}.
Mana: Fell Mire (69) - {T}: Add {B}.
Mana: Gloomlake Verge (25) - {T}: Add {B}. Activate only if you control an Island or a Swamp.
Mana: Talisman of Dominance (78) - {T}: Add {C}.
Add To Stack: Ai(1)-GGS_Reality_Shift_diagnostic cast Draconic Visitor
Resolve Stack: Draconic Visitor - Creature 5 / 5
Phase: Ai(1)-GGS_Reality_Shift_diagnostic's End step
Phase: Ai(1)-GGS_Reality_Shift_diagnostic's Cleanup step
Turn: Turn 23 (Ai(2)-Jaymie_Ezio)
Phase: Ai(2)-Jaymie_Ezio's Untap step
Phase: Ai(2)-Jaymie_Ezio's Upkeep step
Phase: Ai(2)-Jaymie_Ezio's Draw step
Phase: Ai(2)-Jaymie_Ezio's Main phase, precombat
Phase: Ai(2)-Jaymie_Ezio's Beginning of Combat Step
Phase: Ai(2)-Jaymie_Ezio's Declare Attackers Step
Phase: Ai(2)-Jaymie_Ezio's Declare Blockers Step
Phase: Ai(2)-Jaymie_Ezio's First Strike Damage Step
Phase: Ai(2)-Jaymie_Ezio's Combat Damage Step
Phase: Ai(2)-Jaymie_Ezio's End of Combat Step
Phase: Ai(2)-Jaymie_Ezio's Main phase, postcombat
Replacement Effect: Tranquil Cove enters tapped.
Land: Ai(2)-Jaymie_Ezio played Tranquil Cove (178)
Add To Stack: Ai(2)-Jaymie_Ezio triggered Tranquil Cove
Life: Life: Ai(2)-Jaymie_Ezio 40 > 41
Resolve Stack: When Tranquil Cove enters, you gain 1 life. [Zone Changer: Tranquil Cove (178)]
Mana: Island (134) - {T}: Add {U}.
Mana: Mountain (189) - {T}: Add {R}.
Mana: Swamp (161) - {T}: Add {B}.
Add To Stack: Ai(2)-Jaymie_Ezio cast Shao Jun
Resolve Stack: Shao Jun - Creature 3 / 3
Phase: Ai(2)-Jaymie_Ezio's End step
Phase: Ai(2)-Jaymie_Ezio's Cleanup step
Turn: Turn 24 (Ai(3)-Gabe_Food)
Phase: Ai(3)-Gabe_Food's Untap step
Phase: Ai(3)-Gabe_Food's Upkeep step
Phase: Ai(3)-Gabe_Food's Draw step
Phase: Ai(3)-Gabe_Food's Main phase, precombat
Land: Ai(3)-Gabe_Food played Plains (289)
Phase: Ai(3)-Gabe_Food's Beginning of Combat Step
Add To Stack: Ai(3)-Gabe_Food triggered Sam, Loyal Attendant
Resolve Stack: At the beginning of combat on your turn, create a Food token. (It's an artifact with "{2}, {T}, Sacrifice this token: You gain 3 life.") [Phase: Ai(3)-Gabe_Food]
Phase: Ai(3)-Gabe_Food's Declare Attackers Step
Phase: Ai(3)-Gabe_Food's Declare Blockers Step
Phase: Ai(3)-Gabe_Food's First Strike Damage Step
Phase: Ai(3)-Gabe_Food's Combat Damage Step
Phase: Ai(3)-Gabe_Food's End of Combat Step
Phase: Ai(3)-Gabe_Food's Main phase, postcombat
Mana: Exotic Orchard (249) - {T}: Add one mana of any color that a land an opponent controls could produce.
Mana: Isolated Chapel (245) - {T}: Add {W} or {B}.
Mana: Forest (238) - {T}: Add {G}.
Mana: Forest (236) - {T}: Add {G}.
Mana: Plains (289) - {T}: Add {W}.
Add To Stack: Ai(3)-Gabe_Food cast Sanguine Bond
Resolve Stack: Sanguine Bond
Phase: Ai(3)-Gabe_Food's End step
Phase: Ai(3)-Gabe_Food's Cleanup step
Turn: Turn 25 (Ai(4)-Destyn_Turtles)
Phase: Ai(4)-Destyn_Turtles' Untap step
Phase: Ai(4)-Destyn_Turtles' Upkeep step
Phase: Ai(4)-Destyn_Turtles' Draw step
Phase: Ai(4)-Destyn_Turtles' Main phase, precombat
Replacement Effect: Dragonskull Summit enters tapped unless you control a Swamp or a Mountain.
Land: Ai(4)-Destyn_Turtles played Dragonskull Summit (350)
Phase: Ai(4)-Destyn_Turtles' Beginning of Combat Step
Phase: Ai(4)-Destyn_Turtles' Declare Attackers Step
Phase: Ai(4)-Destyn_Turtles' Declare Blockers Step
Phase: Ai(4)-Destyn_Turtles' First Strike Damage Step
Phase: Ai(4)-Destyn_Turtles' Combat Damage Step
Phase: Ai(4)-Destyn_Turtles' End of Combat Step
Phase: Ai(4)-Destyn_Turtles' Main phase, postcombat
Add To Stack: Ai(4)-Destyn_Turtles triggered Ninja Pizza
Resolve Stack: At the beginning of your second main phase, create a Food token. (It's an artifact with "{2}, {T}, Sacrifice this token: You gain 3 life.") [Phase: Ai(4)-Destyn_Turtles]
Add To Stack: Ai(4)-Destyn_Turtles triggered Leonardo, the Balance
Resolve Stack: Whenever a token you control enters, you may put a +1/+1 counter on each creature you control. Do this only once each turn. [Zone Changer: Food Token (474)]
Mana: Spire Garden (392) - {T}: Add {R} or {G}.
Mana: Island (332) - {T}: Add {U}.
Mana: Thriving Moor (399) - {T}: Add {B} or one mana of the chosen color.
Add To Stack: Ai(4)-Destyn_Turtles cast Rocksteady, Mutant Marauder
Resolve Stack: Rocksteady, Mutant Marauder - Creature 3 / 3
Add To Stack: Ai(4)-Destyn_Turtles triggered Rocksteady, Mutant Marauder targeting [Ai(4)-Destyn_Turtles]
Resolve Stack: Partner with Bebop, Skull & Crossbones (When this creature enters, target player may put Bebop into their hand from their library, then shuffle.) (Targeting: [[Ai(4)-Destyn_Turtles]]) [Zone Changer: Rocksteady, Mutant Marauder (385)]
Mana: Path of Ancestry (315) - {T}: Add one mana of any color in your commander's color identity. When that mana is spent to cast a creature spell that shares a creature type with your commander, scry 1. (Look at the top card of your library. You may put that card on the bottom.)
Mana: Command Tower (331) - {T}: Add one mana of any color in your commander's color identity.
Add To Stack: Ai(4)-Destyn_Turtles cast Bebop, Skull & Crossbones
Add To Stack: Ai(4)-Destyn_Turtles triggered Path of Ancestry
Resolve Stack: Ai(4)-Destyn_Turtles scried 1 card(s) to the top of the library
Resolve Stack: When mana produced by Path of Ancestry is spent to cast a creature spell that shares a creature type with your commander, scry 1. ([Bebop, Skull & Crossbones - Creature 2 / 1]) [Card: Bebop, Skull & Crossbones (318), Activator: Ai(4)-Destyn_Turtles, SpellAbility: Bebop, Skull & Crossbones - Creature 2 / 1]
Resolve Stack: Bebop, Skull & Crossbones - Creature 2 / 1
Add To Stack: Ai(4)-Destyn_Turtles triggered Bebop, Skull & Crossbones targeting [Ai(4)-Destyn_Turtles]
Add To Stack: Ai(4)-Destyn_Turtles triggered Rocksteady, Mutant Marauder targeting [Leonardo, the Balance (404)]
Resolve Stack: Whenever another nontoken creature you control enters, put a +1/+1 counter on target creature. (Targeting: [[Leonardo, the Balance (404)]]) [Zone Changer: Bebop, Skull & Crossbones (318)]
Resolve Stack: Partner with Rocksteady, Mutant Marauder (When this creature enters, target player may put Rocksteady into their hand from their library, then shuffle.) (Targeting: [[Ai(4)-Destyn_Turtles]]) [Zone Changer: Bebop, Skull & Crossbones (318)]
Phase: Ai(4)-Destyn_Turtles' End step
Phase: Ai(4)-Destyn_Turtles' Cleanup step
Turn: Turn 26 (Ai(1)-GGS_Reality_Shift_diagnostic)
Phase: Ai(1)-GGS_Reality_Shift_diagnostic's Untap step
Phase: Ai(1)-GGS_Reality_Shift_diagnostic's Upkeep step
Phase: Ai(1)-GGS_Reality_Shift_diagnostic's Draw step
Phase: Ai(1)-GGS_Reality_Shift_diagnostic's Main phase, precombat
Land: Ai(1)-GGS_Reality_Shift_diagnostic played Reflecting Pool (59)
Mana: Fell Mire (69) - {T}: Add {B}.
Mana: Reflecting Pool (59) - {T}: Add one mana of any type that a land you control could produce.
Mana: Sokenzan, Crucible of Defiance (32) - {T}: Add {R}.
Mana: Steam Vents (44) - {T}: Add {R}.
Mana: Gloomlake Verge (25) - {T}: Add {B}. Activate only if you control an Island or a Swamp.
Add To Stack: Ai(1)-GGS_Reality_Shift_diagnostic cast Crux of Fate
Zone Change: Loyal Apprentice (1) was put into Graveyard from Battlefield.
Zone Change: Achilles Davenport (144) was put into Graveyard from Battlefield.
Zone Change: Shao Jun (183) was put into Graveyard from Battlefield.
Zone Change: Sam, Loyal Attendant (303) was put into Graveyard from Battlefield.
Zone Change: Michelangelo, the Heart (402) was put into Graveyard from Battlefield.
Zone Change: Tempestra, Dame of Games (382) was put into Graveyard from Battlefield.
Zone Change: Leonardo, the Balance (404) was put into Graveyard from Battlefield.
Zone Change: Rocksteady, Mutant Marauder (385) was put into Graveyard from Battlefield.
Zone Change: Bebop, Skull & Crossbones (318) was put into Graveyard from Battlefield.
Resolve Stack: Crux of Fate (17) -  Destroy all non-Dragon creatures.
Phase: Ai(1)-GGS_Reality_Shift_diagnostic's Beginning of Combat Step
Phase: Ai(1)-GGS_Reality_Shift_diagnostic's Declare Attackers Step
Combat: Ai(1)-GGS_Reality_Shift_diagnostic assigned Draconic Visitor (14) to attack Ai(4)-Destyn_Turtles.
Phase: Ai(1)-GGS_Reality_Shift_diagnostic's Declare Blockers Step
Combat: Ai(4)-Destyn_Turtles didn't block Draconic Visitor (14).
Phase: Ai(1)-GGS_Reality_Shift_diagnostic's First Strike Damage Step
Phase: Ai(1)-GGS_Reality_Shift_diagnostic's Combat Damage Step
Damage: Draconic Visitor (14) deals 5 combat damage to Ai(4)-Destyn_Turtles.
Life: Life: Ai(4)-Destyn_Turtles 38 > 33
Phase: Ai(1)-GGS_Reality_Shift_diagnostic's End of Combat Step
Phase: Ai(1)-GGS_Reality_Shift_diagnostic's Main phase, postcombat
Phase: Ai(1)-GGS_Reality_Shift_diagnostic's End step
Phase: Ai(1)-GGS_Reality_Shift_diagnostic's Cleanup step
Turn: Turn 27 (Ai(2)-Jaymie_Ezio)
Phase: Ai(2)-Jaymie_Ezio's Untap step
Phase: Ai(2)-Jaymie_Ezio's Upkeep step
Phase: Ai(2)-Jaymie_Ezio's Draw step
Phase: Ai(2)-Jaymie_Ezio's Main phase, precombat
Mana: Swamp (161) - {T}: Add {B}.
Mana: Island (134) - {T}: Add {U}.
Mana: Plains (191) - {T}: Add {W}.
Add To Stack: Ai(2)-Jaymie_Ezio cast 
Resolve Stack: Disguise - Creature 2/2
Phase: Ai(2)-Jaymie_Ezio's Beginning of Combat Step
Phase: Ai(2)-Jaymie_Ezio's Declare Attackers Step
Phase: Ai(2)-Jaymie_Ezio's Declare Blockers Step
Phase: Ai(2)-Jaymie_Ezio's First Strike Damage Step
Phase: Ai(2)-Jaymie_Ezio's Combat Damage Step
Phase: Ai(2)-Jaymie_Ezio's End of Combat Step
Phase: Ai(2)-Jaymie_Ezio's Main phase, postcombat
Phase: Ai(2)-Jaymie_Ezio's End step
Phase: Ai(2)-Jaymie_Ezio's Cleanup step
Turn: Turn 28 (Ai(3)-Gabe_Food)
Phase: Ai(3)-Gabe_Food's Untap step
Phase: Ai(3)-Gabe_Food's Upkeep step
Phase: Ai(3)-Gabe_Food's Draw step
Phase: Ai(3)-Gabe_Food's Main phase, precombat
Mana: Forest (238) - {T}: Add {G}.
Mana: Forest (236) - {T}: Add {G}.
Add To Stack: Ai(3)-Gabe_Food cast Farseek
Resolve Stack: Farseek (229) - Ai(3)-Gabe_Food searches their library for a Plains, Island, Swamp or Mountain card, puts it onto the battlefield tapped, then shuffles.
Phase: Ai(3)-Gabe_Food's Beginning of Combat Step
Phase: Ai(3)-Gabe_Food's Declare Attackers Step
Phase: Ai(3)-Gabe_Food's Declare Blockers Step
Phase: Ai(3)-Gabe_Food's First Strike Damage Step
Phase: Ai(3)-Gabe_Food's Combat Damage Step
Phase: Ai(3)-Gabe_Food's End of Combat Step
Phase: Ai(3)-Gabe_Food's Main phase, postcombat
Mana: Exotic Orchard (249) - {T}: Add one mana of any color that a land an opponent controls could produce.
Mana: Plains (289) - {T}: Add {W}.
Mana: Isolated Chapel (245) - {T}: Add {W} or {B}.
Mana: Scattered Groves (248) - {T}: Add {G}.
Add To Stack: Ai(3)-Gabe_Food cast Treebeard, Gracious Host
Resolve Stack: Treebeard, Gracious Host - Creature 0 / 5
Add To Stack: Ai(3)-Gabe_Food triggered Treebeard, Gracious Host
Resolve Stack: When Treebeard, Gracious Host enters, create two Food tokens. [Zone Changer: Treebeard, Gracious Host (281)]
Phase: Ai(3)-Gabe_Food's End step
Phase: Ai(3)-Gabe_Food's Cleanup step
Turn: Turn 29 (Ai(4)-Destyn_Turtles)
Phase: Ai(4)-Destyn_Turtles' Untap step
Phase: Ai(4)-Destyn_Turtles' Upkeep step
Phase: Ai(4)-Destyn_Turtles' Draw step
Phase: Ai(4)-Destyn_Turtles' Main phase, precombat
Mana: Path of Ancestry (315) - {T}: Add one mana of any color in your commander's color identity. When that mana is spent to cast a creature spell that shares a creature type with your commander, scry 1. (Look at the top card of your library. You may put that card on the bottom.)
Mana: Command Tower (331) - {T}: Add one mana of any color in your commander's color identity.
Mana: Island (332) - {T}: Add {U}.
Mana: Spire Garden (392) - {T}: Add {R} or {G}.
Mana: Thriving Moor (399) - {T}: Add {B} or one mana of the chosen color.
Add To Stack: Ai(4)-Destyn_Turtles cast Vanquish the Horde
Zone Change: Draconic Visitor (14) was put into Graveyard from Battlefield.
Zone Change: Face-down card (H5) was put into Graveyard from Battlefield.
Zone Change: Treebeard, Gracious Host (281) was put into Graveyard from Battlefield.
Resolve Stack: Vanquish the Horde (321) - Destroy all creatures.
Phase: Ai(4)-Destyn_Turtles' Beginning of Combat Step
Phase: Ai(4)-Destyn_Turtles' Declare Attackers Step
Phase: Ai(4)-Destyn_Turtles' Declare Blockers Step
Phase: Ai(4)-Destyn_Turtles' First Strike Damage Step
Phase: Ai(4)-Destyn_Turtles' Combat Damage Step
Phase: Ai(4)-Destyn_Turtles' End of Combat Step
Phase: Ai(4)-Destyn_Turtles' Main phase, postcombat
Add To Stack: Ai(4)-Destyn_Turtles triggered Ninja Pizza
Resolve Stack: At the beginning of your second main phase, create a Food token. (It's an artifact with "{2}, {T}, Sacrifice this token: You gain 3 life.") [Phase: Ai(4)-Destyn_Turtles]
Zone Change: Food Token (482) was put into Graveyard from Battlefield.
Mana: Food Token (482) - {T}, Sacrifice this artifact: Add one mana of any color.
Mana: Dragonskull Summit (350) - {T}: Add {B} or {R}.
Zone Change: Food Token (474) was put into Graveyard from Battlefield.
Mana: Food Token (474) - {T}, Sacrifice this artifact: Add one mana of any color.
Zone Change: Food Token (467) was put into Graveyard from Battlefield.
Mana: Food Token (467) - {T}, Sacrifice this artifact: Add one mana of any color.
Add To Stack: Ai(4)-Destyn_Turtles cast Michelangelo, the Heart
Resolve Stack: Michelangelo, the Heart - Creature 2 / 1
Phase: Ai(4)-Destyn_Turtles' End step
Phase: Ai(4)-Destyn_Turtles' Cleanup step
Turn: Turn 30 (Ai(1)-GGS_Reality_Shift_diagnostic)
Phase: Ai(1)-GGS_Reality_Shift_diagnostic's Untap step
Phase: Ai(1)-GGS_Reality_Shift_diagnostic's Upkeep step
Phase: Ai(1)-GGS_Reality_Shift_diagnostic's Draw step
Phase: Ai(1)-GGS_Reality_Shift_diagnostic's Main phase, precombat
Phase: Ai(1)-GGS_Reality_Shift_diagnostic's Beginning of Combat Step
Phase: Ai(1)-GGS_Reality_Shift_diagnostic's Declare Attackers Step
Phase: Ai(1)-GGS_Reality_Shift_diagnostic's Declare Blockers Step
Phase: Ai(1)-GGS_Reality_Shift_diagnostic's First Strike Damage Step
Phase: Ai(1)-GGS_Reality_Shift_diagnostic's Combat Damage Step
Phase: Ai(1)-GGS_Reality_Shift_diagnostic's End of Combat Step
Phase: Ai(1)-GGS_Reality_Shift_diagnostic's Main phase, postcombat
Mana: Reflecting Pool (59) - {T}: Add one mana of any type that a land you control could produce.
Mana: Fell Mire (69) - {T}: Add {B}.
Mana: Sokenzan, Crucible of Defiance (32) - {T}: Add {R}.
Mana: Steam Vents (44) - {T}: Add {R}.
Mana: Gloomlake Verge (25) - {T}: Add {B}. Activate only if you control an Island or a Swamp.
Add To Stack: Ai(1)-GGS_Reality_Shift_diagnostic cast Fallen Shinobi
Resolve Stack: Fallen Shinobi - Creature 5 / 4
Phase: Ai(1)-GGS_Reality_Shift_diagnostic's End step
Phase: Ai(1)-GGS_Reality_Shift_diagnostic's Cleanup step
Turn: Turn 31 (Ai(2)-Jaymie_Ezio)
Phase: Ai(2)-Jaymie_Ezio's Untap step
Phase: Ai(2)-Jaymie_Ezio's Upkeep step
Phase: Ai(2)-Jaymie_Ezio's Draw step
Phase: Ai(2)-Jaymie_Ezio's Main phase, precombat
Land: Ai(2)-Jaymie_Ezio played Shadowblood Ridge (156)
Phase: Ai(2)-Jaymie_Ezio's Beginning of Combat Step
Phase: Ai(2)-Jaymie_Ezio's Declare Attackers Step
Phase: Ai(2)-Jaymie_Ezio's Declare Blockers Step
Phase: Ai(2)-Jaymie_Ezio's First Strike Damage Step
Phase: Ai(2)-Jaymie_Ezio's Combat Damage Step
Phase: Ai(2)-Jaymie_Ezio's End of Combat Step
Phase: Ai(2)-Jaymie_Ezio's Main phase, postcombat
Mana: Swamp (161) - {T}: Add {B}.
Mana: Island (134) - {T}: Add {U}.
Mana: Plains (191) - {T}: Add {W}.
Mana: Mountain (189) - {T}: Add {R}.
Mana: Tranquil Cove (178) - {T}: Add {W} or {U}.
Add To Stack: Ai(2)-Jaymie_Ezio cast Ezio, Blade of Vengeance
Resolve Stack: Ezio, Blade of Vengeance - Creature 5 / 5
Phase: Ai(2)-Jaymie_Ezio's End step
Phase: Ai(2)-Jaymie_Ezio's Cleanup step
Turn: Turn 32 (Ai(3)-Gabe_Food)
Phase: Ai(3)-Gabe_Food's Untap step
Phase: Ai(3)-Gabe_Food's Upkeep step
Phase: Ai(3)-Gabe_Food's Draw step
Phase: Ai(3)-Gabe_Food's Main phase, precombat
Land: Ai(3)-Gabe_Food played Forest (234)
Phase: Ai(3)-Gabe_Food's Beginning of Combat Step
Phase: Ai(3)-Gabe_Food's Declare Attackers Step
Phase: Ai(3)-Gabe_Food's Declare Blockers Step
Phase: Ai(3)-Gabe_Food's First Strike Damage Step
Phase: Ai(3)-Gabe_Food's Combat Damage Step
Phase: Ai(3)-Gabe_Food's End of Combat Step
Phase: Ai(3)-Gabe_Food's Main phase, postcombat
Mana: Exotic Orchard (249) - {T}: Add one mana of any color that a land an opponent controls could produce.
Mana: Forest (238) - {T}: Add {G}.
Mana: Swamp (265) - {T}: Add {B}.
Mana: Forest (236) - {T}: Add {G}.
Mana: Forest (234) - {T}: Add {G}.
Add To Stack: Ai(3)-Gabe_Food cast Sam, Loyal Attendant
Resolve Stack: Sam, Loyal Attendant - Creature 2 / 4
Add To Stack: Ai(3)-Gabe_Food triggered Sam, Loyal Attendant targeting [Ai(3)-Gabe_Food]
Resolve Stack: Partner with Frodo, Adventurous Hobbit (When this creature enters, target player may put Frodo into their hand from their library, then shuffle.) (Targeting: [[Ai(3)-Gabe_Food]]) [Zone Changer: Sam, Loyal Attendant (303)]
Mana: Plains (289) - {T}: Add {W}.
Mana: Isolated Chapel (245) - {T}: Add {W} or {B}.
Mana: Scattered Groves (248) - {T}: Add {G}.
Add To Stack: Ai(3)-Gabe_Food cast Commander's Sphere
Resolve Stack: Commander's Sphere
Phase: Ai(3)-Gabe_Food's End step
Phase: Ai(3)-Gabe_Food's Cleanup step
Turn: Turn 33 (Ai(4)-Destyn_Turtles)
Phase: Ai(4)-Destyn_Turtles' Untap step
Phase: Ai(4)-Destyn_Turtles' Upkeep step
Phase: Ai(4)-Destyn_Turtles' Draw step
Phase: Ai(4)-Destyn_Turtles' Main phase, precombat
Phase: Ai(4)-Destyn_Turtles' Beginning of Combat Step
Phase: Ai(4)-Destyn_Turtles' Declare Attackers Step
Phase: Ai(4)-Destyn_Turtles' Declare Blockers Step
Phase: Ai(4)-Destyn_Turtles' First Strike Damage Step
Phase: Ai(4)-Destyn_Turtles' Combat Damage Step
Phase: Ai(4)-Destyn_Turtles' End of Combat Step
Phase: Ai(4)-Destyn_Turtles' Main phase, postcombat
Add To Stack: Ai(4)-Destyn_Turtles triggered Ninja Pizza
Resolve Stack: At the beginning of your second main phase, create a Food token. (It's an artifact with "{2}, {T}, Sacrifice this token: You gain 3 life.") [Phase: Ai(4)-Destyn_Turtles]
Mana: Path of Ancestry (315) - {T}: Add one mana of any color in your commander's color identity. When that mana is spent to cast a creature spell that shares a creature type with your commander, scry 1. (Look at the top card of your library. You may put that card on the bottom.)
Mana: Island (332) - {T}: Add {U}.
Mana: Spire Garden (392) - {T}: Add {R} or {G}.
Mana: Thriving Moor (399) - {T}: Add {B} or one mana of the chosen color.
Mana: Dragonskull Summit (350) - {T}: Add {B} or {R}.
Mana: Command Tower (331) - {T}: Add one mana of any color in your commander's color identity.
Add To Stack: Ai(4)-Destyn_Turtles cast Leonardo, the Balance
Add To Stack: Ai(4)-Destyn_Turtles triggered Path of Ancestry
Resolve Stack: Ai(4)-Destyn_Turtles scried 1 card(s) to the top of the library
Resolve Stack: When mana produced by Path of Ancestry is spent to cast a creature spell that shares a creature type with your commander, scry 1. ([Leonardo, the Balance - Creature 3 / 3]) [Card: Leonardo, the Balance (404), Activator: Ai(4)-Destyn_Turtles, SpellAbility: Leonardo, the Balance - Creature 3 / 3]
Resolve Stack: Leonardo, the Balance - Creature 3 / 3
Phase: Ai(4)-Destyn_Turtles' End step
Phase: Ai(4)-Destyn_Turtles' Cleanup step
Turn: Turn 34 (Ai(1)-GGS_Reality_Shift_diagnostic)
Phase: Ai(1)-GGS_Reality_Shift_diagnostic's Untap step
Phase: Ai(1)-GGS_Reality_Shift_diagnostic's Upkeep step
Phase: Ai(1)-GGS_Reality_Shift_diagnostic's Draw step
Phase: Ai(1)-GGS_Reality_Shift_diagnostic's Main phase, precombat
Replacement Effect: Luxury Suite enters tapped unless you have two or more opponents.
Land: Ai(1)-GGS_Reality_Shift_diagnostic played Luxury Suite (76)
Phase: Ai(1)-GGS_Reality_Shift_diagnostic's Beginning of Combat Step
Phase: Ai(1)-GGS_Reality_Shift_diagnostic's Declare Attackers Step
Combat: Ai(1)-GGS_Reality_Shift_diagnostic assigned Fallen Shinobi (24) to attack Ai(3)-Gabe_Food.
Phase: Ai(1)-GGS_Reality_Shift_diagnostic's Declare Blockers Step
Combat: Ai(3)-Gabe_Food didn't block Fallen Shinobi (24).
Phase: Ai(1)-GGS_Reality_Shift_diagnostic's First Strike Damage Step
Phase: Ai(1)-GGS_Reality_Shift_diagnostic's Combat Damage Step
Damage: Fallen Shinobi (24) deals 5 combat damage to Ai(3)-Gabe_Food.
Life: Life: Ai(3)-Gabe_Food 38 > 33
Add To Stack: Ai(1)-GGS_Reality_Shift_diagnostic triggered Fallen Shinobi
Resolve Stack: Whenever Fallen Shinobi deals combat damage to a player, that player exiles the top two cards of their library. Until end of turn, you may play those cards without paying their mana costs. [Damage Source: Fallen Shinobi (24), Damaged: Ai(3)-Gabe_Food, Amount: 5]
Phase: Ai(1)-GGS_Reality_Shift_diagnostic's End of Combat Step
Phase: Ai(1)-GGS_Reality_Shift_diagnostic's Main phase, postcombat
Add To Stack: Ai(1)-GGS_Reality_Shift_diagnostic cast Well of Lost Dreams
Resolve Stack: Well of Lost Dreams
Add To Stack: Ai(1)-GGS_Reality_Shift_diagnostic cast Pristine Talisman
Resolve Stack: Pristine Talisman
Mana: Reflecting Pool (59) - {T}: Add one mana of any type that a land you control could produce.
Mana: Sokenzan, Crucible of Defiance (32) - {T}: Add {R}.
Mana: Fell Mire (69) - {T}: Add {B}.
Add To Stack: Ai(1)-GGS_Reality_Shift_diagnostic cast Goro-Goro and Satoru
Resolve Stack: Goro-Goro and Satoru - Creature 3 / 4
Mana: Steam Vents (44) - {T}: Add {U}.
Mana: Luxury Suite (76) - {T}: Add {B} or {R}.
Mana: Gloomlake Verge (25) - {T}: Add {B}. Activate only if you control an Island or a Swamp.
Add To Stack: Ai(1)-GGS_Reality_Shift_diagnostic cast Prosperous Thief
Resolve Stack: Prosperous Thief - Creature 3 / 2
Phase: Ai(1)-GGS_Reality_Shift_diagnostic's End step
Phase: Ai(1)-GGS_Reality_Shift_diagnostic's Cleanup step
Turn: Turn 35 (Ai(2)-Jaymie_Ezio)
Phase: Ai(2)-Jaymie_Ezio's Untap step
Phase: Ai(2)-Jaymie_Ezio's Upkeep step
Phase: Ai(2)-Jaymie_Ezio's Draw step
Phase: Ai(2)-Jaymie_Ezio's Main phase, precombat
Phase: Ai(2)-Jaymie_Ezio's Beginning of Combat Step
Phase: Ai(2)-Jaymie_Ezio's Declare Attackers Step
Combat: Ai(2)-Jaymie_Ezio assigned Ezio, Blade of Vengeance (141) to attack Ai(1)-GGS_Reality_Shift_diagnostic.
Phase: Ai(2)-Jaymie_Ezio's Declare Blockers Step
Combat: Ai(1)-GGS_Reality_Shift_diagnostic didn't block Ezio, Blade of Vengeance (141).
Phase: Ai(2)-Jaymie_Ezio's First Strike Damage Step
Phase: Ai(2)-Jaymie_Ezio's Combat Damage Step
Damage: Ezio, Blade of Vengeance (141) deals 5 combat damage to Ai(1)-GGS_Reality_Shift_diagnostic.
Life: Life: Ai(1)-GGS_Reality_Shift_diagnostic 31 > 26
Add To Stack: Ai(2)-Jaymie_Ezio triggered Ezio, Blade of Vengeance
Resolve Stack: Whenever an Assassin you control deals combat damage to a player, draw a card. [Damage Source: Ezio, Blade of Vengeance (141), Damaged: Ai(1)-GGS_Reality_Shift_diagnostic, Amount: 5]
Phase: Ai(2)-Jaymie_Ezio's End of Combat Step
Phase: Ai(2)-Jaymie_Ezio's Main phase, postcombat
Mana: Swamp (161) - {T}: Add {B}.
Mana: Plains (191) - {T}: Add {W}.
Mana: Island (134) - {T}: Add {U}.
Add To Stack: Ai(2)-Jaymie_Ezio cast Ratonhnhaké:ton
Resolve Stack: Ratonhnhaké:ton - Creature 3 / 3
Mana: Tranquil Cove (178) - {T}: Add {W} or {U}.
Mana: Mountain (189) - {T}: Add {R}.
Add To Stack: Ai(2)-Jaymie_Ezio cast Eagle Vision
Resolve Stack: Eagle Vision (158) - Ai(2)-Jaymie_Ezio draws three cards.
Phase: Ai(2)-Jaymie_Ezio's End step
Zone Change: Commander's Sphere (220) was put into Graveyard from Battlefield.
Add To Stack: Ai(3)-Gabe_Food activated Commander's Sphere
Resolve Stack: Commander's Sphere (220) - Ai(3)-Gabe_Food draws a card.
Phase: Ai(2)-Jaymie_Ezio's Cleanup step
Turn: Turn 36 (Ai(3)-Gabe_Food)
Phase: Ai(3)-Gabe_Food's Untap step
Phase: Ai(3)-Gabe_Food's Upkeep step
Phase: Ai(3)-Gabe_Food's Draw step
Phase: Ai(3)-Gabe_Food's Main phase, precombat
Phase: Ai(3)-Gabe_Food's Beginning of Combat Step
Add To Stack: Ai(3)-Gabe_Food triggered Sam, Loyal Attendant
Resolve Stack: At the beginning of combat on your turn, create a Food token. (It's an artifact with "{2}, {T}, Sacrifice this token: You gain 3 life.") [Phase: Ai(3)-Gabe_Food]
Phase: Ai(3)-Gabe_Food's Declare Attackers Step
Phase: Ai(3)-Gabe_Food's Declare Blockers Step
Phase: Ai(3)-Gabe_Food's First Strike Damage Step
Phase: Ai(3)-Gabe_Food's Combat Damage Step
Phase: Ai(3)-Gabe_Food's End of Combat Step
Phase: Ai(3)-Gabe_Food's Main phase, postcombat
Mana: Forest (238) - {T}: Add {G}.
Mana: Swamp (265) - {T}: Add {B}.
Mana: Forest (236) - {T}: Add {G}.
Add To Stack: Ai(3)-Gabe_Food cast Cultivate
Resolve Stack: Cultivate (205) - Search your library for up to two basic land cards, reveal those cards, put one onto the battlefield tapped and the other into your hand, then shuffle.   
Land: Ai(3)-Gabe_Food played Swamp (264)
Mana: Exotic Orchard (249) - {T}: Add one mana of any color that a land an opponent controls could produce.
Mana: Plains (289) - {T}: Add {W}.
Add To Stack: Ai(3)-Gabe_Food cast Frodo, Adventurous Hobbit
Resolve Stack: Frodo, Adventurous Hobbit - Creature 1 / 3
Add To Stack: Ai(3)-Gabe_Food triggered Frodo, Adventurous Hobbit targeting [Ai(3)-Gabe_Food]
Resolve Stack: Partner with Sam, Loyal Attendant (When this creature enters, target player may put Sam into their hand from their library, then shuffle.) (Targeting: [[Ai(3)-Gabe_Food]]) [Zone Changer: Frodo, Adventurous Hobbit (301)]
Mana: Forest (234) - {T}: Add {G}.
Mana: Swamp (264) - {T}: Add {B}.
Add To Stack: Ai(3)-Gabe_Food cast Feasting Hobbit
Zone Change: Food Token (489) was put into Graveyard from Battlefield.
Zone Change: Food Token (479) was put into Graveyard from Battlefield.
Zone Change: Food Token (478) was put into Graveyard from Battlefield.
Zone Change: Food Token (470) was put into Graveyard from Battlefield.
Zone Change: Food Token (446) was put into Graveyard from Battlefield.
Replacement Effect: Devour Food 3 (As this object enters, you may sacrifice any number of Foods. This permanent enters with three +1/+1 counters on it for each permanent sacrificed this way.)
Resolve Stack: Feasting Hobbit - Creature 2 / 2
Phase: Ai(3)-Gabe_Food's End step
Phase: Ai(3)-Gabe_Food's Cleanup step
Turn: Turn 37 (Ai(4)-Destyn_Turtles)
Phase: Ai(4)-Destyn_Turtles' Untap step
Phase: Ai(4)-Destyn_Turtles' Upkeep step
Phase: Ai(4)-Destyn_Turtles' Draw step
Phase: Ai(4)-Destyn_Turtles' Main phase, precombat
Land: Ai(4)-Destyn_Turtles played City of Brass (348)
Mana: Spire Garden (392) - {T}: Add {R} or {G}.
Add To Stack: Ai(4)-Destyn_Turtles cast Blasphemous Act
Damage: Blasphemous Act (320) deals 13 damage to Fallen Shinobi (24).
Damage: Blasphemous Act (320) deals 13 damage to Goro-Goro and Satoru (100).
Damage: Blasphemous Act (320) deals 13 damage to Prosperous Thief (27).
Damage: Blasphemous Act (320) deals 13 damage to Ezio, Blade of Vengeance (141).
Damage: Blasphemous Act (320) deals 13 damage to Ratonhnhaké:ton (138).
Damage: Blasphemous Act (320) deals 13 damage to Sam, Loyal Attendant (303).
Damage: Blasphemous Act (320) deals 13 damage to Frodo, Adventurous Hobbit (301).
Damage: Blasphemous Act (320) deals 13 damage to Feasting Hobbit (295).
Damage: Blasphemous Act (320) deals 13 damage to Michelangelo, the Heart (402).
Damage: Blasphemous Act (320) deals 13 damage to Leonardo, the Balance (404).
Resolve Stack: Blasphemous Act (320) - Deals 13 damage to each creature.
Zone Change: Michelangelo, the Heart (402) was put into Graveyard from Battlefield.
Zone Change: Leonardo, the Balance (404) was put into Graveyard from Battlefield.
Zone Change: Fallen Shinobi (24) was put into Graveyard from Battlefield.
Zone Change: Goro-Goro and Satoru (100) was put into Graveyard from Battlefield.
Zone Change: Prosperous Thief (27) was put into Graveyard from Battlefield.
Zone Change: Ezio, Blade of Vengeance (141) was put into Graveyard from Battlefield.
Zone Change: Ratonhnhaké:ton (138) was put into Graveyard from Battlefield.
Zone Change: Sam, Loyal Attendant (303) was put into Graveyard from Battlefield.
Zone Change: Frodo, Adventurous Hobbit (301) was put into Graveyard from Battlefield.
Phase: Ai(4)-Destyn_Turtles' Beginning of Combat Step
Phase: Ai(4)-Destyn_Turtles' Declare Attackers Step
Phase: Ai(4)-Destyn_Turtles' Declare Blockers Step
Phase: Ai(4)-Destyn_Turtles' First Strike Damage Step
Phase: Ai(4)-Destyn_Turtles' Combat Damage Step
Phase: Ai(4)-Destyn_Turtles' End of Combat Step
Phase: Ai(4)-Destyn_Turtles' Main phase, postcombat
Add To Stack: Ai(4)-Destyn_Turtles triggered Ninja Pizza
Resolve Stack: At the beginning of your second main phase, create a Food token. (It's an artifact with "{2}, {T}, Sacrifice this token: You gain 3 life.") [Phase: Ai(4)-Destyn_Turtles]
Mana: City of Brass (348) - {T}: Add one mana of any color.
Mana: Island (332) - {T}: Add {U}.
Mana: Dragonskull Summit (350) - {T}: Add {B} or {R}.
Mana: Thriving Moor (399) - {T}: Add {B} or one mana of the chosen color.
Mana: Path of Ancestry (315) - {T}: Add one mana of any color in your commander's color identity. When that mana is spent to cast a creature spell that shares a creature type with your commander, scry 1. (Look at the top card of your library. You may put that card on the bottom.)
Mana: Command Tower (331) - {T}: Add one mana of any color in your commander's color identity.
Zone Change: Food Token (492) was put into Graveyard from Battlefield.
Mana: Food Token (492) - {T}, Sacrifice this artifact: Add one mana of any color.
Zone Change: Food Token (485) was put into Graveyard from Battlefield.
Mana: Food Token (485) - {T}, Sacrifice this artifact: Add one mana of any color.
Add To Stack: Ai(4)-Destyn_Turtles cast Leonardo, the Balance
Add To Stack: Ai(4)-Destyn_Turtles triggered City of Brass
Add To Stack: Ai(4)-Destyn_Turtles triggered Path of Ancestry
Resolve Stack: Ai(4)-Destyn_Turtles scried 1 card(s) to the top of the library
Resolve Stack: When mana produced by Path of Ancestry is spent to cast a creature spell that shares a creature type with your commander, scry 1. ([Leonardo, the Balance - Creature 3 / 3]) [Card: Leonardo, the Balance (404), Activator: Ai(4)-Destyn_Turtles, SpellAbility: Leonardo, the Balance - Creature 3 / 3]
Damage: City of Brass (348) deals 1 non-combat damage to Ai(4)-Destyn_Turtles.
Life: Life: Ai(4)-Destyn_Turtles 33 > 32
Resolve Stack: Whenever City of Brass becomes tapped, it deals 1 damage to you. [Tapped: City of Brass (348)]
Resolve Stack: Leonardo, the Balance - Creature 3 / 3
Phase: Ai(4)-Destyn_Turtles' End step
Life: Life: Ai(1)-GGS_Reality_Shift_diagnostic 26 > 27
Mana: Pristine Talisman (293) - {T}: Add {C}. You gain 1 life. 
Add To Stack: Ai(1)-GGS_Reality_Shift_diagnostic triggered Well of Lost Dreams
Resolve Stack: Whenever you gain life, you may pay {X}, where X is less than or equal to the amount of life you gained. If you do, draw X cards. [Player: Ai(1)-GGS_Reality_Shift_diagnostic, Gained Amount: 1]
Phase: Ai(4)-Destyn_Turtles' Cleanup step
Turn: Turn 38 (Ai(1)-GGS_Reality_Shift_diagnostic)
Phase: Ai(1)-GGS_Reality_Shift_diagnostic's Untap step
Phase: Ai(1)-GGS_Reality_Shift_diagnostic's Upkeep step
Phase: Ai(1)-GGS_Reality_Shift_diagnostic's Draw step
Phase: Ai(1)-GGS_Reality_Shift_diagnostic's Main phase, precombat
Phase: Ai(1)-GGS_Reality_Shift_diagnostic's Beginning of Combat Step
Phase: Ai(1)-GGS_Reality_Shift_diagnostic's Declare Attackers Step
Phase: Ai(1)-GGS_Reality_Shift_diagnostic's Declare Blockers Step
Phase: Ai(1)-GGS_Reality_Shift_diagnostic's First Strike Damage Step
Phase: Ai(1)-GGS_Reality_Shift_diagnostic's Combat Damage Step
Phase: Ai(1)-GGS_Reality_Shift_diagnostic's End of Combat Step
Phase: Ai(1)-GGS_Reality_Shift_diagnostic's Main phase, postcombat
Replacement Effect: As Blood Crypt enters, you may pay 2 life. If you don't, it enters tapped.
Land: Ai(1)-GGS_Reality_Shift_diagnostic played Blood Crypt (66)
Mana: Sokenzan, Crucible of Defiance (32) - {T}: Add {R}.
Mana: Fell Mire (69) - {T}: Add {B}.
Mana: Reflecting Pool (59) - {T}: Add one mana of any type that a land you control could produce.
Mana: Luxury Suite (76) - {T}: Add {B} or {R}.
Add To Stack: Ai(1)-GGS_Reality_Shift_diagnostic cast Purphoros, God of the Forge
Resolve Stack: Purphoros, God of the Forge - Creature 6 / 5
Mana: Gloomlake Verge (25) - {T}: Add {B}. Activate only if you control an Island or a Swamp.
Mana: Steam Vents (44) - {T}: Add {U}.
Life: Life: Ai(1)-GGS_Reality_Shift_diagnostic 27 > 28
Mana: Pristine Talisman (293) - {T}: Add {C}. You gain 1 life. 
Add To Stack: Ai(1)-GGS_Reality_Shift_diagnostic cast Yuriko, the Tiger's Shadow
Add To Stack: Ai(1)-GGS_Reality_Shift_diagnostic triggered Well of Lost Dreams
Mana: Talisman of Dominance (78) - {T}: Add {C}.
Resolve Stack: Whenever you gain life, you may pay {X}, where X is less than or equal to the amount of life you gained. If you do, draw X cards. [Player: Ai(1)-GGS_Reality_Shift_diagnostic, Gained Amount: 1]
Resolve Stack: Yuriko, the Tiger's Shadow - Creature 1 / 3
Add To Stack: Ai(1)-GGS_Reality_Shift_diagnostic triggered Purphoros, God of the Forge
Damage: Purphoros, God of the Forge (63) deals 2 non-combat damage to Ai(2)-Jaymie_Ezio.
Damage: Purphoros, God of the Forge (63) deals 2 non-combat damage to Ai(3)-Gabe_Food.
Damage: Purphoros, God of the Forge (63) deals 2 non-combat damage to Ai(4)-Destyn_Turtles.
Life: Life: Ai(2)-Jaymie_Ezio 41 > 39
Life: Life: Ai(3)-Gabe_Food 33 > 31
Life: Life: Ai(4)-Destyn_Turtles 32 > 30
Resolve Stack: Whenever another creature you control enters, Purphoros, God of the Forge deals 2 damage to each opponent. [Zone Changer: Yuriko, the Tiger's Shadow (98)]
Phase: Ai(1)-GGS_Reality_Shift_diagnostic's End step
Phase: Ai(1)-GGS_Reality_Shift_diagnostic's Cleanup step
Turn: Turn 39 (Ai(2)-Jaymie_Ezio)
Phase: Ai(2)-Jaymie_Ezio's Untap step
Phase: Ai(2)-Jaymie_Ezio's Upkeep step
Phase: Ai(2)-Jaymie_Ezio's Draw step
Phase: Ai(2)-Jaymie_Ezio's Main phase, precombat
Land: Ai(2)-Jaymie_Ezio played Island (135)
Mana: Plains (191) - {T}: Add {W}.
Mana: Swamp (161) - {T}: Add {B}.
Mana: Island (134) - {T}: Add {U}.
Add To Stack: Ai(2)-Jaymie_Ezio cast 
Resolve Stack: Disguise - Creature 2/2
Mana: Tranquil Cove (178) - {T}: Add {W} or {U}.
Mana: Mountain (189) - {T}: Add {R}.
Mana: Island (135) - {T}: Add {U}.
Resolve Stack: Ai(2)-Jaymie_Ezio has undisguised Bayek of Siwa
Phase: Ai(2)-Jaymie_Ezio's Beginning of Combat Step
Phase: Ai(2)-Jaymie_Ezio's Declare Attackers Step
Phase: Ai(2)-Jaymie_Ezio's Declare Blockers Step
Phase: Ai(2)-Jaymie_Ezio's First Strike Damage Step
Phase: Ai(2)-Jaymie_Ezio's Combat Damage Step
Phase: Ai(2)-Jaymie_Ezio's End of Combat Step
Phase: Ai(2)-Jaymie_Ezio's Main phase, postcombat
Phase: Ai(2)-Jaymie_Ezio's End step
Phase: Ai(2)-Jaymie_Ezio's Cleanup step
Turn: Turn 40 (Ai(3)-Gabe_Food)
Phase: Ai(3)-Gabe_Food's Untap step
Phase: Ai(3)-Gabe_Food's Upkeep step
Phase: Ai(3)-Gabe_Food's Draw step
Phase: Ai(3)-Gabe_Food's Main phase, precombat
Mana: Exotic Orchard (249) - {T}: Add one mana of any color that a land an opponent controls could produce.
Mana: Forest (238) - {T}: Add {G}.
Mana: Swamp (265) - {T}: Add {B}.
Mana: Swamp (263) - {T}: Add {B}.
Mana: Swamp (264) - {T}: Add {B}.
Mana: Forest (236) - {T}: Add {G}.
Mana: Forest (234) - {T}: Add {G}.
Add To Stack: Ai(3)-Gabe_Food cast Sam, Loyal Attendant
Resolve Stack: Sam, Loyal Attendant - Creature 2 / 4
Add To Stack: Ai(3)-Gabe_Food triggered Sam, Loyal Attendant targeting [Ai(3)-Gabe_Food]
Resolve Stack: Partner with Frodo, Adventurous Hobbit (When this creature enters, target player may put Frodo into their hand from their library, then shuffle.) (Targeting: [[Ai(3)-Gabe_Food]]) [Zone Changer: Sam, Loyal Attendant (303)]
Phase: Ai(3)-Gabe_Food's Beginning of Combat Step
Add To Stack: Ai(3)-Gabe_Food triggered Sam, Loyal Attendant
Resolve Stack: At the beginning of combat on your turn, create a Food token. (It's an artifact with "{2}, {T}, Sacrifice this token: You gain 3 life.") [Phase: Ai(3)-Gabe_Food]
Phase: Ai(3)-Gabe_Food's Declare Attackers Step
Combat: Ai(3)-Gabe_Food assigned Feasting Hobbit (295) to attack Ai(1)-GGS_Reality_Shift_diagnostic.
Phase: Ai(3)-Gabe_Food's Declare Blockers Step
Combat: Ai(1)-GGS_Reality_Shift_diagnostic didn't block Feasting Hobbit (295).
Phase: Ai(3)-Gabe_Food's First Strike Damage Step
Phase: Ai(3)-Gabe_Food's Combat Damage Step
Damage: Feasting Hobbit (295) deals 17 combat damage to Ai(1)-GGS_Reality_Shift_diagnostic.
Life: Life: Ai(1)-GGS_Reality_Shift_diagnostic 28 > 11
Phase: Ai(3)-Gabe_Food's End of Combat Step
Phase: Ai(3)-Gabe_Food's Main phase, postcombat
Mana: Scattered Groves (248) - {T}: Add {G}.
Mana: Plains (289) - {T}: Add {W}.
Mana: Isolated Chapel (245) - {T}: Add {W} or {B}.
Add To Stack: Ai(3)-Gabe_Food cast Merry, Warden of Isengard
Resolve Stack: Merry, Warden of Isengard - Creature 1 / 4
Add To Stack: Ai(3)-Gabe_Food triggered Merry, Warden of Isengard targeting [Ai(3)-Gabe_Food]
Resolve Stack: Partner with Pippin, Warden of Isengard (When this creature enters, target player may put Pippin into their hand from their library, then shuffle.) (Targeting: [[Ai(3)-Gabe_Food]]) [Zone Changer: Merry, Warden of Isengard (208)]
Phase: Ai(3)-Gabe_Food's End step
Phase: Ai(3)-Gabe_Food's Cleanup step
Turn: Turn 41 (Ai(4)-Destyn_Turtles)
Phase: Ai(4)-Destyn_Turtles' Untap step
Phase: Ai(4)-Destyn_Turtles' Upkeep step
Phase: Ai(4)-Destyn_Turtles' Draw step
Phase: Ai(4)-Destyn_Turtles' Main phase, precombat
Mana: City of Brass (348) - {T}: Add one mana of any color.
Mana: Island (332) - {T}: Add {U}.
Mana: Thriving Moor (399) - {T}: Add {B} or one mana of the chosen color.
Mana: Spire Garden (392) - {T}: Add {R} or {G}.
Mana: Dragonskull Summit (350) - {T}: Add {B} or {R}.
Add To Stack: Ai(4)-Destyn_Turtles cast Heroes in a Half Shell
Add To Stack: Ai(4)-Destyn_Turtles triggered City of Brass
Damage: City of Brass (348) deals 1 non-combat damage to Ai(4)-Destyn_Turtles.
Life: Life: Ai(4)-Destyn_Turtles 30 > 29
Resolve Stack: Whenever City of Brass becomes tapped, it deals 1 damage to you. [Tapped: City of Brass (348)]
Resolve Stack: Heroes in a Half Shell - Creature 5 / 5
Phase: Ai(4)-Destyn_Turtles' Beginning of Combat Step
Phase: Ai(4)-Destyn_Turtles' Declare Attackers Step
Combat: Ai(4)-Destyn_Turtles assigned Heroes in a Half Shell (375) to attack Ai(3)-Gabe_Food.
Phase: Ai(4)-Destyn_Turtles' Declare Blockers Step
Combat: Ai(3)-Gabe_Food didn't block Heroes in a Half Shell (375).
Phase: Ai(4)-Destyn_Turtles' First Strike Damage Step
Phase: Ai(4)-Destyn_Turtles' Combat Damage Step
Damage: Heroes in a Half Shell (375) deals 5 combat damage to Ai(3)-Gabe_Food.
Life: Life: Ai(3)-Gabe_Food 31 > 26
Add To Stack: Ai(4)-Destyn_Turtles triggered Heroes in a Half Shell
Resolve Stack: Whenever one or more Mutants, Ninjas, and/or Turtles you control deal combat damage to a player, put a +1/+1 counter on each of those creatures and draw a card. [Damaged: Ai(3)-Gabe_Food, Amount: 5]
Phase: Ai(4)-Destyn_Turtles' End of Combat Step
Phase: Ai(4)-Destyn_Turtles' Main phase, postcombat
Add To Stack: Ai(4)-Destyn_Turtles triggered Ninja Pizza
Resolve Stack: At the beginning of your second main phase, create a Food token. (It's an artifact with "{2}, {T}, Sacrifice this token: You gain 3 life.") [Phase: Ai(4)-Destyn_Turtles]
Add To Stack: Ai(4)-Destyn_Turtles triggered Leonardo, the Balance
Resolve Stack: Whenever a token you control enters, you may put a +1/+1 counter on each creature you control. Do this only once each turn. [Zone Changer: Food Token (498)]
Phase: Ai(4)-Destyn_Turtles' End step
Phase: Ai(4)-Destyn_Turtles' Cleanup step
Turn: Turn 42 (Ai(1)-GGS_Reality_Shift_diagnostic)
Phase: Ai(1)-GGS_Reality_Shift_diagnostic's Untap step
Phase: Ai(1)-GGS_Reality_Shift_diagnostic's Upkeep step
Phase: Ai(1)-GGS_Reality_Shift_diagnostic's Draw step
Phase: Ai(1)-GGS_Reality_Shift_diagnostic's Main phase, precombat
Mana: Reflecting Pool (59) - {T}: Add one mana of any type that a land you control could produce.
Mana: Sokenzan, Crucible of Defiance (32) - {T}: Add {R}.
Mana: Fell Mire (69) - {T}: Add {B}.
Mana: Luxury Suite (76) - {T}: Add {B} or {R}.
Mana: Blood Crypt (66) - {T}: Add {R}.
Add To Stack: Ai(1)-GGS_Reality_Shift_diagnostic cast Goro-Goro and Satoru
Resolve Stack: Goro-Goro and Satoru - Creature 3 / 4
Add To Stack: Ai(1)-GGS_Reality_Shift_diagnostic triggered Purphoros, God of the Forge
Damage: Purphoros, God of the Forge (63) deals 2 non-combat damage to Ai(2)-Jaymie_Ezio.
Damage: Purphoros, God of the Forge (63) deals 2 non-combat damage to Ai(3)-Gabe_Food.
Damage: Purphoros, God of the Forge (63) deals 2 non-combat damage to Ai(4)-Destyn_Turtles.
Life: Life: Ai(2)-Jaymie_Ezio 39 > 37
Life: Life: Ai(3)-Gabe_Food 26 > 24
Life: Life: Ai(4)-Destyn_Turtles 29 > 27
Resolve Stack: Whenever another creature you control enters, Purphoros, God of the Forge deals 2 damage to each opponent. [Zone Changer: Goro-Goro and Satoru (100)]
Mana: Steam Vents (44) - {T}: Add {R}.
Mana: Gloomlake Verge (25) - {T}: Add {B}. Activate only if you control an Island or a Swamp.
Life: Life: Ai(1)-GGS_Reality_Shift_diagnostic 11 > 12
Mana: Pristine Talisman (293) - {T}: Add {C}. You gain 1 life. 
Add To Stack: Ai(1)-GGS_Reality_Shift_diagnostic cast War Cadence
Add To Stack: Ai(1)-GGS_Reality_Shift_diagnostic triggered Well of Lost Dreams
Mana: Talisman of Dominance (78) - {T}: Add {C}.
Resolve Stack: Whenever you gain life, you may pay {X}, where X is less than or equal to the amount of life you gained. If you do, draw X cards. [Player: Ai(1)-GGS_Reality_Shift_diagnostic, Gained Amount: 1]
Resolve Stack: War Cadence
Phase: Ai(1)-GGS_Reality_Shift_diagnostic's Beginning of Combat Step
Phase: Ai(1)-GGS_Reality_Shift_diagnostic's Declare Attackers Step
Phase: Ai(1)-GGS_Reality_Shift_diagnostic's Declare Blockers Step
Phase: Ai(1)-GGS_Reality_Shift_diagnostic's First Strike Damage Step
Phase: Ai(1)-GGS_Reality_Shift_diagnostic's Combat Damage Step
Phase: Ai(1)-GGS_Reality_Shift_diagnostic's End of Combat Step
Phase: Ai(1)-GGS_Reality_Shift_diagnostic's Main phase, postcombat
Phase: Ai(1)-GGS_Reality_Shift_diagnostic's End step
Phase: Ai(1)-GGS_Reality_Shift_diagnostic's Cleanup step
Turn: Turn 43 (Ai(2)-Jaymie_Ezio)
Phase: Ai(2)-Jaymie_Ezio's Untap step
Phase: Ai(2)-Jaymie_Ezio's Upkeep step
Phase: Ai(2)-Jaymie_Ezio's Draw step
Phase: Ai(2)-Jaymie_Ezio's Main phase, precombat
Mana: Plains (191) - {T}: Add {W}.
Mana: Tranquil Cove (178) - {T}: Add {W} or {U}.
Mana: Swamp (161) - {T}: Add {B}.
Mana: Island (134) - {T}: Add {U}.
Mana: Island (135) - {T}: Add {U}.
Add To Stack: Ai(2)-Jaymie_Ezio cast What Must Be Done
Zone Change: Bayek of Siwa (150) was put into Graveyard from Battlefield.
Zone Change: Well of Lost Dreams (250) was put into Graveyard from Battlefield.
Zone Change: Pristine Talisman (293) was put into Graveyard from Battlefield.
Zone Change: Feasting Hobbit (295) was put into Graveyard from Battlefield.
Zone Change: Sam, Loyal Attendant (303) was put into Graveyard from Battlefield.
Zone Change: Food Token (495) was put into Graveyard from Battlefield.
Zone Change: Merry, Warden of Isengard (208) was put into Graveyard from Battlefield.
Zone Change: Mutagen Token (442) was put into Graveyard from Battlefield.
Zone Change: Leonardo, the Balance (404) was put into Graveyard from Battlefield.
Zone Change: Heroes in a Half Shell (375) was put into Graveyard from Battlefield.
Zone Change: Food Token (498) was put into Graveyard from Battlefield.
Zone Change: Talisman of Dominance (78) was put into Graveyard from Battlefield.
Zone Change: Yuriko, the Tiger's Shadow (98) was put into Graveyard from Battlefield.
Zone Change: Goro-Goro and Satoru (100) was put into Graveyard from Battlefield.
Resolve Stack: What Must Be Done (197) -  Let the World Burn — Destroy all artifacts and creatures.
Phase: Ai(2)-Jaymie_Ezio's Beginning of Combat Step
Phase: Ai(2)-Jaymie_Ezio's Declare Attackers Step
Phase: Ai(2)-Jaymie_Ezio's Declare Blockers Step
Phase: Ai(2)-Jaymie_Ezio's First Strike Damage Step
Phase: Ai(2)-Jaymie_Ezio's Combat Damage Step
Phase: Ai(2)-Jaymie_Ezio's End of Combat Step
Phase: Ai(2)-Jaymie_Ezio's Main phase, postcombat
Phase: Ai(2)-Jaymie_Ezio's End step
Phase: Ai(2)-Jaymie_Ezio's Cleanup step
Turn: Turn 44 (Ai(3)-Gabe_Food)
Phase: Ai(3)-Gabe_Food's Untap step
Phase: Ai(3)-Gabe_Food's Upkeep step
Phase: Ai(3)-Gabe_Food's Draw step
Phase: Ai(3)-Gabe_Food's Main phase, precombat
Phase: Ai(3)-Gabe_Food's Beginning of Combat Step
Phase: Ai(3)-Gabe_Food's Declare Attackers Step
Phase: Ai(3)-Gabe_Food's Declare Blockers Step
Phase: Ai(3)-Gabe_Food's First Strike Damage Step
Phase: Ai(3)-Gabe_Food's Combat Damage Step
Phase: Ai(3)-Gabe_Food's End of Combat Step
Phase: Ai(3)-Gabe_Food's Main phase, postcombat
Mana: Exotic Orchard (249) - {T}: Add one mana of any color that a land an opponent controls could produce.
Mana: Forest (238) - {T}: Add {G}.
Mana: Forest (236) - {T}: Add {G}.
Mana: Forest (234) - {T}: Add {G}.
Mana: Swamp (265) - {T}: Add {B}.
Mana: Swamp (263) - {T}: Add {B}.
Mana: Swamp (264) - {T}: Add {B}.
Mana: Plains (289) - {T}: Add {W}.
Mana: Isolated Chapel (245) - {T}: Add {W} or {B}.
Add To Stack: Ai(3)-Gabe_Food cast Sam, Loyal Attendant
Resolve Stack: Sam, Loyal Attendant - Creature 2 / 4
Add To Stack: Ai(3)-Gabe_Food triggered Sam, Loyal Attendant targeting [Ai(3)-Gabe_Food]
Resolve Stack: Partner with Frodo, Adventurous Hobbit (When this creature enters, target player may put Frodo into their hand from their library, then shuffle.) (Targeting: [[Ai(3)-Gabe_Food]]) [Zone Changer: Sam, Loyal Attendant (303)]
Phase: Ai(3)-Gabe_Food's End step
Phase: Ai(3)-Gabe_Food's Cleanup step
Turn: Turn 45 (Ai(4)-Destyn_Turtles)
Phase: Ai(4)-Destyn_Turtles' Untap step
Phase: Ai(4)-Destyn_Turtles' Upkeep step
Phase: Ai(4)-Destyn_Turtles' Draw step
Phase: Ai(4)-Destyn_Turtles' Main phase, precombat
Phase: Ai(4)-Destyn_Turtles' Beginning of Combat Step
Phase: Ai(4)-Destyn_Turtles' Declare Attackers Step
Phase: Ai(4)-Destyn_Turtles' Declare Blockers Step
Phase: Ai(4)-Destyn_Turtles' First Strike Damage Step
Phase: Ai(4)-Destyn_Turtles' Combat Damage Step
Phase: Ai(4)-Destyn_Turtles' End of Combat Step
Phase: Ai(4)-Destyn_Turtles' Main phase, postcombat
Add To Stack: Ai(4)-Destyn_Turtles triggered Ninja Pizza
Resolve Stack: At the beginning of your second main phase, create a Food token. (It's an artifact with "{2}, {T}, Sacrifice this token: You gain 3 life.") [Phase: Ai(4)-Destyn_Turtles]
Mana: Spire Garden (392) - {T}: Add {R} or {G}.
Mana: Island (332) - {T}: Add {U}.
Mana: Dragonskull Summit (350) - {T}: Add {B} or {R}.
Mana: Thriving Moor (399) - {T}: Add {B} or one mana of the chosen color.
Mana: City of Brass (348) - {T}: Add one mana of any color.
Mana: Path of Ancestry (315) - {T}: Add one mana of any color in your commander's color identity. When that mana is spent to cast a creature spell that shares a creature type with your commander, scry 1. (Look at the top card of your library. You may put that card on the bottom.)
Add To Stack: Ai(4)-Destyn_Turtles cast Michelangelo, the Heart
Add To Stack: Ai(4)-Destyn_Turtles triggered City of Brass
Add To Stack: Ai(4)-Destyn_Turtles triggered Path of Ancestry
Resolve Stack: Ai(4)-Destyn_Turtles scried 1 card(s) to the top of the library
Resolve Stack: When mana produced by Path of Ancestry is spent to cast a creature spell that shares a creature type with your commander, scry 1. ([Michelangelo, the Heart - Creature 2 / 1]) [Card: Michelangelo, the Heart (402), Activator: Ai(4)-Destyn_Turtles, SpellAbility: Michelangelo, the Heart - Creature 2 / 1]
Damage: City of Brass (348) deals 1 non-combat damage to Ai(4)-Destyn_Turtles.
Life: Life: Ai(4)-Destyn_Turtles 27 > 26
Resolve Stack: Whenever City of Brass becomes tapped, it deals 1 damage to you. [Tapped: City of Brass (348)]
Resolve Stack: Michelangelo, the Heart - Creature 2 / 1
Phase: Ai(4)-Destyn_Turtles' End step
Phase: Ai(4)-Destyn_Turtles' Cleanup step
Turn: Turn 46 (Ai(1)-GGS_Reality_Shift_diagnostic)
Phase: Ai(1)-GGS_Reality_Shift_diagnostic's Untap step
Phase: Ai(1)-GGS_Reality_Shift_diagnostic's Upkeep step
Phase: Ai(1)-GGS_Reality_Shift_diagnostic's Draw step
Phase: Ai(1)-GGS_Reality_Shift_diagnostic's Main phase, precombat
Land: Ai(1)-GGS_Reality_Shift_diagnostic played Takenuma, Abandoned Mire (84)
Mana: Reflecting Pool (59) - {T}: Add one mana of any type that a land you control could produce.
Mana: Sokenzan, Crucible of Defiance (32) - {T}: Add {R}.
Mana: Fell Mire (69) - {T}: Add {B}.
Mana: Takenuma, Abandoned Mire (84) - {T}: Add {B}.
Mana: Luxury Suite (76) - {T}: Add {B} or {R}.
Mana: Blood Crypt (66) - {T}: Add {R}.
Mana: Steam Vents (44) - {T}: Add {R}.
Add To Stack: Ai(1)-GGS_Reality_Shift_diagnostic cast Goro-Goro and Satoru
Resolve Stack: Goro-Goro and Satoru - Creature 3 / 4
Add To Stack: Ai(1)-GGS_Reality_Shift_diagnostic triggered Purphoros, God of the Forge
Damage: Purphoros, God of the Forge (63) deals 2 non-combat damage to Ai(2)-Jaymie_Ezio.
Damage: Purphoros, God of the Forge (63) deals 2 non-combat damage to Ai(3)-Gabe_Food.
Damage: Purphoros, God of the Forge (63) deals 2 non-combat damage to Ai(4)-Destyn_Turtles.
Life: Life: Ai(2)-Jaymie_Ezio 37 > 35
Life: Life: Ai(3)-Gabe_Food 24 > 22
Life: Life: Ai(4)-Destyn_Turtles 26 > 24
Resolve Stack: Whenever another creature you control enters, Purphoros, God of the Forge deals 2 damage to each opponent. [Zone Changer: Goro-Goro and Satoru (100)]
Phase: Ai(1)-GGS_Reality_Shift_diagnostic's Beginning of Combat Step
Phase: Ai(1)-GGS_Reality_Shift_diagnostic's Declare Attackers Step
Phase: Ai(1)-GGS_Reality_Shift_diagnostic's Declare Blockers Step
Phase: Ai(1)-GGS_Reality_Shift_diagnostic's First Strike Damage Step
Phase: Ai(1)-GGS_Reality_Shift_diagnostic's Combat Damage Step
Phase: Ai(1)-GGS_Reality_Shift_diagnostic's End of Combat Step
Phase: Ai(1)-GGS_Reality_Shift_diagnostic's Main phase, postcombat
Phase: Ai(1)-GGS_Reality_Shift_diagnostic's End step
Phase: Ai(1)-GGS_Reality_Shift_diagnostic's Cleanup step
Turn: Turn 47 (Ai(2)-Jaymie_Ezio)
Phase: Ai(2)-Jaymie_Ezio's Untap step
Phase: Ai(2)-Jaymie_Ezio's Upkeep step
Phase: Ai(2)-Jaymie_Ezio's Draw step
Phase: Ai(2)-Jaymie_Ezio's Main phase, precombat
Phase: Ai(2)-Jaymie_Ezio's Beginning of Combat Step
Phase: Ai(2)-Jaymie_Ezio's Declare Attackers Step
Phase: Ai(2)-Jaymie_Ezio's Declare Blockers Step
Phase: Ai(2)-Jaymie_Ezio's First Strike Damage Step
Phase: Ai(2)-Jaymie_Ezio's Combat Damage Step
Phase: Ai(2)-Jaymie_Ezio's End of Combat Step
Phase: Ai(2)-Jaymie_Ezio's Main phase, postcombat
Mana: Swamp (161) - {T}: Add {B}.
Mana: Mountain (189) - {T}: Add {R}.
Mana: Plains (191) - {T}: Add {W}.
Mana: Island (134) - {T}: Add {U}.
Mana: Island (135) - {T}: Add {U}.
Add To Stack: Ai(2)-Jaymie_Ezio cast The Lord of Pain
Resolve Stack: The Lord of Pain - Creature 5 / 5
Phase: Ai(2)-Jaymie_Ezio's End step
Phase: Ai(2)-Jaymie_Ezio's Cleanup step
Turn: Turn 48 (Ai(3)-Gabe_Food)
Phase: Ai(3)-Gabe_Food's Untap step
Phase: Ai(3)-Gabe_Food's Upkeep step
Phase: Ai(3)-Gabe_Food's Draw step
Phase: Ai(3)-Gabe_Food's Main phase, precombat
Mana: Exotic Orchard (249) - {T}: Add one mana of any color that a land an opponent controls could produce.
Mana: Forest (238) - {T}: Add {G}.
Add To Stack: Ai(3)-Gabe_Food cast Pippin, Warden of Isengard
Add To Stack: Ai(2)-Jaymie_Ezio triggered The Lord of Pain targeting [Ai(1)-GGS_Reality_Shift_diagnostic]
Damage: The Lord of Pain (142) deals 2 non-combat damage to Ai(1)-GGS_Reality_Shift_diagnostic.
Life: Life: Ai(1)-GGS_Reality_Shift_diagnostic 12 > 10
Resolve Stack: Whenever a player casts their first spell each turn, choose another target player. The Lord of Pain deals damage equal to that spell's mana value to the chosen player. (Targeting: [[Ai(1)-GGS_Reality_Shift_diagnostic]]) [Card: Pippin, Warden of Isengard (242), Activator: Ai(3)-Gabe_Food, SpellAbility: Pippin, Warden of Isengard - Creature 2 / 2]
Resolve Stack: Pippin, Warden of Isengard - Creature 2 / 2
Add To Stack: Ai(3)-Gabe_Food triggered Pippin, Warden of Isengard targeting [Ai(3)-Gabe_Food]
Resolve Stack: Partner with Merry, Warden of Isengard (When this creature enters, target player may put Merry into their hand from their library, then shuffle.) (Targeting: [[Ai(3)-Gabe_Food]]) [Zone Changer: Pippin, Warden of Isengard (242)]
Phase: Ai(3)-Gabe_Food's Beginning of Combat Step
Add To Stack: Ai(3)-Gabe_Food triggered Sam, Loyal Attendant
Resolve Stack: At the beginning of combat on your turn, create a Food token. (It's an artifact with "{2}, {T}, Sacrifice this token: You gain 3 life.") [Phase: Ai(3)-Gabe_Food]
Phase: Ai(3)-Gabe_Food's Declare Attackers Step
Phase: Ai(3)-Gabe_Food's Declare Blockers Step
Phase: Ai(3)-Gabe_Food's First Strike Damage Step
Phase: Ai(3)-Gabe_Food's Combat Damage Step
Phase: Ai(3)-Gabe_Food's End of Combat Step
Phase: Ai(3)-Gabe_Food's Main phase, postcombat
Mana: Forest (236) - {T}: Add {G}.
Mana: Swamp (265) - {T}: Add {B}.
Mana: Swamp (263) - {T}: Add {B}.
Add To Stack: Ai(3)-Gabe_Food cast Tireless Provisioner
Resolve Stack: Tireless Provisioner - Creature 3 / 2
Mana: Swamp (264) - {T}: Add {B}.
Mana: Plains (289) - {T}: Add {W}.
Mana: Forest (234) - {T}: Add {G}.
Mana: Isolated Chapel (245) - {T}: Add {W} or {B}.
Add To Stack: Ai(3)-Gabe_Food cast Frodo, Adventurous Hobbit
Resolve Stack: Frodo, Adventurous Hobbit - Creature 1 / 3
Add To Stack: Ai(3)-Gabe_Food triggered Frodo, Adventurous Hobbit targeting [Ai(3)-Gabe_Food]
Resolve Stack: Partner with Sam, Loyal Attendant (When this creature enters, target player may put Sam into their hand from their library, then shuffle.) (Targeting: [[Ai(3)-Gabe_Food]]) [Zone Changer: Frodo, Adventurous Hobbit (301)]
Phase: Ai(3)-Gabe_Food's End step
Phase: Ai(3)-Gabe_Food's Cleanup step
Turn: Turn 49 (Ai(4)-Destyn_Turtles)
Phase: Ai(4)-Destyn_Turtles' Untap step
Phase: Ai(4)-Destyn_Turtles' Upkeep step
Phase: Ai(4)-Destyn_Turtles' Draw step
Phase: Ai(4)-Destyn_Turtles' Main phase, precombat
Mana: City of Brass (348) - {T}: Add one mana of any color.
Mana: Path of Ancestry (315) - {T}: Add one mana of any color in your commander's color identity. When that mana is spent to cast a creature spell that shares a creature type with your commander, scry 1. (Look at the top card of your library. You may put that card on the bottom.)
Mana: Command Tower (331) - {T}: Add one mana of any color in your commander's color identity.
Mana: Island (332) - {T}: Add {U}.
Mana: Spire Garden (392) - {T}: Add {R} or {G}.
Mana: Dragonskull Summit (350) - {T}: Add {B} or {R}.
Mana: Thriving Moor (399) - {T}: Add {B} or one mana of the chosen color.
Add To Stack: Ai(4)-Destyn_Turtles cast Endless Foot Assault
Add To Stack: Ai(4)-Destyn_Turtles triggered City of Brass
Add To Stack: Ai(2)-Jaymie_Ezio triggered The Lord of Pain targeting [Ai(1)-GGS_Reality_Shift_diagnostic]
Damage: The Lord of Pain (142) deals 3 non-combat damage to Ai(1)-GGS_Reality_Shift_diagnostic.
Life: Life: Ai(1)-GGS_Reality_Shift_diagnostic 10 > 7
Resolve Stack: Whenever a player casts their first spell each turn, choose another target player. The Lord of Pain deals damage equal to that spell's mana value to the chosen player. (Targeting: [[Ai(1)-GGS_Reality_Shift_diagnostic]]) [Card: Endless Foot Assault (397), Activator: Ai(4)-Destyn_Turtles, SpellAbility: Endless Foot Assault]
Damage: City of Brass (348) deals 1 non-combat damage to Ai(4)-Destyn_Turtles.
Life: Life: Ai(4)-Destyn_Turtles 24 > 23
Resolve Stack: Whenever City of Brass becomes tapped, it deals 1 damage to you. [Tapped: City of Brass (348)]
Resolve Stack: Endless Foot Assault
Add To Stack: Ai(4)-Destyn_Turtles triggered Endless Foot Assault
Resolve Stack: When this creature enters, create that many tokens that are copies of it. [Zone Changer: Endless Foot Assault (397)]
Phase: Ai(4)-Destyn_Turtles' Beginning of Combat Step
Phase: Ai(4)-Destyn_Turtles' Declare Attackers Step
Phase: Ai(4)-Destyn_Turtles' Declare Blockers Step
Phase: Ai(4)-Destyn_Turtles' First Strike Damage Step
Phase: Ai(4)-Destyn_Turtles' Combat Damage Step
Phase: Ai(4)-Destyn_Turtles' End of Combat Step
Phase: Ai(4)-Destyn_Turtles' Main phase, postcombat
Add To Stack: Ai(4)-Destyn_Turtles triggered Ninja Pizza
Resolve Stack: At the beginning of your second main phase, create a Food token. (It's an artifact with "{2}, {T}, Sacrifice this token: You gain 3 life.") [Phase: Ai(4)-Destyn_Turtles]
Phase: Ai(4)-Destyn_Turtles' End step
Phase: Ai(4)-Destyn_Turtles' Cleanup step
Turn: Turn 50 (Ai(1)-GGS_Reality_Shift_diagnostic)
Phase: Ai(1)-GGS_Reality_Shift_diagnostic's Untap step
Phase: Ai(1)-GGS_Reality_Shift_diagnostic's Upkeep step
Phase: Ai(1)-GGS_Reality_Shift_diagnostic's Draw step
Phase: Ai(1)-GGS_Reality_Shift_diagnostic's Main phase, precombat
Land: Ai(1)-GGS_Reality_Shift_diagnostic played Otawara, Soaring City (11)
Mana: Sokenzan, Crucible of Defiance (32) - {T}: Add {R}.
Mana: Fell Mire (69) - {T}: Add {B}.
Mana: Takenuma, Abandoned Mire (84) - {T}: Add {B}.
Add To Stack: Ai(1)-GGS_Reality_Shift_diagnostic cast Sword of Feast and Famine
Add To Stack: Ai(2)-Jaymie_Ezio triggered The Lord of Pain targeting [Ai(3)-Gabe_Food]
Damage: The Lord of Pain (142) deals 3 non-combat damage to Ai(3)-Gabe_Food.
Life: Life: Ai(3)-Gabe_Food 22 > 19
Resolve Stack: Whenever a player casts their first spell each turn, choose another target player. The Lord of Pain deals damage equal to that spell's mana value to the chosen player. (Targeting: [[Ai(3)-Gabe_Food]]) [Card: Sword of Feast and Famine (97), Activator: Ai(1)-GGS_Reality_Shift_diagnostic, SpellAbility: Sword of Feast and Famine]
Resolve Stack: Sword of Feast and Famine
Mana: Reflecting Pool (59) - {T}: Add one mana of any type that a land you control could produce.
Mana: Otawara, Soaring City (11) - {T}: Add {U}.
Add To Stack: Ai(1)-GGS_Reality_Shift_diagnostic activated Sword of Feast and Famine targeting [Goro-Goro and Satoru (100)]
Resolve Stack: Sword of Feast and Famine (97) -  Attach to Goro-Goro and Satoru (100)
Phase: Ai(1)-GGS_Reality_Shift_diagnostic's Beginning of Combat Step
Phase: Ai(1)-GGS_Reality_Shift_diagnostic's Declare Attackers Step
Phase: Ai(1)-GGS_Reality_Shift_diagnostic's Declare Blockers Step
Phase: Ai(1)-GGS_Reality_Shift_diagnostic's First Strike Damage Step
Phase: Ai(1)-GGS_Reality_Shift_diagnostic's Combat Damage Step
Phase: Ai(1)-GGS_Reality_Shift_diagnostic's End of Combat Step
Phase: Ai(1)-GGS_Reality_Shift_diagnostic's Main phase, postcombat
Phase: Ai(1)-GGS_Reality_Shift_diagnostic's End step
Phase: Ai(1)-GGS_Reality_Shift_diagnostic's Cleanup step
Turn: Turn 51 (Ai(2)-Jaymie_Ezio)
Phase: Ai(2)-Jaymie_Ezio's Untap step
Phase: Ai(2)-Jaymie_Ezio's Upkeep step
Phase: Ai(2)-Jaymie_Ezio's Draw step
Phase: Ai(2)-Jaymie_Ezio's Main phase, precombat
Mana: Island (134) - {T}: Add {U}.
Mana: Plains (191) - {T}: Add {W}.
Add To Stack: Ai(2)-Jaymie_Ezio cast Security Bypass targeting [The Lord of Pain (142)]
Add To Stack: Ai(2)-Jaymie_Ezio triggered The Lord of Pain targeting [Ai(1)-GGS_Reality_Shift_diagnostic]
Damage: The Lord of Pain (142) deals 2 non-combat damage to Ai(1)-GGS_Reality_Shift_diagnostic.
Life: Life: Ai(1)-GGS_Reality_Shift_diagnostic 7 > 5
Resolve Stack: Whenever a player casts their first spell each turn, choose another target player. The Lord of Pain deals damage equal to that spell's mana value to the chosen player. (Targeting: [[Ai(1)-GGS_Reality_Shift_diagnostic]]) [Card: Security Bypass (193), Activator: Ai(2)-Jaymie_Ezio, SpellAbility: Security Bypass]
Resolve Stack: Security Bypass (193) -  Attach to The Lord of Pain (142)
Mana: Swamp (161) - {T}: Add {B}.
Add To Stack: Ai(2)-Jaymie_Ezio cast Vorpal Sword
Resolve Stack: Vorpal Sword
Phase: Ai(2)-Jaymie_Ezio's Beginning of Combat Step
Phase: Ai(2)-Jaymie_Ezio's Declare Attackers Step
Combat: Ai(2)-Jaymie_Ezio assigned The Lord of Pain (142) to attack Ai(1)-GGS_Reality_Shift_diagnostic.
Phase: Ai(2)-Jaymie_Ezio's Declare Blockers Step
Combat: Ai(1)-GGS_Reality_Shift_diagnostic didn't block The Lord of Pain (142).
Phase: Ai(2)-Jaymie_Ezio's First Strike Damage Step
Phase: Ai(2)-Jaymie_Ezio's Combat Damage Step
Damage: The Lord of Pain (142) deals 5 combat damage to Ai(1)-GGS_Reality_Shift_diagnostic.
Life: Life: Ai(1)-GGS_Reality_Shift_diagnostic 5 > 0
Add To Stack: Ai(2)-Jaymie_Ezio triggered The Lord of Pain
Discard: Ai(2)-Jaymie_Ezio discards Plains (190).
Resolve Stack: Whenever this creature deals combat damage to a player, it connives. [Damage Source: The Lord of Pain (142), Damaged: Ai(1)-GGS_Reality_Shift_diagnostic, Amount: 5]
Phase: Ai(2)-Jaymie_Ezio's End of Combat Step
Phase: Ai(2)-Jaymie_Ezio's Main phase, postcombat
Mana: Island (135) - {T}: Add {U}.
Mana: Mountain (189) - {T}: Add {R}.
Mana: Tranquil Cove (178) - {T}: Add {W} or {U}.
Add To Stack: Ai(2)-Jaymie_Ezio cast Lydia Frye
Resolve Stack: Lydia Frye - Creature 3 / 2
Phase: Ai(2)-Jaymie_Ezio's End step
Add To Stack: Ai(2)-Jaymie_Ezio triggered Lydia Frye
Resolve Stack: Ai(2)-Jaymie_Ezio surveiled 1 card(s) to the top of the library
Resolve Stack: At the beginning of your end step, surveil X, where X is the number of tapped Assassins you control. (Look at the top X cards of your library, then put any number of them into your graveyard and the rest on top of your library in any order.) [Phase: Ai(2)-Jaymie_Ezio]
Phase: Ai(2)-Jaymie_Ezio's Cleanup step
Turn: Turn 52 (Ai(3)-Gabe_Food)
Phase: Ai(3)-Gabe_Food's Untap step
Phase: Ai(3)-Gabe_Food's Upkeep step
Phase: Ai(3)-Gabe_Food's Draw step
Phase: Ai(3)-Gabe_Food's Main phase, precombat
Land: Ai(3)-Gabe_Food played Ash Barrens (274)
Add To Stack: Ai(3)-Gabe_Food triggered Tireless Provisioner
Resolve Stack: Landfall — Whenever a land you control enters, create a Food token or a Treasure token. (Food is an artifact with "{2}, {T}, Sacrifice this token: You gain 3 life." Treasure is an artifact with "{T}, Sacrifice this token: Add one mana of any color.") [Zone Changer: Ash Barrens (274)]
Phase: Ai(3)-Gabe_Food's Beginning of Combat Step
Add To Stack: Ai(3)-Gabe_Food triggered Sam, Loyal Attendant
Resolve Stack: At the beginning of combat on your turn, create a Food token. (It's an artifact with "{2}, {T}, Sacrifice this token: You gain 3 life.") [Phase: Ai(3)-Gabe_Food]
Phase: Ai(3)-Gabe_Food's Declare Attackers Step
Combat: Ai(3)-Gabe_Food assigned Frodo, Adventurous Hobbit (301), Tireless Provisioner (221), Sam, Loyal Attendant (303) and Pippin, Warden of Isengard (242) to attack Ai(4)-Destyn_Turtles.
Phase: Ai(3)-Gabe_Food's Declare Blockers Step
Combat: Ai(4)-Destyn_Turtles didn't block Frodo, Adventurous Hobbit (301).
Ai(4)-Destyn_Turtles didn't block Tireless Provisioner (221).
Ai(4)-Destyn_Turtles didn't block Sam, Loyal Attendant (303).
Ai(4)-Destyn_Turtles didn't block Pippin, Warden of Isengard (242).
Phase: Ai(3)-Gabe_Food's First Strike Damage Step
Phase: Ai(3)-Gabe_Food's Combat Damage Step
Damage: Frodo, Adventurous Hobbit (301) deals 1 combat damage to Ai(4)-Destyn_Turtles.
Damage: Tireless Provisioner (221) deals 3 combat damage to Ai(4)-Destyn_Turtles.
Damage: Sam, Loyal Attendant (303) deals 2 combat damage to Ai(4)-Destyn_Turtles.
Damage: Pippin, Warden of Isengard (242) deals 2 combat damage to Ai(4)-Destyn_Turtles.
Life: Life: Ai(4)-Destyn_Turtles 23 > 15
Phase: Ai(3)-Gabe_Food's End of Combat Step
Phase: Ai(3)-Gabe_Food's Main phase, postcombat
Mana: Exotic Orchard (249) - {T}: Add one mana of any color that a land an opponent controls could produce.
Mana: Forest (238) - {T}: Add {G}.
Mana: Ash Barrens (274) - {T}: Add {C}.
Mana: Forest (236) - {T}: Add {G}.
Mana: Forest (234) - {T}: Add {G}.
Mana: Swamp (265) - {T}: Add {B}.
Mana: Swamp (263) - {T}: Add {B}.
Mana: Swamp (264) - {T}: Add {B}.
Mana: Plains (289) - {T}: Add {W}.
Mana: Isolated Chapel (245) - {T}: Add {W} or {B}.
Mana: Scattered Groves (248) - {T}: Add {G}.
Zone Change: Treasure Token (514) was put into Graveyard from Battlefield.
Mana: Treasure Token (514) - {T}, Sacrifice this token: Add one mana of any color.
Add To Stack: Ai(3)-Gabe_Food cast Farmer Cotton
Add To Stack: Ai(2)-Jaymie_Ezio triggered The Lord of Pain targeting [Ai(4)-Destyn_Turtles]
Damage: The Lord of Pain (142) deals 12 non-combat damage to Ai(4)-Destyn_Turtles.
Life: Life: Ai(4)-Destyn_Turtles 15 > 3
Resolve Stack: Whenever a player casts their first spell each turn, choose another target player. The Lord of Pain deals damage equal to that spell's mana value to the chosen player. (Targeting: [[Ai(4)-Destyn_Turtles]]) [Card: Farmer Cotton (218), Activator: Ai(3)-Gabe_Food, SpellAbility: Farmer Cotton - Creature 1 / 1 (X=0)]
Resolve Stack: Farmer Cotton - Creature 1 / 1 (X=10)
Add To Stack: Ai(3)-Gabe_Food triggered Farmer Cotton
Resolve Stack: When Farmer Cotton enters, create X 1/1 white Halfling creature tokens and X Food tokens. (They're artifacts with "{2}, {T}, Sacrifice this token: You gain 3 life.") [Zone Changer: Farmer Cotton (218)]
Phase: Ai(3)-Gabe_Food's End step
Phase: Ai(3)-Gabe_Food's Cleanup step
Turn: Turn 53 (Ai(4)-Destyn_Turtles)
Phase: Ai(4)-Destyn_Turtles' Untap step
Phase: Ai(4)-Destyn_Turtles' Upkeep step
Phase: Ai(4)-Destyn_Turtles' Draw step
Phase: Ai(4)-Destyn_Turtles' Main phase, precombat
Mana: Thriving Moor (399) - {T}: Add {B} or one mana of the chosen color.
Mana: Dragonskull Summit (350) - {T}: Add {B} or {R}.
Mana: Island (332) - {T}: Add {U}.
Add To Stack: Ai(4)-Destyn_Turtles cast Game Over
Add To Stack: Ai(2)-Jaymie_Ezio triggered The Lord of Pain targeting [Ai(3)-Gabe_Food]
Damage: The Lord of Pain (142) deals 5 non-combat damage to Ai(3)-Gabe_Food.
Life: Life: Ai(3)-Gabe_Food 19 > 14
Resolve Stack: Whenever a player casts their first spell each turn, choose another target player. The Lord of Pain deals damage equal to that spell's mana value to the chosen player. (Targeting: [[Ai(3)-Gabe_Food]]) [Card: Game Over (311), Activator: Ai(4)-Destyn_Turtles, SpellAbility: Destroy all creatures.]
Zone Change: Michelangelo, the Heart (402) was put into Graveyard from Battlefield.
Zone Change: The Lord of Pain (142) was put into Graveyard from Battlefield.
Zone Change: Lydia Frye (186) was put into Graveyard from Battlefield.
Zone Change: Sam, Loyal Attendant (303) was put into Graveyard from Battlefield.
Zone Change: Pippin, Warden of Isengard (242) was put into Graveyard from Battlefield.
Zone Change: Tireless Provisioner (221) was put into Graveyard from Battlefield.
Zone Change: Frodo, Adventurous Hobbit (301) was put into Graveyard from Battlefield.
Zone Change: Farmer Cotton (218) was put into Graveyard from Battlefield.
Zone Change: Halfling Token (524) was put into Graveyard from Battlefield.
Zone Change: Halfling Token (525) was put into Graveyard from Battlefield.
Zone Change: Halfling Token (526) was put into Graveyard from Battlefield.
Zone Change: Halfling Token (527) was put into Graveyard from Battlefield.
Zone Change: Halfling Token (528) was put into Graveyard from Battlefield.
Zone Change: Halfling Token (529) was put into Graveyard from Battlefield.
Zone Change: Halfling Token (530) was put into Graveyard from Battlefield.
Zone Change: Halfling Token (531) was put into Graveyard from Battlefield.
Zone Change: Halfling Token (532) was put into Graveyard from Battlefield.
Zone Change: Halfling Token (533) was put into Graveyard from Battlefield.
Resolve Stack: Game Over (311) - Destroy all creatures.
Zone Change: Security Bypass (193) was put into Graveyard from Battlefield.
Mana: Spire Garden (392) - {T}: Add {R} or {G}.
Mana: City of Brass (348) - {T}: Add one mana of any color.
Zone Change: Food Token (501) was put into Graveyard from Battlefield.
Add To Stack: Ai(4)-Destyn_Turtles activated Food Token
Add To Stack: Ai(4)-Destyn_Turtles triggered City of Brass
Damage: City of Brass (348) deals 1 non-combat damage to Ai(4)-Destyn_Turtles.
Life: Life: Ai(4)-Destyn_Turtles 3 > 2
Resolve Stack: Whenever City of Brass becomes tapped, it deals 1 damage to you. [Tapped: City of Brass (348)]
Life: Life: Ai(4)-Destyn_Turtles 2 > 5
Resolve Stack: Food Token (501) - Ai(4)-Destyn_Turtles gains 3 life.
Mana: Path of Ancestry (315) - {T}: Add one mana of any color in your commander's color identity. When that mana is spent to cast a creature spell that shares a creature type with your commander, scry 1. (Look at the top card of your library. You may put that card on the bottom.)
Mana: Command Tower (331) - {T}: Add one mana of any color in your commander's color identity.
Zone Change: Food Token (510) was put into Graveyard from Battlefield.
Add To Stack: Ai(4)-Destyn_Turtles activated Food Token
Life: Life: Ai(4)-Destyn_Turtles 5 > 8
Resolve Stack: Food Token (510) - Ai(4)-Destyn_Turtles gains 3 life.
Phase: Ai(4)-Destyn_Turtles' Beginning of Combat Step
Phase: Ai(4)-Destyn_Turtles' Declare Attackers Step
Phase: Ai(4)-Destyn_Turtles' Declare Blockers Step
Phase: Ai(4)-Destyn_Turtles' First Strike Damage Step
Phase: Ai(4)-Destyn_Turtles' Combat Damage Step
Phase: Ai(4)-Destyn_Turtles' End of Combat Step
Phase: Ai(4)-Destyn_Turtles' Main phase, postcombat
Add To Stack: Ai(4)-Destyn_Turtles triggered Ninja Pizza
Resolve Stack: At the beginning of your second main phase, create a Food token. (It's an artifact with "{2}, {T}, Sacrifice this token: You gain 3 life.") [Phase: Ai(4)-Destyn_Turtles]
Phase: Ai(4)-Destyn_Turtles' End step
Phase: Ai(4)-Destyn_Turtles' Cleanup step
Turn: Turn 54 (Ai(2)-Jaymie_Ezio)
Phase: Ai(2)-Jaymie_Ezio's Untap step
Phase: Ai(2)-Jaymie_Ezio's Upkeep step
Phase: Ai(2)-Jaymie_Ezio's Draw step
Phase: Ai(2)-Jaymie_Ezio's Main phase, precombat
Phase: Ai(2)-Jaymie_Ezio's Beginning of Combat Step
Phase: Ai(2)-Jaymie_Ezio's Declare Attackers Step
Phase: Ai(2)-Jaymie_Ezio's Declare Blockers Step
Phase: Ai(2)-Jaymie_Ezio's First Strike Damage Step
Phase: Ai(2)-Jaymie_Ezio's Combat Damage Step
Phase: Ai(2)-Jaymie_Ezio's End of Combat Step
Phase: Ai(2)-Jaymie_Ezio's Main phase, postcombat
Mana: Swamp (161) - {T}: Add {B}.
Mana: Plains (191) - {T}: Add {W}.
Add To Stack: Ai(2)-Jaymie_Ezio cast Ezio Auditore da Firenze
Resolve Stack: Ezio Auditore da Firenze - Creature 3 / 2
Mana: Mountain (189) - {T}: Add {R}.
Mana: Island (134) - {T}: Add {U}.
Mana: Island (135) - {T}: Add {U}.
Mana: Tranquil Cove (178) - {T}: Add {W} or {U}.
Add To Stack: Ai(2)-Jaymie_Ezio cast Origin of the Hidden Ones
Replacement Effect: Origin of the Hidden Ones enters with a lore counter on it.
Resolve Stack: Origin of the Hidden Ones
Add To Stack: Ai(2)-Jaymie_Ezio triggered Origin of the Hidden Ones targeting [Ai(4)-Destyn_Turtles]
Damage: Origin of the Hidden Ones (187) deals 4 non-combat damage to Ai(4)-Destyn_Turtles.
Life: Life: Ai(4)-Destyn_Turtles 8 > 4
Resolve Stack: I — Origin of the Hidden Ones deals 4 damage to any target. (Targeting: [[Ai(4)-Destyn_Turtles]]) [Added once: Origin of the Hidden Ones (187)]
Phase: Ai(2)-Jaymie_Ezio's End step
Phase: Ai(2)-Jaymie_Ezio's Cleanup step
Turn: Turn 55 (Ai(3)-Gabe_Food)
Phase: Ai(3)-Gabe_Food's Untap step
Phase: Ai(3)-Gabe_Food's Upkeep step
Phase: Ai(3)-Gabe_Food's Draw step
Phase: Ai(3)-Gabe_Food's Main phase, precombat
Phase: Ai(3)-Gabe_Food's Beginning of Combat Step
Phase: Ai(3)-Gabe_Food's Declare Attackers Step
Phase: Ai(3)-Gabe_Food's Declare Blockers Step
Phase: Ai(3)-Gabe_Food's First Strike Damage Step
Phase: Ai(3)-Gabe_Food's Combat Damage Step
Phase: Ai(3)-Gabe_Food's End of Combat Step
Phase: Ai(3)-Gabe_Food's Main phase, postcombat
Mana: Exotic Orchard (249) - {T}: Add one mana of any color that a land an opponent controls could produce.
Mana: Forest (238) - {T}: Add {G}.
Mana: Ash Barrens (274) - {T}: Add {C}.
Mana: Forest (236) - {T}: Add {G}.
Mana: Forest (234) - {T}: Add {G}.
Mana: Swamp (265) - {T}: Add {B}.
Mana: Swamp (263) - {T}: Add {B}.
Mana: Swamp (264) - {T}: Add {B}.
Mana: Plains (289) - {T}: Add {W}.
Mana: Isolated Chapel (245) - {T}: Add {W} or {B}.
Mana: Scattered Groves (248) - {T}: Add {G}.
Add To Stack: Ai(3)-Gabe_Food cast Sam, Loyal Attendant
Resolve Stack: Sam, Loyal Attendant - Creature 2 / 4
Add To Stack: Ai(3)-Gabe_Food triggered Sam, Loyal Attendant targeting [Ai(3)-Gabe_Food]
Resolve Stack: Partner with Frodo, Adventurous Hobbit (When this creature enters, target player may put Frodo into their hand from their library, then shuffle.) (Targeting: [[Ai(3)-Gabe_Food]]) [Zone Changer: Sam, Loyal Attendant (303)]
Phase: Ai(3)-Gabe_Food's End step
Phase: Ai(3)-Gabe_Food's Cleanup step
Turn: Turn 56 (Ai(4)-Destyn_Turtles)
Phase: Ai(4)-Destyn_Turtles' Untap step
Phase: Ai(4)-Destyn_Turtles' Upkeep step
Mana: Island (332) - {T}: Add {U}.
Mana: Spire Garden (392) - {T}: Add {R} or {G}.
Zone Change: Food Token (546) was put into Graveyard from Battlefield.
Add To Stack: Ai(4)-Destyn_Turtles activated Food Token
Life: Life: Ai(4)-Destyn_Turtles 4 > 7
Resolve Stack: Food Token (546) - Ai(4)-Destyn_Turtles gains 3 life.
Phase: Ai(4)-Destyn_Turtles' Draw step
Phase: Ai(4)-Destyn_Turtles' Main phase, precombat
Phase: Ai(4)-Destyn_Turtles' Beginning of Combat Step
Phase: Ai(4)-Destyn_Turtles' Declare Attackers Step
Phase: Ai(4)-Destyn_Turtles' Declare Blockers Step
Phase: Ai(4)-Destyn_Turtles' First Strike Damage Step
Phase: Ai(4)-Destyn_Turtles' Combat Damage Step
Phase: Ai(4)-Destyn_Turtles' End of Combat Step
Phase: Ai(4)-Destyn_Turtles' Main phase, postcombat
Add To Stack: Ai(4)-Destyn_Turtles triggered Ninja Pizza
Resolve Stack: At the beginning of your second main phase, create a Food token. (It's an artifact with "{2}, {T}, Sacrifice this token: You gain 3 life.") [Phase: Ai(4)-Destyn_Turtles]
Mana: City of Brass (348) - {T}: Add one mana of any color.
Mana: Thriving Moor (399) - {T}: Add {B} or one mana of the chosen color.
Mana: Dragonskull Summit (350) - {T}: Add {B} or {R}.
Add To Stack: Ai(4)-Destyn_Turtles cast Donatello, the Brains
Add To Stack: Ai(4)-Destyn_Turtles triggered City of Brass
Damage: City of Brass (348) deals 1 non-combat damage to Ai(4)-Destyn_Turtles.
Life: Life: Ai(4)-Destyn_Turtles 7 > 6
Resolve Stack: Whenever City of Brass becomes tapped, it deals 1 damage to you. [Tapped: City of Brass (348)]
Resolve Stack: Donatello, the Brains - Creature 2 / 4
Mana: Path of Ancestry (315) - {T}: Add one mana of any color in your commander's color identity. When that mana is spent to cast a creature spell that shares a creature type with your commander, scry 1. (Look at the top card of your library. You may put that card on the bottom.)
Mana: Command Tower (331) - {T}: Add one mana of any color in your commander's color identity.
Add To Stack: Ai(4)-Destyn_Turtles cast Double Jump targeting [Donatello, the Brains (383)]
Resolve Stack: Double Jump (329) - Put a flying counter on target creature you control. Until end of turn, it has base power and toughness 5/5. (Targeting: Donatello, the Brains (383)) 
Phase: Ai(4)-Destyn_Turtles' End step
Phase: Ai(4)-Destyn_Turtles' Cleanup step
Turn: Turn 57 (Ai(2)-Jaymie_Ezio)
Phase: Ai(2)-Jaymie_Ezio's Untap step
Phase: Ai(2)-Jaymie_Ezio's Upkeep step
Phase: Ai(2)-Jaymie_Ezio's Draw step
Phase: Ai(2)-Jaymie_Ezio's Main phase, precombat
Add To Stack: Ai(2)-Jaymie_Ezio triggered Origin of the Hidden Ones
Resolve Stack: II — Create two 1/1 black Assassin creature tokens with menace. [Added once: Origin of the Hidden Ones (187)]
Phase: Ai(2)-Jaymie_Ezio's Beginning of Combat Step
Phase: Ai(2)-Jaymie_Ezio's Declare Attackers Step
Combat: Ai(2)-Jaymie_Ezio assigned Ezio Auditore da Firenze (201) to attack Ai(3)-Gabe_Food.
Phase: Ai(2)-Jaymie_Ezio's Declare Blockers Step
Combat: Ai(3)-Gabe_Food didn't block Ezio Auditore da Firenze (201).
Phase: Ai(2)-Jaymie_Ezio's First Strike Damage Step
Phase: Ai(2)-Jaymie_Ezio's Combat Damage Step
Damage: Ezio Auditore da Firenze (201) deals 3 combat damage to Ai(3)-Gabe_Food.
Life: Life: Ai(3)-Gabe_Food 14 > 11
Add To Stack: Ai(2)-Jaymie_Ezio triggered Ezio Auditore da Firenze
Resolve Stack: Whenever Ezio deals combat damage to a player, you may pay {W}{U}{B}{R}{G} if that player has 10 or less life. When you do, that player loses the game. [Damage Source: Ezio Auditore da Firenze (201), Damaged: Ai(3)-Gabe_Food, Amount: 3]
Phase: Ai(2)-Jaymie_Ezio's End of Combat Step
Phase: Ai(2)-Jaymie_Ezio's Main phase, postcombat
Mana: Swamp (161) - {T}: Add {B}.
Mana: Island (134) - {T}: Add {U}.
Mana: Island (135) - {T}: Add {U}.
Add To Stack: Ai(2)-Jaymie_Ezio cast Jacob Frye
Resolve Stack: Jacob Frye - Creature 3 / 2
Add To Stack: Ai(2)-Jaymie_Ezio triggered Jacob Frye targeting [Ai(2)-Jaymie_Ezio]
Resolve Stack: Partner with Evie Frye (When this creature enters, target player may put Evie Frye into their hand from their library, then shuffle.) (Targeting: [[Ai(2)-Jaymie_Ezio]]) [Zone Changer: Jacob Frye (163)]
Mana: Tranquil Cove (178) - {T}: Add {W} or {U}.
Mana: Plains (191) - {T}: Add {W}.
Add To Stack: Ai(2)-Jaymie_Ezio cast Evie Frye
Resolve Stack: Evie Frye - Creature 2 / 1
Add To Stack: Ai(2)-Jaymie_Ezio triggered Evie Frye targeting [Ai(2)-Jaymie_Ezio]
Resolve Stack: Partner with Jacob Frye (When this creature enters, target player may put Jacob Frye into their hand from their library, then shuffle.) (Targeting: [[Ai(2)-Jaymie_Ezio]]) [Zone Changer: Evie Frye (123)]
Phase: Ai(2)-Jaymie_Ezio's End step
Phase: Ai(2)-Jaymie_Ezio's Cleanup step
Turn: Turn 58 (Ai(3)-Gabe_Food)
Phase: Ai(3)-Gabe_Food's Untap step
Phase: Ai(3)-Gabe_Food's Upkeep step
Phase: Ai(3)-Gabe_Food's Draw step
Phase: Ai(3)-Gabe_Food's Main phase, precombat
Phase: Ai(3)-Gabe_Food's Beginning of Combat Step
Add To Stack: Ai(3)-Gabe_Food triggered Sam, Loyal Attendant
Resolve Stack: At the beginning of combat on your turn, create a Food token. (It's an artifact with "{2}, {T}, Sacrifice this token: You gain 3 life.") [Phase: Ai(3)-Gabe_Food]
Phase: Ai(3)-Gabe_Food's Declare Attackers Step
Phase: Ai(3)-Gabe_Food's Declare Blockers Step
Phase: Ai(3)-Gabe_Food's First Strike Damage Step
Phase: Ai(3)-Gabe_Food's Combat Damage Step
Phase: Ai(3)-Gabe_Food's End of Combat Step
Phase: Ai(3)-Gabe_Food's Main phase, postcombat
Mana: Exotic Orchard (249) - {T}: Add one mana of any color that a land an opponent controls could produce.
Mana: Forest (238) - {T}: Add {G}.
Mana: Ash Barrens (274) - {T}: Add {C}.
Add To Stack: Ai(3)-Gabe_Food cast Savvy Hunter
Resolve Stack: Savvy Hunter - Creature 3 / 3
Mana: Swamp (265) - {T}: Add {B}.
Mana: Swamp (263) - {T}: Add {B}.
Mana: Swamp (264) - {T}: Add {B}.
Add To Stack: Ai(3)-Gabe_Food cast Lobelia, Defender of Bag End
Resolve Stack: Lobelia, Defender of Bag End - Creature 2 / 2
Add To Stack: Ai(3)-Gabe_Food triggered Lobelia, Defender of Bag End
Resolve Stack: When Lobelia enters, look at the top card of each opponent's library and exile those cards face down. [Zone Changer: Lobelia, Defender of Bag End (206)]
Mana: Plains (289) - {T}: Add {W}.
Mana: Forest (236) - {T}: Add {G}.
Mana: Forest (234) - {T}: Add {G}.
Add To Stack: Ai(3)-Gabe_Food cast Of Herbs and Stewed Rabbit
Replacement Effect: Of Herbs and Stewed Rabbit enters with a lore counter on it.
Resolve Stack: Of Herbs and Stewed Rabbit
Add To Stack: Ai(3)-Gabe_Food triggered Of Herbs and Stewed Rabbit targeting [Savvy Hunter (225)]
Resolve Stack: I — Put a +1/+1 counter on up to one target creature. Create a Food token. (Targeting: [[Savvy Hunter (225)]]) [Added once: Of Herbs and Stewed Rabbit (228)]
Mana: Isolated Chapel (245) - {T}: Add {W} or {B}.
Mana: Scattered Groves (248) - {T}: Add {G}.
Add To Stack: Ai(3)-Gabe_Food cast Hithlain Rope
Resolve Stack: Hithlain Rope
Phase: Ai(3)-Gabe_Food's End step
Phase: Ai(3)-Gabe_Food's Cleanup step
Turn: Turn 59 (Ai(4)-Destyn_Turtles)
Phase: Ai(4)-Destyn_Turtles' Untap step
Phase: Ai(4)-Destyn_Turtles' Upkeep step
Phase: Ai(4)-Destyn_Turtles' Draw step
Phase: Ai(4)-Destyn_Turtles' Main phase, precombat
Phase: Ai(4)-Destyn_Turtles' Beginning of Combat Step
Phase: Ai(4)-Destyn_Turtles' Declare Attackers Step
Phase: Ai(4)-Destyn_Turtles' Declare Blockers Step
Phase: Ai(4)-Destyn_Turtles' First Strike Damage Step
Phase: Ai(4)-Destyn_Turtles' Combat Damage Step
Phase: Ai(4)-Destyn_Turtles' End of Combat Step
Phase: Ai(4)-Destyn_Turtles' Main phase, postcombat
Add To Stack: Ai(4)-Destyn_Turtles triggered Ninja Pizza
Replacement Effect: If one or more tokens would be created under your control, those tokens plus an additional Mutagen token are created instead.
Resolve Stack: At the beginning of your second main phase, create a Food token. (It's an artifact with "{2}, {T}, Sacrifice this token: You gain 3 life.") [Phase: Ai(4)-Destyn_Turtles]
Mana: Spire Garden (392) - {T}: Add {R} or {G}.
Mana: Island (332) - {T}: Add {U}.
Mana: Dragonskull Summit (350) - {T}: Add {B} or {R}.
Mana: Thriving Moor (399) - {T}: Add {B} or one mana of the chosen color.
Mana: City of Brass (348) - {T}: Add one mana of any color.
Mana: Path of Ancestry (315) - {T}: Add one mana of any color in your commander's color identity. When that mana is spent to cast a creature spell that shares a creature type with your commander, scry 1. (Look at the top card of your library. You may put that card on the bottom.)
Mana: Command Tower (331) - {T}: Add one mana of any color in your commander's color identity.
Zone Change: Food Token (562) was put into Graveyard from Battlefield.
Mana: Food Token (562) - {T}, Sacrifice this artifact: Add one mana of any color.
Add To Stack: Ai(4)-Destyn_Turtles cast Michelangelo, the Heart
Add To Stack: Ai(4)-Destyn_Turtles triggered City of Brass
Add To Stack: Ai(4)-Destyn_Turtles triggered Path of Ancestry
Resolve Stack: Ai(4)-Destyn_Turtles scried 1 card(s) to the top of the library
Resolve Stack: When mana produced by Path of Ancestry is spent to cast a creature spell that shares a creature type with your commander, scry 1. ([Michelangelo, the Heart - Creature 2 / 1]) [Card: Michelangelo, the Heart (402), Activator: Ai(4)-Destyn_Turtles, SpellAbility: Michelangelo, the Heart - Creature 2 / 1]
Damage: City of Brass (348) deals 1 non-combat damage to Ai(4)-Destyn_Turtles.
Life: Life: Ai(4)-Destyn_Turtles 6 > 5
Resolve Stack: Whenever City of Brass becomes tapped, it deals 1 damage to you. [Tapped: City of Brass (348)]
Resolve Stack: Michelangelo, the Heart - Creature 2 / 1
Phase: Ai(4)-Destyn_Turtles' End step
Phase: Ai(4)-Destyn_Turtles' Cleanup step
Turn: Turn 60 (Ai(2)-Jaymie_Ezio)
Phase: Ai(2)-Jaymie_Ezio's Untap step
Phase: Ai(2)-Jaymie_Ezio's Upkeep step
Phase: Ai(2)-Jaymie_Ezio's Draw step
Phase: Ai(2)-Jaymie_Ezio's Main phase, precombat
Add To Stack: Ai(2)-Jaymie_Ezio triggered Origin of the Hidden Ones
Resolve Stack: III — Whenever an Assassin you control attacks this turn, create a 1/1 black Assassin creature token with menace that's tapped and attacking. [Added once: Origin of the Hidden Ones (187)]
Zone Change: Origin of the Hidden Ones (187) was put into Graveyard from Battlefield.
Replacement Effect: Cinder Glade enters tapped unless you control two or more basic lands.
Land: Ai(2)-Jaymie_Ezio played Cinder Glade (119)
Phase: Ai(2)-Jaymie_Ezio's Beginning of Combat Step
Phase: Ai(2)-Jaymie_Ezio's Declare Attackers Step
Phase: Ai(2)-Jaymie_Ezio's Declare Blockers Step
Phase: Ai(2)-Jaymie_Ezio's First Strike Damage Step
Phase: Ai(2)-Jaymie_Ezio's Combat Damage Step
Phase: Ai(2)-Jaymie_Ezio's End of Combat Step
Phase: Ai(2)-Jaymie_Ezio's Main phase, postcombat
Mana: Mountain (189) - {T}: Add {R}.
Mana: Cinder Glade (119) - {T}: Add {R}.
Mana: Island (134) - {T}: Add {U}.
Mana: Island (135) - {T}: Add {U}.
Mana: Swamp (161) - {T}: Add {B}.
Add To Stack: Ai(2)-Jaymie_Ezio cast Combustion Man
Resolve Stack: Combustion Man - Creature 4 / 6
Phase: Ai(2)-Jaymie_Ezio's End step
Phase: Ai(2)-Jaymie_Ezio's Cleanup step
Turn: Turn 61 (Ai(3)-Gabe_Food)
Phase: Ai(3)-Gabe_Food's Untap step
Phase: Ai(3)-Gabe_Food's Upkeep step
Mana: Ash Barrens (274) - {T}: Add {C}.
Add To Stack: Ai(3)-Gabe_Food activated Hithlain Rope
Resolve Stack: Hithlain Rope (227) - Ai(3)-Gabe_Food searches Ai(2)-Jaymie_Ezio library for a basic land card, puts it onto the battlefield tapped, then shuffles. Ai(2)-Jaymie_Ezio gains control of Hithlain Rope (227).
Phase: Ai(3)-Gabe_Food's Draw step
Phase: Ai(3)-Gabe_Food's Main phase, precombat
Add To Stack: Ai(3)-Gabe_Food triggered Of Herbs and Stewed Rabbit
Resolve Stack: II — Draw a card. Create a Food token. [Added once: Of Herbs and Stewed Rabbit (228)]
Phase: Ai(3)-Gabe_Food's Beginning of Combat Step
Add To Stack: Ai(3)-Gabe_Food triggered Sam, Loyal Attendant
Resolve Stack: At the beginning of combat on your turn, create a Food token. (It's an artifact with "{2}, {T}, Sacrifice this token: You gain 3 life.") [Phase: Ai(3)-Gabe_Food]
Phase: Ai(3)-Gabe_Food's Declare Attackers Step
Combat: Ai(3)-Gabe_Food assigned Savvy Hunter (225) to attack Ai(4)-Destyn_Turtles.
Add To Stack: Ai(3)-Gabe_Food triggered Savvy Hunter
Resolve Stack: Whenever Savvy Hunter attacks or blocks, create a Food token. (It's an artifact with "{2}, {T}, Sacrifice this token: You gain 3 life.") [Attacker: Savvy Hunter (225)]
Phase: Ai(3)-Gabe_Food's Declare Blockers Step
Combat: Ai(4)-Destyn_Turtles assigned Michelangelo, the Heart (402) and Donatello, the Brains (383) to block Savvy Hunter (225).
Phase: Ai(3)-Gabe_Food's First Strike Damage Step
Phase: Ai(3)-Gabe_Food's Combat Damage Step
Damage: Savvy Hunter (225) deals 4 damage to Donatello, the Brains (383).
Damage: Michelangelo, the Heart (402) deals 2 damage to Savvy Hunter (225).
Damage: Donatello, the Brains (383) deals 2 damage to Savvy Hunter (225).
Zone Change: Savvy Hunter (225) was put into Graveyard from Battlefield.
Zone Change: Donatello, the Brains (383) was put into Graveyard from Battlefield.
Phase: Ai(3)-Gabe_Food's End of Combat Step
Phase: Ai(3)-Gabe_Food's Main phase, postcombat
Mana: Exotic Orchard (249) - {T}: Add one mana of any color that a land an opponent controls could produce.
Mana: Swamp (265) - {T}: Add {B}.
Mana: Plains (289) - {T}: Add {W}.
Mana: Swamp (263) - {T}: Add {B}.
Mana: Swamp (264) - {T}: Add {B}.
Mana: Forest (238) - {T}: Add {G}.
Add To Stack: Ai(3)-Gabe_Food cast Frodo, Adventurous Hobbit
Resolve Stack: Frodo, Adventurous Hobbit - Creature 1 / 3
Add To Stack: Ai(3)-Gabe_Food triggered Frodo, Adventurous Hobbit targeting [Ai(3)-Gabe_Food]
Resolve Stack: Partner with Sam, Loyal Attendant (When this creature enters, target player may put Sam into their hand from their library, then shuffle.) (Targeting: [[Ai(3)-Gabe_Food]]) [Zone Changer: Frodo, Adventurous Hobbit (301)]
Mana: Forest (236) - {T}: Add {G}.
Mana: Forest (234) - {T}: Add {G}.
Add To Stack: Ai(3)-Gabe_Food cast Prize Pig
Resolve Stack: Prize Pig - Creature 0 / 3
Phase: Ai(3)-Gabe_Food's End step
Phase: Ai(3)-Gabe_Food's Cleanup step
Turn: Turn 62 (Ai(4)-Destyn_Turtles)
Phase: Ai(4)-Destyn_Turtles' Untap step
Phase: Ai(4)-Destyn_Turtles' Upkeep step
Mana: Island (332) - {T}: Add {U}.
Mana: Spire Garden (392) - {T}: Add {R} or {G}.
Zone Change: Food Token (549) was put into Graveyard from Battlefield.
Add To Stack: Ai(4)-Destyn_Turtles activated Food Token
Life: Life: Ai(4)-Destyn_Turtles 5 > 8
Resolve Stack: Food Token (549) - Ai(4)-Destyn_Turtles gains 3 life.
Phase: Ai(4)-Destyn_Turtles' Draw step
Phase: Ai(4)-Destyn_Turtles' Main phase, precombat
Phase: Ai(4)-Destyn_Turtles' Beginning of Combat Step
Phase: Ai(4)-Destyn_Turtles' Declare Attackers Step
Phase: Ai(4)-Destyn_Turtles' Declare Blockers Step
Phase: Ai(4)-Destyn_Turtles' First Strike Damage Step
Phase: Ai(4)-Destyn_Turtles' Combat Damage Step
Phase: Ai(4)-Destyn_Turtles' End of Combat Step
Phase: Ai(4)-Destyn_Turtles' Main phase, postcombat
Add To Stack: Ai(4)-Destyn_Turtles triggered Ninja Pizza
Resolve Stack: At the beginning of your second main phase, create a Food token. (It's an artifact with "{2}, {T}, Sacrifice this token: You gain 3 life.") [Phase: Ai(4)-Destyn_Turtles]
Mana: City of Brass (348) - {T}: Add one mana of any color.
Mana: Dragonskull Summit (350) - {T}: Add {B} or {R}.
Add To Stack: Ai(4)-Destyn_Turtles cast Lita, Little Orphan Amphibian
Add To Stack: Ai(4)-Destyn_Turtles triggered City of Brass
Damage: City of Brass (348) deals 1 non-combat damage to Ai(4)-Destyn_Turtles.
Life: Life: Ai(4)-Destyn_Turtles 8 > 7
Resolve Stack: Whenever City of Brass becomes tapped, it deals 1 damage to you. [Tapped: City of Brass (348)]
Resolve Stack: Lita, Little Orphan Amphibian - Creature 2 / 1
Mana: Thriving Moor (399) - {T}: Add {B} or one mana of the chosen color.
Mana: Path of Ancestry (315) - {T}: Add one mana of any color in your commander's color identity. When that mana is spent to cast a creature spell that shares a creature type with your commander, scry 1. (Look at the top card of your library. You may put that card on the bottom.)
Mana: Command Tower (331) - {T}: Add one mana of any color in your commander's color identity.
Zone Change: Food Token (575) was put into Graveyard from Battlefield.
Mana: Food Token (575) - {T}, Sacrifice this artifact: Add one mana of any color.
Add To Stack: Ai(4)-Destyn_Turtles cast Big Mother Mouser
Replacement Effect: Big Mother Mouser enters with two +1/+1 counters on it.
Resolve Stack: Big Mother Mouser - Creature 0 / 0
Add To Stack: Ai(4)-Destyn_Turtles triggered Lita, Little Orphan Amphibian
Resolve Stack: Ai(4)-Destyn_Turtles scried 1 card(s) to the bottom of the library
Resolve Stack: Alliance — Whenever another creature you control enters, scry 1. [Zone Changer: Big Mother Mouser (343)]
Phase: Ai(4)-Destyn_Turtles' End step
Phase: Ai(4)-Destyn_Turtles' Cleanup step
Turn: Turn 63 (Ai(2)-Jaymie_Ezio)
Phase: Ai(2)-Jaymie_Ezio's Untap step
Phase: Ai(2)-Jaymie_Ezio's Upkeep step
Mana: Mountain (189) - {T}: Add {R}.
Add To Stack: Ai(2)-Jaymie_Ezio activated Hithlain Rope
Resolve Stack: Hithlain Rope (227) - Ai(2)-Jaymie_Ezio searches Ai(4)-Destyn_Turtles library for a basic land card, puts it onto the battlefield tapped, then shuffles. Ai(4)-Destyn_Turtles gains control of Hithlain Rope (227).
Phase: Ai(2)-Jaymie_Ezio's Draw step
Mana: Plains (191) - {T}: Add {W}.
Add To Stack: Ai(2)-Jaymie_Ezio cast Swords to Plowshares targeting [Sam, Loyal Attendant (303)]
Zone Change: Sam, Loyal Attendant (303) was put into Exile from Battlefield.
Life: Life: Ai(3)-Gabe_Food 11 > 13
Resolve Stack: Swords to Plowshares (184) - Exile Sam, Loyal Attendant (303). Ai(3)-Gabe_Food gains life equal to its power.
Add To Stack: Ai(3)-Gabe_Food triggered Sanguine Bond targeting [Ai(4)-Destyn_Turtles]
Add To Stack: Ai(3)-Gabe_Food triggered Prize Pig
Resolve Stack: Whenever you gain life, put that many ribbon counters on Prize Pig. Then if there are three or more ribbon counters on Prize Pig, remove those counters and untap it. [Player: Ai(3)-Gabe_Food, Gained Amount: 2]
Life: Life: Ai(4)-Destyn_Turtles 7 > 5
Resolve Stack: Whenever you gain life, target opponent loses that much life. (Targeting: [[Ai(4)-Destyn_Turtles]]) [Player: Ai(3)-Gabe_Food, Gained Amount: 2]
Mana: Tranquil Cove (178) - {T}: Add {W} or {U}.
Mana: Island (134) - {T}: Add {U}.
Mana: Island (135) - {T}: Add {U}.
Add To Stack: Ai(2)-Jaymie_Ezio cast Flawless Maneuver
Resolve Stack: Flawless Maneuver (103) - Creatures you control gain indestructible until end of turn.
Phase: Ai(2)-Jaymie_Ezio's Main phase, precombat
Phase: Ai(2)-Jaymie_Ezio's Beginning of Combat Step
Phase: Ai(2)-Jaymie_Ezio's Declare Attackers Step
Combat: Ai(2)-Jaymie_Ezio assigned Combustion Man (185), Ezio Auditore da Firenze (201) and Jacob Frye (163) to attack Ai(3)-Gabe_Food.
Add To Stack: Ai(2)-Jaymie_Ezio triggered Combustion Man targeting [Sanguine Bond (256)]
Mana: Isolated Chapel (245) - {T}: Add {W} or {B}.
Mana: Scattered Groves (248) - {T}: Add {G}.
Zone Change: Food Token (504) was put into Graveyard from Battlefield.
Add To Stack: Ai(3)-Gabe_Food activated Food Token
Life: Life: Ai(3)-Gabe_Food 13 > 16
Resolve Stack: Food Token (504) - Ai(3)-Gabe_Food gains 3 life.
Add To Stack: Ai(3)-Gabe_Food triggered Sanguine Bond targeting [Ai(4)-Destyn_Turtles]
Add To Stack: Ai(3)-Gabe_Food triggered Prize Pig
Resolve Stack: Whenever you gain life, put that many ribbon counters on Prize Pig. Then if there are three or more ribbon counters on Prize Pig, remove those counters and untap it. [Player: Ai(3)-Gabe_Food, Gained Amount: 3]
Life: Life: Ai(4)-Destyn_Turtles 5 > 2
Resolve Stack: Whenever you gain life, target opponent loses that much life. (Targeting: [[Ai(4)-Destyn_Turtles]]) [Player: Ai(3)-Gabe_Food, Gained Amount: 3]
Damage: Combustion Man (185) deals 4 non-combat damage to Ai(3)-Gabe_Food.
Life: Life: Ai(3)-Gabe_Food 16 > 12
Resolve Stack: Whenever Combustion Man attacks, destroy target permanent unless its controller has Combustion Man deal damage to them equal to his power. (Targeting: [[Sanguine Bond (256)]]) [Attacker: Combustion Man (185)]
Phase: Ai(2)-Jaymie_Ezio's Declare Blockers Step
Combat: Ai(3)-Gabe_Food assigned Prize Pig (231) to block Combustion Man (185).
Ai(3)-Gabe_Food didn't block Ezio Auditore da Firenze (201).
Ai(3)-Gabe_Food didn't block Jacob Frye (163).
Phase: Ai(2)-Jaymie_Ezio's First Strike Damage Step
Phase: Ai(2)-Jaymie_Ezio's Combat Damage Step
Damage: Combustion Man (185) deals 4 damage to Prize Pig (231).
Damage: Ezio Auditore da Firenze (201) deals 3 combat damage to Ai(3)-Gabe_Food.
Damage: Jacob Frye (163) deals 3 combat damage to Ai(3)-Gabe_Food.
Life: Life: Ai(3)-Gabe_Food 12 > 6
Zone Change: Prize Pig (231) was put into Graveyard from Battlefield.
Add To Stack: Ai(2)-Jaymie_Ezio triggered Ezio Auditore da Firenze
Add To Stack: Ai(2)-Jaymie_Ezio triggered Jacob Frye targeting []
Resolve Stack: Whenever one or more Assassins you control deal combat damage to a player, exile up to one target Assassin card or card with freerunning from your graveyard. If you do, copy it. You may cast the copy. (Targeting: [[]]) [Damaged: Ai(3)-Gabe_Food, Amount: 6]
Resolve Stack: Whenever Ezio deals combat damage to a player, you may pay {W}{U}{B}{R}{G} if that player has 10 or less life. When you do, that player loses the game. [Damage Source: Ezio Auditore da Firenze (201), Damaged: Ai(3)-Gabe_Food, Amount: 3]
Phase: Ai(2)-Jaymie_Ezio's End of Combat Step
Phase: Ai(2)-Jaymie_Ezio's Main phase, postcombat
Mana: Swamp (161) - {T}: Add {B}.
Mana: Cinder Glade (119) - {T}: Add {G}.
Add To Stack: Ai(2)-Jaymie_Ezio cast Cover of Darkness
Replacement Effect: As Cover of Darkness enters, choose a creature type.
Resolve Stack: Cover of Darkness
Phase: Ai(2)-Jaymie_Ezio's End step
Phase: Ai(2)-Jaymie_Ezio's Cleanup step
Turn: Turn 64 (Ai(3)-Gabe_Food)
Phase: Ai(3)-Gabe_Food's Untap step
Phase: Ai(3)-Gabe_Food's Upkeep step
Phase: Ai(3)-Gabe_Food's Draw step
Phase: Ai(3)-Gabe_Food's Main phase, precombat
Add To Stack: Ai(3)-Gabe_Food triggered Of Herbs and Stewed Rabbit
Resolve Stack: III — Create a 1/1 white Halfling creature token for each Food you control. [Added once: Of Herbs and Stewed Rabbit (228)]
Zone Change: Of Herbs and Stewed Rabbit (228) was put into Graveyard from Battlefield.
Phase: Ai(3)-Gabe_Food's Beginning of Combat Step
Phase: Ai(3)-Gabe_Food's Declare Attackers Step
Combat: Ai(3)-Gabe_Food assigned Frodo, Adventurous Hobbit (301) to attack Ai(2)-Jaymie_Ezio.
Phase: Ai(3)-Gabe_Food's Declare Blockers Step
Combat: Ai(2)-Jaymie_Ezio didn't block Frodo, Adventurous Hobbit (301).
Phase: Ai(3)-Gabe_Food's First Strike Damage Step
Phase: Ai(3)-Gabe_Food's Combat Damage Step
Damage: Frodo, Adventurous Hobbit (301) deals 1 combat damage to Ai(2)-Jaymie_Ezio.
Life: Life: Ai(2)-Jaymie_Ezio 35 > 34
Phase: Ai(3)-Gabe_Food's End of Combat Step
Phase: Ai(3)-Gabe_Food's Main phase, postcombat
Mana: Forest (238) - {T}: Add {G}.
Add To Stack: Ai(3)-Gabe_Food cast Gilded Goose
Resolve Stack: Gilded Goose - Creature 0 / 2
Add To Stack: Ai(3)-Gabe_Food triggered Gilded Goose
Resolve Stack: When Gilded Goose enters, create a Food token. (It's an artifact with "{2}, {T}, Sacrifice this token: You gain 3 life.") [Zone Changer: Gilded Goose (287)]
Phase: Ai(3)-Gabe_Food's End step
Phase: Ai(3)-Gabe_Food's Cleanup step
Turn: Turn 65 (Ai(4)-Destyn_Turtles)
Phase: Ai(4)-Destyn_Turtles' Untap step
Phase: Ai(4)-Destyn_Turtles' Upkeep step
Mana: Island (332) - {T}: Add {U}.
Add To Stack: Ai(4)-Destyn_Turtles activated Hithlain Rope
Resolve Stack: Hithlain Rope (227) - Ai(4)-Destyn_Turtles searches Ai(3)-Gabe_Food library for a basic land card, puts it onto the battlefield tapped, then shuffles. Ai(3)-Gabe_Food gains control of Hithlain Rope (227).
Phase: Ai(4)-Destyn_Turtles' Draw step
Phase: Ai(4)-Destyn_Turtles' Main phase, precombat
Phase: Ai(4)-Destyn_Turtles' Beginning of Combat Step
Phase: Ai(4)-Destyn_Turtles' Declare Attackers Step
Phase: Ai(4)-Destyn_Turtles' Declare Blockers Step
Phase: Ai(4)-Destyn_Turtles' First Strike Damage Step
Phase: Ai(4)-Destyn_Turtles' Combat Damage Step
Phase: Ai(4)-Destyn_Turtles' End of Combat Step
Phase: Ai(4)-Destyn_Turtles' Main phase, postcombat
Add To Stack: Ai(4)-Destyn_Turtles triggered Ninja Pizza
Resolve Stack: At the beginning of your second main phase, create a Food token. (It's an artifact with "{2}, {T}, Sacrifice this token: You gain 3 life.") [Phase: Ai(4)-Destyn_Turtles]
Mana: Spire Garden (392) - {T}: Add {R} or {G}.
Mana: Thriving Moor (399) - {T}: Add {B} or one mana of the chosen color.
Mana: Dragonskull Summit (350) - {T}: Add {B} or {R}.
Mana: City of Brass (348) - {T}: Add one mana of any color.
Mana: Path of Ancestry (315) - {T}: Add one mana of any color in your commander's color identity. When that mana is spent to cast a creature spell that shares a creature type with your commander, scry 1. (Look at the top card of your library. You may put that card on the bottom.)
Mana: Command Tower (331) - {T}: Add one mana of any color in your commander's color identity.
Zone Change: Food Token (601) was put into Graveyard from Battlefield.
Mana: Food Token (601) - {T}, Sacrifice this artifact: Add one mana of any color.
Add To Stack: Ai(4)-Destyn_Turtles cast Leatherhead, Iron Gator
Add To Stack: Ai(4)-Destyn_Turtles triggered City of Brass
Add To Stack: Ai(4)-Destyn_Turtles triggered Path of Ancestry
Resolve Stack: Ai(4)-Destyn_Turtles scried 1 card(s) to the bottom of the library
Resolve Stack: When mana produced by Path of Ancestry is spent to cast a creature spell that shares a creature type with your commander, scry 1. ([Leatherhead, Iron Gator - Creature 5 / 5]) [Card: Leatherhead, Iron Gator (381), Activator: Ai(4)-Destyn_Turtles, SpellAbility: Leatherhead, Iron Gator - Creature 5 / 5]
Damage: City of Brass (348) deals 1 non-combat damage to Ai(4)-Destyn_Turtles.
Life: Life: Ai(4)-Destyn_Turtles 2 > 1
Resolve Stack: Whenever City of Brass becomes tapped, it deals 1 damage to you. [Tapped: City of Brass (348)]
Resolve Stack: Leatherhead, Iron Gator - Creature 5 / 5
Add To Stack: Ai(4)-Destyn_Turtles triggered Lita, Little Orphan Amphibian
Resolve Stack: Alliance — Whenever another creature you control enters, create a Food token. [Zone Changer: Leatherhead, Iron Gator (381)]
Phase: Ai(4)-Destyn_Turtles' End step
Phase: Ai(4)-Destyn_Turtles' Cleanup step
Turn: Turn 66 (Ai(2)-Jaymie_Ezio)
Phase: Ai(2)-Jaymie_Ezio's Untap step
Phase: Ai(2)-Jaymie_Ezio's Upkeep step
Phase: Ai(2)-Jaymie_Ezio's Draw step
Phase: Ai(2)-Jaymie_Ezio's Main phase, precombat
Mana: Swamp (161) - {T}: Add {B}.
Mana: Swamp (159) - {T}: Add {B}.
Add To Stack: Ai(2)-Jaymie_Ezio activated Vorpal Sword targeting [Combustion Man (185)]
Resolve Stack: Vorpal Sword (111) -  Attach to Combustion Man (185)
Phase: Ai(2)-Jaymie_Ezio's Beginning of Combat Step
Phase: Ai(2)-Jaymie_Ezio's Declare Attackers Step
Combat: Ai(2)-Jaymie_Ezio assigned Combustion Man (185), Ezio Auditore da Firenze (201), Jacob Frye (163), Evie Frye (123), Assassin Token (552) and Assassin Token (553) to attack Ai(3)-Gabe_Food.
Add To Stack: Ai(2)-Jaymie_Ezio triggered Combustion Man targeting [Sanguine Bond (256)]
Mana: Ash Barrens (274) - {T}: Add {C}.
Mana: Exotic Orchard (249) - {T}: Add one mana of any color that a land an opponent controls could produce.
Zone Change: Food Token (518) was put into Graveyard from Battlefield.
Add To Stack: Ai(3)-Gabe_Food activated Food Token
Life: Life: Ai(3)-Gabe_Food 6 > 9
Resolve Stack: Food Token (518) - Ai(3)-Gabe_Food gains 3 life.
Add To Stack: Ai(3)-Gabe_Food triggered Sanguine Bond targeting [Ai(4)-Destyn_Turtles]
Life: Life: Ai(4)-Destyn_Turtles 1 > -2
Resolve Stack: Whenever you gain life, target opponent loses that much life. (Targeting: [[Ai(4)-Destyn_Turtles]]) [Player: Ai(3)-Gabe_Food, Gained Amount: 3]
Mana: Forest (236) - {T}: Add {G}.
Mana: Plains (289) - {T}: Add {W}.
Zone Change: Food Token (534) was put into Graveyard from Battlefield.
Add To Stack: Ai(3)-Gabe_Food activated Food Token
Life: Life: Ai(3)-Gabe_Food 9 > 12
Resolve Stack: Food Token (534) - Ai(3)-Gabe_Food gains 3 life.
Add To Stack: Ai(3)-Gabe_Food triggered Sanguine Bond targeting [Ai(2)-Jaymie_Ezio]
Life: Life: Ai(2)-Jaymie_Ezio 34 > 31
Resolve Stack: Whenever you gain life, target opponent loses that much life. (Targeting: [[Ai(2)-Jaymie_Ezio]]) [Player: Ai(3)-Gabe_Food, Gained Amount: 3]
Mana: Swamp (265) - {T}: Add {B}.
Mana: Forest (234) - {T}: Add {G}.
Zone Change: Food Token (535) was put into Graveyard from Battlefield.
Add To Stack: Ai(3)-Gabe_Food activated Food Token
Life: Life: Ai(3)-Gabe_Food 12 > 15
Resolve Stack: Food Token (535) - Ai(3)-Gabe_Food gains 3 life.
Add To Stack: Ai(3)-Gabe_Food triggered Sanguine Bond targeting [Ai(2)-Jaymie_Ezio]
Life: Life: Ai(2)-Jaymie_Ezio 31 > 28
Resolve Stack: Whenever you gain life, target opponent loses that much life. (Targeting: [[Ai(2)-Jaymie_Ezio]]) [Player: Ai(3)-Gabe_Food, Gained Amount: 3]
Mana: Swamp (263) - {T}: Add {B}.
Mana: Swamp (264) - {T}: Add {B}.
Zone Change: Food Token (536) was put into Graveyard from Battlefield.
Add To Stack: Ai(3)-Gabe_Food activated Food Token
Life: Life: Ai(3)-Gabe_Food 15 > 18
Resolve Stack: Food Token (536) - Ai(3)-Gabe_Food gains 3 life.
Add To Stack: Ai(3)-Gabe_Food triggered Sanguine Bond targeting [Ai(2)-Jaymie_Ezio]
Life: Life: Ai(2)-Jaymie_Ezio 28 > 25
Resolve Stack: Whenever you gain life, target opponent loses that much life. (Targeting: [[Ai(2)-Jaymie_Ezio]]) [Player: Ai(3)-Gabe_Food, Gained Amount: 3]
Mana: Plains (291) - {T}: Add {W}.
Mana: Isolated Chapel (245) - {T}: Add {W} or {B}.
Zone Change: Food Token (537) was put into Graveyard from Battlefield.
Add To Stack: Ai(3)-Gabe_Food activated Food Token
Life: Life: Ai(3)-Gabe_Food 18 > 21
Resolve Stack: Food Token (537) - Ai(3)-Gabe_Food gains 3 life.
Add To Stack: Ai(3)-Gabe_Food triggered Sanguine Bond targeting [Ai(2)-Jaymie_Ezio]
Life: Life: Ai(2)-Jaymie_Ezio 25 > 22
Resolve Stack: Whenever you gain life, target opponent loses that much life. (Targeting: [[Ai(2)-Jaymie_Ezio]]) [Player: Ai(3)-Gabe_Food, Gained Amount: 3]
Damage: Combustion Man (185) deals 6 non-combat damage to Ai(3)-Gabe_Food.
Life: Life: Ai(3)-Gabe_Food 21 > 15
Resolve Stack: Whenever Combustion Man attacks, destroy target permanent unless its controller has Combustion Man deal damage to them equal to his power. (Targeting: [[Sanguine Bond (256)]]) [Attacker: Combustion Man (185)]
Phase: Ai(2)-Jaymie_Ezio's Declare Blockers Step
Combat: Ai(3)-Gabe_Food didn't block Combustion Man (185).
Ai(3)-Gabe_Food didn't block Ezio Auditore da Firenze (201).
Ai(3)-Gabe_Food assigned Lobelia, Defender of Bag End (206) to block Jacob Frye (163).
Ai(3)-Gabe_Food assigned Frodo, Adventurous Hobbit (301) to block Evie Frye (123).
Ai(3)-Gabe_Food didn't block Assassin Token (552).
Ai(3)-Gabe_Food didn't block Assassin Token (553).
Phase: Ai(2)-Jaymie_Ezio's First Strike Damage Step
Phase: Ai(2)-Jaymie_Ezio's Combat Damage Step
Damage: Combustion Man (185) deals 6 combat damage to Ai(3)-Gabe_Food.
Damage: Ezio Auditore da Firenze (201) deals 3 combat damage to Ai(3)-Gabe_Food.
Damage: Jacob Frye (163) deals 3 damage to Lobelia, Defender of Bag End (206).
Damage: Evie Frye (123) deals 2 damage to Frodo, Adventurous Hobbit (301).
Damage: Assassin Token (552) deals 1 combat damage to Ai(3)-Gabe_Food.
Damage: Assassin Token (553) deals 1 combat damage to Ai(3)-Gabe_Food.
Damage: Frodo, Adventurous Hobbit (301) deals 1 damage to Evie Frye (123).
Damage: Lobelia, Defender of Bag End (206) deals 2 damage to Jacob Frye (163).
Life: Life: Ai(3)-Gabe_Food 15 > 4
Zone Change: Jacob Frye (163) was put into Graveyard from Battlefield.
Zone Change: Evie Frye (123) was put into Graveyard from Battlefield.
Zone Change: Lobelia, Defender of Bag End (206) was put into Graveyard from Battlefield.
Add To Stack: Ai(2)-Jaymie_Ezio triggered Ezio Auditore da Firenze
Add To Stack: Ai(2)-Jaymie_Ezio triggered Jacob Frye targeting []
Resolve Stack: Whenever one or more Assassins you control deal combat damage to a player, exile up to one target Assassin card or card with freerunning from your graveyard. If you do, copy it. You may cast the copy. (Targeting: [[]]) [Damaged: Ai(3)-Gabe_Food, Amount: 11]
Resolve Stack: Whenever Ezio deals combat damage to a player, you may pay {W}{U}{B}{R}{G} if that player has 10 or less life. When you do, that player loses the game. [Damage Source: Ezio Auditore da Firenze (201), Damaged: Ai(3)-Gabe_Food, Amount: 3]
Phase: Ai(2)-Jaymie_Ezio's End of Combat Step
Phase: Ai(2)-Jaymie_Ezio's Main phase, postcombat
Phase: Ai(2)-Jaymie_Ezio's End step
Phase: Ai(2)-Jaymie_Ezio's Cleanup step
Turn: Turn 67 (Ai(3)-Gabe_Food)
Phase: Ai(3)-Gabe_Food's Untap step
Phase: Ai(3)-Gabe_Food's Upkeep step
Mana: Ash Barrens (274) - {T}: Add {C}.
Mana: Forest (238) - {T}: Add {G}.
Zone Change: Food Token (538) was put into Graveyard from Battlefield.
Add To Stack: Ai(3)-Gabe_Food activated Food Token
Life: Life: Ai(3)-Gabe_Food 4 > 7
Resolve Stack: Food Token (538) - Ai(3)-Gabe_Food gains 3 life.
Add To Stack: Ai(3)-Gabe_Food triggered Sanguine Bond targeting [Ai(2)-Jaymie_Ezio]
Life: Life: Ai(2)-Jaymie_Ezio 22 > 19
Resolve Stack: Whenever you gain life, target opponent loses that much life. (Targeting: [[Ai(2)-Jaymie_Ezio]]) [Player: Ai(3)-Gabe_Food, Gained Amount: 3]
Mana: Exotic Orchard (249) - {T}: Add one mana of any color that a land an opponent controls could produce.
Add To Stack: Ai(3)-Gabe_Food activated Hithlain Rope
Resolve Stack: Hithlain Rope (227) - Ai(3)-Gabe_Food searches Ai(2)-Jaymie_Ezio library for a basic land card, puts it onto the battlefield tapped, then shuffles. Ai(2)-Jaymie_Ezio gains control of Hithlain Rope (227).
Phase: Ai(3)-Gabe_Food's Draw step
Phase: Ai(3)-Gabe_Food's Main phase, precombat
Land: Ai(3)-Gabe_Food played Forest (239)
Phase: Ai(3)-Gabe_Food's Beginning of Combat Step
Phase: Ai(3)-Gabe_Food's Declare Attackers Step
Combat: Ai(3)-Gabe_Food assigned Frodo, Adventurous Hobbit (301), Halfling Token (579), Halfling Token (580), Halfling Token (581), Halfling Token (582), Halfling Token (583), Halfling Token (584), Halfling Token (585), Halfling Token (586), Halfling Token (587), Halfling Token (588), Halfling Token (589), Halfling Token (590), Halfling Token (591), Halfling Token (592), Halfling Token (593), Halfling Token (594) and Gilded Goose (287) to attack Ai(2)-Jaymie_Ezio.
Add To Stack: Ai(3)-Gabe_Food triggered Frodo, Adventurous Hobbit
Resolve Stack: Whenever Frodo, Adventurous Hobbit attacks, if you gained 3 or more life this turn, the Ring tempts you. Then if Frodo is your Ring-bearer and the Ring has tempted you two or more times this game, draw a card. [Attacker: Frodo, Adventurous Hobbit (301)]
Phase: Ai(3)-Gabe_Food's Declare Blockers Step
Combat: Ai(2)-Jaymie_Ezio didn't block Frodo, Adventurous Hobbit (301).
Ai(2)-Jaymie_Ezio didn't block Halfling Token (579).
Ai(2)-Jaymie_Ezio didn't block Halfling Token (580).
Ai(2)-Jaymie_Ezio didn't block Halfling Token (581).
Ai(2)-Jaymie_Ezio didn't block Halfling Token (582).
Ai(2)-Jaymie_Ezio didn't block Halfling Token (583).
Ai(2)-Jaymie_Ezio didn't block Halfling Token (584).
Ai(2)-Jaymie_Ezio didn't block Halfling Token (585).
Ai(2)-Jaymie_Ezio didn't block Halfling Token (586).
Ai(2)-Jaymie_Ezio didn't block Halfling Token (587).
Ai(2)-Jaymie_Ezio didn't block Halfling Token (588).
Ai(2)-Jaymie_Ezio didn't block Halfling Token (589).
Ai(2)-Jaymie_Ezio didn't block Halfling Token (590).
Ai(2)-Jaymie_Ezio didn't block Halfling Token (591).
Ai(2)-Jaymie_Ezio didn't block Halfling Token (592).
Ai(2)-Jaymie_Ezio didn't block Halfling Token (593).
Ai(2)-Jaymie_Ezio didn't block Halfling Token (594).
Ai(2)-Jaymie_Ezio didn't block Gilded Goose (287).
Phase: Ai(3)-Gabe_Food's First Strike Damage Step
Phase: Ai(3)-Gabe_Food's Combat Damage Step
Damage: Frodo, Adventurous Hobbit (301) deals 1 combat damage to Ai(2)-Jaymie_Ezio.
Damage: Halfling Token (579) deals 1 combat damage to Ai(2)-Jaymie_Ezio.
Damage: Halfling Token (580) deals 1 combat damage to Ai(2)-Jaymie_Ezio.
Damage: Halfling Token (581) deals 1 combat damage to Ai(2)-Jaymie_Ezio.
Damage: Halfling Token (582) deals 1 combat damage to Ai(2)-Jaymie_Ezio.
Damage: Halfling Token (583) deals 1 combat damage to Ai(2)-Jaymie_Ezio.
Damage: Halfling Token (584) deals 1 combat damage to Ai(2)-Jaymie_Ezio.
Damage: Halfling Token (585) deals 1 combat damage to Ai(2)-Jaymie_Ezio.
Damage: Halfling Token (586) deals 1 combat damage to Ai(2)-Jaymie_Ezio.
Damage: Halfling Token (587) deals 1 combat damage to Ai(2)-Jaymie_Ezio.
Damage: Halfling Token (588) deals 1 combat damage to Ai(2)-Jaymie_Ezio.
Damage: Halfling Token (589) deals 1 combat damage to Ai(2)-Jaymie_Ezio.
Damage: Halfling Token (590) deals 1 combat damage to Ai(2)-Jaymie_Ezio.
Damage: Halfling Token (591) deals 1 combat damage to Ai(2)-Jaymie_Ezio.
Damage: Halfling Token (592) deals 1 combat damage to Ai(2)-Jaymie_Ezio.
Damage: Halfling Token (593) deals 1 combat damage to Ai(2)-Jaymie_Ezio.
Damage: Halfling Token (594) deals 1 combat damage to Ai(2)-Jaymie_Ezio.
Life: Life: Ai(2)-Jaymie_Ezio 19 > 2
Phase: Ai(3)-Gabe_Food's End of Combat Step
Phase: Ai(3)-Gabe_Food's Main phase, postcombat
Phase: Ai(3)-Gabe_Food's End step
Phase: Ai(3)-Gabe_Food's Cleanup step
Turn: Turn 68 (Ai(2)-Jaymie_Ezio)
Phase: Ai(2)-Jaymie_Ezio's Untap step
Phase: Ai(2)-Jaymie_Ezio's Upkeep step
Mana: Plains (191) - {T}: Add {W}.
Add To Stack: Ai(2)-Jaymie_Ezio activated Hithlain Rope
Resolve Stack: Hithlain Rope (227) - Ai(2)-Jaymie_Ezio searches Ai(3)-Gabe_Food library for a basic land card, puts it onto the battlefield tapped, then shuffles. Ai(3)-Gabe_Food gains control of Hithlain Rope (227).
Phase: Ai(2)-Jaymie_Ezio's Draw step
Phase: Ai(2)-Jaymie_Ezio's Main phase, precombat
Mana: Mountain (189) - {T}: Add {R}.
Mana: Swamp (161) - {T}: Add {B}.
Mana: Swamp (159) - {T}: Add {B}.
Add To Stack: Ai(2)-Jaymie_Ezio cast 
Resolve Stack: Disguise - Creature 2/2
Phase: Ai(2)-Jaymie_Ezio's Beginning of Combat Step
Phase: Ai(2)-Jaymie_Ezio's Declare Attackers Step
Phase: Ai(2)-Jaymie_Ezio's Declare Blockers Step
Phase: Ai(2)-Jaymie_Ezio's First Strike Damage Step
Phase: Ai(2)-Jaymie_Ezio's Combat Damage Step
Phase: Ai(2)-Jaymie_Ezio's End of Combat Step
Phase: Ai(2)-Jaymie_Ezio's Main phase, postcombat
Phase: Ai(2)-Jaymie_Ezio's End step
Phase: Ai(2)-Jaymie_Ezio's Cleanup step
Turn: Turn 69 (Ai(3)-Gabe_Food)
Phase: Ai(3)-Gabe_Food's Untap step
Phase: Ai(3)-Gabe_Food's Upkeep step
Mana: Ash Barrens (274) - {T}: Add {C}.
Add To Stack: Ai(3)-Gabe_Food activated Hithlain Rope
Resolve Stack: Hithlain Rope (227) - Ai(3)-Gabe_Food searches Ai(2)-Jaymie_Ezio library for a basic land card, puts it onto the battlefield tapped, then shuffles. Ai(2)-Jaymie_Ezio gains control of Hithlain Rope (227).
Phase: Ai(3)-Gabe_Food's Draw step
Phase: Ai(3)-Gabe_Food's Main phase, precombat
Mana: Exotic Orchard (249) - {T}: Add one mana of any color that a land an opponent controls could produce.
Mana: Forest (238) - {T}: Add {G}.
Mana: Forest (236) - {T}: Add {G}.
Mana: Forest (234) - {T}: Add {G}.
Mana: Forest (239) - {T}: Add {G}.
Mana: Swamp (265) - {T}: Add {B}.
Mana: Swamp (263) - {T}: Add {B}.
Mana: Swamp (264) - {T}: Add {B}.
Mana: Plains (289) - {T}: Add {W}.
Mana: Plains (291) - {T}: Add {W}.
Mana: Plains (288) - {T}: Add {W}.
Mana: Isolated Chapel (245) - {T}: Add {W} or {B}.
Mana: Scattered Groves (248) - {T}: Add {G}.
Add To Stack: Ai(3)-Gabe_Food cast Sam, Loyal Attendant
Resolve Stack: Sam, Loyal Attendant - Creature 2 / 4
Add To Stack: Ai(3)-Gabe_Food triggered Sam, Loyal Attendant targeting [Ai(3)-Gabe_Food]
Resolve Stack: Partner with Frodo, Adventurous Hobbit (When this creature enters, target player may put Frodo into their hand from their library, then shuffle.) (Targeting: [[Ai(3)-Gabe_Food]]) [Zone Changer: Sam, Loyal Attendant (303)]
Phase: Ai(3)-Gabe_Food's Beginning of Combat Step
Add To Stack: Ai(3)-Gabe_Food triggered Sam, Loyal Attendant
Resolve Stack: At the beginning of combat on your turn, create a Food token. (It's an artifact with "{2}, {T}, Sacrifice this token: You gain 3 life.") [Phase: Ai(3)-Gabe_Food]
Phase: Ai(3)-Gabe_Food's Declare Attackers Step
Combat: Ai(3)-Gabe_Food assigned Frodo, Adventurous Hobbit (301), Halfling Token (579), Halfling Token (580), Halfling Token (581), Halfling Token (582), Halfling Token (583), Halfling Token (584), Halfling Token (585), Halfling Token (586), Halfling Token (587), Halfling Token (588), Halfling Token (589), Halfling Token (590), Halfling Token (591), Halfling Token (592), Halfling Token (593) and Halfling Token (594) to attack Ai(2)-Jaymie_Ezio.
Phase: Ai(3)-Gabe_Food's Declare Blockers Step
Combat: Ai(2)-Jaymie_Ezio assigned Assassin Token (552) to block Frodo, Adventurous Hobbit (301).
Ai(2)-Jaymie_Ezio assigned Assassin Token (553) to block Halfling Token (579).
Ai(2)-Jaymie_Ezio assigned Face-down card (H15) to block Halfling Token (580).
Ai(2)-Jaymie_Ezio assigned Ezio Auditore da Firenze (201) to block Halfling Token (581).
Ai(2)-Jaymie_Ezio assigned Combustion Man (185) to block Halfling Token (582).
Ai(2)-Jaymie_Ezio didn't block Halfling Token (583).
Ai(2)-Jaymie_Ezio didn't block Halfling Token (584).
Ai(2)-Jaymie_Ezio didn't block Halfling Token (585).
Ai(2)-Jaymie_Ezio didn't block Halfling Token (586).
Ai(2)-Jaymie_Ezio didn't block Halfling Token (587).
Ai(2)-Jaymie_Ezio didn't block Halfling Token (588).
Ai(2)-Jaymie_Ezio didn't block Halfling Token (589).
Ai(2)-Jaymie_Ezio didn't block Halfling Token (590).
Ai(2)-Jaymie_Ezio didn't block Halfling Token (591).
Ai(2)-Jaymie_Ezio didn't block Halfling Token (592).
Ai(2)-Jaymie_Ezio didn't block Halfling Token (593).
Ai(2)-Jaymie_Ezio didn't block Halfling Token (594).
Phase: Ai(3)-Gabe_Food's First Strike Damage Step
Phase: Ai(3)-Gabe_Food's Combat Damage Step
Damage: Frodo, Adventurous Hobbit (301) deals 1 damage to Assassin Token (552).
Damage: Halfling Token (579) deals 1 damage to Assassin Token (553).
Damage: Halfling Token (580) deals 1 damage to Face-down card (H15).
Damage: Halfling Token (581) deals 1 damage to Ezio Auditore da Firenze (201).
Damage: Halfling Token (582) deals 1 damage to Combustion Man (185).
Damage: Halfling Token (583) deals 1 combat damage to Ai(2)-Jaymie_Ezio.
Damage: Halfling Token (584) deals 1 combat damage to Ai(2)-Jaymie_Ezio.
Damage: Halfling Token (585) deals 1 combat damage to Ai(2)-Jaymie_Ezio.
Damage: Halfling Token (586) deals 1 combat damage to Ai(2)-Jaymie_Ezio.
Damage: Halfling Token (587) deals 1 combat damage to Ai(2)-Jaymie_Ezio.
Damage: Halfling Token (588) deals 1 combat damage to Ai(2)-Jaymie_Ezio.
Damage: Halfling Token (589) deals 1 combat damage to Ai(2)-Jaymie_Ezio.
Damage: Halfling Token (590) deals 1 combat damage to Ai(2)-Jaymie_Ezio.
Damage: Halfling Token (591) deals 1 combat damage to Ai(2)-Jaymie_Ezio.
Damage: Halfling Token (592) deals 1 combat damage to Ai(2)-Jaymie_Ezio.
Damage: Halfling Token (593) deals 1 combat damage to Ai(2)-Jaymie_Ezio.
Damage: Halfling Token (594) deals 1 combat damage to Ai(2)-Jaymie_Ezio.
Damage: Assassin Token (552) deals 1 damage to Frodo, Adventurous Hobbit (301).
Damage: Assassin Token (553) deals 1 damage to Halfling Token (579).
Damage: Face-down card (H15) deals 2 damage to Halfling Token (580).
Damage: Ezio Auditore da Firenze (201) deals 3 damage to Halfling Token (581).
Damage: Combustion Man (185) deals 6 damage (Deathtouch) to Halfling Token (582).
Life: Life: Ai(2)-Jaymie_Ezio 2 > -10
Player Control: Ai(1)-GGS_Reality_Shift_diagnostic has restored control over themself
Player Control: Ai(2)-Jaymie_Ezio has restored control over themself
Player Control: Ai(3)-Gabe_Food has restored control over themself
Player Control: Ai(4)-Destyn_Turtles has restored control over themself
Game Outcome: Match Duration 3m : 24s
Game Outcome: Turn 35
Game Outcome: Ai(1)-GGS_Reality_Shift_diagnostic has lost because life total reached 0
Game Outcome: Ai(2)-Jaymie_Ezio has lost because life total reached 0
Game Outcome: Ai(3)-Gabe_Food has won because all opponents have lost
Game Outcome: Ai(4)-Destyn_Turtles has lost because life total reached 0
Match Result: Ai(1)-GGS_Reality_Shift_diagnostic: 0 Ai(2)-Jaymie_Ezio: 0 Ai(3)-Gabe_Food: 1 Ai(4)-Destyn_Turtles: 0 

Game Result: Game 1 ended in 206629 ms. Ai(3)-Gabe_Food has won!

