Error handling registered!
20:45:09 [INFO ] GuiBase: ##########################################
20:45:09 [INFO ] GuiBase: APP: Forge v.2.0.15-SNAPSHOT-09.28
20:45:09 [INFO ] GuiBase: Java: 17.0.20 (Ubuntu)
20:45:09 [INFO ] GuiBase: OS: Linux 6.18.44 amd64
20:45:09 [INFO ] GuiBase: RAM: 1536 MB max, 8 CPUs
20:45:09 [INFO ] GuiBase: ##########################################
Language 'en-US' loaded successfully.
(ThreadUtil first call): Running with priority 5
Read cards: 34010 archived files in 1 ms (25 parts) using thread pool
Upcoming set Star Trek (TRK) dated in the future. All `upcoming` cards will be added to this set with unknown rarity.
The card A-Alrund's Epiphany was not assigned to any set. Adding it to UNKNOWN set... to fix see res/editions/ folder. 
The card A-Baba Lysaga, Night Witch was not assigned to any set. Adding it to UNKNOWN set... to fix see res/editions/ folder. 
The card A-Divide by Zero was not assigned to any set. Adding it to UNKNOWN set... to fix see res/editions/ folder. 
The card A-Esika's Chariot was not assigned to any set. Adding it to UNKNOWN set... to fix see res/editions/ folder. 
The card A-Faceless Haven was not assigned to any set. Adding it to UNKNOWN set... to fix see res/editions/ folder. 
The card A-Fires of Invention was not assigned to any set. Adding it to UNKNOWN set... to fix see res/editions/ folder. 
The card A-Goldspan Dragon was not assigned to any set. Adding it to UNKNOWN set... to fix see res/editions/ folder. 
The card A-Hullbreaker Horror was not assigned to any set. Adding it to UNKNOWN set... to fix see res/editions/ folder. 
The card A-Kumano Faces Kakkazan was not assigned to any set. Adding it to UNKNOWN set... to fix see res/editions/ folder. 
The card A-Luminarch Aspirant was not assigned to any set. Adding it to UNKNOWN set... to fix see res/editions/ folder. 
The card A-Monster Manual was not assigned to any set. Adding it to UNKNOWN set... to fix see res/editions/ folder. 
The card A-Omnath, Locus of Creation was not assigned to any set. Adding it to UNKNOWN set... to fix see res/editions/ folder. 
The card A-The Meathook Massacre was not assigned to any set. Adding it to UNKNOWN set... to fix see res/editions/ folder. 
The card A-Unholy Heat was not assigned to any set. Adding it to UNKNOWN set... to fix see res/editions/ folder. 
The card Blinding Radiance was not assigned to any set. Adding it to UNKNOWN set... to fix see res/editions/ folder. 
The card Goblin Bruiser was not assigned to any set. Adding it to UNKNOWN set... to fix see res/editions/ folder. 
The card Ogre Painbringer was not assigned to any set. Adding it to UNKNOWN set... to fix see res/editions/ folder. 
The card Titanic Pelagosaur was not assigned to any set. Adding it to UNKNOWN set... to fix see res/editions/ folder. 
The card Treetop Recluse was not assigned to any set. Adding it to UNKNOWN set... to fix see res/editions/ folder. 
Upcoming set Star Trek (TRK) dated in the future. All `upcoming` cards will be added to this set with unknown rarity.
Read cards: 854 files in 0 ms (8 parts) using thread pool
Simulation mode
Ai(1)-Jaymie_Ezio vs Ai(2)-Gabe_Food vs Ai(3)-Destyn_Turtles vs Ai(4)-GGS_Cover_diagnostic - one game of Commander seed 20260930
Watery Grave Did not have activator set in SpellAbility_Condition.checkConditions()
Watery Grave Did not have activator set in SpellAbility_Condition.checkConditions()
Watery Grave Did not have activator set in SpellAbility_Condition.checkConditions()
Watery Grave Did not have activator set in SpellAbility_Condition.checkConditions()
Watery Grave Did not have activator set in SpellAbility_Condition.checkConditions()
Watery Grave Did not have activator set in SpellAbility_Condition.checkConditions()
Watery Grave Did not have activator set in SpellAbility_Condition.checkConditions()
Watery Grave Did not have activator set in SpellAbility_Condition.checkConditions()
Watery Grave Did not have activator set in SpellAbility_Condition.checkConditions()
Watery Grave Did not have activator set in SpellAbility_Condition.checkConditions()
Watery Grave Did not have activator set in SpellAbility_Condition.checkConditions()
Watery Grave Did not have activator set in SpellAbility_Condition.checkConditions()
Warning: default (ie. inherited from base class) implementation of confirmAction is used by Goro-Goro and Satoru for forge.ai.ability.PermanentCreatureAi. Consider declaring an overloaded method
Fell Mire Did not have activator set in SpellAbility_Condition.checkConditions()
Fell Mire Did not have activator set in SpellAbility_Condition.checkConditions()
Fell Mire Did not have activator set in SpellAbility_Condition.checkConditions()
Fell Mire Did not have activator set in SpellAbility_Condition.checkConditions()
Fell Mire Did not have activator set in SpellAbility_Condition.checkConditions()
Fell Mire Did not have activator set in SpellAbility_Condition.checkConditions()
Warning: default (ie. inherited from base class) implementation of confirmAction is used by Sam, Loyal Attendant for forge.ai.ability.PermanentCreatureAi. Consider declaring an overloaded method
Warning: default (ie. inherited from base class) implementation of confirmAction is used by Frodo, Adventurous Hobbit for forge.ai.ability.PermanentCreatureAi. Consider declaring an overloaded method
Warning: default (ie. inherited from base class) implementation of confirmAction is used by Ezio Auditore da Firenze for forge.ai.ability.PermanentCreatureAi. Consider declaring an overloaded method
Warning: default (ie. inherited from base class) implementation of confirmAction is used by Leonardo, the Balance for forge.ai.ability.PermanentCreatureAi. Consider declaring an overloaded method
Mulligan: Ai(4)-GGS_Cover_diagnostic has kept a hand of 7 cards
Mulligan: Ai(1)-Jaymie_Ezio has kept a hand of 7 cards
Mulligan: Ai(2)-Gabe_Food has kept a hand of 7 cards
Mulligan: Ai(3)-Destyn_Turtles has kept a hand of 7 cards
Turn: Turn 1 (Ai(4)-GGS_Cover_diagnostic)
Phase: Ai(4)-GGS_Cover_diagnostic's Untap step
Phase: Ai(4)-GGS_Cover_diagnostic's Upkeep step
Phase: Ai(4)-GGS_Cover_diagnostic's Draw step
Phase: Ai(4)-GGS_Cover_diagnostic's Main phase, precombat
Replacement Effect: Luxury Suite enters tapped unless you have two or more opponents.
Land: Ai(4)-GGS_Cover_diagnostic played Luxury Suite (378)
Phase: Ai(4)-GGS_Cover_diagnostic's Beginning of Combat Step
Phase: Ai(4)-GGS_Cover_diagnostic's Declare Attackers Step
Phase: Ai(4)-GGS_Cover_diagnostic's Declare Blockers Step
Phase: Ai(4)-GGS_Cover_diagnostic's First Strike Damage Step
Phase: Ai(4)-GGS_Cover_diagnostic's Combat Damage Step
Phase: Ai(4)-GGS_Cover_diagnostic's End of Combat Step
Phase: Ai(4)-GGS_Cover_diagnostic's Main phase, postcombat
Phase: Ai(4)-GGS_Cover_diagnostic's End step
Phase: Ai(4)-GGS_Cover_diagnostic's Cleanup step
Turn: Turn 2 (Ai(1)-Jaymie_Ezio)
Phase: Ai(1)-Jaymie_Ezio's Untap step
Phase: Ai(1)-Jaymie_Ezio's Upkeep step
Phase: Ai(1)-Jaymie_Ezio's Draw step
Phase: Ai(1)-Jaymie_Ezio's Main phase, precombat
Land: Ai(1)-Jaymie_Ezio played Command Tower (32)
Phase: Ai(1)-Jaymie_Ezio's Beginning of Combat Step
Phase: Ai(1)-Jaymie_Ezio's Declare Attackers Step
Phase: Ai(1)-Jaymie_Ezio's Declare Blockers Step
Phase: Ai(1)-Jaymie_Ezio's First Strike Damage Step
Phase: Ai(1)-Jaymie_Ezio's Combat Damage Step
Phase: Ai(1)-Jaymie_Ezio's End of Combat Step
Phase: Ai(1)-Jaymie_Ezio's Main phase, postcombat
Mana: Command Tower (32) - {T}: Add one mana of any color in your commander's color identity.
Add To Stack: Ai(1)-Jaymie_Ezio cast Assassin Initiate
Resolve Stack: Assassin Initiate - Creature 1 / 1
Phase: Ai(1)-Jaymie_Ezio's End step
Phase: Ai(1)-Jaymie_Ezio's Cleanup step
Turn: Turn 3 (Ai(2)-Gabe_Food)
Phase: Ai(2)-Gabe_Food's Untap step
Phase: Ai(2)-Gabe_Food's Upkeep step
Phase: Ai(2)-Gabe_Food's Draw step
Phase: Ai(2)-Gabe_Food's Main phase, precombat
Land: Ai(2)-Gabe_Food played Forest (140)
Phase: Ai(2)-Gabe_Food's Beginning of Combat Step
Phase: Ai(2)-Gabe_Food's Declare Attackers Step
Phase: Ai(2)-Gabe_Food's Declare Blockers Step
Phase: Ai(2)-Gabe_Food's First Strike Damage Step
Phase: Ai(2)-Gabe_Food's Combat Damage Step
Phase: Ai(2)-Gabe_Food's End of Combat Step
Phase: Ai(2)-Gabe_Food's Main phase, postcombat
Phase: Ai(2)-Gabe_Food's End step
Phase: Ai(2)-Gabe_Food's Cleanup step
Turn: Turn 4 (Ai(3)-Destyn_Turtles)
Phase: Ai(3)-Destyn_Turtles' Untap step
Phase: Ai(3)-Destyn_Turtles' Upkeep step
Phase: Ai(3)-Destyn_Turtles' Draw step
Phase: Ai(3)-Destyn_Turtles' Main phase, precombat
Replacement Effect: This land enters tapped unless you control two or more basic lands.
Land: Ai(3)-Destyn_Turtles played Sodden Verdure (283)
Phase: Ai(3)-Destyn_Turtles' Beginning of Combat Step
Phase: Ai(3)-Destyn_Turtles' Declare Attackers Step
Phase: Ai(3)-Destyn_Turtles' Declare Blockers Step
Phase: Ai(3)-Destyn_Turtles' First Strike Damage Step
Phase: Ai(3)-Destyn_Turtles' Combat Damage Step
Phase: Ai(3)-Destyn_Turtles' End of Combat Step
Phase: Ai(3)-Destyn_Turtles' Main phase, postcombat
Phase: Ai(3)-Destyn_Turtles' End step
Phase: Ai(3)-Destyn_Turtles' Cleanup step
Turn: Turn 5 (Ai(4)-GGS_Cover_diagnostic)
Phase: Ai(4)-GGS_Cover_diagnostic's Untap step
Phase: Ai(4)-GGS_Cover_diagnostic's Upkeep step
Phase: Ai(4)-GGS_Cover_diagnostic's Draw step
Phase: Ai(4)-GGS_Cover_diagnostic's Main phase, precombat
Land: Ai(4)-GGS_Cover_diagnostic played Polluted Delta (315)
Life: Life: Ai(4)-GGS_Cover_diagnostic 40 > 39
Zone Change: Polluted Delta (315) was put into Graveyard from Battlefield.
Add To Stack: Ai(4)-GGS_Cover_diagnostic activated Polluted Delta
Replacement Effect: As Watery Grave enters, you may pay 2 life. If you don't, it enters tapped.
Resolve Stack: Polluted Delta (315) - Ai(4)-GGS_Cover_diagnostic searches their library for an Island or Swamp card, puts it onto the battlefield, then shuffles.
Phase: Ai(4)-GGS_Cover_diagnostic's Beginning of Combat Step
Phase: Ai(4)-GGS_Cover_diagnostic's Declare Attackers Step
Phase: Ai(4)-GGS_Cover_diagnostic's Declare Blockers Step
Phase: Ai(4)-GGS_Cover_diagnostic's First Strike Damage Step
Phase: Ai(4)-GGS_Cover_diagnostic's Combat Damage Step
Phase: Ai(4)-GGS_Cover_diagnostic's End of Combat Step
Phase: Ai(4)-GGS_Cover_diagnostic's Main phase, postcombat
Phase: Ai(4)-GGS_Cover_diagnostic's End step
Phase: Ai(4)-GGS_Cover_diagnostic's Cleanup step
Turn: Turn 6 (Ai(1)-Jaymie_Ezio)
Phase: Ai(1)-Jaymie_Ezio's Untap step
Phase: Ai(1)-Jaymie_Ezio's Upkeep step
Phase: Ai(1)-Jaymie_Ezio's Draw step
Phase: Ai(1)-Jaymie_Ezio's Main phase, precombat
Phase: Ai(1)-Jaymie_Ezio's Beginning of Combat Step
Phase: Ai(1)-Jaymie_Ezio's Declare Attackers Step
Combat: Ai(1)-Jaymie_Ezio assigned Assassin Initiate (51) to attack Ai(4)-GGS_Cover_diagnostic.
Phase: Ai(1)-Jaymie_Ezio's Declare Blockers Step
Combat: Ai(4)-GGS_Cover_diagnostic didn't block Assassin Initiate (51).
Phase: Ai(1)-Jaymie_Ezio's First Strike Damage Step
Phase: Ai(1)-Jaymie_Ezio's Combat Damage Step
Damage: Assassin Initiate (51) deals 1 combat damage to Ai(4)-GGS_Cover_diagnostic.
Life: Life: Ai(4)-GGS_Cover_diagnostic 39 > 38
Phase: Ai(1)-Jaymie_Ezio's End of Combat Step
Phase: Ai(1)-Jaymie_Ezio's Main phase, postcombat
Replacement Effect: Path of Ancestry enters tapped.
Land: Ai(1)-Jaymie_Ezio played Path of Ancestry (8)
Mana: Command Tower (32) - {T}: Add one mana of any color in your commander's color identity.
Add To Stack: Ai(1)-Jaymie_Ezio cast Changeling Outcast
Resolve Stack: Changeling Outcast - Creature 1 / 1
Phase: Ai(1)-Jaymie_Ezio's End step
Phase: Ai(1)-Jaymie_Ezio's Cleanup step
Turn: Turn 7 (Ai(2)-Gabe_Food)
Phase: Ai(2)-Gabe_Food's Untap step
Phase: Ai(2)-Gabe_Food's Upkeep step
Phase: Ai(2)-Gabe_Food's Draw step
Phase: Ai(2)-Gabe_Food's Main phase, precombat
Land: Ai(2)-Gabe_Food played Swamp (163)
Phase: Ai(2)-Gabe_Food's Beginning of Combat Step
Phase: Ai(2)-Gabe_Food's Declare Attackers Step
Phase: Ai(2)-Gabe_Food's Declare Blockers Step
Phase: Ai(2)-Gabe_Food's First Strike Damage Step
Phase: Ai(2)-Gabe_Food's Combat Damage Step
Phase: Ai(2)-Gabe_Food's End of Combat Step
Phase: Ai(2)-Gabe_Food's Main phase, postcombat
Mana: Forest (140) - {T}: Add {G}.
Mana: Swamp (163) - {T}: Add {B}.
Add To Stack: Ai(2)-Gabe_Food cast Prize Pig
Resolve Stack: Prize Pig - Creature 0 / 3
Phase: Ai(2)-Gabe_Food's End step
Phase: Ai(2)-Gabe_Food's Cleanup step
Turn: Turn 8 (Ai(3)-Destyn_Turtles)
Phase: Ai(3)-Destyn_Turtles' Untap step
Phase: Ai(3)-Destyn_Turtles' Upkeep step
Phase: Ai(3)-Destyn_Turtles' Draw step
Phase: Ai(3)-Destyn_Turtles' Main phase, precombat
Land: Ai(3)-Destyn_Turtles played City of Brass (247)
Phase: Ai(3)-Destyn_Turtles' Beginning of Combat Step
Phase: Ai(3)-Destyn_Turtles' Declare Attackers Step
Phase: Ai(3)-Destyn_Turtles' Declare Blockers Step
Phase: Ai(3)-Destyn_Turtles' First Strike Damage Step
Phase: Ai(3)-Destyn_Turtles' Combat Damage Step
Phase: Ai(3)-Destyn_Turtles' End of Combat Step
Phase: Ai(3)-Destyn_Turtles' Main phase, postcombat
Mana: Sodden Verdure (283) - {T}: Add {G}.
Mana: City of Brass (247) - {T}: Add one mana of any color.
Add To Stack: Ai(3)-Destyn_Turtles cast Michelangelo, the Heart
Add To Stack: Ai(3)-Destyn_Turtles triggered City of Brass
Damage: City of Brass (247) deals 1 non-combat damage to Ai(3)-Destyn_Turtles.
Life: Life: Ai(3)-Destyn_Turtles 40 > 39
Resolve Stack: Whenever City of Brass becomes tapped, it deals 1 damage to you. [Tapped: City of Brass (247)]
Resolve Stack: Michelangelo, the Heart - Creature 2 / 1
Phase: Ai(3)-Destyn_Turtles' End step
Phase: Ai(3)-Destyn_Turtles' Cleanup step
Turn: Turn 9 (Ai(4)-GGS_Cover_diagnostic)
Phase: Ai(4)-GGS_Cover_diagnostic's Untap step
Phase: Ai(4)-GGS_Cover_diagnostic's Upkeep step
Phase: Ai(4)-GGS_Cover_diagnostic's Draw step
Phase: Ai(4)-GGS_Cover_diagnostic's Main phase, precombat
Land: Ai(4)-GGS_Cover_diagnostic played Exotic Orchard (332)
Phase: Ai(4)-GGS_Cover_diagnostic's Beginning of Combat Step
Phase: Ai(4)-GGS_Cover_diagnostic's Declare Attackers Step
Phase: Ai(4)-GGS_Cover_diagnostic's Declare Blockers Step
Phase: Ai(4)-GGS_Cover_diagnostic's First Strike Damage Step
Phase: Ai(4)-GGS_Cover_diagnostic's Combat Damage Step
Phase: Ai(4)-GGS_Cover_diagnostic's End of Combat Step
Phase: Ai(4)-GGS_Cover_diagnostic's Main phase, postcombat
Mana: Exotic Orchard (332) - {T}: Add one mana of any color that a land an opponent controls could produce.
Mana: Luxury Suite (378) - {T}: Add {B} or {R}.
Mana: Watery Grave (374) - {T}: Add {B}.
Add To Stack: Ai(4)-GGS_Cover_diagnostic cast Goro-Goro and Satoru
Resolve Stack: Goro-Goro and Satoru - Creature 3 / 4
Phase: Ai(4)-GGS_Cover_diagnostic's End step
Phase: Ai(4)-GGS_Cover_diagnostic's Cleanup step
Turn: Turn 10 (Ai(1)-Jaymie_Ezio)
Phase: Ai(1)-Jaymie_Ezio's Untap step
Phase: Ai(1)-Jaymie_Ezio's Upkeep step
Phase: Ai(1)-Jaymie_Ezio's Draw step
Phase: Ai(1)-Jaymie_Ezio's Main phase, precombat
Replacement Effect: Smoldering Marsh enters tapped unless you control two or more basic lands.
Land: Ai(1)-Jaymie_Ezio played Smoldering Marsh (71)
Mana: Command Tower (32) - {T}: Add one mana of any color in your commander's color identity.
Mana: Path of Ancestry (8) - {T}: Add one mana of any color in your commander's color identity. When that mana is spent to cast a creature spell that shares a creature type with your commander, scry 1. (Look at the top card of your library. You may put that card on the bottom.)
Add To Stack: Ai(1)-Jaymie_Ezio cast Rampant Growth
Resolve Stack: Rampant Growth (78) - Search your library for a basic land card, put that card onto the battlefield tapped, then shuffle.
Phase: Ai(1)-Jaymie_Ezio's Beginning of Combat Step
Phase: Ai(1)-Jaymie_Ezio's Declare Attackers Step
Combat: Ai(1)-Jaymie_Ezio assigned Changeling Outcast (14) to attack Ai(4)-GGS_Cover_diagnostic.
Phase: Ai(1)-Jaymie_Ezio's Declare Blockers Step
Combat: Ai(4)-GGS_Cover_diagnostic didn't block Changeling Outcast (14).
Phase: Ai(1)-Jaymie_Ezio's First Strike Damage Step
Phase: Ai(1)-Jaymie_Ezio's Combat Damage Step
Damage: Changeling Outcast (14) deals 1 combat damage to Ai(4)-GGS_Cover_diagnostic.
Life: Life: Ai(4)-GGS_Cover_diagnostic 38 > 37
Phase: Ai(1)-Jaymie_Ezio's End of Combat Step
Phase: Ai(1)-Jaymie_Ezio's Main phase, postcombat
Phase: Ai(1)-Jaymie_Ezio's End step
Phase: Ai(1)-Jaymie_Ezio's Cleanup step
Turn: Turn 11 (Ai(2)-Gabe_Food)
Phase: Ai(2)-Gabe_Food's Untap step
Phase: Ai(2)-Gabe_Food's Upkeep step
Mana: Prize Pig (130) - {T}: Add one mana of any color.
Add To Stack: Ai(2)-Gabe_Food cast Swords to Plowshares targeting [Goro-Goro and Satoru (403)]
Zone Change: Goro-Goro and Satoru (403) was put into Exile from Battlefield.
Life: Life: Ai(4)-GGS_Cover_diagnostic 37 > 40
Resolve Stack: Swords to Plowshares (185) - Exile Goro-Goro and Satoru (403). Ai(4)-GGS_Cover_diagnostic gains life equal to its power.
Phase: Ai(2)-Gabe_Food's Draw step
Phase: Ai(2)-Gabe_Food's Main phase, precombat
Land: Ai(2)-Gabe_Food played Command Tower (131)
Mana: Command Tower (131) - {T}: Add one mana of any color in your commander's color identity.
Mana: Forest (140) - {T}: Add {G}.
Mana: Swamp (163) - {T}: Add {B}.
Add To Stack: Ai(2)-Gabe_Food cast Sam, Loyal Attendant
Resolve Stack: Sam, Loyal Attendant - Creature 2 / 4
Add To Stack: Ai(2)-Gabe_Food triggered Sam, Loyal Attendant targeting [Ai(2)-Gabe_Food]
Resolve Stack: Partner with Frodo, Adventurous Hobbit (When this creature enters, target player may put Frodo into their hand from their library, then shuffle.) (Targeting: [[Ai(2)-Gabe_Food]]) [Zone Changer: Sam, Loyal Attendant (202)]
Phase: Ai(2)-Gabe_Food's Beginning of Combat Step
Add To Stack: Ai(2)-Gabe_Food triggered Sam, Loyal Attendant
Resolve Stack: At the beginning of combat on your turn, create a Food token. (It's an artifact with "{2}, {T}, Sacrifice this token: You gain 3 life.") [Phase: Ai(2)-Gabe_Food]
Phase: Ai(2)-Gabe_Food's Declare Attackers Step
Phase: Ai(2)-Gabe_Food's Declare Blockers Step
Phase: Ai(2)-Gabe_Food's First Strike Damage Step
Phase: Ai(2)-Gabe_Food's Combat Damage Step
Phase: Ai(2)-Gabe_Food's End of Combat Step
Phase: Ai(2)-Gabe_Food's Main phase, postcombat
Phase: Ai(2)-Gabe_Food's End step
Phase: Ai(2)-Gabe_Food's Cleanup step
Turn: Turn 12 (Ai(3)-Destyn_Turtles)
Phase: Ai(3)-Destyn_Turtles' Untap step
Phase: Ai(3)-Destyn_Turtles' Upkeep step
Phase: Ai(3)-Destyn_Turtles' Draw step
Phase: Ai(3)-Destyn_Turtles' Main phase, precombat
Replacement Effect: Cinder Glade enters tapped unless you control two or more basic lands.
Land: Ai(3)-Destyn_Turtles played Cinder Glade (218)
Phase: Ai(3)-Destyn_Turtles' Beginning of Combat Step
Phase: Ai(3)-Destyn_Turtles' Declare Attackers Step
Phase: Ai(3)-Destyn_Turtles' Declare Blockers Step
Phase: Ai(3)-Destyn_Turtles' First Strike Damage Step
Phase: Ai(3)-Destyn_Turtles' Combat Damage Step
Phase: Ai(3)-Destyn_Turtles' End of Combat Step
Phase: Ai(3)-Destyn_Turtles' Main phase, postcombat
Mana: Sodden Verdure (283) - {T}: Add {G}.
Mana: City of Brass (247) - {T}: Add one mana of any color.
Add To Stack: Ai(3)-Destyn_Turtles cast Everything Pizza
Add To Stack: Ai(3)-Destyn_Turtles triggered City of Brass
Damage: City of Brass (247) deals 1 non-combat damage to Ai(3)-Destyn_Turtles.
Life: Life: Ai(3)-Destyn_Turtles 39 > 38
Resolve Stack: Whenever City of Brass becomes tapped, it deals 1 damage to you. [Tapped: City of Brass (247)]
Resolve Stack: Everything Pizza
Add To Stack: Ai(3)-Destyn_Turtles triggered Everything Pizza
Resolve Stack: When this artifact enters, search your library for a basic land card, reveal it, put it into your hand, then shuffle. [Zone Changer: Everything Pizza (268)]
Phase: Ai(3)-Destyn_Turtles' End step
Phase: Ai(3)-Destyn_Turtles' Cleanup step
Turn: Turn 13 (Ai(4)-GGS_Cover_diagnostic)
Phase: Ai(4)-GGS_Cover_diagnostic's Untap step
Phase: Ai(4)-GGS_Cover_diagnostic's Upkeep step
Phase: Ai(4)-GGS_Cover_diagnostic's Draw step
Phase: Ai(4)-GGS_Cover_diagnostic's Main phase, precombat
Replacement Effect: As Fell Mire enters, you may pay 3 life. If you don't, it enters tapped.
Land: Ai(4)-GGS_Cover_diagnostic played Fell Mire (372)
Phase: Ai(4)-GGS_Cover_diagnostic's Beginning of Combat Step
Phase: Ai(4)-GGS_Cover_diagnostic's Declare Attackers Step
Phase: Ai(4)-GGS_Cover_diagnostic's Declare Blockers Step
Phase: Ai(4)-GGS_Cover_diagnostic's First Strike Damage Step
Phase: Ai(4)-GGS_Cover_diagnostic's Combat Damage Step
Phase: Ai(4)-GGS_Cover_diagnostic's End of Combat Step
Phase: Ai(4)-GGS_Cover_diagnostic's Main phase, postcombat
Mana: Exotic Orchard (332) - {T}: Add one mana of any color that a land an opponent controls could produce.
Mana: Luxury Suite (378) - {T}: Add {B} or {R}.
Mana: Watery Grave (374) - {T}: Add {B}.
Add To Stack: Ai(4)-GGS_Cover_diagnostic cast Satoru Umezawa
Resolve Stack: Satoru Umezawa - Creature 2 / 4
Phase: Ai(4)-GGS_Cover_diagnostic's End step
Phase: Ai(4)-GGS_Cover_diagnostic's Cleanup step
Turn: Turn 14 (Ai(1)-Jaymie_Ezio)
Phase: Ai(1)-Jaymie_Ezio's Untap step
Phase: Ai(1)-Jaymie_Ezio's Upkeep step
Phase: Ai(1)-Jaymie_Ezio's Draw step
Phase: Ai(1)-Jaymie_Ezio's Main phase, precombat
Mana: Command Tower (32) - {T}: Add one mana of any color in your commander's color identity.
Mana: Path of Ancestry (8) - {T}: Add one mana of any color in your commander's color identity. When that mana is spent to cast a creature spell that shares a creature type with your commander, scry 1. (Look at the top card of your library. You may put that card on the bottom.)
Mana: Plains (89) - {T}: Add {W}.
Mana: Smoldering Marsh (71) - {T}: Add {R}.
Add To Stack: Ai(1)-Jaymie_Ezio cast Coastal Piracy
Resolve Stack: Coastal Piracy
Phase: Ai(1)-Jaymie_Ezio's Beginning of Combat Step
Phase: Ai(1)-Jaymie_Ezio's Declare Attackers Step
Combat: Ai(1)-Jaymie_Ezio assigned Changeling Outcast (14) to attack Ai(2)-Gabe_Food.
Phase: Ai(1)-Jaymie_Ezio's Declare Blockers Step
Combat: Ai(2)-Gabe_Food didn't block Changeling Outcast (14).
Phase: Ai(1)-Jaymie_Ezio's First Strike Damage Step
Phase: Ai(1)-Jaymie_Ezio's Combat Damage Step
Damage: Changeling Outcast (14) deals 1 combat damage to Ai(2)-Gabe_Food.
Life: Life: Ai(2)-Gabe_Food 40 > 39
Add To Stack: Ai(1)-Jaymie_Ezio triggered Coastal Piracy
Resolve Stack: Whenever a creature you control deals combat damage to an opponent, you may draw a card. [Damage Source: Changeling Outcast (14), Damaged: Ai(2)-Gabe_Food, Amount: 1]
Phase: Ai(1)-Jaymie_Ezio's End of Combat Step
Phase: Ai(1)-Jaymie_Ezio's Main phase, postcombat
Replacement Effect: Thriving Grove enters tapped.
Replacement Effect: As Thriving Grove enters, choose a color other than green.
Land: Ai(1)-Jaymie_Ezio played Thriving Grove (27)
Phase: Ai(1)-Jaymie_Ezio's End step
Phase: Ai(1)-Jaymie_Ezio's Cleanup step
Turn: Turn 15 (Ai(2)-Gabe_Food)
Phase: Ai(2)-Gabe_Food's Untap step
Phase: Ai(2)-Gabe_Food's Upkeep step
Phase: Ai(2)-Gabe_Food's Draw step
Phase: Ai(2)-Gabe_Food's Main phase, precombat
Land: Ai(2)-Gabe_Food played Shire Terrace (172)
Mana: Forest (140) - {T}: Add {G}.
Mana: Swamp (163) - {T}: Add {B}.
Mana: Command Tower (131) - {T}: Add one mana of any color in your commander's color identity.
Mana: Shire Terrace (172) - {T}: Add {C}.
Add To Stack: Ai(2)-Gabe_Food cast Assemble the Entmoot
Resolve Stack: Assemble the Entmoot
Phase: Ai(2)-Gabe_Food's Beginning of Combat Step
Add To Stack: Ai(2)-Gabe_Food triggered Sam, Loyal Attendant
Resolve Stack: At the beginning of combat on your turn, create a Food token. (It's an artifact with "{2}, {T}, Sacrifice this token: You gain 3 life.") [Phase: Ai(2)-Gabe_Food]
Phase: Ai(2)-Gabe_Food's Declare Attackers Step
Combat: Ai(2)-Gabe_Food assigned Sam, Loyal Attendant (202) to attack Ai(1)-Jaymie_Ezio.
Phase: Ai(2)-Gabe_Food's Declare Blockers Step
Combat: Ai(1)-Jaymie_Ezio didn't block Sam, Loyal Attendant (202).
Phase: Ai(2)-Gabe_Food's First Strike Damage Step
Phase: Ai(2)-Gabe_Food's Combat Damage Step
Damage: Sam, Loyal Attendant (202) deals 2 combat damage to Ai(1)-Jaymie_Ezio.
Life: Life: Ai(1)-Jaymie_Ezio 40 > 38
Phase: Ai(2)-Gabe_Food's End of Combat Step
Phase: Ai(2)-Gabe_Food's Main phase, postcombat
Phase: Ai(2)-Gabe_Food's End step
Phase: Ai(2)-Gabe_Food's Cleanup step
Turn: Turn 16 (Ai(3)-Destyn_Turtles)
Phase: Ai(3)-Destyn_Turtles' Untap step
Phase: Ai(3)-Destyn_Turtles' Upkeep step
Phase: Ai(3)-Destyn_Turtles' Draw step
Phase: Ai(3)-Destyn_Turtles' Main phase, precombat
Land: Ai(3)-Destyn_Turtles played Plains (290)
Phase: Ai(3)-Destyn_Turtles' Beginning of Combat Step
Phase: Ai(3)-Destyn_Turtles' Declare Attackers Step
Zone Change: Assemble the Entmoot (102) was put into Graveyard from Battlefield.
Add To Stack: Ai(2)-Gabe_Food activated Assemble the Entmoot
Resolve Stack: Assemble the Entmoot (102) - Ai(2)-Gabe_Food creates three tapped X/X green Treefolk creature tokens, where X is the amount of life you gained this turn. Put a reach counter on each of them. Ai(2)-Gabe_Food puts a reach counter on . 
Zone Change: Treefolk Token (426) was put into Graveyard from Battlefield.
Zone Change: Treefolk Token (427) was put into Graveyard from Battlefield.
Zone Change: Treefolk Token (428) was put into Graveyard from Battlefield.
Phase: Ai(3)-Destyn_Turtles' Declare Blockers Step
Phase: Ai(3)-Destyn_Turtles' First Strike Damage Step
Phase: Ai(3)-Destyn_Turtles' Combat Damage Step
Phase: Ai(3)-Destyn_Turtles' End of Combat Step
Phase: Ai(3)-Destyn_Turtles' Main phase, postcombat
Mana: Cinder Glade (218) - {T}: Add {R}.
Mana: Plains (290) - {T}: Add {W}.
Mana: Sodden Verdure (283) - {T}: Add {G}.
Mana: City of Brass (247) - {T}: Add one mana of any color.
Add To Stack: Ai(3)-Destyn_Turtles cast Casey Jones, Back Alley Brute
Add To Stack: Ai(3)-Destyn_Turtles triggered City of Brass
Damage: City of Brass (247) deals 1 non-combat damage to Ai(3)-Destyn_Turtles.
Life: Life: Ai(3)-Destyn_Turtles 38 > 37
Resolve Stack: Whenever City of Brass becomes tapped, it deals 1 damage to you. [Tapped: City of Brass (247)]
Resolve Stack: Casey Jones, Back Alley Brute - Creature 4 / 2
Phase: Ai(3)-Destyn_Turtles' End step
Mana: Prize Pig (130) - {T}: Add one mana of any color.
Discard: Ai(2)-Gabe_Food discards Eagles of the North (179).
Add To Stack: Ai(2)-Gabe_Food activated Eagles of the North
Resolve Stack: Eagles of the North (179) - Ai(2)-Gabe_Food searches their library for a Plains card, reveals it, puts it into their hand, then shuffles.
Phase: Ai(3)-Destyn_Turtles' Cleanup step
Turn: Turn 17 (Ai(4)-GGS_Cover_diagnostic)
Phase: Ai(4)-GGS_Cover_diagnostic's Untap step
Phase: Ai(4)-GGS_Cover_diagnostic's Upkeep step
Phase: Ai(4)-GGS_Cover_diagnostic's Draw step
Phase: Ai(4)-GGS_Cover_diagnostic's Main phase, precombat
Phase: Ai(4)-GGS_Cover_diagnostic's Beginning of Combat Step
Phase: Ai(4)-GGS_Cover_diagnostic's Declare Attackers Step
Phase: Ai(4)-GGS_Cover_diagnostic's Declare Blockers Step
Phase: Ai(4)-GGS_Cover_diagnostic's First Strike Damage Step
Phase: Ai(4)-GGS_Cover_diagnostic's Combat Damage Step
Phase: Ai(4)-GGS_Cover_diagnostic's End of Combat Step
Phase: Ai(4)-GGS_Cover_diagnostic's Main phase, postcombat
Mana: Exotic Orchard (332) - {T}: Add one mana of any color that a land an opponent controls could produce.
Mana: Fell Mire (372) - {T}: Add {B}.
Add To Stack: Ai(4)-GGS_Cover_diagnostic cast Moon-Circuit Hacker
Resolve Stack: Moon-Circuit Hacker - Creature 2 / 1
Mana: Luxury Suite (378) - {T}: Add {B} or {R}.
Mana: Watery Grave (374) - {T}: Add {B}.
Add To Stack: Ai(4)-GGS_Cover_diagnostic cast Talisman of Indulgence
Resolve Stack: Talisman of Indulgence
Phase: Ai(4)-GGS_Cover_diagnostic's End step
Phase: Ai(4)-GGS_Cover_diagnostic's Cleanup step
Turn: Turn 18 (Ai(1)-Jaymie_Ezio)
Phase: Ai(1)-Jaymie_Ezio's Untap step
Phase: Ai(1)-Jaymie_Ezio's Upkeep step
Phase: Ai(1)-Jaymie_Ezio's Draw step
Phase: Ai(1)-Jaymie_Ezio's Main phase, precombat
Mana: Plains (89) - {T}: Add {W}.
Mana: Thriving Grove (27) - {T}: Add {G} or one mana of the chosen color.
Mana: Smoldering Marsh (71) - {T}: Add {R}.
Add To Stack: Ai(1)-Jaymie_Ezio cast 
Resolve Stack: Disguise - Creature 2/2
Mana: Command Tower (32) - {T}: Add one mana of any color in your commander's color identity.
Mana: Path of Ancestry (8) - {T}: Add one mana of any color in your commander's color identity. When that mana is spent to cast a creature spell that shares a creature type with your commander, scry 1. (Look at the top card of your library. You may put that card on the bottom.)
Resolve Stack: Ai(1)-Jaymie_Ezio has undisguised Arno Dorian
Phase: Ai(1)-Jaymie_Ezio's Beginning of Combat Step
Phase: Ai(1)-Jaymie_Ezio's Declare Attackers Step
Combat: Ai(1)-Jaymie_Ezio assigned Changeling Outcast (14) and Assassin Initiate (51) to attack Ai(3)-Destyn_Turtles.
Phase: Ai(1)-Jaymie_Ezio's Declare Blockers Step
Combat: Ai(3)-Destyn_Turtles didn't block Changeling Outcast (14).
Ai(3)-Destyn_Turtles didn't block Assassin Initiate (51).
Phase: Ai(1)-Jaymie_Ezio's First Strike Damage Step
Phase: Ai(1)-Jaymie_Ezio's Combat Damage Step
Damage: Changeling Outcast (14) deals 3 combat damage to Ai(3)-Destyn_Turtles.
Damage: Assassin Initiate (51) deals 3 combat damage to Ai(3)-Destyn_Turtles.
Life: Life: Ai(3)-Destyn_Turtles 37 > 31
Add To Stack: Ai(1)-Jaymie_Ezio triggered Coastal Piracy
Add To Stack: Ai(1)-Jaymie_Ezio triggered Coastal Piracy
Resolve Stack: Whenever a creature you control deals combat damage to an opponent, you may draw a card. [Damage Source: Assassin Initiate (51), Damaged: Ai(3)-Destyn_Turtles, Amount: 3]
Resolve Stack: Whenever a creature you control deals combat damage to an opponent, you may draw a card. [Damage Source: Changeling Outcast (14), Damaged: Ai(3)-Destyn_Turtles, Amount: 3]
Phase: Ai(1)-Jaymie_Ezio's End of Combat Step
Phase: Ai(1)-Jaymie_Ezio's Main phase, postcombat
Land: Ai(1)-Jaymie_Ezio played Abstergo Entertainment (20)
Phase: Ai(1)-Jaymie_Ezio's End step
Phase: Ai(1)-Jaymie_Ezio's Cleanup step
Turn: Turn 19 (Ai(2)-Gabe_Food)
Phase: Ai(2)-Gabe_Food's Untap step
Phase: Ai(2)-Gabe_Food's Upkeep step
Mana: Forest (140) - {T}: Add {G}.
Zone Change: Shire Terrace (172) was put into Graveyard from Battlefield.
Add To Stack: Ai(2)-Gabe_Food activated Shire Terrace
Resolve Stack: Shire Terrace (172) - Ai(2)-Gabe_Food searches their library for a basic land card, puts it onto the battlefield tapped, then shuffles.
Phase: Ai(2)-Gabe_Food's Draw step
Mana: Swamp (163) - {T}: Add {B}.
Mana: Command Tower (131) - {T}: Add one mana of any color in your commander's color identity.
Add To Stack: Ai(2)-Gabe_Food cast Go for the Throat targeting [Arno Dorian (24)]
Zone Change: Arno Dorian (24) was put into Graveyard from Battlefield.
Resolve Stack: Go for the Throat (103) - Destroy Arno Dorian (24).
Phase: Ai(2)-Gabe_Food's Main phase, precombat
Replacement Effect: Canopy Vista enters tapped unless you control two or more basic lands.
Land: Ai(2)-Gabe_Food played Canopy Vista (171)
Phase: Ai(2)-Gabe_Food's Beginning of Combat Step
Add To Stack: Ai(2)-Gabe_Food triggered Sam, Loyal Attendant
Resolve Stack: At the beginning of combat on your turn, create a Food token. (It's an artifact with "{2}, {T}, Sacrifice this token: You gain 3 life.") [Phase: Ai(2)-Gabe_Food]
Phase: Ai(2)-Gabe_Food's Declare Attackers Step
Phase: Ai(2)-Gabe_Food's Declare Blockers Step
Phase: Ai(2)-Gabe_Food's First Strike Damage Step
Phase: Ai(2)-Gabe_Food's Combat Damage Step
Phase: Ai(2)-Gabe_Food's End of Combat Step
Phase: Ai(2)-Gabe_Food's Main phase, postcombat
Mana: Prize Pig (130) - {T}: Add one mana of any color.
Mana: Canopy Vista (171) - {T}: Add {W}.
Add To Stack: Ai(2)-Gabe_Food cast Frodo, Adventurous Hobbit
Resolve Stack: Frodo, Adventurous Hobbit - Creature 1 / 3
Add To Stack: Ai(2)-Gabe_Food triggered Frodo, Adventurous Hobbit targeting [Ai(2)-Gabe_Food]
Resolve Stack: Partner with Sam, Loyal Attendant (When this creature enters, target player may put Sam into their hand from their library, then shuffle.) (Targeting: [[Ai(2)-Gabe_Food]]) [Zone Changer: Frodo, Adventurous Hobbit (200)]
Phase: Ai(2)-Gabe_Food's End step
Phase: Ai(2)-Gabe_Food's Cleanup step
Turn: Turn 20 (Ai(3)-Destyn_Turtles)
Phase: Ai(3)-Destyn_Turtles' Untap step
Phase: Ai(3)-Destyn_Turtles' Upkeep step
Phase: Ai(3)-Destyn_Turtles' Draw step
Phase: Ai(3)-Destyn_Turtles' Main phase, precombat
Replacement Effect: Spire Garden enters tapped unless you have two or more opponents.
Land: Ai(3)-Destyn_Turtles played Spire Garden (291)
Mana: Spire Garden (291) - {T}: Add {R} or {G}.
Mana: Sodden Verdure (283) - {T}: Add {G}.
Mana: Plains (290) - {T}: Add {W}.
Mana: Cinder Glade (218) - {T}: Add {G}.
Mana: City of Brass (247) - {T}: Add one mana of any color.
Add To Stack: Ai(3)-Destyn_Turtles cast Acidic Slime
Add To Stack: Ai(3)-Destyn_Turtles triggered City of Brass
Damage: City of Brass (247) deals 1 non-combat damage to Ai(3)-Destyn_Turtles.
Life: Life: Ai(3)-Destyn_Turtles 31 > 30
Resolve Stack: Whenever City of Brass becomes tapped, it deals 1 damage to you. [Tapped: City of Brass (247)]
Resolve Stack: Acidic Slime - Creature 2 / 2
Add To Stack: Ai(3)-Destyn_Turtles triggered Acidic Slime targeting [Coastal Piracy (1)]
Zone Change: Coastal Piracy (1) was put into Graveyard from Battlefield.
Resolve Stack: When Acidic Slime enters, destroy target artifact, enchantment, or land. (Targeting: [[Coastal Piracy (1)]]) [Zone Changer: Acidic Slime (264)]
Phase: Ai(3)-Destyn_Turtles' Beginning of Combat Step
Phase: Ai(3)-Destyn_Turtles' Declare Attackers Step
Combat: Ai(3)-Destyn_Turtles assigned Casey Jones, Back Alley Brute (208) to attack Ai(2)-Gabe_Food.
Add To Stack: Ai(3)-Destyn_Turtles triggered Casey Jones, Back Alley Brute targeting [Casey Jones, Back Alley Brute (208)]
Resolve Stack: Whenever Casey Jones attacks, put a +1/+1 counter on target attacking creature. (Targeting: [[Casey Jones, Back Alley Brute (208)]]) [Attacker: Casey Jones, Back Alley Brute (208)]
Add To Stack: Ai(3)-Destyn_Turtles triggered Casey Jones, Back Alley Brute targeting [Ai(1)-Jaymie_Ezio]
Damage: Casey Jones, Back Alley Brute (208) deals 1 non-combat damage to Ai(1)-Jaymie_Ezio.
Life: Life: Ai(1)-Jaymie_Ezio 38 > 37
Resolve Stack: Whenever you put one or more +1/+1 counters on a creature you control, Casey Jones deals that much damage to target opponent. (Targeting: [[Ai(1)-Jaymie_Ezio]]) [Added once: Casey Jones, Back Alley Brute (208) Amount: 1]
Phase: Ai(3)-Destyn_Turtles' Declare Blockers Step
Combat: Ai(2)-Gabe_Food didn't block Casey Jones, Back Alley Brute (208).
Phase: Ai(3)-Destyn_Turtles' First Strike Damage Step
Phase: Ai(3)-Destyn_Turtles' Combat Damage Step
Damage: Casey Jones, Back Alley Brute (208) deals 5 combat damage to Ai(2)-Gabe_Food.
Life: Life: Ai(2)-Gabe_Food 39 > 34
Phase: Ai(3)-Destyn_Turtles' End of Combat Step
Phase: Ai(3)-Destyn_Turtles' Main phase, postcombat
Add To Stack: Ai(3)-Destyn_Turtles triggered Michelangelo, the Heart targeting [Casey Jones, Back Alley Brute (208)]
Resolve Stack: Raid (the Fridge) — At the beginning of your second main phase, if you attacked this turn, put a +1/+1 counter on target creature and create a Food token. (Targeting: [[Casey Jones, Back Alley Brute (208)]]) [Phase: Ai(3)-Destyn_Turtles]
Add To Stack: Ai(3)-Destyn_Turtles triggered Casey Jones, Back Alley Brute targeting [Ai(2)-Gabe_Food]
Damage: Casey Jones, Back Alley Brute (208) deals 1 non-combat damage to Ai(2)-Gabe_Food.
Life: Life: Ai(2)-Gabe_Food 34 > 33
Resolve Stack: Whenever you put one or more +1/+1 counters on a creature you control, Casey Jones deals that much damage to target opponent. (Targeting: [[Ai(2)-Gabe_Food]]) [Added once: Casey Jones, Back Alley Brute (208) Amount: 1]
Phase: Ai(3)-Destyn_Turtles' End step
Phase: Ai(3)-Destyn_Turtles' Cleanup step
Turn: Turn 21 (Ai(4)-GGS_Cover_diagnostic)
Phase: Ai(4)-GGS_Cover_diagnostic's Untap step
Phase: Ai(4)-GGS_Cover_diagnostic's Upkeep step
Phase: Ai(4)-GGS_Cover_diagnostic's Draw step
Mana: Exotic Orchard (332) - {T}: Add one mana of any color that a land an opponent controls could produce.
Mana: Fell Mire (372) - {T}: Add {B}.
Mana: Luxury Suite (378) - {T}: Add {B} or {R}.
Mana: Watery Grave (374) - {T}: Add {B}.
Add To Stack: Ai(4)-GGS_Cover_diagnostic cast Deadly Rollick targeting [Casey Jones, Back Alley Brute (208)]
Zone Change: Casey Jones, Back Alley Brute (208) was put into Exile from Battlefield.
Resolve Stack: Deadly Rollick (363) - Exile Casey Jones, Back Alley Brute (208).
Phase: Ai(4)-GGS_Cover_diagnostic's Main phase, precombat
Phase: Ai(4)-GGS_Cover_diagnostic's Beginning of Combat Step
Phase: Ai(4)-GGS_Cover_diagnostic's Declare Attackers Step
Phase: Ai(4)-GGS_Cover_diagnostic's Declare Blockers Step
Phase: Ai(4)-GGS_Cover_diagnostic's First Strike Damage Step
Phase: Ai(4)-GGS_Cover_diagnostic's Combat Damage Step
Phase: Ai(4)-GGS_Cover_diagnostic's End of Combat Step
Phase: Ai(4)-GGS_Cover_diagnostic's Main phase, postcombat
Phase: Ai(4)-GGS_Cover_diagnostic's End step
Phase: Ai(4)-GGS_Cover_diagnostic's Cleanup step
Turn: Turn 22 (Ai(1)-Jaymie_Ezio)
Phase: Ai(1)-Jaymie_Ezio's Untap step
Phase: Ai(1)-Jaymie_Ezio's Upkeep step
Phase: Ai(1)-Jaymie_Ezio's Draw step
Phase: Ai(1)-Jaymie_Ezio's Main phase, precombat
Phase: Ai(1)-Jaymie_Ezio's Beginning of Combat Step
Phase: Ai(1)-Jaymie_Ezio's Declare Attackers Step
Combat: Ai(1)-Jaymie_Ezio assigned Changeling Outcast (14) to attack Ai(2)-Gabe_Food.
Phase: Ai(1)-Jaymie_Ezio's Declare Blockers Step
Combat: Ai(2)-Gabe_Food didn't block Changeling Outcast (14).
Phase: Ai(1)-Jaymie_Ezio's First Strike Damage Step
Phase: Ai(1)-Jaymie_Ezio's Combat Damage Step
Damage: Changeling Outcast (14) deals 1 combat damage to Ai(2)-Gabe_Food.
Life: Life: Ai(2)-Gabe_Food 33 > 32
Phase: Ai(1)-Jaymie_Ezio's End of Combat Step
Phase: Ai(1)-Jaymie_Ezio's Main phase, postcombat
Mana: Command Tower (32) - {T}: Add one mana of any color in your commander's color identity.
Mana: Smoldering Marsh (71) - {T}: Add {R}.
Mana: Thriving Grove (27) - {T}: Add {G} or one mana of the chosen color.
Mana: Plains (89) - {T}: Add {W}.
Mana: Path of Ancestry (8) - {T}: Add one mana of any color in your commander's color identity. When that mana is spent to cast a creature spell that shares a creature type with your commander, scry 1. (Look at the top card of your library. You may put that card on the bottom.)
Add To Stack: Ai(1)-Jaymie_Ezio cast Edward Kenway
Add To Stack: Ai(1)-Jaymie_Ezio triggered Path of Ancestry
Resolve Stack: Ai(1)-Jaymie_Ezio scried 1 card(s) to the top of the library
Resolve Stack: When mana produced by Path of Ancestry is spent to cast a creature spell that shares a creature type with your commander, scry 1. ([Edward Kenway - Creature 5 / 5]) [Card: Edward Kenway (5), Activator: Ai(1)-Jaymie_Ezio, SpellAbility: Edward Kenway - Creature 5 / 5]
Resolve Stack: Edward Kenway - Creature 5 / 5
Phase: Ai(1)-Jaymie_Ezio's End step
Add To Stack: Ai(1)-Jaymie_Ezio triggered Edward Kenway
Resolve Stack: At the beginning of your end step, create a Treasure token for each tapped Assassin, Pirate, and/or Vehicle you control. [Phase: Ai(1)-Jaymie_Ezio]
Phase: Ai(1)-Jaymie_Ezio's Cleanup step
Turn: Turn 23 (Ai(2)-Gabe_Food)
Phase: Ai(2)-Gabe_Food's Untap step
Phase: Ai(2)-Gabe_Food's Upkeep step
Phase: Ai(2)-Gabe_Food's Draw step
Phase: Ai(2)-Gabe_Food's Main phase, precombat
Mana: Forest (140) - {T}: Add {G}.
Mana: Swamp (163) - {T}: Add {B}.
Add To Stack: Ai(2)-Gabe_Food cast Farseek
Resolve Stack: Farseek (128) - Ai(2)-Gabe_Food searches their library for a Plains, Island, Swamp or Mountain card, puts it onto the battlefield tapped, then shuffles.
Phase: Ai(2)-Gabe_Food's Beginning of Combat Step
Add To Stack: Ai(2)-Gabe_Food triggered Sam, Loyal Attendant
Resolve Stack: At the beginning of combat on your turn, create a Food token. (It's an artifact with "{2}, {T}, Sacrifice this token: You gain 3 life.") [Phase: Ai(2)-Gabe_Food]
Phase: Ai(2)-Gabe_Food's Declare Attackers Step
Phase: Ai(2)-Gabe_Food's Declare Blockers Step
Phase: Ai(2)-Gabe_Food's First Strike Damage Step
Phase: Ai(2)-Gabe_Food's Combat Damage Step
Phase: Ai(2)-Gabe_Food's End of Combat Step
Phase: Ai(2)-Gabe_Food's Main phase, postcombat
Mana: Plains (187) - {T}: Add {W}.
Mana: Canopy Vista (171) - {T}: Add {G}.
Mana: Command Tower (131) - {T}: Add one mana of any color in your commander's color identity.
Mana: Prize Pig (130) - {T}: Add one mana of any color.
Add To Stack: Ai(2)-Gabe_Food cast Well of Lost Dreams
Resolve Stack: Well of Lost Dreams
Phase: Ai(2)-Gabe_Food's End step
Phase: Ai(2)-Gabe_Food's Cleanup step
Turn: Turn 24 (Ai(3)-Destyn_Turtles)
Phase: Ai(3)-Destyn_Turtles' Untap step
Phase: Ai(3)-Destyn_Turtles' Upkeep step
Phase: Ai(3)-Destyn_Turtles' Draw step
Phase: Ai(3)-Destyn_Turtles' Main phase, precombat
Replacement Effect: Sunken Hollow enters tapped unless you control two or more basic lands.
Land: Ai(3)-Destyn_Turtles played Sunken Hollow (226)
Phase: Ai(3)-Destyn_Turtles' Beginning of Combat Step
Phase: Ai(3)-Destyn_Turtles' Declare Attackers Step
Phase: Ai(3)-Destyn_Turtles' Declare Blockers Step
Phase: Ai(3)-Destyn_Turtles' First Strike Damage Step
Phase: Ai(3)-Destyn_Turtles' Combat Damage Step
Phase: Ai(3)-Destyn_Turtles' End of Combat Step
Phase: Ai(3)-Destyn_Turtles' Main phase, postcombat
Mana: Plains (290) - {T}: Add {W}.
Mana: Spire Garden (291) - {T}: Add {R} or {G}.
Mana: Cinder Glade (218) - {T}: Add {G}.
Mana: Sodden Verdure (283) - {T}: Add {G}.
Add To Stack: Ai(3)-Destyn_Turtles cast Leonardo, the Balance
Resolve Stack: Leonardo, the Balance - Creature 3 / 3
Phase: Ai(3)-Destyn_Turtles' End step
Phase: Ai(3)-Destyn_Turtles' Cleanup step
Turn: Turn 25 (Ai(4)-GGS_Cover_diagnostic)
Phase: Ai(4)-GGS_Cover_diagnostic's Untap step
Phase: Ai(4)-GGS_Cover_diagnostic's Upkeep step
Phase: Ai(4)-GGS_Cover_diagnostic's Draw step
Phase: Ai(4)-GGS_Cover_diagnostic's Main phase, precombat
Mana: Exotic Orchard (332) - {T}: Add one mana of any color that a land an opponent controls could produce.
Mana: Fell Mire (372) - {T}: Add {B}.
Mana: Luxury Suite (378) - {T}: Add {B} or {R}.
Mana: Watery Grave (374) - {T}: Add {B}.
Add To Stack: Ai(4)-GGS_Cover_diagnostic cast Purphoros, God of the Forge
Resolve Stack: Purphoros, God of the Forge - Creature 6 / 5
Phase: Ai(4)-GGS_Cover_diagnostic's Beginning of Combat Step
Phase: Ai(4)-GGS_Cover_diagnostic's Declare Attackers Step
Phase: Ai(4)-GGS_Cover_diagnostic's Declare Blockers Step
Phase: Ai(4)-GGS_Cover_diagnostic's First Strike Damage Step
Phase: Ai(4)-GGS_Cover_diagnostic's Combat Damage Step
Phase: Ai(4)-GGS_Cover_diagnostic's End of Combat Step
Phase: Ai(4)-GGS_Cover_diagnostic's Main phase, postcombat
Phase: Ai(4)-GGS_Cover_diagnostic's End step
Phase: Ai(4)-GGS_Cover_diagnostic's Cleanup step
Turn: Turn 26 (Ai(1)-Jaymie_Ezio)
Phase: Ai(1)-Jaymie_Ezio's Untap step
Phase: Ai(1)-Jaymie_Ezio's Upkeep step
Phase: Ai(1)-Jaymie_Ezio's Draw step
Phase: Ai(1)-Jaymie_Ezio's Main phase, precombat
Phase: Ai(1)-Jaymie_Ezio's Beginning of Combat Step
Phase: Ai(1)-Jaymie_Ezio's Declare Attackers Step
Combat: Ai(1)-Jaymie_Ezio assigned Changeling Outcast (14) to attack Ai(3)-Destyn_Turtles.
Phase: Ai(1)-Jaymie_Ezio's Declare Blockers Step
Combat: Ai(3)-Destyn_Turtles didn't block Changeling Outcast (14).
Phase: Ai(1)-Jaymie_Ezio's First Strike Damage Step
Phase: Ai(1)-Jaymie_Ezio's Combat Damage Step
Damage: Changeling Outcast (14) deals 1 combat damage to Ai(3)-Destyn_Turtles.
Life: Life: Ai(3)-Destyn_Turtles 30 > 29
Phase: Ai(1)-Jaymie_Ezio's End of Combat Step
Phase: Ai(1)-Jaymie_Ezio's Main phase, postcombat
Replacement Effect: Tranquil Cove enters tapped.
Land: Ai(1)-Jaymie_Ezio played Tranquil Cove (77)
Add To Stack: Ai(1)-Jaymie_Ezio triggered Tranquil Cove
Life: Life: Ai(1)-Jaymie_Ezio 37 > 38
Resolve Stack: When Tranquil Cove enters, you gain 1 life. [Zone Changer: Tranquil Cove (77)]
Mana: Thriving Grove (27) - {T}: Add {G} or one mana of the chosen color.
Mana: Smoldering Marsh (71) - {T}: Add {B}.
Mana: Command Tower (32) - {T}: Add one mana of any color in your commander's color identity.
Mana: Plains (89) - {T}: Add {W}.
Mana: Path of Ancestry (8) - {T}: Add one mana of any color in your commander's color identity. When that mana is spent to cast a creature spell that shares a creature type with your commander, scry 1. (Look at the top card of your library. You may put that card on the bottom.)
Mana: Abstergo Entertainment (20) - {T}: Add {C}.
Add To Stack: Ai(1)-Jaymie_Ezio cast Sorin Markov
Replacement Effect: Sorin Markov enters with four loyalty counters on it.
Resolve Stack: Sorin Markov
Add To Stack: Ai(1)-Jaymie_Ezio activated Sorin Markov targeting [Ai(4)-GGS_Cover_diagnostic]
Life: Life: Ai(4)-GGS_Cover_diagnostic 40 > 10
Resolve Stack: Sorin Markov (29) - Ai(4)-GGS_Cover_diagnostic life total becomes 10.
Phase: Ai(1)-Jaymie_Ezio's End step
Add To Stack: Ai(1)-Jaymie_Ezio triggered Edward Kenway
Resolve Stack: At the beginning of your end step, create a Treasure token for each tapped Assassin, Pirate, and/or Vehicle you control. [Phase: Ai(1)-Jaymie_Ezio]
Phase: Ai(1)-Jaymie_Ezio's Cleanup step
Turn: Turn 27 (Ai(2)-Gabe_Food)
Phase: Ai(2)-Gabe_Food's Untap step
Phase: Ai(2)-Gabe_Food's Upkeep step
Phase: Ai(2)-Gabe_Food's Draw step
Phase: Ai(2)-Gabe_Food's Main phase, precombat
Phase: Ai(2)-Gabe_Food's Beginning of Combat Step
Add To Stack: Ai(2)-Gabe_Food triggered Sam, Loyal Attendant
Resolve Stack: At the beginning of combat on your turn, create a Food token. (It's an artifact with "{2}, {T}, Sacrifice this token: You gain 3 life.") [Phase: Ai(2)-Gabe_Food]
Phase: Ai(2)-Gabe_Food's Declare Attackers Step
Phase: Ai(2)-Gabe_Food's Declare Blockers Step
Phase: Ai(2)-Gabe_Food's First Strike Damage Step
Phase: Ai(2)-Gabe_Food's Combat Damage Step
Phase: Ai(2)-Gabe_Food's End of Combat Step
Phase: Ai(2)-Gabe_Food's Main phase, postcombat
Mana: Plains (187) - {T}: Add {W}.
Mana: Canopy Vista (171) - {T}: Add {W}.
Mana: Forest (140) - {T}: Add {G}.
Mana: Swamp (163) - {T}: Add {B}.
Mana: Swamp (164) - {T}: Add {B}.
Add To Stack: Ai(2)-Gabe_Food cast Call for Unity
Resolve Stack: Call for Unity
Mana: Command Tower (131) - {T}: Add one mana of any color in your commander's color identity.
Mana: Prize Pig (130) - {T}: Add one mana of any color.
Add To Stack: Ai(2)-Gabe_Food cast Night's Whisper
Life: Life: Ai(2)-Gabe_Food 32 > 30
Resolve Stack: Night's Whisper (151) - Ai(2)-Gabe_Food draws two cards. Ai(2)-Gabe_Food loses 2 life.
Land: Ai(2)-Gabe_Food played Ghost Quarter (114)
Zone Change: Ghost Quarter (114) was put into Graveyard from Battlefield.
Add To Stack: Ai(2)-Gabe_Food activated Ghost Quarter targeting [Abstergo Entertainment (20)]
Zone Change: Abstergo Entertainment (20) was put into Graveyard from Battlefield.
Resolve Stack: Ghost Quarter (114) - Destroy Abstergo Entertainment (20). (OPTIONAL) Ai(2)-Gabe_Food searches Ai(1)-Jaymie_Ezio library for a basic land card, puts it onto the battlefield, then shuffles.
Phase: Ai(2)-Gabe_Food's End step
Add To Stack: Ai(2)-Gabe_Food triggered Call for Unity
Resolve Stack: Revolt — At the beginning of your end step, if a permanent you controlled left the battlefield this turn, put a unity counter on Call for Unity. [Phase: Ai(2)-Gabe_Food]
Phase: Ai(2)-Gabe_Food's Cleanup step
Turn: Turn 28 (Ai(3)-Destyn_Turtles)
Phase: Ai(3)-Destyn_Turtles' Untap step
Phase: Ai(3)-Destyn_Turtles' Upkeep step
Phase: Ai(3)-Destyn_Turtles' Draw step
Phase: Ai(3)-Destyn_Turtles' Main phase, precombat
Replacement Effect: Undergrowth Stadium enters tapped unless you have two or more opponents.
Land: Ai(3)-Destyn_Turtles played Undergrowth Stadium (285)
Phase: Ai(3)-Destyn_Turtles' Beginning of Combat Step
Phase: Ai(3)-Destyn_Turtles' Declare Attackers Step
Phase: Ai(3)-Destyn_Turtles' Declare Blockers Step
Phase: Ai(3)-Destyn_Turtles' First Strike Damage Step
Phase: Ai(3)-Destyn_Turtles' Combat Damage Step
Phase: Ai(3)-Destyn_Turtles' End of Combat Step
Phase: Ai(3)-Destyn_Turtles' Main phase, postcombat
Mana: Sodden Verdure (283) - {T}: Add {U}.
Mana: Plains (290) - {T}: Add {W}.
Mana: Spire Garden (291) - {T}: Add {R} or {G}.
Add To Stack: Ai(3)-Destyn_Turtles cast Donatello, the Brains
Resolve Stack: Donatello, the Brains - Creature 2 / 4
Mana: Sunken Hollow (226) - {T}: Add {U}.
Mana: Undergrowth Stadium (285) - {T}: Add {B} or {G}.
Mana: Cinder Glade (218) - {T}: Add {G}.
Add To Stack: Ai(3)-Destyn_Turtles cast Ray Fillet, Wave Warrior
Resolve Stack: Ray Fillet, Wave Warrior - Creature 0 / 2
Phase: Ai(3)-Destyn_Turtles' End step
Phase: Ai(3)-Destyn_Turtles' Cleanup step
Turn: Turn 29 (Ai(4)-GGS_Cover_diagnostic)
Phase: Ai(4)-GGS_Cover_diagnostic's Untap step
Phase: Ai(4)-GGS_Cover_diagnostic's Upkeep step
Phase: Ai(4)-GGS_Cover_diagnostic's Draw step
Phase: Ai(4)-GGS_Cover_diagnostic's Main phase, precombat
Land: Ai(4)-GGS_Cover_diagnostic played Mountain (397)
Mana: Exotic Orchard (332) - {T}: Add one mana of any color that a land an opponent controls could produce.
Mana: Mountain (397) - {T}: Add {R}.
Mana: Fell Mire (372) - {T}: Add {B}.
Mana: Luxury Suite (378) - {T}: Add {B} or {R}.
Mana: Watery Grave (374) - {T}: Add {B}.
Add To Stack: Ai(4)-GGS_Cover_diagnostic cast Goro-Goro and Satoru
Resolve Stack: Goro-Goro and Satoru - Creature 3 / 4
Add To Stack: Ai(4)-GGS_Cover_diagnostic triggered Purphoros, God of the Forge
Damage: Purphoros, God of the Forge (366) deals 2 non-combat damage to Ai(1)-Jaymie_Ezio.
Damage: Purphoros, God of the Forge (366) deals 2 non-combat damage to Ai(2)-Gabe_Food.
Damage: Purphoros, God of the Forge (366) deals 2 non-combat damage to Ai(3)-Destyn_Turtles.
Life: Life: Ai(1)-Jaymie_Ezio 38 > 36
Life: Life: Ai(2)-Gabe_Food 30 > 28
Life: Life: Ai(3)-Destyn_Turtles 29 > 27
Resolve Stack: Whenever another creature you control enters, Purphoros, God of the Forge deals 2 damage to each opponent. [Zone Changer: Goro-Goro and Satoru (403)]
Phase: Ai(4)-GGS_Cover_diagnostic's Beginning of Combat Step
Phase: Ai(4)-GGS_Cover_diagnostic's Declare Attackers Step
Phase: Ai(4)-GGS_Cover_diagnostic's Declare Blockers Step
Phase: Ai(4)-GGS_Cover_diagnostic's First Strike Damage Step
Phase: Ai(4)-GGS_Cover_diagnostic's Combat Damage Step
Phase: Ai(4)-GGS_Cover_diagnostic's End of Combat Step
Phase: Ai(4)-GGS_Cover_diagnostic's Main phase, postcombat
Phase: Ai(4)-GGS_Cover_diagnostic's End step
Phase: Ai(4)-GGS_Cover_diagnostic's Cleanup step
Turn: Turn 30 (Ai(1)-Jaymie_Ezio)
Phase: Ai(1)-Jaymie_Ezio's Untap step
Phase: Ai(1)-Jaymie_Ezio's Upkeep step
Phase: Ai(1)-Jaymie_Ezio's Draw step
Phase: Ai(1)-Jaymie_Ezio's Main phase, precombat
Add To Stack: Ai(1)-Jaymie_Ezio activated Sorin Markov targeting [Moon-Circuit Hacker (392)]
Damage: Sorin Markov (29) deals 2 damage to Moon-Circuit Hacker (392).
Life: Life: Ai(1)-Jaymie_Ezio 36 > 38
Resolve Stack: Sorin Markov (29) - Sorin Markov (29) deals 2 damage to Moon-Circuit Hacker (392). Ai(1)-Jaymie_Ezio gains 2 life.
Zone Change: Moon-Circuit Hacker (392) was put into Graveyard from Battlefield.
Phase: Ai(1)-Jaymie_Ezio's Beginning of Combat Step
Phase: Ai(1)-Jaymie_Ezio's Declare Attackers Step
Combat: Ai(1)-Jaymie_Ezio assigned Changeling Outcast (14) and Edward Kenway (5) to attack Ai(2)-Gabe_Food.
Phase: Ai(1)-Jaymie_Ezio's Declare Blockers Step
Combat: Ai(2)-Gabe_Food didn't block Changeling Outcast (14).
Ai(2)-Gabe_Food didn't block Edward Kenway (5).
Phase: Ai(1)-Jaymie_Ezio's First Strike Damage Step
Phase: Ai(1)-Jaymie_Ezio's Combat Damage Step
Damage: Changeling Outcast (14) deals 1 combat damage to Ai(2)-Gabe_Food.
Damage: Edward Kenway (5) deals 5 combat damage to Ai(2)-Gabe_Food.
Life: Life: Ai(2)-Gabe_Food 28 > 22
Phase: Ai(1)-Jaymie_Ezio's End of Combat Step
Phase: Ai(1)-Jaymie_Ezio's Main phase, postcombat
Mana: Smoldering Marsh (71) - {T}: Add {R}.
Mana: Thriving Grove (27) - {T}: Add {G} or one mana of the chosen color.
Mana: Island (33) - {T}: Add {U}.
Mana: Plains (89) - {T}: Add {W}.
Mana: Tranquil Cove (77) - {T}: Add {W} or {U}.
Add To Stack: Ai(1)-Jaymie_Ezio cast The Lord of Pain
Resolve Stack: The Lord of Pain - Creature 5 / 5
Mana: Command Tower (32) - {T}: Add one mana of any color in your commander's color identity.
Mana: Path of Ancestry (8) - {T}: Add one mana of any color in your commander's color identity. When that mana is spent to cast a creature spell that shares a creature type with your commander, scry 1. (Look at the top card of your library. You may put that card on the bottom.)
Zone Change: Treasure Token (442) was put into Graveyard from Battlefield.
Mana: Treasure Token (442) - {T}, Sacrifice this token: Add one mana of any color.
Zone Change: Treasure Token (436) was put into Graveyard from Battlefield.
Mana: Treasure Token (436) - {T}, Sacrifice this token: Add one mana of any color.
Add To Stack: Ai(1)-Jaymie_Ezio cast Ramses, Assassin Lord
Add To Stack: Ai(1)-Jaymie_Ezio triggered Path of Ancestry
Resolve Stack: Ai(1)-Jaymie_Ezio scried 1 card(s) to the top of the library
Resolve Stack: When mana produced by Path of Ancestry is spent to cast a creature spell that shares a creature type with your commander, scry 1. ([Ramses, Assassin Lord - Creature 4 / 4]) [Card: Ramses, Assassin Lord (13), Activator: Ai(1)-Jaymie_Ezio, SpellAbility: Ramses, Assassin Lord - Creature 4 / 4]
Resolve Stack: Ramses, Assassin Lord - Creature 4 / 4
Phase: Ai(1)-Jaymie_Ezio's End step
Add To Stack: Ai(1)-Jaymie_Ezio triggered Edward Kenway
Resolve Stack: At the beginning of your end step, create a Treasure token for each tapped Assassin, Pirate, and/or Vehicle you control. [Phase: Ai(1)-Jaymie_Ezio]
Phase: Ai(1)-Jaymie_Ezio's Cleanup step
Turn: Turn 31 (Ai(2)-Gabe_Food)
Phase: Ai(2)-Gabe_Food's Untap step
Phase: Ai(2)-Gabe_Food's Upkeep step
Phase: Ai(2)-Gabe_Food's Draw step
Phase: Ai(2)-Gabe_Food's Main phase, precombat
Phase: Ai(2)-Gabe_Food's Beginning of Combat Step
Add To Stack: Ai(2)-Gabe_Food triggered Sam, Loyal Attendant
Resolve Stack: At the beginning of combat on your turn, create a Food token. (It's an artifact with "{2}, {T}, Sacrifice this token: You gain 3 life.") [Phase: Ai(2)-Gabe_Food]
Phase: Ai(2)-Gabe_Food's Declare Attackers Step
Phase: Ai(2)-Gabe_Food's Declare Blockers Step
Phase: Ai(2)-Gabe_Food's First Strike Damage Step
Phase: Ai(2)-Gabe_Food's Combat Damage Step
Phase: Ai(2)-Gabe_Food's End of Combat Step
Phase: Ai(2)-Gabe_Food's Main phase, postcombat
Mana: Forest (140) - {T}: Add {G}.
Mana: Swamp (163) - {T}: Add {B}.
Mana: Plains (187) - {T}: Add {W}.
Add To Stack: Ai(2)-Gabe_Food cast Cultivate
Add To Stack: Ai(1)-Jaymie_Ezio triggered The Lord of Pain targeting [Ai(4)-GGS_Cover_diagnostic]
Damage: The Lord of Pain (41) deals 3 non-combat damage to Ai(4)-GGS_Cover_diagnostic.
Life: Life: Ai(4)-GGS_Cover_diagnostic 10 > 7
Resolve Stack: Whenever a player casts their first spell each turn, choose another target player. The Lord of Pain deals damage equal to that spell's mana value to the chosen player. (Targeting: [[Ai(4)-GGS_Cover_diagnostic]]) [Card: Cultivate (104), Activator: Ai(2)-Gabe_Food, SpellAbility: Search your library for up to two basic land cards, reveal those cards, put one onto the battlefield tapped and the other into your hand, then shuffle.   ]
Resolve Stack: Cultivate (104) - Search your library for up to two basic land cards, reveal those cards, put one onto the battlefield tapped and the other into your hand, then shuffle.   
Land: Ai(2)-Gabe_Food played Plains (190)
Mana: Swamp (164) - {T}: Add {B}.
Add To Stack: Ai(2)-Gabe_Food cast Sol Ring
Resolve Stack: Sol Ring
Phase: Ai(2)-Gabe_Food's End step
Phase: Ai(2)-Gabe_Food's Cleanup step
Turn: Turn 32 (Ai(3)-Destyn_Turtles)
Phase: Ai(3)-Destyn_Turtles' Untap step
Phase: Ai(3)-Destyn_Turtles' Upkeep step
Phase: Ai(3)-Destyn_Turtles' Draw step
Phase: Ai(3)-Destyn_Turtles' Main phase, precombat
Phase: Ai(3)-Destyn_Turtles' Beginning of Combat Step
Phase: Ai(3)-Destyn_Turtles' Declare Attackers Step
Phase: Ai(3)-Destyn_Turtles' Declare Blockers Step
Phase: Ai(3)-Destyn_Turtles' First Strike Damage Step
Phase: Ai(3)-Destyn_Turtles' Combat Damage Step
Phase: Ai(3)-Destyn_Turtles' End of Combat Step
Phase: Ai(3)-Destyn_Turtles' Main phase, postcombat
Mana: Plains (290) - {T}: Add {W}.
Mana: Spire Garden (291) - {T}: Add {R} or {G}.
Mana: Undergrowth Stadium (285) - {T}: Add {B} or {G}.
Mana: Sunken Hollow (226) - {T}: Add {B}.
Mana: Sodden Verdure (283) - {T}: Add {G}.
Add To Stack: Ai(3)-Destyn_Turtles cast Mole Module
Add To Stack: Ai(1)-Jaymie_Ezio triggered The Lord of Pain targeting [Ai(4)-GGS_Cover_diagnostic]
Damage: The Lord of Pain (41) deals 5 non-combat damage to Ai(4)-GGS_Cover_diagnostic.
Life: Life: Ai(4)-GGS_Cover_diagnostic 7 > 2
Resolve Stack: Whenever a player casts their first spell each turn, choose another target player. The Lord of Pain deals damage equal to that spell's mana value to the chosen player. (Targeting: [[Ai(4)-GGS_Cover_diagnostic]]) [Card: Mole Module (266), Activator: Ai(3)-Destyn_Turtles, SpellAbility: Mole Module]
Resolve Stack: Mole Module
Phase: Ai(3)-Destyn_Turtles' End step
Phase: Ai(3)-Destyn_Turtles' Cleanup step
Turn: Turn 33 (Ai(4)-GGS_Cover_diagnostic)
Phase: Ai(4)-GGS_Cover_diagnostic's Untap step
Phase: Ai(4)-GGS_Cover_diagnostic's Upkeep step
Phase: Ai(4)-GGS_Cover_diagnostic's Draw step
Phase: Ai(4)-GGS_Cover_diagnostic's Main phase, precombat
Mana: Exotic Orchard (332) - {T}: Add one mana of any color that a land an opponent controls could produce.
Mana: Fell Mire (372) - {T}: Add {B}.
Mana: Mountain (397) - {T}: Add {R}.
Add To Stack: Ai(4)-GGS_Cover_diagnostic cast Krenko, Tin Street Kingpin
Add To Stack: Ai(1)-Jaymie_Ezio triggered The Lord of Pain targeting [Ai(2)-Gabe_Food]
Damage: The Lord of Pain (41) deals 3 non-combat damage to Ai(2)-Gabe_Food.
Life: Life: Ai(2)-Gabe_Food 22 > 19
Resolve Stack: Whenever a player casts their first spell each turn, choose another target player. The Lord of Pain deals damage equal to that spell's mana value to the chosen player. (Targeting: [[Ai(2)-Gabe_Food]]) [Card: Krenko, Tin Street Kingpin (337), Activator: Ai(4)-GGS_Cover_diagnostic, SpellAbility: Krenko, Tin Street Kingpin - Creature 1 / 2]
Resolve Stack: Krenko, Tin Street Kingpin - Creature 1 / 2
Add To Stack: Ai(4)-GGS_Cover_diagnostic triggered Purphoros, God of the Forge
Damage: Purphoros, God of the Forge (366) deals 2 non-combat damage to Ai(1)-Jaymie_Ezio.
Damage: Purphoros, God of the Forge (366) deals 2 non-combat damage to Ai(2)-Gabe_Food.
Damage: Purphoros, God of the Forge (366) deals 2 non-combat damage to Ai(3)-Destyn_Turtles.
Life: Life: Ai(1)-Jaymie_Ezio 38 > 36
Life: Life: Ai(2)-Gabe_Food 19 > 17
Life: Life: Ai(3)-Destyn_Turtles 27 > 25
Resolve Stack: Whenever another creature you control enters, Purphoros, God of the Forge deals 2 damage to each opponent. [Zone Changer: Krenko, Tin Street Kingpin (337)]
Mana: Luxury Suite (378) - {T}: Add {B} or {R}.
Add To Stack: Ai(4)-GGS_Cover_diagnostic cast Phoenix Chick
Resolve Stack: Phoenix Chick - Creature 1 / 1
Add To Stack: Ai(4)-GGS_Cover_diagnostic triggered Purphoros, God of the Forge
Damage: Purphoros, God of the Forge (366) deals 2 non-combat damage to Ai(1)-Jaymie_Ezio.
Damage: Purphoros, God of the Forge (366) deals 2 non-combat damage to Ai(2)-Gabe_Food.
Damage: Purphoros, God of the Forge (366) deals 2 non-combat damage to Ai(3)-Destyn_Turtles.
Life: Life: Ai(1)-Jaymie_Ezio 36 > 34
Life: Life: Ai(2)-Gabe_Food 17 > 15
Life: Life: Ai(3)-Destyn_Turtles 25 > 23
Resolve Stack: Whenever another creature you control enters, Purphoros, God of the Forge deals 2 damage to each opponent. [Zone Changer: Phoenix Chick (373)]
Phase: Ai(4)-GGS_Cover_diagnostic's Beginning of Combat Step
Phase: Ai(4)-GGS_Cover_diagnostic's Declare Attackers Step
Combat: Ai(4)-GGS_Cover_diagnostic assigned Phoenix Chick (373) to attack Sorin Markov (29).
Phase: Ai(4)-GGS_Cover_diagnostic's Declare Blockers Step
Combat: Ai(1)-Jaymie_Ezio didn't block Phoenix Chick (373).
Phase: Ai(4)-GGS_Cover_diagnostic's First Strike Damage Step
Phase: Ai(4)-GGS_Cover_diagnostic's Combat Damage Step
Phase: Ai(4)-GGS_Cover_diagnostic's End of Combat Step
Phase: Ai(4)-GGS_Cover_diagnostic's Main phase, postcombat
Phase: Ai(4)-GGS_Cover_diagnostic's End step
Phase: Ai(4)-GGS_Cover_diagnostic's Cleanup step
Turn: Turn 34 (Ai(1)-Jaymie_Ezio)
Phase: Ai(1)-Jaymie_Ezio's Untap step
Phase: Ai(1)-Jaymie_Ezio's Upkeep step
Phase: Ai(1)-Jaymie_Ezio's Draw step
Mana: Plains (89) - {T}: Add {W}.
Add To Stack: Ai(1)-Jaymie_Ezio cast Path to Exile targeting [Sam, Loyal Attendant (202)]
Add To Stack: Ai(1)-Jaymie_Ezio triggered The Lord of Pain targeting [Ai(4)-GGS_Cover_diagnostic]
Damage: The Lord of Pain (41) deals 1 non-combat damage to Ai(4)-GGS_Cover_diagnostic.
Life: Life: Ai(4)-GGS_Cover_diagnostic 2 > 1
Resolve Stack: Whenever a player casts their first spell each turn, choose another target player. The Lord of Pain deals damage equal to that spell's mana value to the chosen player. (Targeting: [[Ai(4)-GGS_Cover_diagnostic]]) [Card: Path to Exile (6), Activator: Ai(1)-Jaymie_Ezio, SpellAbility: Exile target creature. Its controller may search their library for a basic land card, put that card onto the battlefield tapped, then shuffle. ]
Zone Change: Sam, Loyal Attendant (202) was put into Exile from Battlefield.
Resolve Stack: Path to Exile (6) - Exile Sam, Loyal Attendant (202). Ai(2)-Gabe_Food may search their library for a basic land card, put that card onto the battlefield tapped, then shuffle their library. 
Phase: Ai(1)-Jaymie_Ezio's Main phase, precombat
Add To Stack: Ai(1)-Jaymie_Ezio activated Sorin Markov targeting [Ai(4)-GGS_Cover_diagnostic]
Damage: Sorin Markov (29) deals 2 non-combat damage to Ai(4)-GGS_Cover_diagnostic.
Life: Life: Ai(4)-GGS_Cover_diagnostic 1 > -1
Life: Life: Ai(1)-Jaymie_Ezio 34 > 36
Resolve Stack: Sorin Markov (29) - Sorin Markov (29) deals 2 damage to Ai(4)-GGS_Cover_diagnostic. Ai(1)-Jaymie_Ezio gains 2 life.
Phase: Ai(1)-Jaymie_Ezio's Beginning of Combat Step
Phase: Ai(1)-Jaymie_Ezio's Declare Attackers Step
Combat: Ai(1)-Jaymie_Ezio assigned Changeling Outcast (14), Edward Kenway (5), The Lord of Pain (41) and Ramses, Assassin Lord (13) to attack Ai(2)-Gabe_Food.
Phase: Ai(1)-Jaymie_Ezio's Declare Blockers Step
Combat: Ai(2)-Gabe_Food didn't block Changeling Outcast (14).
Ai(2)-Gabe_Food assigned Prize Pig (130) to block Edward Kenway (5).
Ai(2)-Gabe_Food didn't block The Lord of Pain (41).
Ai(2)-Gabe_Food assigned Frodo, Adventurous Hobbit (200) to block Ramses, Assassin Lord (13).
Phase: Ai(1)-Jaymie_Ezio's First Strike Damage Step
Phase: Ai(1)-Jaymie_Ezio's Combat Damage Step
Damage: Changeling Outcast (14) deals 2 combat damage to Ai(2)-Gabe_Food.
Damage: Edward Kenway (5) deals 6 damage to Prize Pig (130).
Damage: The Lord of Pain (41) deals 6 combat damage to Ai(2)-Gabe_Food.
Damage: Ramses, Assassin Lord (13) deals 4 damage (Deathtouch) to Frodo, Adventurous Hobbit (200).
Damage: Prize Pig (130) deals 1 damage to Edward Kenway (5).
Damage: Frodo, Adventurous Hobbit (200) deals 2 damage to Ramses, Assassin Lord (13).
Life: Life: Ai(2)-Gabe_Food 15 > 7
Zone Change: Prize Pig (130) was put into Graveyard from Battlefield.
Zone Change: Frodo, Adventurous Hobbit (200) was put into Graveyard from Battlefield.
Phase: Ai(1)-Jaymie_Ezio's End of Combat Step
Phase: Ai(1)-Jaymie_Ezio's Main phase, postcombat
Mana: Thriving Grove (27) - {T}: Add {G} or one mana of the chosen color.
Mana: Island (33) - {T}: Add {U}.
Add To Stack: Ai(1)-Jaymie_Ezio cast Ezio Auditore da Firenze
Resolve Stack: Ezio Auditore da Firenze - Creature 3 / 2
Mana: Smoldering Marsh (71) - {T}: Add {B}.
Mana: Tranquil Cove (77) - {T}: Add {W} or {U}.
Add To Stack: Ai(1)-Jaymie_Ezio cast Desmond Miles
Resolve Stack: Desmond Miles - Creature 1 / 3
Mana: Command Tower (32) - {T}: Add one mana of any color in your commander's color identity.
Mana: Path of Ancestry (8) - {T}: Add one mana of any color in your commander's color identity. When that mana is spent to cast a creature spell that shares a creature type with your commander, scry 1. (Look at the top card of your library. You may put that card on the bottom.)
Add To Stack: Ai(1)-Jaymie_Ezio cast Arcane Signet
Resolve Stack: Arcane Signet
Phase: Ai(1)-Jaymie_Ezio's End step
Add To Stack: Ai(1)-Jaymie_Ezio triggered Edward Kenway
Resolve Stack: At the beginning of your end step, create a Treasure token for each tapped Assassin, Pirate, and/or Vehicle you control. [Phase: Ai(1)-Jaymie_Ezio]
Phase: Ai(1)-Jaymie_Ezio's Cleanup step
Turn: Turn 35 (Ai(2)-Gabe_Food)
Phase: Ai(2)-Gabe_Food's Untap step
Phase: Ai(2)-Gabe_Food's Upkeep step
Phase: Ai(2)-Gabe_Food's Draw step
Phase: Ai(2)-Gabe_Food's Main phase, precombat
Mana: Plains (187) - {T}: Add {W}.
Mana: Plains (190) - {T}: Add {W}.
Mana: Sol Ring (160) - {T}: Add {C}{C}.
Add To Stack: Ai(2)-Gabe_Food cast Dusk
Add To Stack: Ai(1)-Jaymie_Ezio triggered The Lord of Pain targeting [Ai(3)-Destyn_Turtles]
Damage: The Lord of Pain (41) deals 4 non-combat damage to Ai(3)-Destyn_Turtles.
Life: Life: Ai(3)-Destyn_Turtles 23 > 19
Resolve Stack: Whenever a player casts their first spell each turn, choose another target player. The Lord of Pain deals damage equal to that spell's mana value to the chosen player. (Targeting: [[Ai(3)-Destyn_Turtles]]) [Card: Dusk (113), Activator: Ai(2)-Gabe_Food, SpellAbility: Destroy all creatures with power 3 or greater.]
Zone Change: Leonardo, the Balance (303) was put into Graveyard from Battlefield.
Zone Change: Edward Kenway (5) was put into Graveyard from Battlefield.
Zone Change: The Lord of Pain (41) was put into Graveyard from Battlefield.
Zone Change: Ramses, Assassin Lord (13) was put into Graveyard from Battlefield.
Zone Change: Ezio Auditore da Firenze (100) was put into Graveyard from Battlefield.
Zone Change: Desmond Miles (46) was put into Graveyard from Battlefield.
Resolve Stack: Dusk (113) - Destroy all creatures with power 3 or greater.
Mana: Canopy Vista (171) - {T}: Add {W}.
Mana: Command Tower (131) - {T}: Add one mana of any color in your commander's color identity.
Mana: Forest (140) - {T}: Add {G}.
Mana: Swamp (163) - {T}: Add {B}.
Mana: Swamp (164) - {T}: Add {B}.
Add To Stack: Ai(2)-Gabe_Food cast Dawn
Resolve Stack: Dawn (113) - Return all creature cards with power 2 or less from your graveyard to your hand.
Replacement Effect: Aftermath (Cast this spell only from your graveyard. Then exile it.)
Phase: Ai(2)-Gabe_Food's Beginning of Combat Step
Phase: Ai(2)-Gabe_Food's Declare Attackers Step
Phase: Ai(2)-Gabe_Food's Declare Blockers Step
Phase: Ai(2)-Gabe_Food's First Strike Damage Step
Phase: Ai(2)-Gabe_Food's Combat Damage Step
Phase: Ai(2)-Gabe_Food's End of Combat Step
Phase: Ai(2)-Gabe_Food's Main phase, postcombat
Mana: Forest (138) - {T}: Add {G}.
Mana: Swamp (162) - {T}: Add {B}.
Add To Stack: Ai(2)-Gabe_Food cast Prize Pig
Resolve Stack: Prize Pig - Creature 0 / 3
Phase: Ai(2)-Gabe_Food's End step
Phase: Ai(2)-Gabe_Food's Cleanup step
Turn: Turn 36 (Ai(3)-Destyn_Turtles)
Phase: Ai(3)-Destyn_Turtles' Untap step
Phase: Ai(3)-Destyn_Turtles' Upkeep step
Phase: Ai(3)-Destyn_Turtles' Draw step
Phase: Ai(3)-Destyn_Turtles' Main phase, precombat
Land: Ai(3)-Destyn_Turtles played Island (231)
Mana: Plains (290) - {T}: Add {W}.
Mana: Island (231) - {T}: Add {U}.
Mana: Spire Garden (291) - {T}: Add {R} or {G}.
Mana: Undergrowth Stadium (285) - {T}: Add {B} or {G}.
Mana: Sunken Hollow (226) - {T}: Add {B}.
Mana: Sodden Verdure (283) - {T}: Add {G}.
Add To Stack: Ai(3)-Destyn_Turtles cast Leonardo, the Balance
Resolve Stack: Leonardo, the Balance - Creature 3 / 3
Add To Stack: Ai(3)-Destyn_Turtles triggered Ray Fillet, Wave Warrior
Resolve Stack: Evolve (Whenever a creature you control enters, if that creature has greater power or toughness than this creature, put a +1/+1 counter on this creature.) [Zone Changer: Leonardo, the Balance (303)]
Phase: Ai(3)-Destyn_Turtles' Beginning of Combat Step
Phase: Ai(3)-Destyn_Turtles' Declare Attackers Step
Combat: Ai(3)-Destyn_Turtles assigned Ray Fillet, Wave Warrior (269) to attack Ai(1)-Jaymie_Ezio.
Ai(3)-Destyn_Turtles assigned Michelangelo, the Heart (301), Acidic Slime (264) and Donatello, the Brains (282) to attack Sorin Markov (29).
Phase: Ai(3)-Destyn_Turtles' Declare Blockers Step
Combat: Ai(1)-Jaymie_Ezio didn't block Ray Fillet, Wave Warrior (269).
Ai(1)-Jaymie_Ezio didn't block Michelangelo, the Heart (301).
Ai(1)-Jaymie_Ezio didn't block Acidic Slime (264).
Ai(1)-Jaymie_Ezio didn't block Donatello, the Brains (282).
Phase: Ai(3)-Destyn_Turtles' First Strike Damage Step
Phase: Ai(3)-Destyn_Turtles' Combat Damage Step
Damage: Ray Fillet, Wave Warrior (269) deals 1 combat damage to Ai(1)-Jaymie_Ezio.
Life: Life: Ai(1)-Jaymie_Ezio 36 > 35
Zone Change: Sorin Markov (29) was put into Graveyard from Battlefield.
Add To Stack: Ai(3)-Destyn_Turtles triggered Ray Fillet, Wave Warrior
Resolve Stack: Whenever a creature you control with a counter on it deals combat damage to a player, draw a card. [Damage Source: Ray Fillet, Wave Warrior (269), Damaged: Ai(1)-Jaymie_Ezio, Amount: 1]
Phase: Ai(3)-Destyn_Turtles' End of Combat Step
Phase: Ai(3)-Destyn_Turtles' Main phase, postcombat
Add To Stack: Ai(3)-Destyn_Turtles triggered Michelangelo, the Heart targeting [Leonardo, the Balance (303)]
Replacement Effect: If one or more tokens would be created under your control, those tokens plus an additional Mutagen token are created instead.
Resolve Stack: Raid (the Fridge) — At the beginning of your second main phase, if you attacked this turn, put a +1/+1 counter on target creature and create a Food token. (Targeting: [[Leonardo, the Balance (303)]]) [Phase: Ai(3)-Destyn_Turtles]
Add To Stack: Ai(3)-Destyn_Turtles triggered Leonardo, the Balance
Add To Stack: Ai(3)-Destyn_Turtles triggered Leonardo, the Balance
Resolve Stack: Whenever a token you control enters, you may put a +1/+1 counter on each creature you control. Do this only once each turn. [Zone Changer: Mutagen Token (462)]
Resolve Stack: Whenever a token you control enters, you may put a +1/+1 counter on each creature you control. Do this only once each turn. [Zone Changer: Food Token (461)]
Mana: Cinder Glade (218) - {T}: Add {G}.
Mana: City of Brass (247) - {T}: Add one mana of any color.
Add To Stack: Ai(3)-Destyn_Turtles cast Super Combo targeting [Leonardo, the Balance (303)] [Prize Pig (130)]
Add To Stack: Ai(3)-Destyn_Turtles triggered City of Brass
Damage: City of Brass (247) deals 1 non-combat damage to Ai(3)-Destyn_Turtles.
Life: Life: Ai(3)-Destyn_Turtles 19 > 18
Resolve Stack: Whenever City of Brass becomes tapped, it deals 1 damage to you. [Tapped: City of Brass (247)]
Damage: Leonardo, the Balance (303) deals 5 damage to Prize Pig (130).
Resolve Stack: Super Combo (246) -  Leonardo, the Balance (303) deals 5 damage to Prize Pig (130).
Zone Change: Prize Pig (130) was put into Graveyard from Battlefield.
Phase: Ai(3)-Destyn_Turtles' End step
Phase: Ai(3)-Destyn_Turtles' Cleanup step
Turn: Turn 37 (Ai(1)-Jaymie_Ezio)
Phase: Ai(1)-Jaymie_Ezio's Untap step
Phase: Ai(1)-Jaymie_Ezio's Upkeep step
Phase: Ai(1)-Jaymie_Ezio's Draw step
Phase: Ai(1)-Jaymie_Ezio's Main phase, precombat
Land: Ai(1)-Jaymie_Ezio played Mountain (88)
Phase: Ai(1)-Jaymie_Ezio's Beginning of Combat Step
Phase: Ai(1)-Jaymie_Ezio's Declare Attackers Step
Combat: Ai(1)-Jaymie_Ezio assigned Changeling Outcast (14) to attack Ai(3)-Destyn_Turtles.
Phase: Ai(1)-Jaymie_Ezio's Declare Blockers Step
Combat: Ai(3)-Destyn_Turtles didn't block Changeling Outcast (14).
Phase: Ai(1)-Jaymie_Ezio's First Strike Damage Step
Phase: Ai(1)-Jaymie_Ezio's Combat Damage Step
Damage: Changeling Outcast (14) deals 1 combat damage to Ai(3)-Destyn_Turtles.
Life: Life: Ai(3)-Destyn_Turtles 18 > 17
Phase: Ai(1)-Jaymie_Ezio's End of Combat Step
Phase: Ai(1)-Jaymie_Ezio's Main phase, postcombat
Mana: Thriving Grove (27) - {T}: Add {G} or one mana of the chosen color.
Mana: Island (33) - {T}: Add {U}.
Mana: Mountain (88) - {T}: Add {R}.
Mana: Plains (89) - {T}: Add {W}.
Add To Stack: Ai(1)-Jaymie_Ezio cast Ezio Auditore da Firenze
Resolve Stack: Ezio Auditore da Firenze - Creature 3 / 2
Phase: Ai(1)-Jaymie_Ezio's End step
Phase: Ai(1)-Jaymie_Ezio's Cleanup step
Turn: Turn 38 (Ai(2)-Gabe_Food)
Phase: Ai(2)-Gabe_Food's Untap step
Phase: Ai(2)-Gabe_Food's Upkeep step
Phase: Ai(2)-Gabe_Food's Draw step
Phase: Ai(2)-Gabe_Food's Main phase, precombat
Phase: Ai(2)-Gabe_Food's Beginning of Combat Step
Phase: Ai(2)-Gabe_Food's Declare Attackers Step
Phase: Ai(2)-Gabe_Food's Declare Blockers Step
Phase: Ai(2)-Gabe_Food's First Strike Damage Step
Phase: Ai(2)-Gabe_Food's Combat Damage Step
Phase: Ai(2)-Gabe_Food's End of Combat Step
Phase: Ai(2)-Gabe_Food's Main phase, postcombat
Mana: Plains (187) - {T}: Add {W}.
Mana: Forest (140) - {T}: Add {G}.
Mana: Sol Ring (160) - {T}: Add {C}{C}.
Mana: Plains (190) - {T}: Add {W}.
Add To Stack: Ai(2)-Gabe_Food cast Sam, Loyal Attendant
Resolve Stack: Sam, Loyal Attendant - Creature 2 / 4
Add To Stack: Ai(2)-Gabe_Food triggered Sam, Loyal Attendant targeting [Ai(2)-Gabe_Food]
Resolve Stack: Partner with Frodo, Adventurous Hobbit (When this creature enters, target player may put Frodo into their hand from their library, then shuffle.) (Targeting: [[Ai(2)-Gabe_Food]]) [Zone Changer: Sam, Loyal Attendant (202)]
Mana: Canopy Vista (171) - {T}: Add {W}.
Mana: Swamp (163) - {T}: Add {B}.
Mana: Swamp (164) - {T}: Add {B}.
Mana: Swamp (162) - {T}: Add {B}.
Add To Stack: Ai(2)-Gabe_Food cast Frodo, Adventurous Hobbit
Resolve Stack: Frodo, Adventurous Hobbit - Creature 1 / 3
Add To Stack: Ai(2)-Gabe_Food triggered Frodo, Adventurous Hobbit targeting [Ai(2)-Gabe_Food]
Resolve Stack: Partner with Sam, Loyal Attendant (When this creature enters, target player may put Sam into their hand from their library, then shuffle.) (Targeting: [[Ai(2)-Gabe_Food]]) [Zone Changer: Frodo, Adventurous Hobbit (200)]
Mana: Forest (138) - {T}: Add {G}.
Mana: Command Tower (131) - {T}: Add one mana of any color in your commander's color identity.
Add To Stack: Ai(2)-Gabe_Food cast Feasting Hobbit
Zone Change: Food Token (452) was put into Graveyard from Battlefield.
Zone Change: Food Token (445) was put into Graveyard from Battlefield.
Zone Change: Food Token (439) was put into Graveyard from Battlefield.
Zone Change: Food Token (431) was put into Graveyard from Battlefield.
Zone Change: Food Token (411) was put into Graveyard from Battlefield.
Zone Change: Food Token (407) was put into Graveyard from Battlefield.
Replacement Effect: Devour Food 3 (As this object enters, you may sacrifice any number of Foods. This permanent enters with three +1/+1 counters on it for each permanent sacrificed this way.)
Resolve Stack: Feasting Hobbit - Creature 2 / 2
Phase: Ai(2)-Gabe_Food's End step
Add To Stack: Ai(2)-Gabe_Food triggered Call for Unity
Resolve Stack: Revolt — At the beginning of your end step, if a permanent you controlled left the battlefield this turn, put a unity counter on Call for Unity. [Phase: Ai(2)-Gabe_Food]
Phase: Ai(2)-Gabe_Food's Cleanup step
Turn: Turn 39 (Ai(3)-Destyn_Turtles)
Phase: Ai(3)-Destyn_Turtles' Untap step
Phase: Ai(3)-Destyn_Turtles' Upkeep step
Phase: Ai(3)-Destyn_Turtles' Draw step
Phase: Ai(3)-Destyn_Turtles' Main phase, precombat
Mana: Island (231) - {T}: Add {U}.
Mana: Plains (290) - {T}: Add {W}.
Mana: Spire Garden (291) - {T}: Add {R} or {G}.
Mana: Undergrowth Stadium (285) - {T}: Add {B} or {G}.
Add To Stack: Ai(3)-Destyn_Turtles cast Baxter, Fly in the Ointment
Resolve Stack: Baxter, Fly in the Ointment - Creature 2 / 2
Add To Stack: Ai(3)-Destyn_Turtles triggered Baxter, Fly in the Ointment
Resolve Stack: Whenever Baxter enters or attacks, each creature you control with a counter on it gains flying until end of turn. [Zone Changer: Baxter, Fly in the Ointment (229)]
Phase: Ai(3)-Destyn_Turtles' Beginning of Combat Step
Phase: Ai(3)-Destyn_Turtles' Declare Attackers Step
Combat: Ai(3)-Destyn_Turtles assigned Leonardo, the Balance (303), Michelangelo, the Heart (301), Acidic Slime (264), Donatello, the Brains (282) and Ray Fillet, Wave Warrior (269) to attack Ai(2)-Gabe_Food.
Phase: Ai(3)-Destyn_Turtles' Declare Blockers Step
Combat: Ai(2)-Gabe_Food didn't block Leonardo, the Balance (303).
Ai(2)-Gabe_Food didn't block Michelangelo, the Heart (301).
Ai(2)-Gabe_Food didn't block Acidic Slime (264).
Ai(2)-Gabe_Food didn't block Donatello, the Brains (282).
Ai(2)-Gabe_Food didn't block Ray Fillet, Wave Warrior (269).
Phase: Ai(3)-Destyn_Turtles' First Strike Damage Step
Phase: Ai(3)-Destyn_Turtles' Combat Damage Step
Damage: Leonardo, the Balance (303) deals 5 combat damage to Ai(2)-Gabe_Food.
Damage: Michelangelo, the Heart (301) deals 3 combat damage to Ai(2)-Gabe_Food.
Damage: Acidic Slime (264) deals 3 combat damage to Ai(2)-Gabe_Food.
Damage: Donatello, the Brains (282) deals 3 combat damage to Ai(2)-Gabe_Food.
Damage: Ray Fillet, Wave Warrior (269) deals 2 combat damage to Ai(2)-Gabe_Food.
Life: Life: Ai(2)-Gabe_Food 7 > -9
Add To Stack: Ai(3)-Destyn_Turtles triggered Ray Fillet, Wave Warrior
Add To Stack: Ai(3)-Destyn_Turtles triggered Ray Fillet, Wave Warrior
Add To Stack: Ai(3)-Destyn_Turtles triggered Ray Fillet, Wave Warrior
Add To Stack: Ai(3)-Destyn_Turtles triggered Ray Fillet, Wave Warrior
Add To Stack: Ai(3)-Destyn_Turtles triggered Ray Fillet, Wave Warrior
Resolve Stack: Whenever a creature you control with a counter on it deals combat damage to a player, draw a card. [Damage Source: Ray Fillet, Wave Warrior (269), Damaged: Ai(2)-Gabe_Food, Amount: 2]
Add To Stack: Ai(3)-Destyn_Turtles triggered Baxter, Fly in the Ointment
Resolve Stack: Whenever you draw a card, put a +1/+1 counter on Baxter. [Player: Ai(3)-Destyn_Turtles]
Resolve Stack: Whenever a creature you control with a counter on it deals combat damage to a player, draw a card. [Damage Source: Donatello, the Brains (282), Damaged: Ai(2)-Gabe_Food, Amount: 3]
Add To Stack: Ai(3)-Destyn_Turtles triggered Baxter, Fly in the Ointment
Resolve Stack: Whenever you draw a card, put a +1/+1 counter on Baxter. [Player: Ai(3)-Destyn_Turtles]
Resolve Stack: Whenever a creature you control with a counter on it deals combat damage to a player, draw a card. [Damage Source: Acidic Slime (264), Damaged: Ai(2)-Gabe_Food, Amount: 3]
Add To Stack: Ai(3)-Destyn_Turtles triggered Baxter, Fly in the Ointment
Resolve Stack: Whenever you draw a card, put a +1/+1 counter on Baxter. [Player: Ai(3)-Destyn_Turtles]
Resolve Stack: Whenever a creature you control with a counter on it deals combat damage to a player, draw a card. [Damage Source: Michelangelo, the Heart (301), Damaged: Ai(2)-Gabe_Food, Amount: 3]
Add To Stack: Ai(3)-Destyn_Turtles triggered Baxter, Fly in the Ointment
Resolve Stack: Whenever you draw a card, put a +1/+1 counter on Baxter. [Player: Ai(3)-Destyn_Turtles]
Resolve Stack: Whenever a creature you control with a counter on it deals combat damage to a player, draw a card. [Damage Source: Leonardo, the Balance (303), Damaged: Ai(2)-Gabe_Food, Amount: 5]
Add To Stack: Ai(3)-Destyn_Turtles triggered Baxter, Fly in the Ointment
Resolve Stack: Whenever you draw a card, put a +1/+1 counter on Baxter. [Player: Ai(3)-Destyn_Turtles]
Phase: Ai(3)-Destyn_Turtles' End of Combat Step
Phase: Ai(3)-Destyn_Turtles' Main phase, postcombat
Add To Stack: Ai(3)-Destyn_Turtles triggered Michelangelo, the Heart targeting [Leonardo, the Balance (303)]
Replacement Effect: If one or more tokens would be created under your control, those tokens plus an additional Mutagen token are created instead.
Resolve Stack: Raid (the Fridge) — At the beginning of your second main phase, if you attacked this turn, put a +1/+1 counter on target creature and create a Food token. (Targeting: [[Leonardo, the Balance (303)]]) [Phase: Ai(3)-Destyn_Turtles]
Add To Stack: Ai(3)-Destyn_Turtles triggered Leonardo, the Balance
Add To Stack: Ai(3)-Destyn_Turtles triggered Leonardo, the Balance
Resolve Stack: Whenever a token you control enters, you may put a +1/+1 counter on each creature you control. Do this only once each turn. [Zone Changer: Mutagen Token (466)]
Resolve Stack: Whenever a token you control enters, you may put a +1/+1 counter on each creature you control. Do this only once each turn. [Zone Changer: Food Token (465)]
Replacement Effect: This land enters tapped.
Replacement Effect: As this land enters, choose a color.
Land: Ai(3)-Destyn_Turtles played Big Apple, 3 a.m. (273)
Mana: Sodden Verdure (283) - {T}: Add {G}.
Mana: Sunken Hollow (226) - {T}: Add {B}.
Mana: Cinder Glade (218) - {T}: Add {G}.
Add To Stack: Ai(3)-Destyn_Turtles cast High Score
Resolve Stack: High Score
Mana: City of Brass (247) - {T}: Add one mana of any color.
Add To Stack: Ai(3)-Destyn_Turtles cast Sol Ring
Add To Stack: Ai(3)-Destyn_Turtles triggered City of Brass
Damage: City of Brass (247) deals 1 non-combat damage to Ai(3)-Destyn_Turtles.
Life: Life: Ai(3)-Destyn_Turtles 17 > 16
Resolve Stack: Whenever City of Brass becomes tapped, it deals 1 damage to you. [Tapped: City of Brass (247)]
Resolve Stack: Sol Ring
Phase: Ai(3)-Destyn_Turtles' End step
Add To Stack: Ai(3)-Destyn_Turtles triggered High Score
Resolve Stack: At the beginning of your end step, draw a card if you control a creature with the greatest power among creatures on the battlefield. [Phase: Ai(3)-Destyn_Turtles]
Add To Stack: Ai(3)-Destyn_Turtles triggered Baxter, Fly in the Ointment
Replacement Effect: If one or more +1/+1 counters would be put on a creature you control, that many plus one +1/+1 counters are put on it instead.
Resolve Stack: Whenever you draw a card, put a +1/+1 counter on Baxter. [Player: Ai(3)-Destyn_Turtles]
Phase: Ai(3)-Destyn_Turtles' Cleanup step
Turn: Turn 40 (Ai(1)-Jaymie_Ezio)
Phase: Ai(1)-Jaymie_Ezio's Untap step
Phase: Ai(1)-Jaymie_Ezio's Upkeep step
Phase: Ai(1)-Jaymie_Ezio's Draw step
Phase: Ai(1)-Jaymie_Ezio's Main phase, precombat
Mana: Plains (89) - {T}: Add {W}.
Mana: Thriving Grove (27) - {T}: Add {G} or one mana of the chosen color.
Mana: Mountain (88) - {T}: Add {R}.
Mana: Island (33) - {T}: Add {U}.
Add To Stack: Ai(1)-Jaymie_Ezio cast Queen Marchesa
Resolve Stack: Queen Marchesa - Creature 3 / 3
Add To Stack: Ai(1)-Jaymie_Ezio triggered Queen Marchesa
Resolve Stack: When Queen Marchesa enters, you become the monarch. [Zone Changer: Queen Marchesa (31)]
Phase: Ai(1)-Jaymie_Ezio's Beginning of Combat Step
Phase: Ai(1)-Jaymie_Ezio's Declare Attackers Step
Combat: Ai(1)-Jaymie_Ezio assigned Changeling Outcast (14) and Ezio Auditore da Firenze (100) to attack Ai(3)-Destyn_Turtles.
Phase: Ai(1)-Jaymie_Ezio's Declare Blockers Step
Combat: Ai(3)-Destyn_Turtles didn't block Changeling Outcast (14).
Ai(3)-Destyn_Turtles didn't block Ezio Auditore da Firenze (100).
Phase: Ai(1)-Jaymie_Ezio's First Strike Damage Step
Phase: Ai(1)-Jaymie_Ezio's Combat Damage Step
Damage: Changeling Outcast (14) deals 1 combat damage to Ai(3)-Destyn_Turtles.
Damage: Ezio Auditore da Firenze (100) deals 3 combat damage to Ai(3)-Destyn_Turtles.
Life: Life: Ai(3)-Destyn_Turtles 16 > 12
Add To Stack: Ai(1)-Jaymie_Ezio triggered Ezio Auditore da Firenze
Resolve Stack: Whenever Ezio deals combat damage to a player, you may pay {W}{U}{B}{R}{G} if that player has 10 or less life. When you do, that player loses the game. [Damage Source: Ezio Auditore da Firenze (100), Damaged: Ai(3)-Destyn_Turtles, Amount: 3]
Phase: Ai(1)-Jaymie_Ezio's End of Combat Step
Phase: Ai(1)-Jaymie_Ezio's Main phase, postcombat
Mana: Command Tower (32) - {T}: Add one mana of any color in your commander's color identity.
Mana: Tranquil Cove (77) - {T}: Add {W} or {U}.
Mana: Smoldering Marsh (71) - {T}: Add {R}.
Mana: Path of Ancestry (8) - {T}: Add one mana of any color in your commander's color identity. When that mana is spent to cast a creature spell that shares a creature type with your commander, scry 1. (Look at the top card of your library. You may put that card on the bottom.)
Add To Stack: Ai(1)-Jaymie_Ezio cast Annie Joins Up
Resolve Stack: Annie Joins Up
Add To Stack: Ai(1)-Jaymie_Ezio triggered Annie Joins Up targeting [Acidic Slime (264)]
Damage: Annie Joins Up (23) deals 5 damage to Acidic Slime (264).
Resolve Stack: When Annie Joins Up enters, it deals 5 damage to target creature or planeswalker an opponent controls. (Targeting: [[Acidic Slime (264)]]) [Zone Changer: Annie Joins Up (23)]
Zone Change: Acidic Slime (264) was put into Graveyard from Battlefield.
Phase: Ai(1)-Jaymie_Ezio's End step
Add To Stack: Ai(1)-Jaymie_Ezio triggered The Monarch
Resolve Stack: At the beginning of your end step, draw a card. [Phase: Ai(1)-Jaymie_Ezio]
Phase: Ai(1)-Jaymie_Ezio's Cleanup step
Turn: Turn 41 (Ai(3)-Destyn_Turtles)
Phase: Ai(3)-Destyn_Turtles' Untap step
Phase: Ai(3)-Destyn_Turtles' Upkeep step
Mana: Plains (290) - {T}: Add {W}.
Mana: Undergrowth Stadium (285) - {T}: Add {B} or {G}.
Mana: Spire Garden (291) - {T}: Add {R} or {G}.
Mana: Island (231) - {T}: Add {U}.
Mana: Sodden Verdure (283) - {T}: Add {G}.
Add To Stack: Ai(3)-Destyn_Turtles activated Leonardo, the Balance
Resolve Stack: Leonardo, the Balance (303) - Creatures you control gain menace, trample, and lifelink until end of turn.
Phase: Ai(3)-Destyn_Turtles' Draw step
Add To Stack: Ai(3)-Destyn_Turtles triggered Baxter, Fly in the Ointment
Replacement Effect: If one or more +1/+1 counters would be put on a creature you control, that many plus one +1/+1 counters are put on it instead.
Resolve Stack: Whenever you draw a card, put a +1/+1 counter on Baxter. [Player: Ai(3)-Destyn_Turtles]
Phase: Ai(3)-Destyn_Turtles' Main phase, precombat
Land: Ai(3)-Destyn_Turtles played Turtle Lair (271)
Mana: City of Brass (247) - {T}: Add one mana of any color.
Mana: Sunken Hollow (226) - {T}: Add {U}.
Mana: Turtle Lair (271) - {T}: Add one mana of any color. Spend this mana only to cast a Ninja or Turtle spell.
Mana: Cinder Glade (218) - {T}: Add {R}.
Mana: Big Apple, 3 a.m. (273) - {T}: Add one mana of the chosen color.
Add To Stack: Ai(3)-Destyn_Turtles cast Heroes in a Half Shell
Add To Stack: Ai(3)-Destyn_Turtles triggered City of Brass
Damage: City of Brass (247) deals 1 non-combat damage to Ai(3)-Destyn_Turtles.
Life: Life: Ai(3)-Destyn_Turtles 12 > 11
Resolve Stack: Whenever City of Brass becomes tapped, it deals 1 damage to you. [Tapped: City of Brass (247)]
Resolve Stack: Heroes in a Half Shell - Creature 5 / 5
Add To Stack: Ai(3)-Destyn_Turtles triggered Ray Fillet, Wave Warrior
Replacement Effect: If one or more +1/+1 counters would be put on a creature you control, that many plus one +1/+1 counters are put on it instead.
Resolve Stack: Evolve (Whenever a creature you control enters, if that creature has greater power or toughness than this creature, put a +1/+1 counter on this creature.) [Zone Changer: Heroes in a Half Shell (274)]
Phase: Ai(3)-Destyn_Turtles' Beginning of Combat Step
Phase: Ai(3)-Destyn_Turtles' Declare Attackers Step
Combat: Ai(3)-Destyn_Turtles assigned Baxter, Fly in the Ointment (229), Leonardo, the Balance (303), Ray Fillet, Wave Warrior (269) and Heroes in a Half Shell (274) to attack Ai(1)-Jaymie_Ezio.
Add To Stack: Ai(3)-Destyn_Turtles triggered Baxter, Fly in the Ointment
Resolve Stack: Whenever Baxter enters or attacks, each creature you control with a counter on it gains flying until end of turn. [Attacker: Baxter, Fly in the Ointment (229)]
Phase: Ai(3)-Destyn_Turtles' Declare Blockers Step
Combat: Ai(1)-Jaymie_Ezio didn't block Baxter, Fly in the Ointment (229).
Ai(1)-Jaymie_Ezio didn't block Leonardo, the Balance (303).
Ai(1)-Jaymie_Ezio didn't block Ray Fillet, Wave Warrior (269).
Ai(1)-Jaymie_Ezio didn't block Heroes in a Half Shell (274).
Phase: Ai(3)-Destyn_Turtles' First Strike Damage Step
Phase: Ai(3)-Destyn_Turtles' Combat Damage Step
Damage: Baxter, Fly in the Ointment (229) deals 12 combat damage to Ai(1)-Jaymie_Ezio.
Life: Life: Ai(3)-Destyn_Turtles 11 > 23
Damage: Leonardo, the Balance (303) deals 7 combat damage to Ai(1)-Jaymie_Ezio.
Life: Life: Ai(3)-Destyn_Turtles 23 > 30
Damage: Ray Fillet, Wave Warrior (269) deals 5 combat damage to Ai(1)-Jaymie_Ezio.
Life: Life: Ai(3)-Destyn_Turtles 30 > 35
Damage: Heroes in a Half Shell (274) deals 5 combat damage to Ai(1)-Jaymie_Ezio.
Life: Life: Ai(1)-Jaymie_Ezio 35 > 6
Add To Stack: Ai(3)-Destyn_Turtles triggered Ray Fillet, Wave Warrior
Add To Stack: Ai(3)-Destyn_Turtles triggered Ray Fillet, Wave Warrior
Add To Stack: Ai(3)-Destyn_Turtles triggered Ray Fillet, Wave Warrior
Add To Stack: Ai(3)-Destyn_Turtles triggered Heroes in a Half Shell
Add To Stack: Ai(1)-Jaymie_Ezio triggered The Monarch
Add To Stack: Ai(1)-Jaymie_Ezio triggered The Monarch
Add To Stack: Ai(1)-Jaymie_Ezio triggered The Monarch
Add To Stack: Ai(1)-Jaymie_Ezio triggered The Monarch
Resolve Stack: Whenever a creature deals combat damage to you, its controller becomes the monarch. [Damage Source: Heroes in a Half Shell (274), Damaged: Ai(1)-Jaymie_Ezio, Amount: 5]
Resolve Stack: Whenever a creature deals combat damage to you, its controller becomes the monarch. [Damage Source: Ray Fillet, Wave Warrior (269), Damaged: Ai(1)-Jaymie_Ezio, Amount: 5]
Resolve Stack: Whenever a creature deals combat damage to you, its controller becomes the monarch. [Damage Source: Leonardo, the Balance (303), Damaged: Ai(1)-Jaymie_Ezio, Amount: 7]
Resolve Stack: Whenever a creature deals combat damage to you, its controller becomes the monarch. [Damage Source: Baxter, Fly in the Ointment (229), Damaged: Ai(1)-Jaymie_Ezio, Amount: 12]
Replacement Effect: If one or more +1/+1 counters would be put on a creature you control, that many plus one +1/+1 counters are put on it instead.
Replacement Effect: If one or more +1/+1 counters would be put on a creature you control, that many plus one +1/+1 counters are put on it instead.
Replacement Effect: If one or more +1/+1 counters would be put on a creature you control, that many plus one +1/+1 counters are put on it instead.
Replacement Effect: If one or more +1/+1 counters would be put on a creature you control, that many plus one +1/+1 counters are put on it instead.
Resolve Stack: Whenever one or more Mutants, Ninjas, and/or Turtles you control deal combat damage to a player, put a +1/+1 counter on each of those creatures and draw a card. [Damaged: Ai(1)-Jaymie_Ezio, Amount: 29]
Add To Stack: Ai(3)-Destyn_Turtles triggered Baxter, Fly in the Ointment
Replacement Effect: If one or more +1/+1 counters would be put on a creature you control, that many plus one +1/+1 counters are put on it instead.
Resolve Stack: Whenever you draw a card, put a +1/+1 counter on Baxter. [Player: Ai(3)-Destyn_Turtles]
Resolve Stack: Whenever a creature you control with a counter on it deals combat damage to a player, draw a card. [Damage Source: Ray Fillet, Wave Warrior (269), Damaged: Ai(1)-Jaymie_Ezio, Amount: 5]
Add To Stack: Ai(3)-Destyn_Turtles triggered Baxter, Fly in the Ointment
Replacement Effect: If one or more +1/+1 counters would be put on a creature you control, that many plus one +1/+1 counters are put on it instead.
Resolve Stack: Whenever you draw a card, put a +1/+1 counter on Baxter. [Player: Ai(3)-Destyn_Turtles]
Resolve Stack: Whenever a creature you control with a counter on it deals combat damage to a player, draw a card. [Damage Source: Leonardo, the Balance (303), Damaged: Ai(1)-Jaymie_Ezio, Amount: 7]
Add To Stack: Ai(3)-Destyn_Turtles triggered Baxter, Fly in the Ointment
Replacement Effect: If one or more +1/+1 counters would be put on a creature you control, that many plus one +1/+1 counters are put on it instead.
Resolve Stack: Whenever you draw a card, put a +1/+1 counter on Baxter. [Player: Ai(3)-Destyn_Turtles]
Resolve Stack: Whenever a creature you control with a counter on it deals combat damage to a player, draw a card. [Damage Source: Baxter, Fly in the Ointment (229), Damaged: Ai(1)-Jaymie_Ezio, Amount: 12]
Add To Stack: Ai(3)-Destyn_Turtles triggered Baxter, Fly in the Ointment
Replacement Effect: If one or more +1/+1 counters would be put on a creature you control, that many plus one +1/+1 counters are put on it instead.
Resolve Stack: Whenever you draw a card, put a +1/+1 counter on Baxter. [Player: Ai(3)-Destyn_Turtles]
Phase: Ai(3)-Destyn_Turtles' End of Combat Step
Phase: Ai(3)-Destyn_Turtles' Main phase, postcombat
Add To Stack: Ai(3)-Destyn_Turtles triggered Michelangelo, the Heart targeting [Baxter, Fly in the Ointment (229)]
Replacement Effect: If one or more +1/+1 counters would be put on a creature you control, that many plus one +1/+1 counters are put on it instead.
Replacement Effect: If one or more tokens would be created under your control, those tokens plus an additional Mutagen token are created instead.
Resolve Stack: Raid (the Fridge) — At the beginning of your second main phase, if you attacked this turn, put a +1/+1 counter on target creature and create a Food token. (Targeting: [[Baxter, Fly in the Ointment (229)]]) [Phase: Ai(3)-Destyn_Turtles]
Add To Stack: Ai(3)-Destyn_Turtles triggered Leonardo, the Balance
Add To Stack: Ai(3)-Destyn_Turtles triggered Leonardo, the Balance
Replacement Effect: If one or more +1/+1 counters would be put on a creature you control, that many plus one +1/+1 counters are put on it instead.
Replacement Effect: If one or more +1/+1 counters would be put on a creature you control, that many plus one +1/+1 counters are put on it instead.
Replacement Effect: If one or more +1/+1 counters would be put on a creature you control, that many plus one +1/+1 counters are put on it instead.
Replacement Effect: If one or more +1/+1 counters would be put on a creature you control, that many plus one +1/+1 counters are put on it instead.
Replacement Effect: If one or more +1/+1 counters would be put on a creature you control, that many plus one +1/+1 counters are put on it instead.
Replacement Effect: If one or more +1/+1 counters would be put on a creature you control, that many plus one +1/+1 counters are put on it instead.
Resolve Stack: Whenever a token you control enters, you may put a +1/+1 counter on each creature you control. Do this only once each turn. [Zone Changer: Mutagen Token (474)]
Resolve Stack: Whenever a token you control enters, you may put a +1/+1 counter on each creature you control. Do this only once each turn. [Zone Changer: Food Token (473)]
Phase: Ai(3)-Destyn_Turtles' End step
Add To Stack: Ai(3)-Destyn_Turtles triggered High Score
Add To Stack: Ai(3)-Destyn_Turtles triggered The Monarch
Resolve Stack: At the beginning of your end step, draw a card. [Phase: Ai(3)-Destyn_Turtles]
Add To Stack: Ai(3)-Destyn_Turtles triggered Baxter, Fly in the Ointment
Replacement Effect: If one or more +1/+1 counters would be put on a creature you control, that many plus one +1/+1 counters are put on it instead.
Resolve Stack: Whenever you draw a card, put a +1/+1 counter on Baxter. [Player: Ai(3)-Destyn_Turtles]
Resolve Stack: At the beginning of your end step, draw a card if you control a creature with the greatest power among creatures on the battlefield. [Phase: Ai(3)-Destyn_Turtles]
Add To Stack: Ai(3)-Destyn_Turtles triggered Baxter, Fly in the Ointment
Replacement Effect: If one or more +1/+1 counters would be put on a creature you control, that many plus one +1/+1 counters are put on it instead.
Resolve Stack: Whenever you draw a card, put a +1/+1 counter on Baxter. [Player: Ai(3)-Destyn_Turtles]
Phase: Ai(3)-Destyn_Turtles' Cleanup step
Discard: Ai(3)-Destyn_Turtles discards Forest (237).
Discard: Ai(3)-Destyn_Turtles discards Thriving Grove (227).
Discard: Ai(3)-Destyn_Turtles discards Grand Coliseum (204).
Discard: Ai(3)-Destyn_Turtles discards Together Forever (216).
Turn: Turn 42 (Ai(1)-Jaymie_Ezio)
Phase: Ai(1)-Jaymie_Ezio's Untap step
Phase: Ai(1)-Jaymie_Ezio's Upkeep step
Add To Stack: Ai(1)-Jaymie_Ezio triggered Queen Marchesa
Add To Stack: Ai(1)-Jaymie_Ezio triggered Queen Marchesa
Resolve Stack: At the beginning of your upkeep, if an opponent is the monarch, create a 1/1 black Assassin creature token with deathtouch and haste. [Phase: Ai(1)-Jaymie_Ezio]
Resolve Stack: At the beginning of your upkeep, if an opponent is the monarch, create a 1/1 black Assassin creature token with deathtouch and haste. [Phase: Ai(1)-Jaymie_Ezio]
Phase: Ai(1)-Jaymie_Ezio's Draw step
Phase: Ai(1)-Jaymie_Ezio's Main phase, precombat
Land: Ai(1)-Jaymie_Ezio played Shadowblood Ridge (55)
Mana: Plains (89) - {T}: Add {W}.
Mana: Island (33) - {T}: Add {U}.
Mana: Mountain (88) - {T}: Add {R}.
Add To Stack: Ai(1)-Jaymie_Ezio cast 
Resolve Stack: Disguise - Creature 2/2
Mana: Tranquil Cove (77) - {T}: Add {W} or {U}.
Mana: Smoldering Marsh (71) - {T}: Add {R}.
Mana: Thriving Grove (27) - {T}: Add {G} or one mana of the chosen color.
Resolve Stack: Ai(1)-Jaymie_Ezio has undisguised Bayek of Siwa
Phase: Ai(1)-Jaymie_Ezio's Beginning of Combat Step
Phase: Ai(1)-Jaymie_Ezio's Declare Attackers Step
Combat: Ai(1)-Jaymie_Ezio assigned Changeling Outcast (14) to attack Ai(3)-Destyn_Turtles.
Phase: Ai(1)-Jaymie_Ezio's Declare Blockers Step
Combat: Ai(3)-Destyn_Turtles didn't block Changeling Outcast (14).
Phase: Ai(1)-Jaymie_Ezio's First Strike Damage Step
Phase: Ai(1)-Jaymie_Ezio's Combat Damage Step
Damage: Changeling Outcast (14) deals 1 combat damage to Ai(3)-Destyn_Turtles.
Life: Life: Ai(3)-Destyn_Turtles 35 > 34
Add To Stack: Ai(3)-Destyn_Turtles triggered The Monarch
Resolve Stack: Whenever a creature deals combat damage to you, its controller becomes the monarch. [Damage Source: Changeling Outcast (14), Damaged: Ai(3)-Destyn_Turtles, Amount: 1]
Phase: Ai(1)-Jaymie_Ezio's End of Combat Step
Phase: Ai(1)-Jaymie_Ezio's Main phase, postcombat
Phase: Ai(1)-Jaymie_Ezio's End step
Add To Stack: Ai(1)-Jaymie_Ezio triggered The Monarch
Resolve Stack: At the beginning of your end step, draw a card. [Phase: Ai(1)-Jaymie_Ezio]
Phase: Ai(1)-Jaymie_Ezio's Cleanup step
Turn: Turn 43 (Ai(3)-Destyn_Turtles)
Phase: Ai(3)-Destyn_Turtles' Untap step
Phase: Ai(3)-Destyn_Turtles' Upkeep step
Phase: Ai(3)-Destyn_Turtles' Draw step
Add To Stack: Ai(3)-Destyn_Turtles triggered Baxter, Fly in the Ointment
Replacement Effect: If one or more +1/+1 counters would be put on a creature you control, that many plus one +1/+1 counters are put on it instead.
Resolve Stack: Whenever you draw a card, put a +1/+1 counter on Baxter. [Player: Ai(3)-Destyn_Turtles]
Phase: Ai(3)-Destyn_Turtles' Main phase, precombat
Mana: Spire Garden (291) - {T}: Add {R} or {G}.
Mana: Undergrowth Stadium (285) - {T}: Add {B} or {G}.
Mana: Sol Ring (255) - {T}: Add {C}{C}.
Mana: Plains (290) - {T}: Add {W}.
Mana: Island (231) - {T}: Add {U}.
Mana: Cinder Glade (218) - {T}: Add {G}.
Add To Stack: Ai(3)-Destyn_Turtles cast Leatherhead, Iron Gator
Resolve Stack: Leatherhead, Iron Gator - Creature 5 / 5
Mana: Sodden Verdure (283) - {T}: Add {G}.
Mana: City of Brass (247) - {T}: Add one mana of any color.
Mana: Sunken Hollow (226) - {T}: Add {B}.
Mana: Big Apple, 3 a.m. (273) - {T}: Add one mana of the chosen color.
Mana: Turtle Lair (271) - {T}: Add {C}.
Add To Stack: Ai(3)-Destyn_Turtles cast Voracious Hydra
Add To Stack: Ai(3)-Destyn_Turtles triggered City of Brass
Damage: City of Brass (247) deals 1 non-combat damage to Ai(3)-Destyn_Turtles.
Life: Life: Ai(3)-Destyn_Turtles 34 > 33
Resolve Stack: Whenever City of Brass becomes tapped, it deals 1 damage to you. [Tapped: City of Brass (247)]
Replacement Effect: Voracious Hydra enters with X +1/+1 counters on it.
Replacement Effect: If one or more +1/+1 counters would be put on a creature you control, that many plus one +1/+1 counters are put on it instead.
Resolve Stack: Voracious Hydra - Creature 0 / 1 (X=3)
Add To Stack: Ai(3)-Destyn_Turtles triggered Voracious Hydra
Damage: Voracious Hydra (222) deals 4 damage to Assassin Initiate (51).
Damage: Assassin Initiate (51) deals 1 damage to Voracious Hydra (222).
Resolve Stack: When Voracious Hydra enters, Voracious Hydra fights target creature you don't control. (Targeting: Assassin Initiate (51)) [Zone Changer: Voracious Hydra (222)]
Zone Change: Assassin Initiate (51) was put into Graveyard from Battlefield.
Phase: Ai(3)-Destyn_Turtles' Beginning of Combat Step
Phase: Ai(3)-Destyn_Turtles' Declare Attackers Step
Combat: Ai(3)-Destyn_Turtles assigned Baxter, Fly in the Ointment (229), Leonardo, the Balance (303), Ray Fillet, Wave Warrior (269), Heroes in a Half Shell (274), Michelangelo, the Heart (301), Donatello, the Brains (282) and Leatherhead, Iron Gator (280) to attack Ai(1)-Jaymie_Ezio.
Add To Stack: Ai(3)-Destyn_Turtles triggered Leatherhead, Iron Gator
Add To Stack: Ai(3)-Destyn_Turtles triggered Baxter, Fly in the Ointment
Resolve Stack: Whenever Baxter enters or attacks, each creature you control with a counter on it gains flying until end of turn. [Attacker: Baxter, Fly in the Ointment (229)]
Replacement Effect: If one or more +1/+1 counters would be put on a creature you control, that many plus one +1/+1 counters are put on it instead.
Replacement Effect: If one or more +1/+1 counters would be put on a creature you control, that many plus one +1/+1 counters are put on it instead.
Replacement Effect: If one or more +1/+1 counters would be put on a creature you control, that many plus one +1/+1 counters are put on it instead.
Replacement Effect: If one or more +1/+1 counters would be put on a creature you control, that many plus one +1/+1 counters are put on it instead.
Replacement Effect: If one or more +1/+1 counters would be put on a creature you control, that many plus one +1/+1 counters are put on it instead.
Replacement Effect: If one or more +1/+1 counters would be put on a creature you control, that many plus one +1/+1 counters are put on it instead.
Replacement Effect: If one or more +1/+1 counters would be put on a creature you control, that many plus one +1/+1 counters are put on it instead.
Replacement Effect: If one or more +1/+1 counters would be put on a creature you control, that many plus one +1/+1 counters are put on it instead.
Resolve Stack: Whenever Leatherhead attacks, put two +1/+1 counters on each creature you control. [Attacker: Leatherhead, Iron Gator (280)]
Phase: Ai(3)-Destyn_Turtles' Declare Blockers Step
Combat: Ai(1)-Jaymie_Ezio didn't block Baxter, Fly in the Ointment (229).
Ai(1)-Jaymie_Ezio didn't block Leonardo, the Balance (303).
Ai(1)-Jaymie_Ezio didn't block Ray Fillet, Wave Warrior (269).
Ai(1)-Jaymie_Ezio didn't block Heroes in a Half Shell (274).
Ai(1)-Jaymie_Ezio didn't block Michelangelo, the Heart (301).
Ai(1)-Jaymie_Ezio didn't block Donatello, the Brains (282).
Ai(1)-Jaymie_Ezio assigned Assassin Token (478), Ezio Auditore da Firenze (100), Queen Marchesa (31), Assassin Token (480) and Bayek of Siwa (49) to block Leatherhead, Iron Gator (280).
Phase: Ai(3)-Destyn_Turtles' First Strike Damage Step
Damage: Bayek of Siwa (49) deals 3 damage to Leatherhead, Iron Gator (280).
Phase: Ai(3)-Destyn_Turtles' Combat Damage Step
Damage: Baxter, Fly in the Ointment (229) deals 35 combat damage to Ai(1)-Jaymie_Ezio.
Damage: Leonardo, the Balance (303) deals 14 combat damage to Ai(1)-Jaymie_Ezio.
Damage: Ray Fillet, Wave Warrior (269) deals 12 combat damage to Ai(1)-Jaymie_Ezio.
Damage: Heroes in a Half Shell (274) deals 12 combat damage to Ai(1)-Jaymie_Ezio.
Damage: Michelangelo, the Heart (301) deals 9 combat damage to Ai(1)-Jaymie_Ezio.
Damage: Donatello, the Brains (282) deals 9 combat damage to Ai(1)-Jaymie_Ezio.
Damage: Leatherhead, Iron Gator (280) deals 4 damage to Bayek of Siwa (49).
Damage: Leatherhead, Iron Gator (280) deals 1 damage to Assassin Token (478).
Damage: Leatherhead, Iron Gator (280) deals 3 damage to Queen Marchesa (31).
Damage: Assassin Token (478) deals 1 damage (Deathtouch) to Leatherhead, Iron Gator (280).
Damage: Ezio Auditore da Firenze (100) deals 3 damage to Leatherhead, Iron Gator (280).
Damage: Queen Marchesa (31) deals 3 damage (Deathtouch) to Leatherhead, Iron Gator (280).
Damage: Assassin Token (480) deals 1 damage (Deathtouch) to Leatherhead, Iron Gator (280).
Damage: Bayek of Siwa (49) deals 3 damage to Leatherhead, Iron Gator (280).
Life: Life: Ai(1)-Jaymie_Ezio 6 > -85
Player Control: Ai(1)-Jaymie_Ezio has restored control over themself
Player Control: Ai(2)-Gabe_Food has restored control over themself
Player Control: Ai(3)-Destyn_Turtles has restored control over themself
Player Control: Ai(4)-GGS_Cover_diagnostic has restored control over themself
Game Outcome: Match Duration 1m : 15s
Game Outcome: Turn 22
Game Outcome: Ai(1)-Jaymie_Ezio has lost because life total reached 0
Game Outcome: Ai(2)-Gabe_Food has lost because life total reached 0
Game Outcome: Ai(3)-Destyn_Turtles has won because all opponents have lost
Game Outcome: Ai(4)-GGS_Cover_diagnostic has lost because life total reached 0
Match Result: Ai(1)-Jaymie_Ezio: 0 Ai(2)-Gabe_Food: 0 Ai(3)-Destyn_Turtles: 1 Ai(4)-GGS_Cover_diagnostic: 0 

Game Result: Game 1 ended in 77134 ms. Ai(3)-Destyn_Turtles has won!

