path,calls,inclusive_ns,exclusive_ns
Game AI Eval :: alternative-costs,18712,308445930,188407102
Game AI Eval :: alternative-costs > restore-live-state,5,1318758,5930
Game AI Eval :: alternative-costs > restore-live-state > static-rebuild-live,5,1312828,474081
Game AI Eval :: alternative-costs > restore-live-state > static-rebuild-live > static-apply-before,43,319728,33853
Game AI Eval :: alternative-costs > restore-live-state > static-rebuild-live > static-apply-before > static-affected-cards,43,166144,166144
Game AI Eval :: alternative-costs > restore-live-state > static-rebuild-live > static-apply-before > static-effect-body,43,119731,115935
Game AI Eval :: alternative-costs > restore-live-state > static-rebuild-live > static-apply-before > static-effect-body > static-affected-players,43,3796,3796
Game AI Eval :: alternative-costs > restore-live-state > static-rebuild-live > static-clear,5,58447,58447
Game AI Eval :: alternative-costs > restore-live-state > static-rebuild-live > static-collect,5,337111,337111
Game AI Eval :: alternative-costs > restore-live-state > static-rebuild-live > static-dependencies,33,123461,25047
Game AI Eval :: alternative-costs > restore-live-state > static-rebuild-live > static-dependencies > static-affected-cards,12,8723,8723
Game AI Eval :: alternative-costs > restore-live-state > static-rebuild-live > static-dependencies > static-apply-before,7,87919,12769
Game AI Eval :: alternative-costs > restore-live-state > static-rebuild-live > static-dependencies > static-apply-before > static-affected-cards,7,70334,70334
Game AI Eval :: alternative-costs > restore-live-state > static-rebuild-live > static-dependencies > static-apply-before > static-effect-body,7,4816,3836
Game AI Eval :: alternative-costs > restore-live-state > static-rebuild-live > static-dependencies > static-apply-before > static-effect-body > static-affected-players,7,980,980
Game AI Eval :: alternative-costs > restore-live-state > static-rebuild-live > static-dependencies > static-undo,7,1772,1772
Game AI Eval :: alternative-costs > stack-eligibility,437,116268511,116268511
Game AI Eval :: alternative-costs > stack-keyword-rebuild,5,2451559,31217
Game AI Eval :: alternative-costs > stack-keyword-rebuild > static-rebuild-hypothetical,5,2420342,627815
Game AI Eval :: alternative-costs > stack-keyword-rebuild > static-rebuild-hypothetical > static-apply-before,43,875240,55995
Game AI Eval :: alternative-costs > stack-keyword-rebuild > static-rebuild-hypothetical > static-apply-before > static-affected-cards,43,290399,290399
Game AI Eval :: alternative-costs > stack-keyword-rebuild > static-rebuild-hypothetical > static-apply-before > static-effect-body,43,528846,523728
Game AI Eval :: alternative-costs > stack-keyword-rebuild > static-rebuild-hypothetical > static-apply-before > static-effect-body > static-affected-players,43,5118,5118
Game AI Eval :: alternative-costs > stack-keyword-rebuild > static-rebuild-hypothetical > static-clear,5,86997,86997
Game AI Eval :: alternative-costs > stack-keyword-rebuild > static-rebuild-hypothetical > static-collect,5,414835,414835
Game AI Eval :: alternative-costs > stack-keyword-rebuild > static-rebuild-hypothetical > static-dependencies,33,415455,37166
Game AI Eval :: alternative-costs > stack-keyword-rebuild > static-rebuild-hypothetical > static-dependencies > static-affected-cards,12,32427,32427
Game AI Eval :: alternative-costs > stack-keyword-rebuild > static-rebuild-hypothetical > static-dependencies > static-apply-before,7,302838,9585
Game AI Eval :: alternative-costs > stack-keyword-rebuild > static-rebuild-hypothetical > static-dependencies > static-apply-before > static-affected-cards,7,111635,111635
Game AI Eval :: alternative-costs > stack-keyword-rebuild > static-rebuild-hypothetical > static-dependencies > static-apply-before > static-effect-body,7,181618,179925
Game AI Eval :: alternative-costs > stack-keyword-rebuild > static-rebuild-hypothetical > static-dependencies > static-apply-before > static-effect-body > static-affected-players,7,1693,1693
Game AI Eval :: alternative-costs > stack-keyword-rebuild > static-rebuild-hypothetical > static-dependencies > static-undo,7,43024,43024
Game AI Eval :: candidate-pay,18005,12876120241,1182244149
Game AI Eval :: candidate-pay > block-legality,1,13140,361
Game AI Eval :: candidate-pay > block-legality > block-legality,1,12779,12779
Game AI Eval :: candidate-pay > candidate-play,9961,11691466785,1176083608
Game AI Eval :: candidate-pay > candidate-play > attack-search,52,3911858510,307149239
Game AI Eval :: candidate-pay > candidate-play > attack-search > attacker-blockability,182,5934546,499847
Game AI Eval :: candidate-pay > candidate-play > attack-search > attacker-blockability > block-legality,750,5434699,194282
Game AI Eval :: candidate-pay > candidate-play > attack-search > attacker-blockability > block-legality > block-legality,750,5240417,2584858
Game AI Eval :: candidate-pay > candidate-play > attack-search > attacker-blockability > block-legality > block-legality > block-legality,750,2655559,2655559
Game AI Eval :: candidate-pay > candidate-play > attack-search > block-assignBlockers,147,419270950,20509243
Game AI Eval :: candidate-pay > candidate-play > attack-search > block-assignBlockers > attacker-blockability,147,723913,723913
Game AI Eval :: candidate-pay > candidate-play > attack-search > block-assignBlockers > block-legality,976,5094839,1534506
Game AI Eval :: candidate-pay > candidate-play > attack-search > block-assignBlockers > block-legality > block-legality,976,3560333,274286
Game AI Eval :: candidate-pay > candidate-play > attack-search > block-assignBlockers > block-legality > block-legality > block-legality,976,3286047,3286047
Game AI Eval :: candidate-pay > candidate-play > attack-search > block-assignBlockers > block-makeChumpBlocksToSavePW,147,23147128,3710580
Game AI Eval :: candidate-pay > candidate-play > attack-search > block-assignBlockers > block-makeChumpBlocksToSavePW > evaluate-creature,887,19436548,19436548
Game AI Eval :: candidate-pay > candidate-play > attack-search > block-assignBlockers > block-makeGangBlocks,147,120382805,61518851
Game AI Eval :: candidate-pay > candidate-play > attack-search > block-assignBlockers > block-makeGangBlocks > block-getPossibleBlockers,134,17544915,329596
Game AI Eval :: candidate-pay > candidate-play > attack-search > block-assignBlockers > block-makeGangBlocks > block-getPossibleBlockers > block-legality,810,17215319,1742242
Game AI Eval :: candidate-pay > candidate-play > attack-search > block-assignBlockers > block-makeGangBlocks > block-getPossibleBlockers > block-legality > attacker-blockability,810,3584515,3584515
Game AI Eval :: candidate-pay > candidate-play > attack-search > block-assignBlockers > block-makeGangBlocks > block-getPossibleBlockers > block-legality > block-legality,1620,9668373,1438458
Game AI Eval :: candidate-pay > candidate-play > attack-search > block-assignBlockers > block-makeGangBlocks > block-getPossibleBlockers > block-legality > block-legality > block-legality,1620,8229915,2982016
Game AI Eval :: candidate-pay > candidate-play > attack-search > block-assignBlockers > block-makeGangBlocks > block-getPossibleBlockers > block-legality > block-legality > block-legality > block-legality,1620,5247899,5247899
Game AI Eval :: candidate-pay > candidate-play > attack-search > block-assignBlockers > block-makeGangBlocks > block-getPossibleBlockers > block-legality > block-requirements,810,2220189,1362643
Game AI Eval :: candidate-pay > candidate-play > attack-search > block-assignBlockers > block-makeGangBlocks > block-getPossibleBlockers > block-legality > block-requirements > block-cost,810,857546,857546
Game AI Eval :: candidate-pay > candidate-play > attack-search > block-assignBlockers > block-makeGangBlocks > block-legality,14,348596,42531
Game AI Eval :: candidate-pay > candidate-play > attack-search > block-assignBlockers > block-makeGangBlocks > block-legality > attacker-blockability,14,73940,73940
Game AI Eval :: candidate-pay > candidate-play > attack-search > block-assignBlockers > block-makeGangBlocks > block-legality > block-legality,28,186768,34602
Game AI Eval :: candidate-pay > candidate-play > attack-search > block-assignBlockers > block-makeGangBlocks > block-legality > block-legality > block-legality,28,152166,56286
Game AI Eval :: candidate-pay > candidate-play > attack-search > block-assignBlockers > block-makeGangBlocks > block-legality > block-legality > block-legality > block-legality,28,95880,95880
Game AI Eval :: candidate-pay > candidate-play > attack-search > block-assignBlockers > block-makeGangBlocks > block-legality > block-requirements,14,45357,27861
Game AI Eval :: candidate-pay > candidate-play > attack-search > block-assignBlockers > block-makeGangBlocks > block-legality > block-requirements > block-cost,14,17496,17496
Game AI Eval :: candidate-pay > candidate-play > attack-search > block-assignBlockers > block-makeGangBlocks > evaluate-creature,1030,21434825,21434825
Game AI Eval :: candidate-pay > candidate-play > attack-search > block-assignBlockers > block-makeGangBlocks > predict-damage,2295,19535618,19535618
Game AI Eval :: candidate-pay > candidate-play > attack-search > block-assignBlockers > block-makeGangNonLethalBlocks,147,7307025,161230
Game AI Eval :: candidate-pay > candidate-play > attack-search > block-assignBlockers > block-makeGangNonLethalBlocks > block-getPossibleBlockers,4,2343578,14121
Game AI Eval :: candidate-pay > candidate-play > attack-search > block-assignBlockers > block-makeGangNonLethalBlocks > block-getPossibleBlockers > block-legality,21,2329457,53031
Game AI Eval :: candidate-pay > candidate-play > attack-search > block-assignBlockers > block-makeGangNonLethalBlocks > block-getPossibleBlockers > block-legality > attacker-blockability,21,102011,102011
Game AI Eval :: candidate-pay > candidate-play > attack-search > block-assignBlockers > block-makeGangNonLethalBlocks > block-getPossibleBlockers > block-legality > block-legality,42,2107066,44786
Game AI Eval :: candidate-pay > candidate-play > attack-search > block-assignBlockers > block-makeGangNonLethalBlocks > block-getPossibleBlockers > block-legality > block-legality > block-legality,42,2062280,82521
Game AI Eval :: candidate-pay > candidate-play > attack-search > block-assignBlockers > block-makeGangNonLethalBlocks > block-getPossibleBlockers > block-legality > block-legality > block-legality > block-legality,42,1979759,1979759
Game AI Eval :: candidate-pay > candidate-play > attack-search > block-assignBlockers > block-makeGangNonLethalBlocks > block-getPossibleBlockers > block-legality > block-requirements,21,67349,40691
Game AI Eval :: candidate-pay > candidate-play > attack-search > block-assignBlockers > block-makeGangNonLethalBlocks > block-getPossibleBlockers > block-legality > block-requirements > block-cost,21,26658,26658
Game AI Eval :: candidate-pay > candidate-play > attack-search > block-assignBlockers > block-makeGangNonLethalBlocks > block-getSafeBlockers,4,4802217,9162
Game AI Eval :: candidate-pay > candidate-play > attack-search > block-assignBlockers > block-makeGangNonLethalBlocks > block-getSafeBlockers > destroy-blocker,21,4793055,4365101
Game AI Eval :: candidate-pay > candidate-play > attack-search > block-assignBlockers > block-makeGangNonLethalBlocks > block-getSafeBlockers > destroy-blocker > predict-damage,42,427954,427954
Game AI Eval :: candidate-pay > candidate-play > attack-search > block-assignBlockers > block-makeGoodBlocks,147,168858763,5154776
Game AI Eval :: candidate-pay > candidate-play > attack-search > block-assignBlockers > block-makeGoodBlocks > block-getKillingBlockers,141,46642947,202023
Game AI Eval :: candidate-pay > candidate-play > attack-search > block-assignBlockers > block-makeGoodBlocks > block-getKillingBlockers > destroy-attacker,366,46440924,40507816
Game AI Eval :: candidate-pay > candidate-play > attack-search > block-assignBlockers > block-makeGoodBlocks > block-getKillingBlockers > destroy-attacker > predict-damage,732,5933108,5933108
Game AI Eval :: candidate-pay > candidate-play > attack-search > block-assignBlockers > block-makeGoodBlocks > block-getPossibleBlockers,202,26078360,568418
Game AI Eval :: candidate-pay > candidate-play > attack-search > block-assignBlockers > block-makeGoodBlocks > block-getPossibleBlockers > block-legality,1210,25509942,2668815
Game AI Eval :: candidate-pay > candidate-play > attack-search > block-assignBlockers > block-makeGoodBlocks > block-getPossibleBlockers > block-legality > attacker-blockability,1210,5627282,5627282
Game AI Eval :: candidate-pay > candidate-play > attack-search > block-assignBlockers > block-makeGoodBlocks > block-getPossibleBlockers > block-legality > block-legality,2420,13963014,2139191
Game AI Eval :: candidate-pay > candidate-play > attack-search > block-assignBlockers > block-makeGoodBlocks > block-getPossibleBlockers > block-legality > block-legality > block-legality,2420,11823823,4423517
Game AI Eval :: candidate-pay > candidate-play > attack-search > block-assignBlockers > block-makeGoodBlocks > block-getPossibleBlockers > block-legality > block-legality > block-legality > block-legality,2420,7400306,7400306
Game AI Eval :: candidate-pay > candidate-play > attack-search > block-assignBlockers > block-makeGoodBlocks > block-getPossibleBlockers > block-legality > block-requirements,1210,3250831,1885927
Game AI Eval :: candidate-pay > candidate-play > attack-search > block-assignBlockers > block-makeGoodBlocks > block-getPossibleBlockers > block-legality > block-requirements > block-cost,1210,1364904,1364904
Game AI Eval :: candidate-pay > candidate-play > attack-search > block-assignBlockers > block-makeGoodBlocks > block-getSafeBlockers,141,90321518,333181
Game AI Eval :: candidate-pay > candidate-play > attack-search > block-assignBlockers > block-makeGoodBlocks > block-getSafeBlockers > destroy-blocker,673,89988337,78299081
Game AI Eval :: candidate-pay > candidate-play > attack-search > block-assignBlockers > block-makeGoodBlocks > block-getSafeBlockers > destroy-blocker > predict-damage,1346,11689256,11689256
Game AI Eval :: candidate-pay > candidate-play > attack-search > block-assignBlockers > block-makeGoodBlocks > evaluate-creature,32,661162,661162
Game AI Eval :: candidate-pay > candidate-play > attack-search > block-assignBlockers > block-makeRequiredBlocks,147,4092853,1497608
Game AI Eval :: candidate-pay > candidate-play > attack-search > block-assignBlockers > block-makeRequiredBlocks > block-requirements,887,2595245,1622189
Game AI Eval :: candidate-pay > candidate-play > attack-search > block-assignBlockers > block-makeRequiredBlocks > block-requirements > block-cost,887,973056,973056
Game AI Eval :: candidate-pay > candidate-play > attack-search > block-assignBlockers > block-makeTradeBlocks,147,31945469,2740606
Game AI Eval :: candidate-pay > candidate-play > attack-search > block-assignBlockers > block-makeTradeBlocks > block-getKillingBlockers,56,21855506,77645
Game AI Eval :: candidate-pay > candidate-play > attack-search > block-assignBlockers > block-makeTradeBlocks > block-getKillingBlockers > destroy-attacker,156,21777861,18846263
Game AI Eval :: candidate-pay > candidate-play > attack-search > block-assignBlockers > block-makeTradeBlocks > block-getKillingBlockers > destroy-attacker > predict-damage,312,2931598,2931598
Game AI Eval :: candidate-pay > candidate-play > attack-search > block-assignBlockers > block-makeTradeBlocks > block-getPossibleBlockers,56,7349357,137723
Game AI Eval :: candidate-pay > candidate-play > attack-search > block-assignBlockers > block-makeTradeBlocks > block-getPossibleBlockers > block-legality,329,7211634,766824
Game AI Eval :: candidate-pay > candidate-play > attack-search > block-assignBlockers > block-makeTradeBlocks > block-getPossibleBlockers > block-legality > attacker-blockability,329,1502149,1502149
Game AI Eval :: candidate-pay > candidate-play > attack-search > block-assignBlockers > block-makeTradeBlocks > block-getPossibleBlockers > block-legality > block-legality,658,4054303,627120
Game AI Eval :: candidate-pay > candidate-play > attack-search > block-assignBlockers > block-makeTradeBlocks > block-getPossibleBlockers > block-legality > block-legality > block-legality,658,3427183,1263918
Game AI Eval :: candidate-pay > candidate-play > attack-search > block-assignBlockers > block-makeTradeBlocks > block-getPossibleBlockers > block-legality > block-legality > block-legality > block-legality,658,2163265,2163265
Game AI Eval :: candidate-pay > candidate-play > attack-search > block-assignBlockers > block-makeTradeBlocks > block-getPossibleBlockers > block-legality > block-requirements,329,888358,544337
Game AI Eval :: candidate-pay > candidate-play > attack-search > block-assignBlockers > block-makeTradeBlocks > block-getPossibleBlockers > block-legality > block-requirements > block-cost,329,344021,344021
Game AI Eval :: candidate-pay > candidate-play > attack-search > block-assignBlockers > block-reinforceBlockersToKill,147,10458051,2617264
Game AI Eval :: candidate-pay > candidate-play > attack-search > block-assignBlockers > block-reinforceBlockersToKill > block-getPossibleBlockers,6,977218,25220
Game AI Eval :: candidate-pay > candidate-play > attack-search > block-assignBlockers > block-reinforceBlockersToKill > block-getPossibleBlockers > block-legality,48,951998,77511
Game AI Eval :: candidate-pay > candidate-play > attack-search > block-assignBlockers > block-reinforceBlockersToKill > block-getPossibleBlockers > block-legality > attacker-blockability,42,218187,218187
Game AI Eval :: candidate-pay > candidate-play > attack-search > block-assignBlockers > block-reinforceBlockersToKill > block-getPossibleBlockers > block-legality > block-legality,90,556115,98846
Game AI Eval :: candidate-pay > candidate-play > attack-search > block-assignBlockers > block-reinforceBlockersToKill > block-getPossibleBlockers > block-legality > block-legality > block-legality,84,457269,145184
Game AI Eval :: candidate-pay > candidate-play > attack-search > block-assignBlockers > block-reinforceBlockersToKill > block-getPossibleBlockers > block-legality > block-legality > block-legality > block-legality,84,312085,312085
Game AI Eval :: candidate-pay > candidate-play > attack-search > block-assignBlockers > block-reinforceBlockersToKill > block-getPossibleBlockers > block-legality > block-requirements,42,100185,47764
Game AI Eval :: candidate-pay > candidate-play > attack-search > block-assignBlockers > block-reinforceBlockersToKill > block-getPossibleBlockers > block-legality > block-requirements > block-cost,42,52421,52421
Game AI Eval :: candidate-pay > candidate-play > attack-search > block-assignBlockers > block-reinforceBlockersToKill > block-getSafeBlockers,6,5869653,22142
Game AI Eval :: candidate-pay > candidate-play > attack-search > block-assignBlockers > block-reinforceBlockersToKill > block-getSafeBlockers > destroy-blocker,42,5847511,5019074
Game AI Eval :: candidate-pay > candidate-play > attack-search > block-assignBlockers > block-reinforceBlockersToKill > block-getSafeBlockers > destroy-blocker > predict-damage,84,828437,828437
Game AI Eval :: candidate-pay > candidate-play > attack-search > block-assignBlockers > block-reinforceBlockersToKill > block-legality,2,44736,7211
Game AI Eval :: candidate-pay > candidate-play > attack-search > block-assignBlockers > block-reinforceBlockersToKill > block-legality > attacker-blockability,2,8612,8612
Game AI Eval :: candidate-pay > candidate-play > attack-search > block-assignBlockers > block-reinforceBlockersToKill > block-legality > block-legality,4,23705,4707
Game AI Eval :: candidate-pay > candidate-play > attack-search > block-assignBlockers > block-reinforceBlockersToKill > block-legality > block-legality > block-legality,4,18998,7501
Game AI Eval :: candidate-pay > candidate-play > attack-search > block-assignBlockers > block-reinforceBlockersToKill > block-legality > block-legality > block-legality > block-legality,4,11497,11497
Game AI Eval :: candidate-pay > candidate-play > attack-search > block-assignBlockers > block-reinforceBlockersToKill > block-legality > block-requirements,2,5208,3206
Game AI Eval :: candidate-pay > candidate-play > attack-search > block-assignBlockers > block-reinforceBlockersToKill > block-legality > block-requirements > block-cost,2,2002,2002
Game AI Eval :: candidate-pay > candidate-play > attack-search > block-assignBlockers > block-reinforceBlockersToKill > evaluate-creature,12,212968,212968
Game AI Eval :: candidate-pay > candidate-play > attack-search > block-assignBlockers > block-reinforceBlockersToKill > predict-damage,90,736212,736212
Game AI Eval :: candidate-pay > candidate-play > attack-search > block-assignBlockers > block-removeUnpayableBlocks,147,9705929,9569208
Game AI Eval :: candidate-pay > candidate-play > attack-search > block-assignBlockers > block-removeUnpayableBlocks > block-cost,98,136721,136721
Game AI Eval :: candidate-pay > candidate-play > attack-search > block-assignBlockers > life-danger,147,17044932,17044932
Game AI Eval :: candidate-pay > candidate-play > attack-search > block-legality,3073,21043608,4719468
Game AI Eval :: candidate-pay > candidate-play > attack-search > block-legality > block-legality,3073,16324140,10612186
Game AI Eval :: candidate-pay > candidate-play > attack-search > block-legality > block-legality > block-legality,1743,5711954,5711954
Game AI Eval :: candidate-pay > candidate-play > attack-search > destroy-attacker,645,88567550,76039568
Game AI Eval :: candidate-pay > candidate-play > attack-search > destroy-attacker > predict-damage,1290,12527982,12527982
Game AI Eval :: candidate-pay > candidate-play > attack-search > destroy-blocker,505,73664742,64956818
Game AI Eval :: candidate-pay > candidate-play > attack-search > destroy-blocker > predict-damage,1010,8707924,8707924
Game AI Eval :: candidate-pay > candidate-play > attack-search > evaluate-creature,372,8308774,8308774
Game AI Eval :: candidate-pay > candidate-play > attack-search > forecast-combat,134,2981266528,396072126
Game AI Eval :: candidate-pay > candidate-play > attack-search > forecast-combat > block-search,383,2549269059,1757989
Game AI Eval :: candidate-pay > candidate-play > attack-search > forecast-combat > block-search > block-assignBlockers,383,2260637365,39024917
Game AI Eval :: candidate-pay > candidate-play > attack-search > forecast-combat > block-search > block-assignBlockers > attacker-blockability,2376,7865089,7865089
Game AI Eval :: candidate-pay > candidate-play > attack-search > forecast-combat > block-search > block-assignBlockers > block-legality,928,5529924,1706300
Game AI Eval :: candidate-pay > candidate-play > attack-search > forecast-combat > block-search > block-assignBlockers > block-legality > block-legality,928,3823624,318794
Game AI Eval :: candidate-pay > candidate-play > attack-search > forecast-combat > block-search > block-assignBlockers > block-legality > block-legality > block-legality,928,3504830,3504830
Game AI Eval :: candidate-pay > candidate-play > attack-search > forecast-combat > block-search > block-assignBlockers > block-makeChumpBlocks,85,135592342,239751
Game AI Eval :: candidate-pay > candidate-play > attack-search > forecast-combat > block-search > block-assignBlockers > block-makeChumpBlocks > block-makeChumpBlocks,85,125805695,95303
Game AI Eval :: candidate-pay > candidate-play > attack-search > forecast-combat > block-search > block-assignBlockers > block-makeChumpBlocks > block-makeChumpBlocks > block-makeChumpBlocks,85,125710392,4382715
Game AI Eval :: candidate-pay > candidate-play > attack-search > forecast-combat > block-search > block-assignBlockers > block-makeChumpBlocks > block-makeChumpBlocks > block-makeChumpBlocks > block-getPossibleBlockers,69,5144631,169486
Game AI Eval :: candidate-pay > candidate-play > attack-search > forecast-combat > block-search > block-assignBlockers > block-makeChumpBlocks > block-makeChumpBlocks > block-makeChumpBlocks > block-getPossibleBlockers > block-legality,221,4975145,352139
Game AI Eval :: candidate-pay > candidate-play > attack-search > forecast-combat > block-search > block-assignBlockers > block-makeChumpBlocks > block-makeChumpBlocks > block-makeChumpBlocks > block-getPossibleBlockers > block-legality > attacker-blockability,107,638905,638905
Game AI Eval :: candidate-pay > candidate-play > attack-search > forecast-combat > block-search > block-assignBlockers > block-makeChumpBlocks > block-makeChumpBlocks > block-makeChumpBlocks > block-getPossibleBlockers > block-legality > block-legality,328,1721193,354537
Game AI Eval :: candidate-pay > candidate-play > attack-search > forecast-combat > block-search > block-assignBlockers > block-makeChumpBlocks > block-makeChumpBlocks > block-makeChumpBlocks > block-getPossibleBlockers > block-legality > block-legality > block-legality,214,1366656,479591
Game AI Eval :: candidate-pay > candidate-play > attack-search > forecast-combat > block-search > block-assignBlockers > block-makeChumpBlocks > block-makeChumpBlocks > block-makeChumpBlocks > block-getPossibleBlockers > block-legality > block-legality > block-legality > block-legality,214,887065,887065
Game AI Eval :: candidate-pay > candidate-play > attack-search > forecast-combat > block-search > block-assignBlockers > block-makeChumpBlocks > block-makeChumpBlocks > block-makeChumpBlocks > block-getPossibleBlockers > block-legality > block-requirements,107,2262908,1298123
Game AI Eval :: candidate-pay > candidate-play > attack-search > forecast-combat > block-search > block-assignBlockers > block-makeChumpBlocks > block-makeChumpBlocks > block-makeChumpBlocks > block-getPossibleBlockers > block-legality > block-requirements > block-cost,689,964785,964785
Game AI Eval :: candidate-pay > candidate-play > attack-search > forecast-combat > block-search > block-assignBlockers > block-makeChumpBlocks > block-makeChumpBlocks > block-makeChumpBlocks > block-makeChumpBlocks,83,55256949,1200524
Game AI Eval :: candidate-pay > candidate-play > attack-search > forecast-combat > block-search > block-assignBlockers > block-makeChumpBlocks > block-makeChumpBlocks > block-makeChumpBlocks > block-makeChumpBlocks > block-getPossibleBlockers,33,1181501,50784
Game AI Eval :: candidate-pay > candidate-play > attack-search > forecast-combat > block-search > block-assignBlockers > block-makeChumpBlocks > block-makeChumpBlocks > block-makeChumpBlocks > block-makeChumpBlocks > block-getPossibleBlockers > block-legality,89,1130717,103477
Game AI Eval :: candidate-pay > candidate-play > attack-search > forecast-combat > block-search > block-assignBlockers > block-makeChumpBlocks > block-makeChumpBlocks > block-makeChumpBlocks > block-makeChumpBlocks > block-getPossibleBlockers > block-legality > attacker-blockability,26,143603,143603
Game AI Eval :: candidate-pay > candidate-play > attack-search > forecast-combat > block-search > block-assignBlockers > block-makeChumpBlocks > block-makeChumpBlocks > block-makeChumpBlocks > block-makeChumpBlocks > block-getPossibleBlockers > block-legality > block-legality,115,372786,99233
Game AI Eval :: candidate-pay > candidate-play > attack-search > forecast-combat > block-search > block-assignBlockers > block-makeChumpBlocks > block-makeChumpBlocks > block-makeChumpBlocks > block-makeChumpBlocks > block-getPossibleBlockers > block-legality > block-legality > block-legality,52,273553,96820
Game AI Eval :: candidate-pay > candidate-play > attack-search > forecast-combat > block-search > block-assignBlockers > block-makeChumpBlocks > block-makeChumpBlocks > block-makeChumpBlocks > block-makeChumpBlocks > block-getPossibleBlockers > block-legality > block-legality > block-legality > block-legality,52,176733,176733
Game AI Eval :: candidate-pay > candidate-play > attack-search > forecast-combat > block-search > block-assignBlockers > block-makeChumpBlocks > block-makeChumpBlocks > block-makeChumpBlocks > block-makeChumpBlocks > block-getPossibleBlockers > block-legality > block-requirements,26,510851,299997
Game AI Eval :: candidate-pay > candidate-play > attack-search > forecast-combat > block-search > block-assignBlockers > block-makeChumpBlocks > block-makeChumpBlocks > block-makeChumpBlocks > block-makeChumpBlocks > block-getPossibleBlockers > block-legality > block-requirements > block-cost,194,210854,210854
Game AI Eval :: candidate-pay > candidate-play > attack-search > forecast-combat > block-search > block-assignBlockers > block-makeChumpBlocks > block-makeChumpBlocks > block-makeChumpBlocks > block-makeChumpBlocks > block-makeChumpBlocks,64,20898383,877460
Game AI Eval :: candidate-pay > candidate-play > attack-search > forecast-combat > block-search > block-assignBlockers > block-makeChumpBlocks > block-makeChumpBlocks > block-makeChumpBlocks > block-makeChumpBlocks > block-makeChumpBlocks > block-getPossibleBlockers,32,1196696,42314
Game AI Eval :: candidate-pay > candidate-play > attack-search > forecast-combat > block-search > block-assignBlockers > block-makeChumpBlocks > block-makeChumpBlocks > block-makeChumpBlocks > block-makeChumpBlocks > block-makeChumpBlocks > block-getPossibleBlockers > block-legality,83,1154382,127807
Game AI Eval :: candidate-pay > candidate-play > attack-search > forecast-combat > block-search > block-assignBlockers > block-makeChumpBlocks > block-makeChumpBlocks > block-makeChumpBlocks > block-makeChumpBlocks > block-makeChumpBlocks > block-getPossibleBlockers > block-legality > attacker-blockability,18,126499,126499
Game AI Eval :: candidate-pay > candidate-play > attack-search > forecast-combat > block-search > block-assignBlockers > block-makeChumpBlocks > block-makeChumpBlocks > block-makeChumpBlocks > block-makeChumpBlocks > block-makeChumpBlocks > block-getPossibleBlockers > block-legality > block-legality,101,333954,85745
Game AI Eval :: candidate-pay > candidate-play > attack-search > forecast-combat > block-search > block-assignBlockers > block-makeChumpBlocks > block-makeChumpBlocks > block-makeChumpBlocks > block-makeChumpBlocks > block-makeChumpBlocks > block-getPossibleBlockers > block-legality > block-legality > block-legality,36,248209,79676
Game AI Eval :: candidate-pay > candidate-play > attack-search > forecast-combat > block-search > block-assignBlockers > block-makeChumpBlocks > block-makeChumpBlocks > block-makeChumpBlocks > block-makeChumpBlocks > block-makeChumpBlocks > block-getPossibleBlockers > block-legality > block-legality > block-legality > block-legality,36,168533,168533
Game AI Eval :: candidate-pay > candidate-play > attack-search > forecast-combat > block-search > block-assignBlockers > block-makeChumpBlocks > block-makeChumpBlocks > block-makeChumpBlocks > block-makeChumpBlocks > block-makeChumpBlocks > block-getPossibleBlockers > block-legality > block-requirements,18,566122,301221
Game AI Eval :: candidate-pay > candidate-play > attack-search > forecast-combat > block-search > block-assignBlockers > block-makeChumpBlocks > block-makeChumpBlocks > block-makeChumpBlocks > block-makeChumpBlocks > block-makeChumpBlocks > block-getPossibleBlockers > block-legality > block-requirements > block-cost,162,264901,264901
Game AI Eval :: candidate-pay > candidate-play > attack-search > forecast-combat > block-search > block-assignBlockers > block-makeChumpBlocks > block-makeChumpBlocks > block-makeChumpBlocks > block-makeChumpBlocks > block-makeChumpBlocks > block-makeChumpBlocks,57,10218383,282945
Game AI Eval :: candidate-pay > candidate-play > attack-search > forecast-combat > block-search > block-assignBlockers > block-makeChumpBlocks > block-makeChumpBlocks > block-makeChumpBlocks > block-makeChumpBlocks > block-makeChumpBlocks > block-makeChumpBlocks > block-getPossibleBlockers,17,60388,21923
Game AI Eval :: candidate-pay > candidate-play > attack-search > forecast-combat > block-search > block-assignBlockers > block-makeChumpBlocks > block-makeChumpBlocks > block-makeChumpBlocks > block-makeChumpBlocks > block-makeChumpBlocks > block-makeChumpBlocks > block-getPossibleBlockers > block-legality,46,38465,24345
Game AI Eval :: candidate-pay > candidate-play > attack-search > forecast-combat > block-search > block-assignBlockers > block-makeChumpBlocks > block-makeChumpBlocks > block-makeChumpBlocks > block-makeChumpBlocks > block-makeChumpBlocks > block-makeChumpBlocks > block-getPossibleBlockers > block-legality > block-legality,46,14120,14120
Game AI Eval :: candidate-pay > candidate-play > attack-search > forecast-combat > block-search > block-assignBlockers > block-makeChumpBlocks > block-makeChumpBlocks > block-makeChumpBlocks > block-makeChumpBlocks > block-makeChumpBlocks > block-makeChumpBlocks > block-makeChumpBlocks,53,1607627,804155
Game AI Eval :: candidate-pay > candidate-play > attack-search > forecast-combat > block-search > block-assignBlockers > block-makeChumpBlocks > block-makeChumpBlocks > block-makeChumpBlocks > block-makeChumpBlocks > block-makeChumpBlocks > block-makeChumpBlocks > block-makeChumpBlocks > block-getPossibleBlockers,15,55152,20292
Game AI Eval :: candidate-pay > candidate-play > attack-search > forecast-combat > block-search > block-assignBlockers > block-makeChumpBlocks > block-makeChumpBlocks > block-makeChumpBlocks > block-makeChumpBlocks > block-makeChumpBlocks > block-makeChumpBlocks > block-makeChumpBlocks > block-getPossibleBlockers > block-legality,40,34860,23436
Game AI Eval :: candidate-pay > candidate-play > attack-search > forecast-combat > block-search > block-assignBlockers > block-makeChumpBlocks > block-makeChumpBlocks > block-makeChumpBlocks > block-makeChumpBlocks > block-makeChumpBlocks > block-makeChumpBlocks > block-makeChumpBlocks > block-getPossibleBlockers > block-legality > block-legality,40,11424,11424
Game AI Eval :: candidate-pay > candidate-play > attack-search > forecast-combat > block-search > block-assignBlockers > block-makeChumpBlocks > block-makeChumpBlocks > block-makeChumpBlocks > block-makeChumpBlocks > block-makeChumpBlocks > block-makeChumpBlocks > block-makeChumpBlocks > block-makeChumpBlocks,51,748320,189941
Game AI Eval :: candidate-pay > candidate-play > attack-search > forecast-combat > block-search > block-assignBlockers > block-makeChumpBlocks > block-makeChumpBlocks > block-makeChumpBlocks > block-makeChumpBlocks > block-makeChumpBlocks > block-makeChumpBlocks > block-makeChumpBlocks > block-makeChumpBlocks > block-getPossibleBlockers,11,81762,13070
Game AI Eval :: candidate-pay > candidate-play > attack-search > forecast-combat > block-search > block-assignBlockers > block-makeChumpBlocks > block-makeChumpBlocks > block-makeChumpBlocks > block-makeChumpBlocks > block-makeChumpBlocks > block-makeChumpBlocks > block-makeChumpBlocks > block-makeChumpBlocks > block-getPossibleBlockers > block-legality,24,68692,62171
Game AI Eval :: candidate-pay > candidate-play > attack-search > forecast-combat > block-search > block-assignBlockers > block-makeChumpBlocks > block-makeChumpBlocks > block-makeChumpBlocks > block-makeChumpBlocks > block-makeChumpBlocks > block-makeChumpBlocks > block-makeChumpBlocks > block-makeChumpBlocks > block-getPossibleBlockers > block-legality > block-legality,24,6521,6521
Game AI Eval :: candidate-pay > candidate-play > attack-search > forecast-combat > block-search > block-assignBlockers > block-makeChumpBlocks > block-makeChumpBlocks > block-makeChumpBlocks > block-makeChumpBlocks > block-makeChumpBlocks > block-makeChumpBlocks > block-makeChumpBlocks > block-makeChumpBlocks > block-makeChumpBlocks,47,476617,182701
Game AI Eval :: candidate-pay > candidate-play > attack-search > forecast-combat > block-search > block-assignBlockers > block-makeChumpBlocks > block-makeChumpBlocks > block-makeChumpBlocks > block-makeChumpBlocks > block-makeChumpBlocks > block-makeChumpBlocks > block-makeChumpBlocks > block-makeChumpBlocks > block-makeChumpBlocks > block-getPossibleBlockers,7,17046,7483
Game AI Eval :: candidate-pay > candidate-play > attack-search > forecast-combat > block-search > block-assignBlockers > block-makeChumpBlocks > block-makeChumpBlocks > block-makeChumpBlocks > block-makeChumpBlocks > block-makeChumpBlocks > block-makeChumpBlocks > block-makeChumpBlocks > block-makeChumpBlocks > block-makeChumpBlocks > block-getPossibleBlockers > block-legality,12,9563,6780
Game AI Eval :: candidate-pay > candidate-play > attack-search > forecast-combat > block-search > block-assignBlockers > block-makeChumpBlocks > block-makeChumpBlocks > block-makeChumpBlocks > block-makeChumpBlocks > block-makeChumpBlocks > block-makeChumpBlocks > block-makeChumpBlocks > block-makeChumpBlocks > block-makeChumpBlocks > block-getPossibleBlockers > block-legality > block-legality,12,2783,2783
Game AI Eval :: candidate-pay > candidate-play > attack-search > forecast-combat > block-search > block-assignBlockers > block-makeChumpBlocks > block-makeChumpBlocks > block-makeChumpBlocks > block-makeChumpBlocks > block-makeChumpBlocks > block-makeChumpBlocks > block-makeChumpBlocks > block-makeChumpBlocks > block-makeChumpBlocks > block-makeChumpBlocks,43,276870,150303
Game AI Eval :: candidate-pay > candidate-play > attack-search > forecast-combat > block-search > block-assignBlockers > block-makeChumpBlocks > block-makeChumpBlocks > block-makeChumpBlocks > block-makeChumpBlocks > block-makeChumpBlocks > block-makeChumpBlocks > block-makeChumpBlocks > block-makeChumpBlocks > block-makeChumpBlocks > block-makeChumpBlocks > block-getPossibleBlockers,5,10756,4707
Game AI Eval :: candidate-pay > candidate-play > attack-search > forecast-combat > block-search > block-assignBlockers > block-makeChumpBlocks > block-makeChumpBlocks > block-makeChumpBlocks > block-makeChumpBlocks > block-makeChumpBlocks > block-makeChumpBlocks > block-makeChumpBlocks > block-makeChumpBlocks > block-makeChumpBlocks > block-makeChumpBlocks > block-getPossibleBlockers > block-legality,8,6049,4175
Game AI Eval :: candidate-pay > candidate-play > attack-search > forecast-combat > block-search > block-assignBlockers > block-makeChumpBlocks > block-makeChumpBlocks > block-makeChumpBlocks > block-makeChumpBlocks > block-makeChumpBlocks > block-makeChumpBlocks > block-makeChumpBlocks > block-makeChumpBlocks > block-makeChumpBlocks > block-makeChumpBlocks > block-getPossibleBlockers > block-legality > block-legality,8,1874,1874
Game AI Eval :: candidate-pay > candidate-play > attack-search > forecast-combat > block-search > block-assignBlockers > block-makeChumpBlocks > block-makeChumpBlocks > block-makeChumpBlocks > block-makeChumpBlocks > block-makeChumpBlocks > block-makeChumpBlocks > block-makeChumpBlocks > block-makeChumpBlocks > block-makeChumpBlocks > block-makeChumpBlocks > block-makeChumpBlocks,36,115811,101919
Game AI Eval :: candidate-pay > candidate-play > attack-search > forecast-combat > block-search > block-assignBlockers > block-makeChumpBlocks > block-makeChumpBlocks > block-makeChumpBlocks > block-makeChumpBlocks > block-makeChumpBlocks > block-makeChumpBlocks > block-makeChumpBlocks > block-makeChumpBlocks > block-makeChumpBlocks > block-makeChumpBlocks > block-makeChumpBlocks > block-getPossibleBlockers,3,9193,3735
Game AI Eval :: candidate-pay > candidate-play > attack-search > forecast-combat > block-search > block-assignBlockers > block-makeChumpBlocks > block-makeChumpBlocks > block-makeChumpBlocks > block-makeChumpBlocks > block-makeChumpBlocks > block-makeChumpBlocks > block-makeChumpBlocks > block-makeChumpBlocks > block-makeChumpBlocks > block-makeChumpBlocks > block-makeChumpBlocks > block-getPossibleBlockers > block-legality,6,5458,3906
Game AI Eval :: candidate-pay > candidate-play > attack-search > forecast-combat > block-search > block-assignBlockers > block-makeChumpBlocks > block-makeChumpBlocks > block-makeChumpBlocks > block-makeChumpBlocks > block-makeChumpBlocks > block-makeChumpBlocks > block-makeChumpBlocks > block-makeChumpBlocks > block-makeChumpBlocks > block-makeChumpBlocks > block-makeChumpBlocks > block-getPossibleBlockers > block-legality > block-legality,6,1552,1552
Game AI Eval :: candidate-pay > candidate-play > attack-search > forecast-combat > block-search > block-assignBlockers > block-makeChumpBlocks > block-makeChumpBlocks > block-makeChumpBlocks > block-makeChumpBlocks > block-makeChumpBlocks > block-makeChumpBlocks > block-makeChumpBlocks > block-makeChumpBlocks > block-makeChumpBlocks > block-makeChumpBlocks > block-makeChumpBlocks > block-makeChumpBlocks,26,4699,4699
Game AI Eval :: candidate-pay > candidate-play > attack-search > forecast-combat > block-search > block-assignBlockers > block-makeChumpBlocks > block-makeChumpBlocks > block-makeChumpBlocks > block-makeChumpBlocks > block-makeChumpBlocks > block-makeChumpBlocks > life-danger,10,8267423,6701344
Game AI Eval :: candidate-pay > candidate-play > attack-search > forecast-combat > block-search > block-assignBlockers > block-makeChumpBlocks > block-makeChumpBlocks > block-makeChumpBlocks > block-makeChumpBlocks > block-makeChumpBlocks > block-makeChumpBlocks > life-danger > predict-damage,142,1566079,1566079
Game AI Eval :: candidate-pay > candidate-play > attack-search > forecast-combat > block-search > block-assignBlockers > block-makeChumpBlocks > block-makeChumpBlocks > block-makeChumpBlocks > block-makeChumpBlocks > block-makeChumpBlocks > life-danger,14,8605844,7122847
Game AI Eval :: candidate-pay > candidate-play > attack-search > forecast-combat > block-search > block-assignBlockers > block-makeChumpBlocks > block-makeChumpBlocks > block-makeChumpBlocks > block-makeChumpBlocks > block-makeChumpBlocks > life-danger > predict-damage,162,1482997,1482997
Game AI Eval :: candidate-pay > candidate-play > attack-search > forecast-combat > block-search > block-assignBlockers > block-makeChumpBlocks > block-makeChumpBlocks > block-makeChumpBlocks > block-makeChumpBlocks > life-danger,50,31976541,26942983
Game AI Eval :: candidate-pay > candidate-play > attack-search > forecast-combat > block-search > block-assignBlockers > block-makeChumpBlocks > block-makeChumpBlocks > block-makeChumpBlocks > block-makeChumpBlocks > life-danger > predict-damage,516,5033558,5033558
Game AI Eval :: candidate-pay > candidate-play > attack-search > forecast-combat > block-search > block-assignBlockers > block-makeChumpBlocks > block-makeChumpBlocks > block-makeChumpBlocks > life-danger,85,60926097,50345889
Game AI Eval :: candidate-pay > candidate-play > attack-search > forecast-combat > block-search > block-assignBlockers > block-makeChumpBlocks > block-makeChumpBlocks > block-makeChumpBlocks > life-danger > predict-damage,1058,10580208,10580208
Game AI Eval :: candidate-pay > candidate-play > attack-search > forecast-combat > block-search > block-assignBlockers > block-makeChumpBlocks > block-makeMultiChumpBlocks,60,9546896,1477792
Game AI Eval :: candidate-pay > candidate-play > attack-search > forecast-combat > block-search > block-assignBlockers > block-makeChumpBlocks > block-makeMultiChumpBlocks > block-getPossibleBlockers,268,6551841,278146
Game AI Eval :: candidate-pay > candidate-play > attack-search > forecast-combat > block-search > block-assignBlockers > block-makeChumpBlocks > block-makeMultiChumpBlocks > block-getPossibleBlockers > block-legality,874,6273695,588184
Game AI Eval :: candidate-pay > candidate-play > attack-search > forecast-combat > block-search > block-assignBlockers > block-makeChumpBlocks > block-makeMultiChumpBlocks > block-getPossibleBlockers > block-legality > attacker-blockability,115,638193,638193
Game AI Eval :: candidate-pay > candidate-play > attack-search > forecast-combat > block-search > block-assignBlockers > block-makeChumpBlocks > block-makeMultiChumpBlocks > block-getPossibleBlockers > block-legality > block-legality,989,1874586,615824
Game AI Eval :: candidate-pay > candidate-play > attack-search > forecast-combat > block-search > block-assignBlockers > block-makeChumpBlocks > block-makeMultiChumpBlocks > block-getPossibleBlockers > block-legality > block-legality > block-legality,230,1258762,462087
Game AI Eval :: candidate-pay > candidate-play > attack-search > forecast-combat > block-search > block-assignBlockers > block-makeChumpBlocks > block-makeMultiChumpBlocks > block-getPossibleBlockers > block-legality > block-legality > block-legality > block-legality,230,796675,796675
Game AI Eval :: candidate-pay > candidate-play > attack-search > forecast-combat > block-search > block-assignBlockers > block-makeChumpBlocks > block-makeMultiChumpBlocks > block-getPossibleBlockers > block-legality > block-requirements,115,3172732,1772886
Game AI Eval :: candidate-pay > candidate-play > attack-search > forecast-combat > block-search > block-assignBlockers > block-makeChumpBlocks > block-makeMultiChumpBlocks > block-getPossibleBlockers > block-legality > block-requirements > block-cost,1035,1399846,1399846
Game AI Eval :: candidate-pay > candidate-play > attack-search > forecast-combat > block-search > block-assignBlockers > block-makeChumpBlocks > block-makeMultiChumpBlocks > block-legality,30,1517263,97540
Game AI Eval :: candidate-pay > candidate-play > attack-search > forecast-combat > block-search > block-assignBlockers > block-makeChumpBlocks > block-makeMultiChumpBlocks > block-legality > attacker-blockability,30,157604,157604
Game AI Eval :: candidate-pay > candidate-play > attack-search > forecast-combat > block-search > block-assignBlockers > block-makeChumpBlocks > block-makeMultiChumpBlocks > block-legality > block-legality,60,440467,92121
Game AI Eval :: candidate-pay > candidate-play > attack-search > forecast-combat > block-search > block-assignBlockers > block-makeChumpBlocks > block-makeMultiChumpBlocks > block-legality > block-legality > block-legality,60,348346,113596
Game AI Eval :: candidate-pay > candidate-play > attack-search > forecast-combat > block-search > block-assignBlockers > block-makeChumpBlocks > block-makeMultiChumpBlocks > block-legality > block-legality > block-legality > block-legality,60,234750,234750
Game AI Eval :: candidate-pay > candidate-play > attack-search > forecast-combat > block-search > block-assignBlockers > block-makeChumpBlocks > block-makeMultiChumpBlocks > block-legality > block-requirements,30,821652,466932
Game AI Eval :: candidate-pay > candidate-play > attack-search > forecast-combat > block-search > block-assignBlockers > block-makeChumpBlocks > block-makeMultiChumpBlocks > block-legality > block-requirements > block-cost,270,354720,354720
Game AI Eval :: candidate-pay > candidate-play > attack-search > forecast-combat > block-search > block-assignBlockers > block-makeChumpBlocksToSavePW,383,21855783,3134718
Game AI Eval :: candidate-pay > candidate-play > attack-search > forecast-combat > block-search > block-assignBlockers > block-makeChumpBlocksToSavePW > evaluate-creature,815,18721065,18721065
Game AI Eval :: candidate-pay > candidate-play > attack-search > forecast-combat > block-search > block-assignBlockers > block-makeGangBlocks,414,501877116,273380935
Game AI Eval :: candidate-pay > candidate-play > attack-search > forecast-combat > block-search > block-assignBlockers > block-makeGangBlocks > block-getPossibleBlockers,2769,142922512,2887743
Game AI Eval :: candidate-pay > candidate-play > attack-search > forecast-combat > block-search > block-assignBlockers > block-makeGangBlocks > block-getPossibleBlockers > block-legality,6347,140034769,9063068
Game AI Eval :: candidate-pay > candidate-play > attack-search > forecast-combat > block-search > block-assignBlockers > block-makeGangBlocks > block-getPossibleBlockers > block-legality > attacker-blockability,3643,18149318,18149318
Game AI Eval :: candidate-pay > candidate-play > attack-search > forecast-combat > block-search > block-assignBlockers > block-makeGangBlocks > block-getPossibleBlockers > block-legality > block-legality,9990,46189769,8928106
Game AI Eval :: candidate-pay > candidate-play > attack-search > forecast-combat > block-search > block-assignBlockers > block-makeGangBlocks > block-getPossibleBlockers > block-legality > block-legality > block-legality,7286,37261663,14144593
Game AI Eval :: candidate-pay > candidate-play > attack-search > forecast-combat > block-search > block-assignBlockers > block-makeGangBlocks > block-getPossibleBlockers > block-legality > block-legality > block-legality > block-legality,7286,23117070,23117070
Game AI Eval :: candidate-pay > candidate-play > attack-search > forecast-combat > block-search > block-assignBlockers > block-makeGangBlocks > block-getPossibleBlockers > block-legality > block-requirements,3643,66632614,38761481
Game AI Eval :: candidate-pay > candidate-play > attack-search > forecast-combat > block-search > block-assignBlockers > block-makeGangBlocks > block-getPossibleBlockers > block-legality > block-requirements > block-cost,25071,27871133,27871133
Game AI Eval :: candidate-pay > candidate-play > attack-search > forecast-combat > block-search > block-assignBlockers > block-makeGangBlocks > block-legality,64,3225286,207073
Game AI Eval :: candidate-pay > candidate-play > attack-search > forecast-combat > block-search > block-assignBlockers > block-makeGangBlocks > block-legality > attacker-blockability,64,677273,677273
Game AI Eval :: candidate-pay > candidate-play > attack-search > forecast-combat > block-search > block-assignBlockers > block-makeGangBlocks > block-legality > block-legality,128,994138,234104
Game AI Eval :: candidate-pay > candidate-play > attack-search > forecast-combat > block-search > block-assignBlockers > block-makeGangBlocks > block-legality > block-legality > block-legality,128,760034,293797
Game AI Eval :: candidate-pay > candidate-play > attack-search > forecast-combat > block-search > block-assignBlockers > block-makeGangBlocks > block-legality > block-legality > block-legality > block-legality,128,466237,466237
Game AI Eval :: candidate-pay > candidate-play > attack-search > forecast-combat > block-search > block-assignBlockers > block-makeGangBlocks > block-legality > block-requirements,64,1346802,710326
Game AI Eval :: candidate-pay > candidate-play > attack-search > forecast-combat > block-search > block-assignBlockers > block-makeGangBlocks > block-legality > block-requirements > block-cost,448,636476,636476
Game AI Eval :: candidate-pay > candidate-play > attack-search > forecast-combat > block-search > block-assignBlockers > block-makeGangBlocks > evaluate-creature,2680,55167608,55167608
Game AI Eval :: candidate-pay > candidate-play > attack-search > forecast-combat > block-search > block-assignBlockers > block-makeGangBlocks > predict-damage,3054,27180775,27180775
Game AI Eval :: candidate-pay > candidate-play > attack-search > forecast-combat > block-search > block-assignBlockers > block-makeGangNonLethalBlocks,383,28076793,2170763
Game AI Eval :: candidate-pay > candidate-play > attack-search > forecast-combat > block-search > block-assignBlockers > block-makeGangNonLethalBlocks > block-getPossibleBlockers,142,6493509,165358
Game AI Eval :: candidate-pay > candidate-play > attack-search > forecast-combat > block-search > block-assignBlockers > block-makeGangNonLethalBlocks > block-getPossibleBlockers > block-legality,344,6328151,521612
Game AI Eval :: candidate-pay > candidate-play > attack-search > forecast-combat > block-search > block-assignBlockers > block-makeGangNonLethalBlocks > block-getPossibleBlockers > block-legality > attacker-blockability,151,679654,679654
Game AI Eval :: candidate-pay > candidate-play > attack-search > forecast-combat > block-search > block-assignBlockers > block-makeGangNonLethalBlocks > block-getPossibleBlockers > block-legality > block-legality,495,2139978,403633
Game AI Eval :: candidate-pay > candidate-play > attack-search > forecast-combat > block-search > block-assignBlockers > block-makeGangNonLethalBlocks > block-getPossibleBlockers > block-legality > block-legality > block-legality,302,1736345,607618
Game AI Eval :: candidate-pay > candidate-play > attack-search > forecast-combat > block-search > block-assignBlockers > block-makeGangNonLethalBlocks > block-getPossibleBlockers > block-legality > block-legality > block-legality > block-legality,302,1128727,1128727
Game AI Eval :: candidate-pay > candidate-play > attack-search > forecast-combat > block-search > block-assignBlockers > block-makeGangNonLethalBlocks > block-getPossibleBlockers > block-legality > block-requirements,151,2986907,1758315
Game AI Eval :: candidate-pay > candidate-play > attack-search > forecast-combat > block-search > block-assignBlockers > block-makeGangNonLethalBlocks > block-getPossibleBlockers > block-legality > block-requirements > block-cost,1203,1228592,1228592
Game AI Eval :: candidate-pay > candidate-play > attack-search > forecast-combat > block-search > block-assignBlockers > block-makeGangNonLethalBlocks > block-getSafeBlockers,142,19412521,105546
Game AI Eval :: candidate-pay > candidate-play > attack-search > forecast-combat > block-search > block-assignBlockers > block-makeGangNonLethalBlocks > block-getSafeBlockers > destroy-blocker,151,19306975,16614044
Game AI Eval :: candidate-pay > candidate-play > attack-search > forecast-combat > block-search > block-assignBlockers > block-makeGangNonLethalBlocks > block-getSafeBlockers > destroy-blocker > predict-damage,302,2692931,2692931
Game AI Eval :: candidate-pay > candidate-play > attack-search > forecast-combat > block-search > block-assignBlockers > block-makeGoodBlocks,407,914844447,27092590
Game AI Eval :: candidate-pay > candidate-play > attack-search > forecast-combat > block-search > block-assignBlockers > block-makeGoodBlocks > block-getKillingBlockers,1654,299479883,1312267
Game AI Eval :: candidate-pay > candidate-play > attack-search > forecast-combat > block-search > block-assignBlockers > block-makeGoodBlocks > block-getKillingBlockers > destroy-attacker,2301,298167616,258248390
Game AI Eval :: candidate-pay > candidate-play > attack-search > forecast-combat > block-search > block-assignBlockers > block-makeGoodBlocks > block-getKillingBlockers > destroy-attacker > predict-damage,4602,39919226,39919226
Game AI Eval :: candidate-pay > candidate-play > attack-search > forecast-combat > block-search > block-assignBlockers > block-makeGoodBlocks > block-getPossibleBlockers,2914,151632407,3451248
Game AI Eval :: candidate-pay > candidate-play > attack-search > forecast-combat > block-search > block-assignBlockers > block-makeGoodBlocks > block-getPossibleBlockers > block-legality,6307,148181159,9836876
Game AI Eval :: candidate-pay > candidate-play > attack-search > forecast-combat > block-search > block-assignBlockers > block-makeGoodBlocks > block-getPossibleBlockers > block-legality > attacker-blockability,4066,20645943,20645943
Game AI Eval :: candidate-pay > candidate-play > attack-search > forecast-combat > block-search > block-assignBlockers > block-makeGoodBlocks > block-getPossibleBlockers > block-legality > block-legality,10373,51964842,9657762
Game AI Eval :: candidate-pay > candidate-play > attack-search > forecast-combat > block-search > block-assignBlockers > block-makeGoodBlocks > block-getPossibleBlockers > block-legality > block-legality > block-legality,8132,42307080,15802568
Game AI Eval :: candidate-pay > candidate-play > attack-search > forecast-combat > block-search > block-assignBlockers > block-makeGoodBlocks > block-getPossibleBlockers > block-legality > block-legality > block-legality > block-legality,8132,26504512,26504512
Game AI Eval :: candidate-pay > candidate-play > attack-search > forecast-combat > block-search > block-assignBlockers > block-makeGoodBlocks > block-getPossibleBlockers > block-legality > block-requirements,4066,65733498,36405043
Game AI Eval :: candidate-pay > candidate-play > attack-search > forecast-combat > block-search > block-assignBlockers > block-makeGoodBlocks > block-getPossibleBlockers > block-legality > block-requirements > block-cost,24989,29328455,29328455
Game AI Eval :: candidate-pay > candidate-play > attack-search > forecast-combat > block-search > block-assignBlockers > block-makeGoodBlocks > block-getSafeBlockers,1654,404905784,1868138
Game AI Eval :: candidate-pay > candidate-play > attack-search > forecast-combat > block-search > block-assignBlockers > block-makeGoodBlocks > block-getSafeBlockers > destroy-blocker,2842,403037646,351225353
Game AI Eval :: candidate-pay > candidate-play > attack-search > forecast-combat > block-search > block-assignBlockers > block-makeGoodBlocks > block-getSafeBlockers > destroy-blocker > predict-damage,5684,51812293,51812293
Game AI Eval :: candidate-pay > candidate-play > attack-search > forecast-combat > block-search > block-assignBlockers > block-makeGoodBlocks > block-legality,114,900847,45948
Game AI Eval :: candidate-pay > candidate-play > attack-search > forecast-combat > block-search > block-assignBlockers > block-makeGoodBlocks > block-legality > block-legality,114,854899,413234
Game AI Eval :: candidate-pay > candidate-play > attack-search > forecast-combat > block-search > block-assignBlockers > block-makeGoodBlocks > block-legality > block-legality > block-legality,114,441665,441665
Game AI Eval :: candidate-pay > candidate-play > attack-search > forecast-combat > block-search > block-assignBlockers > block-makeGoodBlocks > destroy-blocker,114,17695334,15421404
Game AI Eval :: candidate-pay > candidate-play > attack-search > forecast-combat > block-search > block-assignBlockers > block-makeGoodBlocks > destroy-blocker > predict-damage,228,2273930,2273930
Game AI Eval :: candidate-pay > candidate-play > attack-search > forecast-combat > block-search > block-assignBlockers > block-makeGoodBlocks > evaluate-creature,522,13137602,13137602
Game AI Eval :: candidate-pay > candidate-play > attack-search > forecast-combat > block-search > block-assignBlockers > block-makeRequiredBlocks,383,16996327,1789048
Game AI Eval :: candidate-pay > candidate-play > attack-search > forecast-combat > block-search > block-assignBlockers > block-makeRequiredBlocks > block-requirements,857,15207279,8591934
Game AI Eval :: candidate-pay > candidate-play > attack-search > forecast-combat > block-search > block-assignBlockers > block-makeRequiredBlocks > block-requirements > block-cost,5416,6615345,6615345
Game AI Eval :: candidate-pay > candidate-play > attack-search > forecast-combat > block-search > block-assignBlockers > block-makeTradeBlocks,413,219392039,15965230
Game AI Eval :: candidate-pay > candidate-play > attack-search > forecast-combat > block-search > block-assignBlockers > block-makeTradeBlocks > block-getKillingBlockers,1311,151480133,745006
Game AI Eval :: candidate-pay > candidate-play > attack-search > forecast-combat > block-search > block-assignBlockers > block-makeTradeBlocks > block-getKillingBlockers > destroy-attacker,1148,150735127,131208313
Game AI Eval :: candidate-pay > candidate-play > attack-search > forecast-combat > block-search > block-assignBlockers > block-makeTradeBlocks > block-getKillingBlockers > destroy-attacker > predict-damage,2296,19526814,19526814
Game AI Eval :: candidate-pay > candidate-play > attack-search > forecast-combat > block-search > block-assignBlockers > block-makeTradeBlocks > block-getPossibleBlockers,1311,46934938,1264416
Game AI Eval :: candidate-pay > candidate-play > attack-search > forecast-combat > block-search > block-assignBlockers > block-makeTradeBlocks > block-getPossibleBlockers > block-legality,2538,45670522,3367677
Game AI Eval :: candidate-pay > candidate-play > attack-search > forecast-combat > block-search > block-assignBlockers > block-makeTradeBlocks > block-getPossibleBlockers > block-legality > attacker-blockability,1217,6138182,6138182
Game AI Eval :: candidate-pay > candidate-play > attack-search > forecast-combat > block-search > block-assignBlockers > block-makeTradeBlocks > block-getPossibleBlockers > block-legality > block-legality,3755,16847730,3281855
Game AI Eval :: candidate-pay > candidate-play > attack-search > forecast-combat > block-search > block-assignBlockers > block-makeTradeBlocks > block-getPossibleBlockers > block-legality > block-legality > block-legality,2434,13565875,5141604
Game AI Eval :: candidate-pay > candidate-play > attack-search > forecast-combat > block-search > block-assignBlockers > block-makeTradeBlocks > block-getPossibleBlockers > block-legality > block-legality > block-legality > block-legality,2434,8424271,8424271
Game AI Eval :: candidate-pay > candidate-play > attack-search > forecast-combat > block-search > block-assignBlockers > block-makeTradeBlocks > block-getPossibleBlockers > block-legality > block-requirements,1217,19316933,10901067
Game AI Eval :: candidate-pay > candidate-play > attack-search > forecast-combat > block-search > block-assignBlockers > block-makeTradeBlocks > block-getPossibleBlockers > block-legality > block-requirements > block-cost,7253,8415866,8415866
Game AI Eval :: candidate-pay > candidate-play > attack-search > forecast-combat > block-search > block-assignBlockers > block-makeTradeBlocks > life-danger,6,5011738,4074169
Game AI Eval :: candidate-pay > candidate-play > attack-search > forecast-combat > block-search > block-assignBlockers > block-makeTradeBlocks > life-danger > predict-damage,94,937569,937569
Game AI Eval :: candidate-pay > candidate-play > attack-search > forecast-combat > block-search > block-assignBlockers > block-reinforceBlockersAgainstTrample,49,593236,562320
Game AI Eval :: candidate-pay > candidate-play > attack-search > forecast-combat > block-search > block-assignBlockers > block-reinforceBlockersAgainstTrample > block-getPossibleBlockers,9,30916,10847
Game AI Eval :: candidate-pay > candidate-play > attack-search > forecast-combat > block-search > block-assignBlockers > block-reinforceBlockersAgainstTrample > block-getPossibleBlockers > block-legality,22,20069,10426
Game AI Eval :: candidate-pay > candidate-play > attack-search > forecast-combat > block-search > block-assignBlockers > block-reinforceBlockersAgainstTrample > block-getPossibleBlockers > block-legality > block-legality,22,9643,9643
Game AI Eval :: candidate-pay > candidate-play > attack-search > forecast-combat > block-search > block-assignBlockers > block-reinforceBlockersToKill,391,47596148,13939943
Game AI Eval :: candidate-pay > candidate-play > attack-search > forecast-combat > block-search > block-assignBlockers > block-reinforceBlockersToKill > block-getPossibleBlockers,186,6014284,310422
Game AI Eval :: candidate-pay > candidate-play > attack-search > forecast-combat > block-search > block-assignBlockers > block-reinforceBlockersToKill > block-getPossibleBlockers > block-legality,673,5703862,608991
Game AI Eval :: candidate-pay > candidate-play > attack-search > forecast-combat > block-search > block-assignBlockers > block-reinforceBlockersToKill > block-getPossibleBlockers > block-legality > attacker-blockability,130,761733,761733
Game AI Eval :: candidate-pay > candidate-play > attack-search > forecast-combat > block-search > block-assignBlockers > block-reinforceBlockersToKill > block-getPossibleBlockers > block-legality > block-legality,803,2187340,594892
Game AI Eval :: candidate-pay > candidate-play > attack-search > forecast-combat > block-search > block-assignBlockers > block-reinforceBlockersToKill > block-getPossibleBlockers > block-legality > block-legality > block-legality,260,1592448,713454
Game AI Eval :: candidate-pay > candidate-play > attack-search > forecast-combat > block-search > block-assignBlockers > block-reinforceBlockersToKill > block-getPossibleBlockers > block-legality > block-legality > block-legality > block-legality,260,878994,878994
Game AI Eval :: candidate-pay > candidate-play > attack-search > forecast-combat > block-search > block-assignBlockers > block-reinforceBlockersToKill > block-getPossibleBlockers > block-legality > block-requirements,130,2145798,1199366
Game AI Eval :: candidate-pay > candidate-play > attack-search > forecast-combat > block-search > block-assignBlockers > block-reinforceBlockersToKill > block-getPossibleBlockers > block-legality > block-requirements > block-cost,761,946432,946432
Game AI Eval :: candidate-pay > candidate-play > attack-search > forecast-combat > block-search > block-assignBlockers > block-reinforceBlockersToKill > block-getSafeBlockers,99,19770266,162749
Game AI Eval :: candidate-pay > candidate-play > attack-search > forecast-combat > block-search > block-assignBlockers > block-reinforceBlockersToKill > block-getSafeBlockers > destroy-blocker,130,19607517,17030831
Game AI Eval :: candidate-pay > candidate-play > attack-search > forecast-combat > block-search > block-assignBlockers > block-reinforceBlockersToKill > block-getSafeBlockers > destroy-blocker > predict-damage,260,2576686,2576686
Game AI Eval :: candidate-pay > candidate-play > attack-search > forecast-combat > block-search > block-assignBlockers > block-reinforceBlockersToKill > block-legality,63,2540494,295918
Game AI Eval :: candidate-pay > candidate-play > attack-search > forecast-combat > block-search > block-assignBlockers > block-reinforceBlockersToKill > block-legality > attacker-blockability,63,313571,313571
Game AI Eval :: candidate-pay > candidate-play > attack-search > forecast-combat > block-search > block-assignBlockers > block-reinforceBlockersToKill > block-legality > block-legality,126,934616,169741
Game AI Eval :: candidate-pay > candidate-play > attack-search > forecast-combat > block-search > block-assignBlockers > block-reinforceBlockersToKill > block-legality > block-legality > block-legality,126,764875,248265
Game AI Eval :: candidate-pay > candidate-play > attack-search > forecast-combat > block-search > block-assignBlockers > block-reinforceBlockersToKill > block-legality > block-legality > block-legality > block-legality,126,516610,516610
Game AI Eval :: candidate-pay > candidate-play > attack-search > forecast-combat > block-search > block-assignBlockers > block-reinforceBlockersToKill > block-legality > block-requirements,63,996389,586052
Game AI Eval :: candidate-pay > candidate-play > attack-search > forecast-combat > block-search > block-assignBlockers > block-reinforceBlockersToKill > block-legality > block-requirements > block-cost,372,410337,410337
Game AI Eval :: candidate-pay > candidate-play > attack-search > forecast-combat > block-search > block-assignBlockers > block-reinforceBlockersToKill > evaluate-creature,120,3113116,3113116
Game AI Eval :: candidate-pay > candidate-play > attack-search > forecast-combat > block-search > block-assignBlockers > block-reinforceBlockersToKill > predict-damage,271,2218045,2218045
Game AI Eval :: candidate-pay > candidate-play > attack-search > forecast-combat > block-search > block-assignBlockers > block-removeUnpayableBlocks,383,35830861,35074640
Game AI Eval :: candidate-pay > candidate-play > attack-search > forecast-combat > block-search > block-assignBlockers > block-removeUnpayableBlocks > block-cost,587,756221,756221
Game AI Eval :: candidate-pay > candidate-play > attack-search > forecast-combat > block-search > block-assignBlockers > life-danger,473,283330206,233020130
Game AI Eval :: candidate-pay > candidate-play > attack-search > forecast-combat > block-search > block-assignBlockers > life-danger > predict-damage,5439,50310076,50310076
Game AI Eval :: candidate-pay > candidate-play > attack-search > forecast-combat > block-search > block-assignBlockers > predict-damage,246,2232137,2232137
Game AI Eval :: candidate-pay > candidate-play > attack-search > forecast-combat > block-search > block-sortPotentialAttackers,383,286873705,60598442
Game AI Eval :: candidate-pay > candidate-play > attack-search > forecast-combat > block-search > block-sortPotentialAttackers > life-danger,382,222379627,178952498
Game AI Eval :: candidate-pay > candidate-play > attack-search > forecast-combat > block-search > block-sortPotentialAttackers > life-danger > predict-damage,5058,43427129,43427129
Game AI Eval :: candidate-pay > candidate-play > attack-search > forecast-combat > block-search > block-sortPotentialAttackers > predict-damage,366,3895636,3895636
Game AI Eval :: candidate-pay > candidate-play > attack-search > forecast-combat > predict-damage,4158,35925343,35925343
Game AI Eval :: candidate-pay > candidate-play > attack-search > predict-damage,566,6652573,6652573
Game AI Eval :: candidate-pay > candidate-play > attacker-blockability,222,5193336,1650097
Game AI Eval :: candidate-pay > candidate-play > attacker-blockability > block-legality,217,3543239,43183
Game AI Eval :: candidate-pay > candidate-play > attacker-blockability > block-legality > block-legality,217,3500056,1617294
Game AI Eval :: candidate-pay > candidate-play > attacker-blockability > block-legality > block-legality > block-legality,217,1882762,1882762
Game AI Eval :: candidate-pay > candidate-play > block-assignBlockers,3,4727807,185703
Game AI Eval :: candidate-pay > candidate-play > block-assignBlockers > attacker-blockability,3,27180,27180
Game AI Eval :: candidate-pay > candidate-play > block-assignBlockers > block-legality,19,201131,86949
Game AI Eval :: candidate-pay > candidate-play > block-assignBlockers > block-legality > block-legality,19,114182,5083
Game AI Eval :: candidate-pay > candidate-play > block-assignBlockers > block-legality > block-legality > block-legality,19,109099,109099
Game AI Eval :: candidate-pay > candidate-play > block-assignBlockers > block-makeChumpBlocksToSavePW,3,456598,11438
Game AI Eval :: candidate-pay > candidate-play > block-assignBlockers > block-makeChumpBlocksToSavePW > evaluate-creature,6,445160,445160
Game AI Eval :: candidate-pay > candidate-play > block-assignBlockers > block-makeGangBlocks,3,720559,144133
Game AI Eval :: candidate-pay > candidate-play > block-assignBlockers > block-makeGangBlocks > block-getPossibleBlockers,6,576426,4738
Game AI Eval :: candidate-pay > candidate-play > block-assignBlockers > block-makeGangBlocks > block-getPossibleBlockers > block-legality,12,571688,29657
Game AI Eval :: candidate-pay > candidate-play > block-assignBlockers > block-makeGangBlocks > block-getPossibleBlockers > block-legality > attacker-blockability,12,128048,128048
Game AI Eval :: candidate-pay > candidate-play > block-assignBlockers > block-makeGangBlocks > block-getPossibleBlockers > block-legality > block-legality,24,340585,61153
Game AI Eval :: candidate-pay > candidate-play > block-assignBlockers > block-makeGangBlocks > block-getPossibleBlockers > block-legality > block-legality > block-legality,24,279432,118572
Game AI Eval :: candidate-pay > candidate-play > block-assignBlockers > block-makeGangBlocks > block-getPossibleBlockers > block-legality > block-legality > block-legality > block-legality,24,160860,160860
Game AI Eval :: candidate-pay > candidate-play > block-assignBlockers > block-makeGangBlocks > block-getPossibleBlockers > block-legality > block-requirements,12,73398,24477
Game AI Eval :: candidate-pay > candidate-play > block-assignBlockers > block-makeGangBlocks > block-getPossibleBlockers > block-legality > block-requirements > block-cost,12,48921,48921
Game AI Eval :: candidate-pay > candidate-play > block-assignBlockers > block-makeGangNonLethalBlocks,3,17247,17247
Game AI Eval :: candidate-pay > candidate-play > block-assignBlockers > block-makeGoodBlocks,3,847157,43065
Game AI Eval :: candidate-pay > candidate-play > block-assignBlockers > block-makeGoodBlocks > block-getKillingBlockers,3,80,80
Game AI Eval :: candidate-pay > candidate-play > block-assignBlockers > block-makeGoodBlocks > block-getPossibleBlockers,6,803902,4406
Game AI Eval :: candidate-pay > candidate-play > block-assignBlockers > block-makeGoodBlocks > block-getPossibleBlockers > block-legality,12,799496,39970
Game AI Eval :: candidate-pay > candidate-play > block-assignBlockers > block-makeGoodBlocks > block-getPossibleBlockers > block-legality > attacker-blockability,12,138464,138464
Game AI Eval :: candidate-pay > candidate-play > block-assignBlockers > block-makeGoodBlocks > block-getPossibleBlockers > block-legality > block-legality,24,537928,203565
Game AI Eval :: candidate-pay > candidate-play > block-assignBlockers > block-makeGoodBlocks > block-getPossibleBlockers > block-legality > block-legality > block-legality,24,334363,163071
Game AI Eval :: candidate-pay > candidate-play > block-assignBlockers > block-makeGoodBlocks > block-getPossibleBlockers > block-legality > block-legality > block-legality > block-legality,24,171292,171292
Game AI Eval :: candidate-pay > candidate-play > block-assignBlockers > block-makeGoodBlocks > block-getPossibleBlockers > block-legality > block-requirements,12,83134,30136
Game AI Eval :: candidate-pay > candidate-play > block-assignBlockers > block-makeGoodBlocks > block-getPossibleBlockers > block-legality > block-requirements > block-cost,12,52998,52998
Game AI Eval :: candidate-pay > candidate-play > block-assignBlockers > block-makeGoodBlocks > block-getSafeBlockers,3,110,110
Game AI Eval :: candidate-pay > candidate-play > block-assignBlockers > block-makeRequiredBlocks,3,73059,30385
Game AI Eval :: candidate-pay > candidate-play > block-assignBlockers > block-makeRequiredBlocks > block-requirements,6,42674,16857
Game AI Eval :: candidate-pay > candidate-play > block-assignBlockers > block-makeRequiredBlocks > block-requirements > block-cost,6,25817,25817
Game AI Eval :: candidate-pay > candidate-play > block-assignBlockers > block-makeTradeBlocks,3,347697,25448
Game AI Eval :: candidate-pay > candidate-play > block-assignBlockers > block-makeTradeBlocks > block-getKillingBlockers,3,100,100
Game AI Eval :: candidate-pay > candidate-play > block-assignBlockers > block-makeTradeBlocks > block-getPossibleBlockers,3,322149,3335
Game AI Eval :: candidate-pay > candidate-play > block-assignBlockers > block-makeTradeBlocks > block-getPossibleBlockers > block-legality,6,318814,17821
Game AI Eval :: candidate-pay > candidate-play > block-assignBlockers > block-makeTradeBlocks > block-getPossibleBlockers > block-legality > attacker-blockability,6,70893,70893
Game AI Eval :: candidate-pay > candidate-play > block-assignBlockers > block-makeTradeBlocks > block-getPossibleBlockers > block-legality > block-legality,12,192324,32095
Game AI Eval :: candidate-pay > candidate-play > block-assignBlockers > block-makeTradeBlocks > block-getPossibleBlockers > block-legality > block-legality > block-legality,12,160229,65971
Game AI Eval :: candidate-pay > candidate-play > block-assignBlockers > block-makeTradeBlocks > block-getPossibleBlockers > block-legality > block-legality > block-legality > block-legality,12,94258,94258
Game AI Eval :: candidate-pay > candidate-play > block-assignBlockers > block-makeTradeBlocks > block-getPossibleBlockers > block-legality > block-requirements,6,37776,13100
Game AI Eval :: candidate-pay > candidate-play > block-assignBlockers > block-makeTradeBlocks > block-getPossibleBlockers > block-legality > block-requirements > block-cost,6,24676,24676
Game AI Eval :: candidate-pay > candidate-play > block-assignBlockers > block-reinforceBlockersToKill,3,790,790
Game AI Eval :: candidate-pay > candidate-play > block-assignBlockers > block-removeUnpayableBlocks,3,800527,800527
Game AI Eval :: candidate-pay > candidate-play > block-assignBlockers > life-danger,3,1050159,644857
Game AI Eval :: candidate-pay > candidate-play > block-assignBlockers > life-danger > predict-damage,6,405302,405302
Game AI Eval :: candidate-pay > candidate-play > block-legality,668,9505723,3095077
Game AI Eval :: candidate-pay > candidate-play > block-legality > block-legality,668,6410646,4717005
Game AI Eval :: candidate-pay > candidate-play > block-legality > block-legality > block-legality,216,1693641,1693641
Game AI Eval :: candidate-pay > candidate-play > block-sortPotentialAttackers,3,296310,17807
Game AI Eval :: candidate-pay > candidate-play > block-sortPotentialAttackers > life-danger,1,278503,243551
Game AI Eval :: candidate-pay > candidate-play > block-sortPotentialAttackers > life-danger > predict-damage,2,34952,34952
Game AI Eval :: candidate-pay > candidate-play > choose-trigger,52,1672494516,35402452
Game AI Eval :: candidate-pay > candidate-play > choose-trigger > choose-trigger,2,319945,319945
Game AI Eval :: candidate-pay > candidate-play > choose-trigger > evaluate-creature,3,657426,657426
Game AI Eval :: candidate-pay > candidate-play > choose-trigger > forecast-board,77,1635943249,1086595
Game AI Eval :: candidate-pay > candidate-play > choose-trigger > forecast-board > evaluate-creature,392,51445799,51445799
Game AI Eval :: candidate-pay > candidate-play > choose-trigger > forecast-board > forecast-combat,77,1583410855,149542578
Game AI Eval :: candidate-pay > candidate-play > choose-trigger > forecast-board > forecast-combat > block-search,77,1419673132,466660
Game AI Eval :: candidate-pay > candidate-play > choose-trigger > forecast-board > forecast-combat > block-search > block-assignBlockers,77,1350577158,16124002
Game AI Eval :: candidate-pay > candidate-play > choose-trigger > forecast-board > forecast-combat > block-search > block-assignBlockers > attacker-blockability,392,1677139,1677139
Game AI Eval :: candidate-pay > candidate-play > choose-trigger > forecast-board > forecast-combat > block-search > block-assignBlockers > block-legality,595,3979315,1374483
Game AI Eval :: candidate-pay > candidate-play > choose-trigger > forecast-board > forecast-combat > block-search > block-assignBlockers > block-legality > block-legality,595,2604832,214446
Game AI Eval :: candidate-pay > candidate-play > choose-trigger > forecast-board > forecast-combat > block-search > block-assignBlockers > block-legality > block-legality > block-legality,595,2390386,2390386
Game AI Eval :: candidate-pay > candidate-play > choose-trigger > forecast-board > forecast-combat > block-search > block-assignBlockers > block-makeChumpBlocks,8,10658304,34133
Game AI Eval :: candidate-pay > candidate-play > choose-trigger > forecast-board > forecast-combat > block-search > block-assignBlockers > block-makeChumpBlocks > block-makeChumpBlocks,8,7229542,26599
Game AI Eval :: candidate-pay > candidate-play > choose-trigger > forecast-board > forecast-combat > block-search > block-assignBlockers > block-makeChumpBlocks > block-makeChumpBlocks > block-makeChumpBlocks,8,7202943,667481
Game AI Eval :: candidate-pay > candidate-play > choose-trigger > forecast-board > forecast-combat > block-search > block-assignBlockers > block-makeChumpBlocks > block-makeChumpBlocks > block-makeChumpBlocks > block-getPossibleBlockers,5,732808,17917
Game AI Eval :: candidate-pay > candidate-play > choose-trigger > forecast-board > forecast-combat > block-search > block-assignBlockers > block-makeChumpBlocks > block-makeChumpBlocks > block-makeChumpBlocks > block-getPossibleBlockers > block-legality,36,714891,50940
Game AI Eval :: candidate-pay > candidate-play > choose-trigger > forecast-board > forecast-combat > block-search > block-assignBlockers > block-makeChumpBlocks > block-makeChumpBlocks > block-makeChumpBlocks > block-getPossibleBlockers > block-legality > attacker-blockability,18,102302,102302
Game AI Eval :: candidate-pay > candidate-play > choose-trigger > forecast-board > forecast-combat > block-search > block-assignBlockers > block-makeChumpBlocks > block-makeChumpBlocks > block-makeChumpBlocks > block-getPossibleBlockers > block-legality > block-legality,54,331309,105165
Game AI Eval :: candidate-pay > candidate-play > choose-trigger > forecast-board > forecast-combat > block-search > block-assignBlockers > block-makeChumpBlocks > block-makeChumpBlocks > block-makeChumpBlocks > block-getPossibleBlockers > block-legality > block-legality > block-legality,42,226144,74217
Game AI Eval :: candidate-pay > candidate-play > choose-trigger > forecast-board > forecast-combat > block-search > block-assignBlockers > block-makeChumpBlocks > block-makeChumpBlocks > block-makeChumpBlocks > block-getPossibleBlockers > block-legality > block-legality > block-legality > block-legality,42,151927,151927
Game AI Eval :: candidate-pay > candidate-play > choose-trigger > forecast-board > forecast-combat > block-search > block-assignBlockers > block-makeChumpBlocks > block-makeChumpBlocks > block-makeChumpBlocks > block-getPossibleBlockers > block-legality > block-requirements,18,230340,118152
Game AI Eval :: candidate-pay > candidate-play > choose-trigger > forecast-board > forecast-combat > block-search > block-assignBlockers > block-makeChumpBlocks > block-makeChumpBlocks > block-makeChumpBlocks > block-getPossibleBlockers > block-legality > block-requirements > block-cost,72,112188,112188
Game AI Eval :: candidate-pay > candidate-play > choose-trigger > forecast-board > forecast-combat > block-search > block-assignBlockers > block-makeChumpBlocks > block-makeChumpBlocks > block-makeChumpBlocks > block-makeChumpBlocks,8,1129828,23584
Game AI Eval :: candidate-pay > candidate-play > choose-trigger > forecast-board > forecast-combat > block-search > block-assignBlockers > block-makeChumpBlocks > block-makeChumpBlocks > block-makeChumpBlocks > block-makeChumpBlocks > block-makeChumpBlocks,5,132899,23414
Game AI Eval :: candidate-pay > candidate-play > choose-trigger > forecast-board > forecast-combat > block-search > block-assignBlockers > block-makeChumpBlocks > block-makeChumpBlocks > block-makeChumpBlocks > block-makeChumpBlocks > block-makeChumpBlocks > block-getPossibleBlockers,2,25527,2384
Game AI Eval :: candidate-pay > candidate-play > choose-trigger > forecast-board > forecast-combat > block-search > block-assignBlockers > block-makeChumpBlocks > block-makeChumpBlocks > block-makeChumpBlocks > block-makeChumpBlocks > block-makeChumpBlocks > block-getPossibleBlockers > block-legality,6,23143,3123
Game AI Eval :: candidate-pay > candidate-play > choose-trigger > forecast-board > forecast-combat > block-search > block-assignBlockers > block-makeChumpBlocks > block-makeChumpBlocks > block-makeChumpBlocks > block-makeChumpBlocks > block-makeChumpBlocks > block-getPossibleBlockers > block-legality > block-legality,6,20020,10137
Game AI Eval :: candidate-pay > candidate-play > choose-trigger > forecast-board > forecast-combat > block-search > block-assignBlockers > block-makeChumpBlocks > block-makeChumpBlocks > block-makeChumpBlocks > block-makeChumpBlocks > block-makeChumpBlocks > block-getPossibleBlockers > block-legality > block-legality > block-legality,6,9883,2872
Game AI Eval :: candidate-pay > candidate-play > choose-trigger > forecast-board > forecast-combat > block-search > block-assignBlockers > block-makeChumpBlocks > block-makeChumpBlocks > block-makeChumpBlocks > block-makeChumpBlocks > block-makeChumpBlocks > block-getPossibleBlockers > block-legality > block-legality > block-legality > block-legality,6,7011,7011
Game AI Eval :: candidate-pay > candidate-play > choose-trigger > forecast-board > forecast-combat > block-search > block-assignBlockers > block-makeChumpBlocks > block-makeChumpBlocks > block-makeChumpBlocks > block-makeChumpBlocks > block-makeChumpBlocks > block-makeChumpBlocks,5,83958,21686
Game AI Eval :: candidate-pay > candidate-play > choose-trigger > forecast-board > forecast-combat > block-search > block-assignBlockers > block-makeChumpBlocks > block-makeChumpBlocks > block-makeChumpBlocks > block-makeChumpBlocks > block-makeChumpBlocks > block-makeChumpBlocks > block-getPossibleBlockers,2,24356,2253
Game AI Eval :: candidate-pay > candidate-play > choose-trigger > forecast-board > forecast-combat > block-search > block-assignBlockers > block-makeChumpBlocks > block-makeChumpBlocks > block-makeChumpBlocks > block-makeChumpBlocks > block-makeChumpBlocks > block-makeChumpBlocks > block-getPossibleBlockers > block-legality,6,22103,2493
Game AI Eval :: candidate-pay > candidate-play > choose-trigger > forecast-board > forecast-combat > block-search > block-assignBlockers > block-makeChumpBlocks > block-makeChumpBlocks > block-makeChumpBlocks > block-makeChumpBlocks > block-makeChumpBlocks > block-makeChumpBlocks > block-getPossibleBlockers > block-legality > block-legality,6,19610,9525
Game AI Eval :: candidate-pay > candidate-play > choose-trigger > forecast-board > forecast-combat > block-search > block-assignBlockers > block-makeChumpBlocks > block-makeChumpBlocks > block-makeChumpBlocks > block-makeChumpBlocks > block-makeChumpBlocks > block-makeChumpBlocks > block-getPossibleBlockers > block-legality > block-legality > block-legality,6,10085,3144
Game AI Eval :: candidate-pay > candidate-play > choose-trigger > forecast-board > forecast-combat > block-search > block-assignBlockers > block-makeChumpBlocks > block-makeChumpBlocks > block-makeChumpBlocks > block-makeChumpBlocks > block-makeChumpBlocks > block-makeChumpBlocks > block-getPossibleBlockers > block-legality > block-legality > block-legality > block-legality,6,6941,6941
Game AI Eval :: candidate-pay > candidate-play > choose-trigger > forecast-board > forecast-combat > block-search > block-assignBlockers > block-makeChumpBlocks > block-makeChumpBlocks > block-makeChumpBlocks > block-makeChumpBlocks > block-makeChumpBlocks > block-makeChumpBlocks > block-makeChumpBlocks,5,37916,10396
Game AI Eval :: candidate-pay > candidate-play > choose-trigger > forecast-board > forecast-combat > block-search > block-assignBlockers > block-makeChumpBlocks > block-makeChumpBlocks > block-makeChumpBlocks > block-makeChumpBlocks > block-makeChumpBlocks > block-makeChumpBlocks > block-makeChumpBlocks > block-makeChumpBlocks,3,27520,13411
Game AI Eval :: candidate-pay > candidate-play > choose-trigger > forecast-board > forecast-combat > block-search > block-assignBlockers > block-makeChumpBlocks > block-makeChumpBlocks > block-makeChumpBlocks > block-makeChumpBlocks > block-makeChumpBlocks > block-makeChumpBlocks > block-makeChumpBlocks > block-makeChumpBlocks > block-makeChumpBlocks,3,14109,12817
Game AI Eval :: candidate-pay > candidate-play > choose-trigger > forecast-board > forecast-combat > block-search > block-assignBlockers > block-makeChumpBlocks > block-makeChumpBlocks > block-makeChumpBlocks > block-makeChumpBlocks > block-makeChumpBlocks > block-makeChumpBlocks > block-makeChumpBlocks > block-makeChumpBlocks > block-makeChumpBlocks > block-makeChumpBlocks,3,1292,1292
Game AI Eval :: candidate-pay > candidate-play > choose-trigger > forecast-board > forecast-combat > block-search > block-assignBlockers > block-makeChumpBlocks > block-makeChumpBlocks > block-makeChumpBlocks > block-makeChumpBlocks > life-danger,3,973345,931003
Game AI Eval :: candidate-pay > candidate-play > choose-trigger > forecast-board > forecast-combat > block-search > block-assignBlockers > block-makeChumpBlocks > block-makeChumpBlocks > block-makeChumpBlocks > block-makeChumpBlocks > life-danger > predict-damage,3,42342,42342
Game AI Eval :: candidate-pay > candidate-play > choose-trigger > forecast-board > forecast-combat > block-search > block-assignBlockers > block-makeChumpBlocks > block-makeChumpBlocks > block-makeChumpBlocks > life-danger,8,4672826,3966987
Game AI Eval :: candidate-pay > candidate-play > choose-trigger > forecast-board > forecast-combat > block-search > block-assignBlockers > block-makeChumpBlocks > block-makeChumpBlocks > block-makeChumpBlocks > life-danger > predict-damage,66,705839,705839
Game AI Eval :: candidate-pay > candidate-play > choose-trigger > forecast-board > forecast-combat > block-search > block-assignBlockers > block-makeChumpBlocks > block-makeMultiChumpBlocks,5,3394629,187936
Game AI Eval :: candidate-pay > candidate-play > choose-trigger > forecast-board > forecast-combat > block-search > block-assignBlockers > block-makeChumpBlocks > block-makeMultiChumpBlocks > block-getPossibleBlockers,23,2226967,71266
Game AI Eval :: candidate-pay > candidate-play > choose-trigger > forecast-board > forecast-combat > block-search > block-assignBlockers > block-makeChumpBlocks > block-makeMultiChumpBlocks > block-getPossibleBlockers > block-legality,216,2155701,159417
Game AI Eval :: candidate-pay > candidate-play > choose-trigger > forecast-board > forecast-combat > block-search > block-assignBlockers > block-makeChumpBlocks > block-makeMultiChumpBlocks > block-getPossibleBlockers > block-legality > attacker-blockability,36,233356,233356
Game AI Eval :: candidate-pay > candidate-play > choose-trigger > forecast-board > forecast-combat > block-search > block-assignBlockers > block-makeChumpBlocks > block-makeMultiChumpBlocks > block-getPossibleBlockers > block-legality > block-legality,252,656698,201317
Game AI Eval :: candidate-pay > candidate-play > choose-trigger > forecast-board > forecast-combat > block-search > block-assignBlockers > block-makeChumpBlocks > block-makeMultiChumpBlocks > block-getPossibleBlockers > block-legality > block-legality > block-legality,78,455381,154343
Game AI Eval :: candidate-pay > candidate-play > choose-trigger > forecast-board > forecast-combat > block-search > block-assignBlockers > block-makeChumpBlocks > block-makeMultiChumpBlocks > block-getPossibleBlockers > block-legality > block-legality > block-legality > block-legality,78,301038,301038
Game AI Eval :: candidate-pay > candidate-play > choose-trigger > forecast-board > forecast-combat > block-search > block-assignBlockers > block-makeChumpBlocks > block-makeMultiChumpBlocks > block-getPossibleBlockers > block-legality > block-requirements,36,1106230,590015
Game AI Eval :: candidate-pay > candidate-play > choose-trigger > forecast-board > forecast-combat > block-search > block-assignBlockers > block-makeChumpBlocks > block-makeMultiChumpBlocks > block-getPossibleBlockers > block-legality > block-requirements > block-cost,324,516215,516215
Game AI Eval :: candidate-pay > candidate-play > choose-trigger > forecast-board > forecast-combat > block-search > block-assignBlockers > block-makeChumpBlocks > block-makeMultiChumpBlocks > block-legality,18,979726,71455
Game AI Eval :: candidate-pay > candidate-play > choose-trigger > forecast-board > forecast-combat > block-search > block-assignBlockers > block-makeChumpBlocks > block-makeMultiChumpBlocks > block-legality > attacker-blockability,18,101342,101342
Game AI Eval :: candidate-pay > candidate-play > choose-trigger > forecast-board > forecast-combat > block-search > block-assignBlockers > block-makeChumpBlocks > block-makeMultiChumpBlocks > block-legality > block-legality,36,274457,60289
Game AI Eval :: candidate-pay > candidate-play > choose-trigger > forecast-board > forecast-combat > block-search > block-assignBlockers > block-makeChumpBlocks > block-makeMultiChumpBlocks > block-legality > block-legality > block-legality,36,214168,72516
Game AI Eval :: candidate-pay > candidate-play > choose-trigger > forecast-board > forecast-combat > block-search > block-assignBlockers > block-makeChumpBlocks > block-makeMultiChumpBlocks > block-legality > block-legality > block-legality > block-legality,36,141652,141652
Game AI Eval :: candidate-pay > candidate-play > choose-trigger > forecast-board > forecast-combat > block-search > block-assignBlockers > block-makeChumpBlocks > block-makeMultiChumpBlocks > block-legality > block-requirements,18,532472,283051
Game AI Eval :: candidate-pay > candidate-play > choose-trigger > forecast-board > forecast-combat > block-search > block-assignBlockers > block-makeChumpBlocks > block-makeMultiChumpBlocks > block-legality > block-requirements > block-cost,162,249421,249421
Game AI Eval :: candidate-pay > candidate-play > choose-trigger > forecast-board > forecast-combat > block-search > block-assignBlockers > block-makeChumpBlocksToSavePW,77,17241057,3820348
Game AI Eval :: candidate-pay > candidate-play > choose-trigger > forecast-board > forecast-combat > block-search > block-assignBlockers > block-makeChumpBlocksToSavePW > evaluate-creature,528,13420709,13420709
Game AI Eval :: candidate-pay > candidate-play > choose-trigger > forecast-board > forecast-combat > block-search > block-assignBlockers > block-makeGangBlocks,78,393831694,198193979
Game AI Eval :: candidate-pay > candidate-play > choose-trigger > forecast-board > forecast-combat > block-search > block-assignBlockers > block-makeGangBlocks > block-getPossibleBlockers,404,99185968,1608961
Game AI Eval :: candidate-pay > candidate-play > choose-trigger > forecast-board > forecast-combat > block-search > block-assignBlockers > block-makeGangBlocks > block-getPossibleBlockers > block-legality,2958,97577007,7003724
Game AI Eval :: candidate-pay > candidate-play > choose-trigger > forecast-board > forecast-combat > block-search > block-assignBlockers > block-makeGangBlocks > block-getPossibleBlockers > block-legality > attacker-blockability,2102,11821600,11821600
Game AI Eval :: candidate-pay > candidate-play > choose-trigger > forecast-board > forecast-combat > block-search > block-assignBlockers > block-makeGangBlocks > block-getPossibleBlockers > block-legality > block-legality,5060,31311114,5822916
Game AI Eval :: candidate-pay > candidate-play > choose-trigger > forecast-board > forecast-combat > block-search > block-assignBlockers > block-makeGangBlocks > block-getPossibleBlockers > block-legality > block-legality > block-legality,4234,25488198,9404692
Game AI Eval :: candidate-pay > candidate-play > choose-trigger > forecast-board > forecast-combat > block-search > block-assignBlockers > block-makeGangBlocks > block-getPossibleBlockers > block-legality > block-legality > block-legality > block-legality,4234,16083506,16083506
Game AI Eval :: candidate-pay > candidate-play > choose-trigger > forecast-board > forecast-combat > block-search > block-assignBlockers > block-makeGangBlocks > block-getPossibleBlockers > block-legality > block-requirements,2102,47440569,20810552
Game AI Eval :: candidate-pay > candidate-play > choose-trigger > forecast-board > forecast-combat > block-search > block-assignBlockers > block-makeGangBlocks > block-getPossibleBlockers > block-legality > block-requirements > block-cost,13470,26630017,26630017
Game AI Eval :: candidate-pay > candidate-play > choose-trigger > forecast-board > forecast-combat > block-search > block-assignBlockers > block-makeGangBlocks > block-legality,44,2066586,171204
Game AI Eval :: candidate-pay > candidate-play > choose-trigger > forecast-board > forecast-combat > block-search > block-assignBlockers > block-makeGangBlocks > block-legality > attacker-blockability,44,269812,269812
Game AI Eval :: candidate-pay > candidate-play > choose-trigger > forecast-board > forecast-combat > block-search > block-assignBlockers > block-makeGangBlocks > block-legality > block-legality,88,616139,134586
Game AI Eval :: candidate-pay > candidate-play > choose-trigger > forecast-board > forecast-combat > block-search > block-assignBlockers > block-makeGangBlocks > block-legality > block-legality > block-legality,88,481553,179488
Game AI Eval :: candidate-pay > candidate-play > choose-trigger > forecast-board > forecast-combat > block-search > block-assignBlockers > block-makeGangBlocks > block-legality > block-legality > block-legality > block-legality,88,302065,302065
Game AI Eval :: candidate-pay > candidate-play > choose-trigger > forecast-board > forecast-combat > block-search > block-assignBlockers > block-makeGangBlocks > block-legality > block-requirements,44,1009431,660742
Game AI Eval :: candidate-pay > candidate-play > choose-trigger > forecast-board > forecast-combat > block-search > block-assignBlockers > block-makeGangBlocks > block-legality > block-requirements > block-cost,262,348689,348689
Game AI Eval :: candidate-pay > candidate-play > choose-trigger > forecast-board > forecast-combat > block-search > block-assignBlockers > block-makeGangBlocks > evaluate-creature,2597,58524852,58524852
Game AI Eval :: candidate-pay > candidate-play > choose-trigger > forecast-board > forecast-combat > block-search > block-assignBlockers > block-makeGangBlocks > predict-damage,4002,35860309,35860309
Game AI Eval :: candidate-pay > candidate-play > choose-trigger > forecast-board > forecast-combat > block-search > block-assignBlockers > block-makeGangNonLethalBlocks,77,7828760,409378
Game AI Eval :: candidate-pay > candidate-play > choose-trigger > forecast-board > forecast-combat > block-search > block-assignBlockers > block-makeGangNonLethalBlocks > block-getPossibleBlockers,14,1487568,55940
Game AI Eval :: candidate-pay > candidate-play > choose-trigger > forecast-board > forecast-combat > block-search > block-assignBlockers > block-makeGangNonLethalBlocks > block-getPossibleBlockers > block-legality,103,1431628,130129
Game AI Eval :: candidate-pay > candidate-play > choose-trigger > forecast-board > forecast-combat > block-search > block-assignBlockers > block-makeGangNonLethalBlocks > block-getPossibleBlockers > block-legality > attacker-blockability,39,219645,219645
Game AI Eval :: candidate-pay > candidate-play > choose-trigger > forecast-board > forecast-combat > block-search > block-assignBlockers > block-makeGangNonLethalBlocks > block-getPossibleBlockers > block-legality > block-legality,142,553249,139183
Game AI Eval :: candidate-pay > candidate-play > choose-trigger > forecast-board > forecast-combat > block-search > block-assignBlockers > block-makeGangNonLethalBlocks > block-getPossibleBlockers > block-legality > block-legality > block-legality,84,414066,140057
Game AI Eval :: candidate-pay > candidate-play > choose-trigger > forecast-board > forecast-combat > block-search > block-assignBlockers > block-makeGangNonLethalBlocks > block-getPossibleBlockers > block-legality > block-legality > block-legality > block-legality,84,274009,274009
Game AI Eval :: candidate-pay > candidate-play > choose-trigger > forecast-board > forecast-combat > block-search > block-assignBlockers > block-makeGangNonLethalBlocks > block-getPossibleBlockers > block-legality > block-requirements,39,528605,309030
Game AI Eval :: candidate-pay > candidate-play > choose-trigger > forecast-board > forecast-combat > block-search > block-assignBlockers > block-makeGangNonLethalBlocks > block-getPossibleBlockers > block-legality > block-requirements > block-cost,196,219575,219575
Game AI Eval :: candidate-pay > candidate-play > choose-trigger > forecast-board > forecast-combat > block-search > block-assignBlockers > block-makeGangNonLethalBlocks > block-getSafeBlockers,14,5931814,21176
Game AI Eval :: candidate-pay > candidate-play > choose-trigger > forecast-board > forecast-combat > block-search > block-assignBlockers > block-makeGangNonLethalBlocks > block-getSafeBlockers > destroy-blocker,39,5910638,5140952
Game AI Eval :: candidate-pay > candidate-play > choose-trigger > forecast-board > forecast-combat > block-search > block-assignBlockers > block-makeGangNonLethalBlocks > block-getSafeBlockers > destroy-blocker > predict-damage,78,769686,769686
Game AI Eval :: candidate-pay > candidate-play > choose-trigger > forecast-board > forecast-combat > block-search > block-assignBlockers > block-makeGoodBlocks,78,657272831,19995823
Game AI Eval :: candidate-pay > candidate-play > choose-trigger > forecast-board > forecast-combat > block-search > block-assignBlockers > block-makeGoodBlocks > block-getKillingBlockers,340,191974885,861200
Game AI Eval :: candidate-pay > candidate-play > choose-trigger > forecast-board > forecast-combat > block-search > block-assignBlockers > block-makeGoodBlocks > block-getKillingBlockers > destroy-attacker,1293,191113685,166506188
Game AI Eval :: candidate-pay > candidate-play > choose-trigger > forecast-board > forecast-combat > block-search > block-assignBlockers > block-makeGoodBlocks > block-getKillingBlockers > destroy-attacker > predict-damage,2586,24607497,24607497
Game AI Eval :: candidate-pay > candidate-play > choose-trigger > forecast-board > forecast-combat > block-search > block-assignBlockers > block-makeGoodBlocks > block-getPossibleBlockers,535,128946789,2576926
Game AI Eval :: candidate-pay > candidate-play > choose-trigger > forecast-board > forecast-combat > block-search > block-assignBlockers > block-makeGoodBlocks > block-getPossibleBlockers > block-legality,3881,126369863,9339916
Game AI Eval :: candidate-pay > candidate-play > choose-trigger > forecast-board > forecast-combat > block-search > block-assignBlockers > block-makeGoodBlocks > block-getPossibleBlockers > block-legality > attacker-blockability,3106,17270111,17270111
Game AI Eval :: candidate-pay > candidate-play > choose-trigger > forecast-board > forecast-combat > block-search > block-assignBlockers > block-makeGoodBlocks > block-getPossibleBlockers > block-legality > block-legality,6987,46931747,8101038
Game AI Eval :: candidate-pay > candidate-play > choose-trigger > forecast-board > forecast-combat > block-search > block-assignBlockers > block-makeGoodBlocks > block-getPossibleBlockers > block-legality > block-legality > block-legality,6248,38830709,14363484
Game AI Eval :: candidate-pay > candidate-play > choose-trigger > forecast-board > forecast-combat > block-search > block-assignBlockers > block-makeGoodBlocks > block-getPossibleBlockers > block-legality > block-legality > block-legality > block-legality,6248,24467225,24467225
Game AI Eval :: candidate-pay > candidate-play > choose-trigger > forecast-board > forecast-combat > block-search > block-assignBlockers > block-makeGoodBlocks > block-getPossibleBlockers > block-legality > block-requirements,3106,52828089,29328803
Game AI Eval :: candidate-pay > candidate-play > choose-trigger > forecast-board > forecast-combat > block-search > block-assignBlockers > block-makeGoodBlocks > block-getPossibleBlockers > block-legality > block-requirements > block-cost,19126,23499286,23499286
Game AI Eval :: candidate-pay > candidate-play > choose-trigger > forecast-board > forecast-combat > block-search > block-assignBlockers > block-makeGoodBlocks > block-getSafeBlockers,340,311021887,1260625
Game AI Eval :: candidate-pay > candidate-play > choose-trigger > forecast-board > forecast-combat > block-search > block-assignBlockers > block-makeGoodBlocks > block-getSafeBlockers > destroy-blocker,1920,309761262,270914922
Game AI Eval :: candidate-pay > candidate-play > choose-trigger > forecast-board > forecast-combat > block-search > block-assignBlockers > block-makeGoodBlocks > block-getSafeBlockers > destroy-blocker > predict-damage,3840,38846340,38846340
Game AI Eval :: candidate-pay > candidate-play > choose-trigger > forecast-board > forecast-combat > block-search > block-assignBlockers > block-makeGoodBlocks > block-legality,5,37225,1882
Game AI Eval :: candidate-pay > candidate-play > choose-trigger > forecast-board > forecast-combat > block-search > block-assignBlockers > block-makeGoodBlocks > block-legality > block-legality,5,35343,16905
Game AI Eval :: candidate-pay > candidate-play > choose-trigger > forecast-board > forecast-combat > block-search > block-assignBlockers > block-makeGoodBlocks > block-legality > block-legality > block-legality,5,18438,18438
Game AI Eval :: candidate-pay > candidate-play > choose-trigger > forecast-board > forecast-combat > block-search > block-assignBlockers > block-makeGoodBlocks > destroy-blocker,5,665977,534671
Game AI Eval :: candidate-pay > candidate-play > choose-trigger > forecast-board > forecast-combat > block-search > block-assignBlockers > block-makeGoodBlocks > destroy-blocker > predict-damage,10,131306,131306
Game AI Eval :: candidate-pay > candidate-play > choose-trigger > forecast-board > forecast-combat > block-search > block-assignBlockers > block-makeGoodBlocks > evaluate-creature,170,4630245,4630245
Game AI Eval :: candidate-pay > candidate-play > choose-trigger > forecast-board > forecast-combat > block-search > block-assignBlockers > block-makeRequiredBlocks,77,9668636,1113929
Game AI Eval :: candidate-pay > candidate-play > choose-trigger > forecast-board > forecast-combat > block-search > block-assignBlockers > block-makeRequiredBlocks > block-requirements,534,8554707,4613009
Game AI Eval :: candidate-pay > candidate-play > choose-trigger > forecast-board > forecast-combat > block-search > block-assignBlockers > block-makeRequiredBlocks > block-requirements > block-cost,3008,3941698,3941698
Game AI Eval :: candidate-pay > candidate-play > choose-trigger > forecast-board > forecast-combat > block-search > block-assignBlockers > block-makeTradeBlocks,78,143894623,11543276
Game AI Eval :: candidate-pay > candidate-play > choose-trigger > forecast-board > forecast-combat > block-search > block-assignBlockers > block-makeTradeBlocks > block-getKillingBlockers,191,96575506,484086
Game AI Eval :: candidate-pay > candidate-play > choose-trigger > forecast-board > forecast-combat > block-search > block-assignBlockers > block-makeTradeBlocks > block-getKillingBlockers > destroy-attacker,620,96091420,83260332
Game AI Eval :: candidate-pay > candidate-play > choose-trigger > forecast-board > forecast-combat > block-search > block-assignBlockers > block-makeTradeBlocks > block-getKillingBlockers > destroy-attacker > predict-damage,1240,12831088,12831088
Game AI Eval :: candidate-pay > candidate-play > choose-trigger > forecast-board > forecast-combat > block-search > block-assignBlockers > block-makeTradeBlocks > block-getPossibleBlockers,191,35775841,694616
Game AI Eval :: candidate-pay > candidate-play > choose-trigger > forecast-board > forecast-combat > block-search > block-assignBlockers > block-makeTradeBlocks > block-getPossibleBlockers > block-legality,1314,35081225,2568122
Game AI Eval :: candidate-pay > candidate-play > choose-trigger > forecast-board > forecast-combat > block-search > block-assignBlockers > block-makeTradeBlocks > block-getPossibleBlockers > block-legality > attacker-blockability,836,4648116,4648116
Game AI Eval :: candidate-pay > candidate-play > choose-trigger > forecast-board > forecast-combat > block-search > block-assignBlockers > block-makeTradeBlocks > block-getPossibleBlockers > block-legality > block-legality,2150,13998540,2788374
Game AI Eval :: candidate-pay > candidate-play > choose-trigger > forecast-board > forecast-combat > block-search > block-assignBlockers > block-makeTradeBlocks > block-getPossibleBlockers > block-legality > block-legality > block-legality,1690,11210166,4294643
Game AI Eval :: candidate-pay > candidate-play > choose-trigger > forecast-board > forecast-combat > block-search > block-assignBlockers > block-makeTradeBlocks > block-getPossibleBlockers > block-legality > block-legality > block-legality > block-legality,1690,6915523,6915523
Game AI Eval :: candidate-pay > candidate-play > choose-trigger > forecast-board > forecast-combat > block-search > block-assignBlockers > block-makeTradeBlocks > block-getPossibleBlockers > block-legality > block-requirements,836,13866447,7858272
Game AI Eval :: candidate-pay > candidate-play > choose-trigger > forecast-board > forecast-combat > block-search > block-assignBlockers > block-makeTradeBlocks > block-getPossibleBlockers > block-legality > block-requirements > block-cost,5088,6008175,6008175
Game AI Eval :: candidate-pay > candidate-play > choose-trigger > forecast-board > forecast-combat > block-search > block-assignBlockers > block-reinforceBlockersAgainstTrample,2,19959,19959
Game AI Eval :: candidate-pay > candidate-play > choose-trigger > forecast-board > forecast-combat > block-search > block-assignBlockers > block-reinforceBlockersToKill,77,25385354,5122382
Game AI Eval :: candidate-pay > candidate-play > choose-trigger > forecast-board > forecast-combat > block-search > block-assignBlockers > block-reinforceBlockersToKill > block-getPossibleBlockers,20,3700553,84873
Game AI Eval :: candidate-pay > candidate-play > choose-trigger > forecast-board > forecast-combat > block-search > block-assignBlockers > block-reinforceBlockersToKill > block-getPossibleBlockers > block-legality,177,3615680,240674
Game AI Eval :: candidate-pay > candidate-play > choose-trigger > forecast-board > forecast-combat > block-search > block-assignBlockers > block-reinforceBlockersToKill > block-getPossibleBlockers > block-legality > attacker-blockability,94,539893,539893
Game AI Eval :: candidate-pay > candidate-play > choose-trigger > forecast-board > forecast-combat > block-search > block-assignBlockers > block-reinforceBlockersToKill > block-getPossibleBlockers > block-legality > block-legality,271,1374015,307633
Game AI Eval :: candidate-pay > candidate-play > choose-trigger > forecast-board > forecast-combat > block-search > block-assignBlockers > block-reinforceBlockersToKill > block-getPossibleBlockers > block-legality > block-legality > block-legality,188,1066382,357629
Game AI Eval :: candidate-pay > candidate-play > choose-trigger > forecast-board > forecast-combat > block-search > block-assignBlockers > block-reinforceBlockersToKill > block-getPossibleBlockers > block-legality > block-legality > block-legality > block-legality,188,708753,708753
Game AI Eval :: candidate-pay > candidate-play > choose-trigger > forecast-board > forecast-combat > block-search > block-assignBlockers > block-reinforceBlockersToKill > block-getPossibleBlockers > block-legality > block-requirements,94,1461098,781424
Game AI Eval :: candidate-pay > candidate-play > choose-trigger > forecast-board > forecast-combat > block-search > block-assignBlockers > block-reinforceBlockersToKill > block-getPossibleBlockers > block-legality > block-requirements > block-cost,546,679674,679674
Game AI Eval :: candidate-pay > candidate-play > choose-trigger > forecast-board > forecast-combat > block-search > block-assignBlockers > block-reinforceBlockersToKill > block-getSafeBlockers,20,13003262,51061
Game AI Eval :: candidate-pay > candidate-play > choose-trigger > forecast-board > forecast-combat > block-search > block-assignBlockers > block-reinforceBlockersToKill > block-getSafeBlockers > destroy-blocker,94,12952201,11249317
Game AI Eval :: candidate-pay > candidate-play > choose-trigger > forecast-board > forecast-combat > block-search > block-assignBlockers > block-reinforceBlockersToKill > block-getSafeBlockers > destroy-blocker > predict-damage,188,1702884,1702884
Game AI Eval :: candidate-pay > candidate-play > choose-trigger > forecast-board > forecast-combat > block-search > block-assignBlockers > block-reinforceBlockersToKill > block-legality,14,708432,41125
Game AI Eval :: candidate-pay > candidate-play > choose-trigger > forecast-board > forecast-combat > block-search > block-assignBlockers > block-reinforceBlockersToKill > block-legality > attacker-blockability,14,77371,77371
Game AI Eval :: candidate-pay > candidate-play > choose-trigger > forecast-board > forecast-combat > block-search > block-assignBlockers > block-reinforceBlockersToKill > block-legality > block-legality,28,220246,62443
Game AI Eval :: candidate-pay > candidate-play > choose-trigger > forecast-board > forecast-combat > block-search > block-assignBlockers > block-reinforceBlockersToKill > block-legality > block-legality > block-legality,28,157803,51105
Game AI Eval :: candidate-pay > candidate-play > choose-trigger > forecast-board > forecast-combat > block-search > block-assignBlockers > block-reinforceBlockersToKill > block-legality > block-legality > block-legality > block-legality,28,106698,106698
Game AI Eval :: candidate-pay > candidate-play > choose-trigger > forecast-board > forecast-combat > block-search > block-assignBlockers > block-reinforceBlockersToKill > block-legality > block-requirements,14,369690,205557
Game AI Eval :: candidate-pay > candidate-play > choose-trigger > forecast-board > forecast-combat > block-search > block-assignBlockers > block-reinforceBlockersToKill > block-legality > block-requirements > block-cost,120,164133,164133
Game AI Eval :: candidate-pay > candidate-play > choose-trigger > forecast-board > forecast-combat > block-search > block-assignBlockers > block-reinforceBlockersToKill > evaluate-creature,50,979685,979685
Game AI Eval :: candidate-pay > candidate-play > choose-trigger > forecast-board > forecast-combat > block-search > block-assignBlockers > block-reinforceBlockersToKill > predict-damage,215,1871040,1871040
Game AI Eval :: candidate-pay > candidate-play > choose-trigger > forecast-board > forecast-combat > block-search > block-assignBlockers > block-removeUnpayableBlocks,77,10677481,10367961
Game AI Eval :: candidate-pay > candidate-play > choose-trigger > forecast-board > forecast-combat > block-search > block-assignBlockers > block-removeUnpayableBlocks > block-cost,229,309520,309520
Game AI Eval :: candidate-pay > candidate-play > choose-trigger > forecast-board > forecast-combat > block-search > block-assignBlockers > life-danger,83,52245438,45966029
Game AI Eval :: candidate-pay > candidate-play > choose-trigger > forecast-board > forecast-combat > block-search > block-assignBlockers > life-danger > predict-damage,578,6279409,6279409
Game AI Eval :: candidate-pay > candidate-play > choose-trigger > forecast-board > forecast-combat > block-search > block-assignBlockers > predict-damage,9,72565,72565
Game AI Eval :: candidate-pay > candidate-play > choose-trigger > forecast-board > forecast-combat > block-search > block-sortPotentialAttackers,77,68629314,18118953
Game AI Eval :: candidate-pay > candidate-play > choose-trigger > forecast-board > forecast-combat > block-search > block-sortPotentialAttackers > life-danger,77,48522899,39706930
Game AI Eval :: candidate-pay > candidate-play > choose-trigger > forecast-board > forecast-combat > block-search > block-sortPotentialAttackers > life-danger > predict-damage,841,8815969,8815969
Game AI Eval :: candidate-pay > candidate-play > choose-trigger > forecast-board > forecast-combat > block-search > block-sortPotentialAttackers > predict-damage,69,1987462,1987462
Game AI Eval :: candidate-pay > candidate-play > choose-trigger > forecast-board > forecast-combat > predict-damage,704,14195145,14195145
Game AI Eval :: candidate-pay > candidate-play > choose-trigger > predict-damage,8,171444,171444
Game AI Eval :: candidate-pay > candidate-play > destroy-attacker,21,4262266,3583266
Game AI Eval :: candidate-pay > candidate-play > destroy-attacker > predict-damage,42,679000,679000
Game AI Eval :: candidate-pay > candidate-play > destroy-blocker,22,6242717,5488881
Game AI Eval :: candidate-pay > candidate-play > destroy-blocker > predict-damage,40,753836,753836
Game AI Eval :: candidate-pay > candidate-play > evaluate-creature,861,77940429,77940429
Game AI Eval :: candidate-pay > candidate-play > forecast-board,606,3713206539,5558928
Game AI Eval :: candidate-pay > candidate-play > forecast-board > evaluate-creature,2178,109235821,109235821
Game AI Eval :: candidate-pay > candidate-play > forecast-board > forecast-combat,606,3598411790,652285484
Game AI Eval :: candidate-pay > candidate-play > forecast-board > forecast-combat > block-search,448,2886765626,2669822
Game AI Eval :: candidate-pay > candidate-play > forecast-board > forecast-combat > block-search > block-assignBlockers,448,2521066901,51689588
Game AI Eval :: candidate-pay > candidate-play > forecast-board > forecast-combat > block-search > block-assignBlockers > attacker-blockability,2178,13665721,13665721
Game AI Eval :: candidate-pay > candidate-play > forecast-board > forecast-combat > block-search > block-assignBlockers > block-legality,1377,11708627,4451872
Game AI Eval :: candidate-pay > candidate-play > forecast-board > forecast-combat > block-search > block-assignBlockers > block-legality > block-legality,1377,7256755,689878
Game AI Eval :: candidate-pay > candidate-play > forecast-board > forecast-combat > block-search > block-assignBlockers > block-legality > block-legality > block-legality,1377,6566877,6566877
Game AI Eval :: candidate-pay > candidate-play > forecast-board > forecast-combat > block-search > block-assignBlockers > block-makeChumpBlocks,37,69487588,157338
Game AI Eval :: candidate-pay > candidate-play > forecast-board > forecast-combat > block-search > block-assignBlockers > block-makeChumpBlocks > block-makeChumpBlocks,37,49202051,114474
Game AI Eval :: candidate-pay > candidate-play > forecast-board > forecast-combat > block-search > block-assignBlockers > block-makeChumpBlocks > block-makeChumpBlocks > block-makeChumpBlocks,37,49087577,2573821
Game AI Eval :: candidate-pay > candidate-play > forecast-board > forecast-combat > block-search > block-assignBlockers > block-makeChumpBlocks > block-makeChumpBlocks > block-makeChumpBlocks > block-getPossibleBlockers,21,4853154,76512
Game AI Eval :: candidate-pay > candidate-play > forecast-board > forecast-combat > block-search > block-assignBlockers > block-makeChumpBlocks > block-makeChumpBlocks > block-makeChumpBlocks > block-getPossibleBlockers > block-legality,170,4776642,318537
Game AI Eval :: candidate-pay > candidate-play > forecast-board > forecast-combat > block-search > block-assignBlockers > block-makeChumpBlocks > block-makeChumpBlocks > block-makeChumpBlocks > block-getPossibleBlockers > block-legality > attacker-blockability,117,673611,673611
Game AI Eval :: candidate-pay > candidate-play > forecast-board > forecast-combat > block-search > block-assignBlockers > block-makeChumpBlocks > block-makeChumpBlocks > block-makeChumpBlocks > block-getPossibleBlockers > block-legality > block-legality,287,2101365,384735
Game AI Eval :: candidate-pay > candidate-play > forecast-board > forecast-combat > block-search > block-assignBlockers > block-makeChumpBlocks > block-makeChumpBlocks > block-makeChumpBlocks > block-getPossibleBlockers > block-legality > block-legality > block-legality,236,1716630,544771
Game AI Eval :: candidate-pay > candidate-play > forecast-board > forecast-combat > block-search > block-assignBlockers > block-makeChumpBlocks > block-makeChumpBlocks > block-makeChumpBlocks > block-getPossibleBlockers > block-legality > block-legality > block-legality > block-legality,236,1171859,1171859
Game AI Eval :: candidate-pay > candidate-play > forecast-board > forecast-combat > block-search > block-assignBlockers > block-makeChumpBlocks > block-makeChumpBlocks > block-makeChumpBlocks > block-getPossibleBlockers > block-legality > block-requirements,117,1683129,812068
Game AI Eval :: candidate-pay > candidate-play > forecast-board > forecast-combat > block-search > block-assignBlockers > block-makeChumpBlocks > block-makeChumpBlocks > block-makeChumpBlocks > block-getPossibleBlockers > block-legality > block-requirements > block-cost,528,871061,871061
Game AI Eval :: candidate-pay > candidate-play > forecast-board > forecast-combat > block-search > block-assignBlockers > block-makeChumpBlocks > block-makeChumpBlocks > block-makeChumpBlocks > block-makeChumpBlocks,37,16796844,215283
Game AI Eval :: candidate-pay > candidate-play > forecast-board > forecast-combat > block-search > block-assignBlockers > block-makeChumpBlocks > block-makeChumpBlocks > block-makeChumpBlocks > block-makeChumpBlocks > block-getPossibleBlockers,4,109042,5377
Game AI Eval :: candidate-pay > candidate-play > forecast-board > forecast-combat > block-search > block-assignBlockers > block-makeChumpBlocks > block-makeChumpBlocks > block-makeChumpBlocks > block-makeChumpBlocks > block-getPossibleBlockers > block-legality,10,103665,10496
Game AI Eval :: candidate-pay > candidate-play > forecast-board > forecast-combat > block-search > block-assignBlockers > block-makeChumpBlocks > block-makeChumpBlocks > block-makeChumpBlocks > block-makeChumpBlocks > block-getPossibleBlockers > block-legality > attacker-blockability,3,13450,13450
Game AI Eval :: candidate-pay > candidate-play > forecast-board > forecast-combat > block-search > block-assignBlockers > block-makeChumpBlocks > block-makeChumpBlocks > block-makeChumpBlocks > block-makeChumpBlocks > block-getPossibleBlockers > block-legality > block-legality,13,49424,14653
Game AI Eval :: candidate-pay > candidate-play > forecast-board > forecast-combat > block-search > block-assignBlockers > block-makeChumpBlocks > block-makeChumpBlocks > block-makeChumpBlocks > block-makeChumpBlocks > block-getPossibleBlockers > block-legality > block-legality > block-legality,8,34771,14122
Game AI Eval :: candidate-pay > candidate-play > forecast-board > forecast-combat > block-search > block-assignBlockers > block-makeChumpBlocks > block-makeChumpBlocks > block-makeChumpBlocks > block-makeChumpBlocks > block-getPossibleBlockers > block-legality > block-legality > block-legality > block-legality,8,20649,20649
Game AI Eval :: candidate-pay > candidate-play > forecast-board > forecast-combat > block-search > block-assignBlockers > block-makeChumpBlocks > block-makeChumpBlocks > block-makeChumpBlocks > block-makeChumpBlocks > block-getPossibleBlockers > block-legality > block-requirements,3,30295,16597
Game AI Eval :: candidate-pay > candidate-play > forecast-board > forecast-combat > block-search > block-assignBlockers > block-makeChumpBlocks > block-makeChumpBlocks > block-makeChumpBlocks > block-makeChumpBlocks > block-getPossibleBlockers > block-legality > block-requirements > block-cost,12,13698,13698
Game AI Eval :: candidate-pay > candidate-play > forecast-board > forecast-combat > block-search > block-assignBlockers > block-makeChumpBlocks > block-makeChumpBlocks > block-makeChumpBlocks > block-makeChumpBlocks > block-makeChumpBlocks,26,11872122,992664
Game AI Eval :: candidate-pay > candidate-play > forecast-board > forecast-combat > block-search > block-assignBlockers > block-makeChumpBlocks > block-makeChumpBlocks > block-makeChumpBlocks > block-makeChumpBlocks > block-makeChumpBlocks > block-getPossibleBlockers,2,804584,13241
Game AI Eval :: candidate-pay > candidate-play > forecast-board > forecast-combat > block-search > block-assignBlockers > block-makeChumpBlocks > block-makeChumpBlocks > block-makeChumpBlocks > block-makeChumpBlocks > block-makeChumpBlocks > block-getPossibleBlockers > block-legality,20,791343,44021
Game AI Eval :: candidate-pay > candidate-play > forecast-board > forecast-combat > block-search > block-assignBlockers > block-makeChumpBlocks > block-makeChumpBlocks > block-makeChumpBlocks > block-makeChumpBlocks > block-makeChumpBlocks > block-getPossibleBlockers > block-legality > attacker-blockability,20,138570,138570
Game AI Eval :: candidate-pay > candidate-play > forecast-board > forecast-combat > block-search > block-assignBlockers > block-makeChumpBlocks > block-makeChumpBlocks > block-makeChumpBlocks > block-makeChumpBlocks > block-makeChumpBlocks > block-getPossibleBlockers > block-legality > block-legality,40,292234,53719
Game AI Eval :: candidate-pay > candidate-play > forecast-board > forecast-combat > block-search > block-assignBlockers > block-makeChumpBlocks > block-makeChumpBlocks > block-makeChumpBlocks > block-makeChumpBlocks > block-makeChumpBlocks > block-getPossibleBlockers > block-legality > block-legality > block-legality,40,238515,88028
Game AI Eval :: candidate-pay > candidate-play > forecast-board > forecast-combat > block-search > block-assignBlockers > block-makeChumpBlocks > block-makeChumpBlocks > block-makeChumpBlocks > block-makeChumpBlocks > block-makeChumpBlocks > block-getPossibleBlockers > block-legality > block-legality > block-legality > block-legality,40,150487,150487
Game AI Eval :: candidate-pay > candidate-play > forecast-board > forecast-combat > block-search > block-assignBlockers > block-makeChumpBlocks > block-makeChumpBlocks > block-makeChumpBlocks > block-makeChumpBlocks > block-makeChumpBlocks > block-getPossibleBlockers > block-legality > block-requirements,20,316518,152107
Game AI Eval :: candidate-pay > candidate-play > forecast-board > forecast-combat > block-search > block-assignBlockers > block-makeChumpBlocks > block-makeChumpBlocks > block-makeChumpBlocks > block-makeChumpBlocks > block-makeChumpBlocks > block-getPossibleBlockers > block-legality > block-requirements > block-cost,100,164411,164411
Game AI Eval :: candidate-pay > candidate-play > forecast-board > forecast-combat > block-search > block-assignBlockers > block-makeChumpBlocks > block-makeChumpBlocks > block-makeChumpBlocks > block-makeChumpBlocks > block-makeChumpBlocks > block-makeChumpBlocks,25,9781708,4230877
Game AI Eval :: candidate-pay > candidate-play > forecast-board > forecast-combat > block-search > block-assignBlockers > block-makeChumpBlocks > block-makeChumpBlocks > block-makeChumpBlocks > block-makeChumpBlocks > block-makeChumpBlocks > block-makeChumpBlocks > block-getPossibleBlockers,1,7722,1002
Game AI Eval :: candidate-pay > candidate-play > forecast-board > forecast-combat > block-search > block-assignBlockers > block-makeChumpBlocks > block-makeChumpBlocks > block-makeChumpBlocks > block-makeChumpBlocks > block-makeChumpBlocks > block-makeChumpBlocks > block-getPossibleBlockers > block-legality,2,6720,861
Game AI Eval :: candidate-pay > candidate-play > forecast-board > forecast-combat > block-search > block-assignBlockers > block-makeChumpBlocks > block-makeChumpBlocks > block-makeChumpBlocks > block-makeChumpBlocks > block-makeChumpBlocks > block-makeChumpBlocks > block-getPossibleBlockers > block-legality > block-legality,2,5859,3095
Game AI Eval :: candidate-pay > candidate-play > forecast-board > forecast-combat > block-search > block-assignBlockers > block-makeChumpBlocks > block-makeChumpBlocks > block-makeChumpBlocks > block-makeChumpBlocks > block-makeChumpBlocks > block-makeChumpBlocks > block-getPossibleBlockers > block-legality > block-legality > block-legality,1,2764,1252
Game AI Eval :: candidate-pay > candidate-play > forecast-board > forecast-combat > block-search > block-assignBlockers > block-makeChumpBlocks > block-makeChumpBlocks > block-makeChumpBlocks > block-makeChumpBlocks > block-makeChumpBlocks > block-makeChumpBlocks > block-getPossibleBlockers > block-legality > block-legality > block-legality > block-legality,1,1512,1512
Game AI Eval :: candidate-pay > candidate-play > forecast-board > forecast-combat > block-search > block-assignBlockers > block-makeChumpBlocks > block-makeChumpBlocks > block-makeChumpBlocks > block-makeChumpBlocks > block-makeChumpBlocks > block-makeChumpBlocks > block-makeChumpBlocks,19,4003263,1391685
Game AI Eval :: candidate-pay > candidate-play > forecast-board > forecast-combat > block-search > block-assignBlockers > block-makeChumpBlocks > block-makeChumpBlocks > block-makeChumpBlocks > block-makeChumpBlocks > block-makeChumpBlocks > block-makeChumpBlocks > block-makeChumpBlocks > block-getPossibleBlockers,2,1051761,15390
Game AI Eval :: candidate-pay > candidate-play > forecast-board > forecast-combat > block-search > block-assignBlockers > block-makeChumpBlocks > block-makeChumpBlocks > block-makeChumpBlocks > block-makeChumpBlocks > block-makeChumpBlocks > block-makeChumpBlocks > block-makeChumpBlocks > block-getPossibleBlockers > block-legality,20,1036371,59347
Game AI Eval :: candidate-pay > candidate-play > forecast-board > forecast-combat > block-search > block-assignBlockers > block-makeChumpBlocks > block-makeChumpBlocks > block-makeChumpBlocks > block-makeChumpBlocks > block-makeChumpBlocks > block-makeChumpBlocks > block-makeChumpBlocks > block-getPossibleBlockers > block-legality > attacker-blockability,18,139268,139268
Game AI Eval :: candidate-pay > candidate-play > forecast-board > forecast-combat > block-search > block-assignBlockers > block-makeChumpBlocks > block-makeChumpBlocks > block-makeChumpBlocks > block-makeChumpBlocks > block-makeChumpBlocks > block-makeChumpBlocks > block-makeChumpBlocks > block-getPossibleBlockers > block-legality > block-legality,38,524390,57785
Game AI Eval :: candidate-pay > candidate-play > forecast-board > forecast-combat > block-search > block-assignBlockers > block-makeChumpBlocks > block-makeChumpBlocks > block-makeChumpBlocks > block-makeChumpBlocks > block-makeChumpBlocks > block-makeChumpBlocks > block-makeChumpBlocks > block-getPossibleBlockers > block-legality > block-legality > block-legality,36,466605,87172
Game AI Eval :: candidate-pay > candidate-play > forecast-board > forecast-combat > block-search > block-assignBlockers > block-makeChumpBlocks > block-makeChumpBlocks > block-makeChumpBlocks > block-makeChumpBlocks > block-makeChumpBlocks > block-makeChumpBlocks > block-makeChumpBlocks > block-getPossibleBlockers > block-legality > block-legality > block-legality > block-legality,36,379433,379433
Game AI Eval :: candidate-pay > candidate-play > forecast-board > forecast-combat > block-search > block-assignBlockers > block-makeChumpBlocks > block-makeChumpBlocks > block-makeChumpBlocks > block-makeChumpBlocks > block-makeChumpBlocks > block-makeChumpBlocks > block-makeChumpBlocks > block-getPossibleBlockers > block-legality > block-requirements,18,313366,154836
Game AI Eval :: candidate-pay > candidate-play > forecast-board > forecast-combat > block-search > block-assignBlockers > block-makeChumpBlocks > block-makeChumpBlocks > block-makeChumpBlocks > block-makeChumpBlocks > block-makeChumpBlocks > block-makeChumpBlocks > block-makeChumpBlocks > block-getPossibleBlockers > block-legality > block-requirements > block-cost,90,158530,158530
Game AI Eval :: candidate-pay > candidate-play > forecast-board > forecast-combat > block-search > block-assignBlockers > block-makeChumpBlocks > block-makeChumpBlocks > block-makeChumpBlocks > block-makeChumpBlocks > block-makeChumpBlocks > block-makeChumpBlocks > block-makeChumpBlocks > block-makeChumpBlocks,18,1559817,62825
Game AI Eval :: candidate-pay > candidate-play > forecast-board > forecast-combat > block-search > block-assignBlockers > block-makeChumpBlocks > block-makeChumpBlocks > block-makeChumpBlocks > block-makeChumpBlocks > block-makeChumpBlocks > block-makeChumpBlocks > block-makeChumpBlocks > block-makeChumpBlocks > block-makeChumpBlocks,16,64315,56954
Game AI Eval :: candidate-pay > candidate-play > forecast-board > forecast-combat > block-search > block-assignBlockers > block-makeChumpBlocks > block-makeChumpBlocks > block-makeChumpBlocks > block-makeChumpBlocks > block-makeChumpBlocks > block-makeChumpBlocks > block-makeChumpBlocks > block-makeChumpBlocks > block-makeChumpBlocks > block-makeChumpBlocks,13,7361,6770
Game AI Eval :: candidate-pay > candidate-play > forecast-board > forecast-combat > block-search > block-assignBlockers > block-makeChumpBlocks > block-makeChumpBlocks > block-makeChumpBlocks > block-makeChumpBlocks > block-makeChumpBlocks > block-makeChumpBlocks > block-makeChumpBlocks > block-makeChumpBlocks > block-makeChumpBlocks > block-makeChumpBlocks > block-makeChumpBlocks,1,591,591
Game AI Eval :: candidate-pay > candidate-play > forecast-board > forecast-combat > block-search > block-assignBlockers > block-makeChumpBlocks > block-makeChumpBlocks > block-makeChumpBlocks > block-makeChumpBlocks > block-makeChumpBlocks > block-makeChumpBlocks > block-makeChumpBlocks > block-makeChumpBlocks > life-danger,2,1432677,1240781
Game AI Eval :: candidate-pay > candidate-play > forecast-board > forecast-combat > block-search > block-assignBlockers > block-makeChumpBlocks > block-makeChumpBlocks > block-makeChumpBlocks > block-makeChumpBlocks > block-makeChumpBlocks > block-makeChumpBlocks > block-makeChumpBlocks > block-makeChumpBlocks > life-danger > predict-damage,16,191896,191896
Game AI Eval :: candidate-pay > candidate-play > forecast-board > forecast-combat > block-search > block-assignBlockers > block-makeChumpBlocks > block-makeChumpBlocks > block-makeChumpBlocks > block-makeChumpBlocks > block-makeChumpBlocks > block-makeChumpBlocks > life-danger,2,1539846,1319187
Game AI Eval :: candidate-pay > candidate-play > forecast-board > forecast-combat > block-search > block-assignBlockers > block-makeChumpBlocks > block-makeChumpBlocks > block-makeChumpBlocks > block-makeChumpBlocks > block-makeChumpBlocks > block-makeChumpBlocks > life-danger > predict-damage,18,220659,220659
Game AI Eval :: candidate-pay > candidate-play > forecast-board > forecast-combat > block-search > block-assignBlockers > block-makeChumpBlocks > block-makeChumpBlocks > block-makeChumpBlocks > block-makeChumpBlocks > block-makeChumpBlocks > life-danger,1,293166,266968
Game AI Eval :: candidate-pay > candidate-play > forecast-board > forecast-combat > block-search > block-assignBlockers > block-makeChumpBlocks > block-makeChumpBlocks > block-makeChumpBlocks > block-makeChumpBlocks > block-makeChumpBlocks > life-danger > predict-damage,3,26198,26198
Game AI Eval :: candidate-pay > candidate-play > forecast-board > forecast-combat > block-search > block-assignBlockers > block-makeChumpBlocks > block-makeChumpBlocks > block-makeChumpBlocks > block-makeChumpBlocks > life-danger,13,4600397,4264035
Game AI Eval :: candidate-pay > candidate-play > forecast-board > forecast-combat > block-search > block-assignBlockers > block-makeChumpBlocks > block-makeChumpBlocks > block-makeChumpBlocks > block-makeChumpBlocks > life-danger > predict-damage,31,336362,336362
Game AI Eval :: candidate-pay > candidate-play > forecast-board > forecast-combat > block-search > block-assignBlockers > block-makeChumpBlocks > block-makeChumpBlocks > block-makeChumpBlocks > life-danger,37,24863758,21125702
Game AI Eval :: candidate-pay > candidate-play > forecast-board > forecast-combat > block-search > block-assignBlockers > block-makeChumpBlocks > block-makeChumpBlocks > block-makeChumpBlocks > life-danger > predict-damage,335,3738056,3738056
Game AI Eval :: candidate-pay > candidate-play > forecast-board > forecast-combat > block-search > block-assignBlockers > block-makeChumpBlocks > block-makeMultiChumpBlocks,25,20128199,1224935
Game AI Eval :: candidate-pay > candidate-play > forecast-board > forecast-combat > block-search > block-assignBlockers > block-makeChumpBlocks > block-makeMultiChumpBlocks > block-getPossibleBlockers,125,13959150,344776
Game AI Eval :: candidate-pay > candidate-play > forecast-board > forecast-combat > block-search > block-assignBlockers > block-makeChumpBlocks > block-makeMultiChumpBlocks > block-getPossibleBlockers > block-legality,1001,13614374,937236
Game AI Eval :: candidate-pay > candidate-play > forecast-board > forecast-combat > block-search > block-assignBlockers > block-makeChumpBlocks > block-makeMultiChumpBlocks > block-getPossibleBlockers > block-legality > attacker-blockability,254,1563567,1563567
Game AI Eval :: candidate-pay > candidate-play > forecast-board > forecast-combat > block-search > block-assignBlockers > block-makeChumpBlocks > block-makeMultiChumpBlocks > block-getPossibleBlockers > block-legality > block-legality,1255,4428883,1137016
Game AI Eval :: candidate-pay > candidate-play > forecast-board > forecast-combat > block-search > block-assignBlockers > block-makeChumpBlocks > block-makeMultiChumpBlocks > block-getPossibleBlockers > block-legality > block-legality > block-legality,522,3291867,1172590
Game AI Eval :: candidate-pay > candidate-play > forecast-board > forecast-combat > block-search > block-assignBlockers > block-makeChumpBlocks > block-makeMultiChumpBlocks > block-getPossibleBlockers > block-legality > block-legality > block-legality > block-legality,522,2119277,2119277
Game AI Eval :: candidate-pay > candidate-play > forecast-board > forecast-combat > block-search > block-assignBlockers > block-makeChumpBlocks > block-makeMultiChumpBlocks > block-getPossibleBlockers > block-legality > block-requirements,254,6684688,3452879
Game AI Eval :: candidate-pay > candidate-play > forecast-board > forecast-combat > block-search > block-assignBlockers > block-makeChumpBlocks > block-makeMultiChumpBlocks > block-getPossibleBlockers > block-legality > block-requirements > block-cost,1896,3231809,3231809
Game AI Eval :: candidate-pay > candidate-play > forecast-board > forecast-combat > block-search > block-assignBlockers > block-makeChumpBlocks > block-makeMultiChumpBlocks > block-legality,92,4944114,298652
Game AI Eval :: candidate-pay > candidate-play > forecast-board > forecast-combat > block-search > block-assignBlockers > block-makeChumpBlocks > block-makeMultiChumpBlocks > block-legality > attacker-blockability,92,543679,543679
Game AI Eval :: candidate-pay > candidate-play > forecast-board > forecast-combat > block-search > block-assignBlockers > block-makeChumpBlocks > block-makeMultiChumpBlocks > block-legality > block-legality,184,1567038,352237
Game AI Eval :: candidate-pay > candidate-play > forecast-board > forecast-combat > block-search > block-assignBlockers > block-makeChumpBlocks > block-makeMultiChumpBlocks > block-legality > block-legality > block-legality,184,1214801,444356
Game AI Eval :: candidate-pay > candidate-play > forecast-board > forecast-combat > block-search > block-assignBlockers > block-makeChumpBlocks > block-makeMultiChumpBlocks > block-legality > block-legality > block-legality > block-legality,184,770445,770445
Game AI Eval :: candidate-pay > candidate-play > forecast-board > forecast-combat > block-search > block-assignBlockers > block-makeChumpBlocks > block-makeMultiChumpBlocks > block-legality > block-requirements,92,2534745,1281275
Game AI Eval :: candidate-pay > candidate-play > forecast-board > forecast-combat > block-search > block-assignBlockers > block-makeChumpBlocks > block-makeMultiChumpBlocks > block-legality > block-requirements > block-cost,732,1253470,1253470
Game AI Eval :: candidate-pay > candidate-play > forecast-board > forecast-combat > block-search > block-assignBlockers > block-makeChumpBlocksToSavePW,448,36785978,6229015
Game AI Eval :: candidate-pay > candidate-play > forecast-board > forecast-combat > block-search > block-assignBlockers > block-makeChumpBlocksToSavePW > evaluate-creature,1100,30556963,30556963
Game AI Eval :: candidate-pay > candidate-play > forecast-board > forecast-combat > block-search > block-assignBlockers > block-makeGangBlocks,456,567636391,311554187
Game AI Eval :: candidate-pay > candidate-play > forecast-board > forecast-combat > block-search > block-assignBlockers > block-makeGangBlocks > block-getPossibleBlockers,2180,155097517,2989609
Game AI Eval :: candidate-pay > candidate-play > forecast-board > forecast-combat > block-search > block-assignBlockers > block-makeGangBlocks > block-getPossibleBlockers > block-legality,6643,152107908,10616864
Game AI Eval :: candidate-pay > candidate-play > forecast-board > forecast-combat > block-search > block-assignBlockers > block-makeGangBlocks > block-getPossibleBlockers > block-legality > attacker-blockability,3234,19458677,19458677
Game AI Eval :: candidate-pay > candidate-play > forecast-board > forecast-combat > block-search > block-assignBlockers > block-makeGangBlocks > block-getPossibleBlockers > block-legality > block-legality,9877,53936848,10630358
Game AI Eval :: candidate-pay > candidate-play > forecast-board > forecast-combat > block-search > block-assignBlockers > block-makeGangBlocks > block-getPossibleBlockers > block-legality > block-legality > block-legality,6490,43306490,15851989
Game AI Eval :: candidate-pay > candidate-play > forecast-board > forecast-combat > block-search > block-assignBlockers > block-makeGangBlocks > block-getPossibleBlockers > block-legality > block-legality > block-legality > block-legality,6490,27454501,27454501
Game AI Eval :: candidate-pay > candidate-play > forecast-board > forecast-combat > block-search > block-assignBlockers > block-makeGangBlocks > block-getPossibleBlockers > block-legality > block-requirements,3234,68095519,36515649
Game AI Eval :: candidate-pay > candidate-play > forecast-board > forecast-combat > block-search > block-assignBlockers > block-makeGangBlocks > block-getPossibleBlockers > block-legality > block-requirements > block-cost,21161,31579870,31579870
Game AI Eval :: candidate-pay > candidate-play > forecast-board > forecast-combat > block-search > block-assignBlockers > block-makeGangBlocks > block-legality,90,4401894,373116
Game AI Eval :: candidate-pay > candidate-play > forecast-board > forecast-combat > block-search > block-assignBlockers > block-makeGangBlocks > block-legality > attacker-blockability,90,579024,579024
Game AI Eval :: candidate-pay > candidate-play > forecast-board > forecast-combat > block-search > block-assignBlockers > block-makeGangBlocks > block-legality > block-legality,180,1620427,337547
Game AI Eval :: candidate-pay > candidate-play > forecast-board > forecast-combat > block-search > block-assignBlockers > block-makeGangBlocks > block-legality > block-legality > block-legality,180,1282880,398923
Game AI Eval :: candidate-pay > candidate-play > forecast-board > forecast-combat > block-search > block-assignBlockers > block-makeGangBlocks > block-legality > block-legality > block-legality > block-legality,180,883957,883957
Game AI Eval :: candidate-pay > candidate-play > forecast-board > forecast-combat > block-search > block-assignBlockers > block-makeGangBlocks > block-legality > block-requirements,90,1829327,1122151
Game AI Eval :: candidate-pay > candidate-play > forecast-board > forecast-combat > block-search > block-assignBlockers > block-makeGangBlocks > block-legality > block-requirements > block-cost,518,707176,707176
Game AI Eval :: candidate-pay > candidate-play > forecast-board > forecast-combat > block-search > block-assignBlockers > block-makeGangBlocks > evaluate-creature,2220,57690353,57690353
Game AI Eval :: candidate-pay > candidate-play > forecast-board > forecast-combat > block-search > block-assignBlockers > block-makeGangBlocks > predict-damage,3127,38892440,38892440
Game AI Eval :: candidate-pay > candidate-play > forecast-board > forecast-combat > block-search > block-assignBlockers > block-makeGangNonLethalBlocks,448,31889431,4174532
Game AI Eval :: candidate-pay > candidate-play > forecast-board > forecast-combat > block-search > block-assignBlockers > block-makeGangNonLethalBlocks > block-getPossibleBlockers,75,4472189,136954
Game AI Eval :: candidate-pay > candidate-play > forecast-board > forecast-combat > block-search > block-assignBlockers > block-makeGangNonLethalBlocks > block-getPossibleBlockers > block-legality,258,4335235,400890
Game AI Eval :: candidate-pay > candidate-play > forecast-board > forecast-combat > block-search > block-assignBlockers > block-makeGangNonLethalBlocks > block-getPossibleBlockers > block-legality > attacker-blockability,87,568027,568027
Game AI Eval :: candidate-pay > candidate-play > forecast-board > forecast-combat > block-search > block-assignBlockers > block-makeGangNonLethalBlocks > block-getPossibleBlockers > block-legality > block-legality,345,1736392,395154
Game AI Eval :: candidate-pay > candidate-play > forecast-board > forecast-combat > block-search > block-assignBlockers > block-makeGangNonLethalBlocks > block-getPossibleBlockers > block-legality > block-legality > block-legality,176,1341238,432881
Game AI Eval :: candidate-pay > candidate-play > forecast-board > forecast-combat > block-search > block-assignBlockers > block-makeGangNonLethalBlocks > block-getPossibleBlockers > block-legality > block-legality > block-legality > block-legality,176,908357,908357
Game AI Eval :: candidate-pay > candidate-play > forecast-board > forecast-combat > block-search > block-assignBlockers > block-makeGangNonLethalBlocks > block-getPossibleBlockers > block-legality > block-requirements,87,1629926,987613
Game AI Eval :: candidate-pay > candidate-play > forecast-board > forecast-combat > block-search > block-assignBlockers > block-makeGangNonLethalBlocks > block-getPossibleBlockers > block-legality > block-requirements > block-cost,550,642313,642313
Game AI Eval :: candidate-pay > candidate-play > forecast-board > forecast-combat > block-search > block-assignBlockers > block-makeGangNonLethalBlocks > block-getSafeBlockers,75,22925062,145864
Game AI Eval :: candidate-pay > candidate-play > forecast-board > forecast-combat > block-search > block-assignBlockers > block-makeGangNonLethalBlocks > block-getSafeBlockers > destroy-blocker,87,22779198,20549435
Game AI Eval :: candidate-pay > candidate-play > forecast-board > forecast-combat > block-search > block-assignBlockers > block-makeGangNonLethalBlocks > block-getSafeBlockers > destroy-blocker > predict-damage,174,2229763,2229763
Game AI Eval :: candidate-pay > candidate-play > forecast-board > forecast-combat > block-search > block-assignBlockers > block-makeGangNonLethalBlocks > block-legality,5,208097,26816
Game AI Eval :: candidate-pay > candidate-play > forecast-board > forecast-combat > block-search > block-assignBlockers > block-makeGangNonLethalBlocks > block-legality > attacker-blockability,5,26690,26690
Game AI Eval :: candidate-pay > candidate-play > forecast-board > forecast-combat > block-search > block-assignBlockers > block-makeGangNonLethalBlocks > block-legality > block-legality,10,64515,16534
Game AI Eval :: candidate-pay > candidate-play > forecast-board > forecast-combat > block-search > block-assignBlockers > block-makeGangNonLethalBlocks > block-legality > block-legality > block-legality,10,47981,17543
Game AI Eval :: candidate-pay > candidate-play > forecast-board > forecast-combat > block-search > block-assignBlockers > block-makeGangNonLethalBlocks > block-legality > block-legality > block-legality > block-legality,10,30438,30438
Game AI Eval :: candidate-pay > candidate-play > forecast-board > forecast-combat > block-search > block-assignBlockers > block-makeGangNonLethalBlocks > block-legality > block-requirements,5,90076,54494
Game AI Eval :: candidate-pay > candidate-play > forecast-board > forecast-combat > block-search > block-assignBlockers > block-makeGangNonLethalBlocks > block-legality > block-requirements > block-cost,38,35582,35582
Game AI Eval :: candidate-pay > candidate-play > forecast-board > forecast-combat > block-search > block-assignBlockers > block-makeGangNonLethalBlocks > predict-damage,14,109551,109551
Game AI Eval :: candidate-pay > candidate-play > forecast-board > forecast-combat > block-search > block-assignBlockers > block-makeGoodBlocks,452,1175947579,43365978
Game AI Eval :: candidate-pay > candidate-play > forecast-board > forecast-combat > block-search > block-assignBlockers > block-makeGoodBlocks > block-getKillingBlockers,1916,351250008,1693895
Game AI Eval :: candidate-pay > candidate-play > forecast-board > forecast-combat > block-search > block-assignBlockers > block-makeGoodBlocks > block-getKillingBlockers > destroy-attacker,2151,349556113,308784196
Game AI Eval :: candidate-pay > candidate-play > forecast-board > forecast-combat > block-search > block-assignBlockers > block-makeGoodBlocks > block-getKillingBlockers > destroy-attacker > predict-damage,4302,40771917,40771917
Game AI Eval :: candidate-pay > candidate-play > forecast-board > forecast-combat > block-search > block-assignBlockers > block-makeGoodBlocks > block-getPossibleBlockers,3264,210310432,4679568
Game AI Eval :: candidate-pay > candidate-play > forecast-board > forecast-combat > block-search > block-assignBlockers > block-makeGoodBlocks > block-getPossibleBlockers > block-legality,9001,205630864,16568619
Game AI Eval :: candidate-pay > candidate-play > forecast-board > forecast-combat > block-search > block-assignBlockers > block-makeGoodBlocks > block-getPossibleBlockers > block-legality > attacker-blockability,4637,28530152,28530152
Game AI Eval :: candidate-pay > candidate-play > forecast-board > forecast-combat > block-search > block-assignBlockers > block-makeGoodBlocks > block-getPossibleBlockers > block-legality > block-legality,13638,76113976,13800111
Game AI Eval :: candidate-pay > candidate-play > forecast-board > forecast-combat > block-search > block-assignBlockers > block-makeGoodBlocks > block-getPossibleBlockers > block-legality > block-legality > block-legality,9278,62313865,25759947
Game AI Eval :: candidate-pay > candidate-play > forecast-board > forecast-combat > block-search > block-assignBlockers > block-makeGoodBlocks > block-getPossibleBlockers > block-legality > block-legality > block-legality > block-legality,9278,36553918,36553918
Game AI Eval :: candidate-pay > candidate-play > forecast-board > forecast-combat > block-search > block-assignBlockers > block-makeGoodBlocks > block-getPossibleBlockers > block-legality > block-requirements,4637,84418117,47508038
Game AI Eval :: candidate-pay > candidate-play > forecast-board > forecast-combat > block-search > block-assignBlockers > block-makeGoodBlocks > block-getPossibleBlockers > block-legality > block-requirements > block-cost,28748,36910079,36910079
Game AI Eval :: candidate-pay > candidate-play > forecast-board > forecast-combat > block-search > block-assignBlockers > block-makeGoodBlocks > block-getSafeBlockers,1916,539844932,2658623
Game AI Eval :: candidate-pay > candidate-play > forecast-board > forecast-combat > block-search > block-assignBlockers > block-makeGoodBlocks > block-getSafeBlockers > destroy-blocker,2938,537186309,475810738
Game AI Eval :: candidate-pay > candidate-play > forecast-board > forecast-combat > block-search > block-assignBlockers > block-makeGoodBlocks > block-getSafeBlockers > destroy-blocker > predict-damage,5876,61375571,61375571
Game AI Eval :: candidate-pay > candidate-play > forecast-board > forecast-combat > block-search > block-assignBlockers > block-makeGoodBlocks > block-legality,27,216027,13096
Game AI Eval :: candidate-pay > candidate-play > forecast-board > forecast-combat > block-search > block-assignBlockers > block-makeGoodBlocks > block-legality > block-legality,27,202931,99261
Game AI Eval :: candidate-pay > candidate-play > forecast-board > forecast-combat > block-search > block-assignBlockers > block-makeGoodBlocks > block-legality > block-legality > block-legality,27,103670,103670
Game AI Eval :: candidate-pay > candidate-play > forecast-board > forecast-combat > block-search > block-assignBlockers > block-makeGoodBlocks > destroy-blocker,27,4400374,3869013
Game AI Eval :: candidate-pay > candidate-play > forecast-board > forecast-combat > block-search > block-assignBlockers > block-makeGoodBlocks > destroy-blocker > predict-damage,54,531361,531361
Game AI Eval :: candidate-pay > candidate-play > forecast-board > forecast-combat > block-search > block-assignBlockers > block-makeGoodBlocks > evaluate-creature,962,26559828,26559828
Game AI Eval :: candidate-pay > candidate-play > forecast-board > forecast-combat > block-search > block-assignBlockers > block-makeRequiredBlocks,448,24385761,3224456
Game AI Eval :: candidate-pay > candidate-play > forecast-board > forecast-combat > block-search > block-assignBlockers > block-makeRequiredBlocks > block-requirements,1124,21161305,11792357
Game AI Eval :: candidate-pay > candidate-play > forecast-board > forecast-combat > block-search > block-assignBlockers > block-makeRequiredBlocks > block-requirements > block-cost,7065,9368948,9368948
Game AI Eval :: candidate-pay > candidate-play > forecast-board > forecast-combat > block-search > block-assignBlockers > block-makeTradeBlocks,456,159774869,23049277
Game AI Eval :: candidate-pay > candidate-play > forecast-board > forecast-combat > block-search > block-assignBlockers > block-makeTradeBlocks > block-getKillingBlockers,1357,89786556,558201
Game AI Eval :: candidate-pay > candidate-play > forecast-board > forecast-combat > block-search > block-assignBlockers > block-makeTradeBlocks > block-getKillingBlockers > destroy-attacker,528,89228355,77857671
Game AI Eval :: candidate-pay > candidate-play > forecast-board > forecast-combat > block-search > block-assignBlockers > block-makeTradeBlocks > block-getKillingBlockers > destroy-attacker > predict-damage,1056,11370684,11370684
Game AI Eval :: candidate-pay > candidate-play > forecast-board > forecast-combat > block-search > block-assignBlockers > block-makeTradeBlocks > block-getPossibleBlockers,1357,46939036,1592032
Game AI Eval :: candidate-pay > candidate-play > forecast-board > forecast-combat > block-search > block-assignBlockers > block-makeTradeBlocks > block-getPossibleBlockers > block-legality,3412,45347004,4211643
Game AI Eval :: candidate-pay > candidate-play > forecast-board > forecast-combat > block-search > block-assignBlockers > block-makeTradeBlocks > block-getPossibleBlockers > block-legality > attacker-blockability,975,6357213,6357213
Game AI Eval :: candidate-pay > candidate-play > forecast-board > forecast-combat > block-search > block-assignBlockers > block-makeTradeBlocks > block-getPossibleBlockers > block-legality > block-legality,4387,18725437,3745075
Game AI Eval :: candidate-pay > candidate-play > forecast-board > forecast-combat > block-search > block-assignBlockers > block-makeTradeBlocks > block-getPossibleBlockers > block-legality > block-legality > block-legality,1955,14980362,6185030
Game AI Eval :: candidate-pay > candidate-play > forecast-board > forecast-combat > block-search > block-assignBlockers > block-makeTradeBlocks > block-getPossibleBlockers > block-legality > block-legality > block-legality > block-legality,1955,8795332,8795332
Game AI Eval :: candidate-pay > candidate-play > forecast-board > forecast-combat > block-search > block-assignBlockers > block-makeTradeBlocks > block-getPossibleBlockers > block-legality > block-requirements,975,16052711,9333482
Game AI Eval :: candidate-pay > candidate-play > forecast-board > forecast-combat > block-search > block-assignBlockers > block-makeTradeBlocks > block-getPossibleBlockers > block-legality > block-requirements > block-cost,5289,6719229,6719229
Game AI Eval :: candidate-pay > candidate-play > forecast-board > forecast-combat > block-search > block-assignBlockers > block-reinforceBlockersAgainstTrample,12,5652329,2419191
Game AI Eval :: candidate-pay > candidate-play > forecast-board > forecast-combat > block-search > block-assignBlockers > block-reinforceBlockersAgainstTrample > block-getPossibleBlockers,8,1118259,27797
Game AI Eval :: candidate-pay > candidate-play > forecast-board > forecast-combat > block-search > block-assignBlockers > block-reinforceBlockersAgainstTrample > block-getPossibleBlockers > block-legality,63,1090462,122256
Game AI Eval :: candidate-pay > candidate-play > forecast-board > forecast-combat > block-search > block-assignBlockers > block-reinforceBlockersAgainstTrample > block-getPossibleBlockers > block-legality > attacker-blockability,24,148404,148404
Game AI Eval :: candidate-pay > candidate-play > forecast-board > forecast-combat > block-search > block-assignBlockers > block-reinforceBlockersAgainstTrample > block-getPossibleBlockers > block-legality > block-legality,87,411195,106637
Game AI Eval :: candidate-pay > candidate-play > forecast-board > forecast-combat > block-search > block-assignBlockers > block-reinforceBlockersAgainstTrample > block-getPossibleBlockers > block-legality > block-legality > block-legality,49,304558,107213
Game AI Eval :: candidate-pay > candidate-play > forecast-board > forecast-combat > block-search > block-assignBlockers > block-reinforceBlockersAgainstTrample > block-getPossibleBlockers > block-legality > block-legality > block-legality > block-legality,49,197345,197345
Game AI Eval :: candidate-pay > candidate-play > forecast-board > forecast-combat > block-search > block-assignBlockers > block-reinforceBlockersAgainstTrample > block-getPossibleBlockers > block-legality > block-requirements,24,408607,187670
Game AI Eval :: candidate-pay > candidate-play > forecast-board > forecast-combat > block-search > block-assignBlockers > block-reinforceBlockersAgainstTrample > block-getPossibleBlockers > block-legality > block-requirements > block-cost,120,220937,220937
Game AI Eval :: candidate-pay > candidate-play > forecast-board > forecast-combat > block-search > block-assignBlockers > block-reinforceBlockersAgainstTrample > block-legality,4,207959,15442
Game AI Eval :: candidate-pay > candidate-play > forecast-board > forecast-combat > block-search > block-assignBlockers > block-reinforceBlockersAgainstTrample > block-legality > attacker-blockability,4,58266,58266
Game AI Eval :: candidate-pay > candidate-play > forecast-board > forecast-combat > block-search > block-assignBlockers > block-reinforceBlockersAgainstTrample > block-legality > block-legality,8,66469,14600
Game AI Eval :: candidate-pay > candidate-play > forecast-board > forecast-combat > block-search > block-assignBlockers > block-reinforceBlockersAgainstTrample > block-legality > block-legality > block-legality,8,51869,18079
Game AI Eval :: candidate-pay > candidate-play > forecast-board > forecast-combat > block-search > block-assignBlockers > block-reinforceBlockersAgainstTrample > block-legality > block-legality > block-legality > block-legality,8,33790,33790
Game AI Eval :: candidate-pay > candidate-play > forecast-board > forecast-combat > block-search > block-assignBlockers > block-reinforceBlockersAgainstTrample > block-legality > block-requirements,4,67782,34140
Game AI Eval :: candidate-pay > candidate-play > forecast-board > forecast-combat > block-search > block-assignBlockers > block-reinforceBlockersAgainstTrample > block-legality > block-requirements > block-cost,20,33642,33642
Game AI Eval :: candidate-pay > candidate-play > forecast-board > forecast-combat > block-search > block-assignBlockers > block-reinforceBlockersAgainstTrample > life-danger,4,1906920,1700945
Game AI Eval :: candidate-pay > candidate-play > forecast-board > forecast-combat > block-search > block-assignBlockers > block-reinforceBlockersAgainstTrample > life-danger > predict-damage,16,205975,205975
Game AI Eval :: candidate-pay > candidate-play > forecast-board > forecast-combat > block-search > block-assignBlockers > block-reinforceBlockersToKill,452,60045442,15417792
Game AI Eval :: candidate-pay > candidate-play > forecast-board > forecast-combat > block-search > block-assignBlockers > block-reinforceBlockersToKill > block-getPossibleBlockers,87,7525145,212648
Game AI Eval :: candidate-pay > candidate-play > forecast-board > forecast-combat > block-search > block-assignBlockers > block-reinforceBlockersToKill > block-getPossibleBlockers > block-legality,496,7312497,494781
Game AI Eval :: candidate-pay > candidate-play > forecast-board > forecast-combat > block-search > block-assignBlockers > block-reinforceBlockersToKill > block-getPossibleBlockers > block-legality > attacker-blockability,164,1068903,1068903
Game AI Eval :: candidate-pay > candidate-play > forecast-board > forecast-combat > block-search > block-assignBlockers > block-reinforceBlockersToKill > block-getPossibleBlockers > block-legality > block-legality,660,3035267,822436
Game AI Eval :: candidate-pay > candidate-play > forecast-board > forecast-combat > block-search > block-assignBlockers > block-reinforceBlockersToKill > block-getPossibleBlockers > block-legality > block-legality > block-legality,329,2212831,866678
Game AI Eval :: candidate-pay > candidate-play > forecast-board > forecast-combat > block-search > block-assignBlockers > block-reinforceBlockersToKill > block-getPossibleBlockers > block-legality > block-legality > block-legality > block-legality,329,1346153,1346153
Game AI Eval :: candidate-pay > candidate-play > forecast-board > forecast-combat > block-search > block-assignBlockers > block-reinforceBlockersToKill > block-getPossibleBlockers > block-legality > block-requirements,164,2713546,1287557
Game AI Eval :: candidate-pay > candidate-play > forecast-board > forecast-combat > block-search > block-assignBlockers > block-reinforceBlockersToKill > block-getPossibleBlockers > block-legality > block-requirements > block-cost,876,1425989,1425989
Game AI Eval :: candidate-pay > candidate-play > forecast-board > forecast-combat > block-search > block-assignBlockers > block-reinforceBlockersToKill > block-getSafeBlockers,47,31624968,138849
Game AI Eval :: candidate-pay > candidate-play > forecast-board > forecast-combat > block-search > block-assignBlockers > block-reinforceBlockersToKill > block-getSafeBlockers > destroy-blocker,164,31486119,27844938
Game AI Eval :: candidate-pay > candidate-play > forecast-board > forecast-combat > block-search > block-assignBlockers > block-reinforceBlockersToKill > block-getSafeBlockers > destroy-blocker > predict-damage,328,3641181,3641181
Game AI Eval :: candidate-pay > candidate-play > forecast-board > forecast-combat > block-search > block-assignBlockers > block-reinforceBlockersToKill > block-legality,23,1467979,70250
Game AI Eval :: candidate-pay > candidate-play > forecast-board > forecast-combat > block-search > block-assignBlockers > block-reinforceBlockersToKill > block-legality > attacker-blockability,23,306467,306467
Game AI Eval :: candidate-pay > candidate-play > forecast-board > forecast-combat > block-search > block-assignBlockers > block-reinforceBlockersToKill > block-legality > block-legality,46,409600,90033
Game AI Eval :: candidate-pay > candidate-play > forecast-board > forecast-combat > block-search > block-assignBlockers > block-reinforceBlockersToKill > block-legality > block-legality > block-legality,46,319567,112402
Game AI Eval :: candidate-pay > candidate-play > forecast-board > forecast-combat > block-search > block-assignBlockers > block-reinforceBlockersToKill > block-legality > block-legality > block-legality > block-legality,46,207165,207165
Game AI Eval :: candidate-pay > candidate-play > forecast-board > forecast-combat > block-search > block-assignBlockers > block-reinforceBlockersToKill > block-legality > block-requirements,23,681662,339993
Game AI Eval :: candidate-pay > candidate-play > forecast-board > forecast-combat > block-search > block-assignBlockers > block-reinforceBlockersToKill > block-legality > block-requirements > block-cost,184,341669,341669
Game AI Eval :: candidate-pay > candidate-play > forecast-board > forecast-combat > block-search > block-assignBlockers > block-reinforceBlockersToKill > evaluate-creature,22,555206,555206
Game AI Eval :: candidate-pay > candidate-play > forecast-board > forecast-combat > block-search > block-assignBlockers > block-reinforceBlockersToKill > predict-damage,355,3454352,3454352
Game AI Eval :: candidate-pay > candidate-play > forecast-board > forecast-combat > block-search > block-assignBlockers > block-removeUnpayableBlocks,448,41555814,40547005
Game AI Eval :: candidate-pay > candidate-play > forecast-board > forecast-combat > block-search > block-assignBlockers > block-removeUnpayableBlocks > block-cost,770,1008809,1008809
Game AI Eval :: candidate-pay > candidate-play > forecast-board > forecast-combat > block-search > block-assignBlockers > life-danger,481,270604358,234812040
Game AI Eval :: candidate-pay > candidate-play > forecast-board > forecast-combat > block-search > block-assignBlockers > life-danger > predict-damage,3548,35792318,35792318
Game AI Eval :: candidate-pay > candidate-play > forecast-board > forecast-combat > block-search > block-assignBlockers > predict-damage,26,237425,237425
Game AI Eval :: candidate-pay > candidate-play > forecast-board > forecast-combat > block-search > block-sortPotentialAttackers,448,363028903,65536048
Game AI Eval :: candidate-pay > candidate-play > forecast-board > forecast-combat > block-search > block-sortPotentialAttackers > life-danger,448,293029761,244351017
Game AI Eval :: candidate-pay > candidate-play > forecast-board > forecast-combat > block-search > block-sortPotentialAttackers > life-danger > predict-damage,4463,48678744,48678744
Game AI Eval :: candidate-pay > candidate-play > forecast-board > forecast-combat > block-search > block-sortPotentialAttackers > predict-damage,192,4463094,4463094
Game AI Eval :: candidate-pay > candidate-play > forecast-board > forecast-combat > predict-damage,4700,59360680,59360680
Game AI Eval :: candidate-pay > candidate-play > forecast-combat,15,763968119,21392013
Game AI Eval :: candidate-pay > candidate-play > forecast-combat > block-search,43,723876835,218464
Game AI Eval :: candidate-pay > candidate-play > forecast-combat > block-search > block-assignBlockers,43,696788146,7961205
Game AI Eval :: candidate-pay > candidate-play > forecast-combat > block-search > block-assignBlockers > attacker-blockability,202,996386,996386
Game AI Eval :: candidate-pay > candidate-play > forecast-combat > block-search > block-assignBlockers > block-legality,330,1891672,468839
Game AI Eval :: candidate-pay > candidate-play > forecast-combat > block-search > block-assignBlockers > block-legality > block-legality,330,1422833,110189
Game AI Eval :: candidate-pay > candidate-play > forecast-combat > block-search > block-assignBlockers > block-legality > block-legality > block-legality,330,1312644,1312644
Game AI Eval :: candidate-pay > candidate-play > forecast-combat > block-search > block-assignBlockers > block-makeChumpBlocks,3,1742075,5388
Game AI Eval :: candidate-pay > candidate-play > forecast-combat > block-search > block-assignBlockers > block-makeChumpBlocks > block-makeChumpBlocks,3,1687284,2443
Game AI Eval :: candidate-pay > candidate-play > forecast-combat > block-search > block-assignBlockers > block-makeChumpBlocks > block-makeChumpBlocks > block-makeChumpBlocks,3,1684841,31628
Game AI Eval :: candidate-pay > candidate-play > forecast-combat > block-search > block-assignBlockers > block-makeChumpBlocks > block-makeChumpBlocks > block-makeChumpBlocks > block-getPossibleBlockers,3,210,210
Game AI Eval :: candidate-pay > candidate-play > forecast-combat > block-search > block-assignBlockers > block-makeChumpBlocks > block-makeChumpBlocks > block-makeChumpBlocks > block-makeChumpBlocks,3,58517,19599
Game AI Eval :: candidate-pay > candidate-play > forecast-combat > block-search > block-assignBlockers > block-makeChumpBlocks > block-makeChumpBlocks > block-makeChumpBlocks > block-makeChumpBlocks > block-getPossibleBlockers,3,80,80
Game AI Eval :: candidate-pay > candidate-play > forecast-combat > block-search > block-assignBlockers > block-makeChumpBlocks > block-makeChumpBlocks > block-makeChumpBlocks > block-makeChumpBlocks > block-makeChumpBlocks,3,38838,12759
Game AI Eval :: candidate-pay > candidate-play > forecast-combat > block-search > block-assignBlockers > block-makeChumpBlocks > block-makeChumpBlocks > block-makeChumpBlocks > block-makeChumpBlocks > block-makeChumpBlocks > block-makeChumpBlocks,3,26079,25439
Game AI Eval :: candidate-pay > candidate-play > forecast-combat > block-search > block-assignBlockers > block-makeChumpBlocks > block-makeChumpBlocks > block-makeChumpBlocks > block-makeChumpBlocks > block-makeChumpBlocks > block-makeChumpBlocks > block-getPossibleBlockers,3,90,90
Game AI Eval :: candidate-pay > candidate-play > forecast-combat > block-search > block-assignBlockers > block-makeChumpBlocks > block-makeChumpBlocks > block-makeChumpBlocks > block-makeChumpBlocks > block-makeChumpBlocks > block-makeChumpBlocks > block-makeChumpBlocks,3,550,550
Game AI Eval :: candidate-pay > candidate-play > forecast-combat > block-search > block-assignBlockers > block-makeChumpBlocks > block-makeChumpBlocks > block-makeChumpBlocks > life-danger,3,1594486,1304687
Game AI Eval :: candidate-pay > candidate-play > forecast-combat > block-search > block-assignBlockers > block-makeChumpBlocks > block-makeChumpBlocks > block-makeChumpBlocks > life-danger > predict-damage,27,289799,289799
Game AI Eval :: candidate-pay > candidate-play > forecast-combat > block-search > block-assignBlockers > block-makeChumpBlocks > block-makeMultiChumpBlocks,3,49403,49333
Game AI Eval :: candidate-pay > candidate-play > forecast-combat > block-search > block-assignBlockers > block-makeChumpBlocks > block-makeMultiChumpBlocks > block-getPossibleBlockers,3,70,70
Game AI Eval :: candidate-pay > candidate-play > forecast-combat > block-search > block-assignBlockers > block-makeChumpBlocksToSavePW,43,7780056,2122294
Game AI Eval :: candidate-pay > candidate-play > forecast-combat > block-search > block-assignBlockers > block-makeChumpBlocksToSavePW > evaluate-creature,291,5657762,5657762
Game AI Eval :: candidate-pay > candidate-play > forecast-combat > block-search > block-assignBlockers > block-makeGangBlocks,45,251843257,120336261
Game AI Eval :: candidate-pay > candidate-play > forecast-combat > block-search > block-assignBlockers > block-makeGangBlocks > block-getPossibleBlockers,266,49446749,795579
Game AI Eval :: candidate-pay > candidate-play > forecast-combat > block-search > block-assignBlockers > block-makeGangBlocks > block-getPossibleBlockers > block-legality,1686,48651170,3269211
Game AI Eval :: candidate-pay > candidate-play > forecast-combat > block-search > block-assignBlockers > block-makeGangBlocks > block-getPossibleBlockers > block-legality > attacker-blockability,1420,7802069,7802069
Game AI Eval :: candidate-pay > candidate-play > forecast-combat > block-search > block-assignBlockers > block-makeGangBlocks > block-getPossibleBlockers > block-legality > block-legality,3106,20560827,3514341
Game AI Eval :: candidate-pay > candidate-play > forecast-combat > block-search > block-assignBlockers > block-makeGangBlocks > block-getPossibleBlockers > block-legality > block-legality > block-legality,2840,17046486,6926350
Game AI Eval :: candidate-pay > candidate-play > forecast-combat > block-search > block-assignBlockers > block-makeGangBlocks > block-getPossibleBlockers > block-legality > block-legality > block-legality > block-legality,2840,10120136,10120136
Game AI Eval :: candidate-pay > candidate-play > forecast-combat > block-search > block-assignBlockers > block-makeGangBlocks > block-getPossibleBlockers > block-legality > block-requirements,1420,17019063,10026549
Game AI Eval :: candidate-pay > candidate-play > forecast-combat > block-search > block-assignBlockers > block-makeGangBlocks > block-getPossibleBlockers > block-legality > block-requirements > block-cost,7192,6992514,6992514
Game AI Eval :: candidate-pay > candidate-play > forecast-combat > block-search > block-assignBlockers > block-makeGangBlocks > block-legality,14,517589,44275
Game AI Eval :: candidate-pay > candidate-play > forecast-combat > block-search > block-assignBlockers > block-makeGangBlocks > block-legality > attacker-blockability,14,83275,83275
Game AI Eval :: candidate-pay > candidate-play > forecast-combat > block-search > block-assignBlockers > block-makeGangBlocks > block-legality > block-legality,28,212745,56584
Game AI Eval :: candidate-pay > candidate-play > forecast-combat > block-search > block-assignBlockers > block-makeGangBlocks > block-legality > block-legality > block-legality,28,156161,59216
Game AI Eval :: candidate-pay > candidate-play > forecast-combat > block-search > block-assignBlockers > block-makeGangBlocks > block-legality > block-legality > block-legality > block-legality,28,96945,96945
Game AI Eval :: candidate-pay > candidate-play > forecast-combat > block-search > block-assignBlockers > block-makeGangBlocks > block-legality > block-requirements,14,177294,116974
Game AI Eval :: candidate-pay > candidate-play > forecast-combat > block-search > block-assignBlockers > block-makeGangBlocks > block-legality > block-requirements > block-cost,68,60320,60320
Game AI Eval :: candidate-pay > candidate-play > forecast-combat > block-search > block-assignBlockers > block-makeGangBlocks > evaluate-creature,2324,43651342,43651342
Game AI Eval :: candidate-pay > candidate-play > forecast-combat > block-search > block-assignBlockers > block-makeGangBlocks > predict-damage,3425,37891316,37891316
Game AI Eval :: candidate-pay > candidate-play > forecast-combat > block-search > block-assignBlockers > block-makeGangNonLethalBlocks,43,233839,233739
Game AI Eval :: candidate-pay > candidate-play > forecast-combat > block-search > block-assignBlockers > block-makeGangNonLethalBlocks > block-getPossibleBlockers,2,50,50
Game AI Eval :: candidate-pay > candidate-play > forecast-combat > block-search > block-assignBlockers > block-makeGangNonLethalBlocks > block-getSafeBlockers,2,50,50
Game AI Eval :: candidate-pay > candidate-play > forecast-combat > block-search > block-assignBlockers > block-makeGoodBlocks,44,291645602,4639200
Game AI Eval :: candidate-pay > candidate-play > forecast-combat > block-search > block-assignBlockers > block-makeGoodBlocks > block-getKillingBlockers,196,81129112,334502
Game AI Eval :: candidate-pay > candidate-play > forecast-combat > block-search > block-assignBlockers > block-makeGoodBlocks > block-getKillingBlockers > destroy-attacker,751,80794610,69737414
Game AI Eval :: candidate-pay > candidate-play > forecast-combat > block-search > block-assignBlockers > block-makeGoodBlocks > block-getKillingBlockers > destroy-attacker > predict-damage,1502,11057196,11057196
Game AI Eval :: candidate-pay > candidate-play > forecast-combat > block-search > block-assignBlockers > block-makeGoodBlocks > block-getPossibleBlockers,342,71502923,1172229
Game AI Eval :: candidate-pay > candidate-play > forecast-combat > block-search > block-assignBlockers > block-makeGoodBlocks > block-getPossibleBlockers > block-legality,2282,70330694,4493311
Game AI Eval :: candidate-pay > candidate-play > forecast-combat > block-search > block-assignBlockers > block-makeGoodBlocks > block-getPossibleBlockers > block-legality > attacker-blockability,2037,11644304,11644304
Game AI Eval :: candidate-pay > candidate-play > forecast-combat > block-search > block-assignBlockers > block-makeGoodBlocks > block-getPossibleBlockers > block-legality > block-legality,4319,30273111,3807800
Game AI Eval :: candidate-pay > candidate-play > forecast-combat > block-search > block-assignBlockers > block-makeGoodBlocks > block-getPossibleBlockers > block-legality > block-legality > block-legality,4074,26465311,11485013
Game AI Eval :: candidate-pay > candidate-play > forecast-combat > block-search > block-assignBlockers > block-makeGoodBlocks > block-getPossibleBlockers > block-legality > block-legality > block-legality > block-legality,4074,14980298,14980298
Game AI Eval :: candidate-pay > candidate-play > forecast-combat > block-search > block-assignBlockers > block-makeGoodBlocks > block-getPossibleBlockers > block-legality > block-requirements,2037,23919968,14209926
Game AI Eval :: candidate-pay > candidate-play > forecast-combat > block-search > block-assignBlockers > block-makeGoodBlocks > block-getPossibleBlockers > block-legality > block-requirements > block-cost,10308,9710042,9710042
Game AI Eval :: candidate-pay > candidate-play > forecast-combat > block-search > block-assignBlockers > block-makeGoodBlocks > block-getSafeBlockers,196,131416782,762673
Game AI Eval :: candidate-pay > candidate-play > forecast-combat > block-search > block-assignBlockers > block-makeGoodBlocks > block-getSafeBlockers > destroy-blocker,1068,130654109,114409240
Game AI Eval :: candidate-pay > candidate-play > forecast-combat > block-search > block-assignBlockers > block-makeGoodBlocks > block-getSafeBlockers > destroy-blocker > predict-damage,2136,16244869,16244869
Game AI Eval :: candidate-pay > candidate-play > forecast-combat > block-search > block-assignBlockers > block-makeGoodBlocks > evaluate-creature,132,2957585,2957585
Game AI Eval :: candidate-pay > candidate-play > forecast-combat > block-search > block-assignBlockers > block-makeRequiredBlocks,43,3567251,589996
Game AI Eval :: candidate-pay > candidate-play > forecast-combat > block-search > block-assignBlockers > block-makeRequiredBlocks > block-requirements,291,2977255,1796910
Game AI Eval :: candidate-pay > candidate-play > forecast-combat > block-search > block-assignBlockers > block-makeRequiredBlocks > block-requirements > block-cost,1334,1180345,1180345
Game AI Eval :: candidate-pay > candidate-play > forecast-combat > block-search > block-assignBlockers > block-makeTradeBlocks,45,95146233,4937318
Game AI Eval :: candidate-pay > candidate-play > forecast-combat > block-search > block-assignBlockers > block-makeTradeBlocks > block-getKillingBlockers,147,64248572,267610
Game AI Eval :: candidate-pay > candidate-play > forecast-combat > block-search > block-assignBlockers > block-makeTradeBlocks > block-getKillingBlockers > destroy-attacker,595,63980962,55070605
Game AI Eval :: candidate-pay > candidate-play > forecast-combat > block-search > block-assignBlockers > block-makeTradeBlocks > block-getKillingBlockers > destroy-attacker > predict-damage,1190,8910357,8910357
Game AI Eval :: candidate-pay > candidate-play > forecast-combat > block-search > block-assignBlockers > block-makeTradeBlocks > block-getPossibleBlockers,147,25960343,431144
Game AI Eval :: candidate-pay > candidate-play > forecast-combat > block-search > block-assignBlockers > block-makeTradeBlocks > block-getPossibleBlockers > block-legality,932,25529199,1656791
Game AI Eval :: candidate-pay > candidate-play > forecast-combat > block-search > block-assignBlockers > block-makeTradeBlocks > block-getPossibleBlockers > block-legality > attacker-blockability,747,4022160,4022160
Game AI Eval :: candidate-pay > candidate-play > forecast-combat > block-search > block-assignBlockers > block-makeTradeBlocks > block-getPossibleBlockers > block-legality > block-legality,1679,10965834,1551776
Game AI Eval :: candidate-pay > candidate-play > forecast-combat > block-search > block-assignBlockers > block-makeTradeBlocks > block-getPossibleBlockers > block-legality > block-legality > block-legality,1494,9414058,3954825
Game AI Eval :: candidate-pay > candidate-play > forecast-combat > block-search > block-assignBlockers > block-makeTradeBlocks > block-getPossibleBlockers > block-legality > block-legality > block-legality > block-legality,1494,5459233,5459233
Game AI Eval :: candidate-pay > candidate-play > forecast-combat > block-search > block-assignBlockers > block-makeTradeBlocks > block-getPossibleBlockers > block-legality > block-requirements,747,8884414,5130429
Game AI Eval :: candidate-pay > candidate-play > forecast-combat > block-search > block-assignBlockers > block-makeTradeBlocks > block-getPossibleBlockers > block-legality > block-requirements > block-cost,3854,3753985,3753985
Game AI Eval :: candidate-pay > candidate-play > forecast-combat > block-search > block-assignBlockers > block-reinforceBlockersAgainstTrample,3,38516,38516
Game AI Eval :: candidate-pay > candidate-play > forecast-combat > block-search > block-assignBlockers > block-reinforceBlockersToKill,44,1876716,594335
Game AI Eval :: candidate-pay > candidate-play > forecast-combat > block-search > block-assignBlockers > block-reinforceBlockersToKill > block-getPossibleBlockers,1,191775,3864
Game AI Eval :: candidate-pay > candidate-play > forecast-combat > block-search > block-assignBlockers > block-reinforceBlockersToKill > block-getPossibleBlockers > block-legality,7,187911,12721
Game AI Eval :: candidate-pay > candidate-play > forecast-combat > block-search > block-assignBlockers > block-reinforceBlockersToKill > block-getPossibleBlockers > block-legality > attacker-blockability,5,32638,32638
Game AI Eval :: candidate-pay > candidate-play > forecast-combat > block-search > block-assignBlockers > block-reinforceBlockersToKill > block-getPossibleBlockers > block-legality > block-legality,12,87731,11408
Game AI Eval :: candidate-pay > candidate-play > forecast-combat > block-search > block-assignBlockers > block-reinforceBlockersToKill > block-getPossibleBlockers > block-legality > block-legality > block-legality,10,76323,27530
Game AI Eval :: candidate-pay > candidate-play > forecast-combat > block-search > block-assignBlockers > block-reinforceBlockersToKill > block-getPossibleBlockers > block-legality > block-legality > block-legality > block-legality,10,48793,48793
Game AI Eval :: candidate-pay > candidate-play > forecast-combat > block-search > block-assignBlockers > block-reinforceBlockersToKill > block-getPossibleBlockers > block-legality > block-requirements,5,54821,32698
Game AI Eval :: candidate-pay > candidate-play > forecast-combat > block-search > block-assignBlockers > block-reinforceBlockersToKill > block-getPossibleBlockers > block-legality > block-requirements > block-cost,25,22123,22123
Game AI Eval :: candidate-pay > candidate-play > forecast-combat > block-search > block-assignBlockers > block-reinforceBlockersToKill > block-getSafeBlockers,1,798475,6239
Game AI Eval :: candidate-pay > candidate-play > forecast-combat > block-search > block-assignBlockers > block-reinforceBlockersToKill > block-getSafeBlockers > destroy-blocker,5,792236,705960
Game AI Eval :: candidate-pay > candidate-play > forecast-combat > block-search > block-assignBlockers > block-reinforceBlockersToKill > block-getSafeBlockers > destroy-blocker > predict-damage,10,86276,86276
Game AI Eval :: candidate-pay > candidate-play > forecast-combat > block-search > block-assignBlockers > block-reinforceBlockersToKill > evaluate-creature,10,222868,222868
Game AI Eval :: candidate-pay > candidate-play > forecast-combat > block-search > block-assignBlockers > block-reinforceBlockersToKill > predict-damage,10,69263,69263
Game AI Eval :: candidate-pay > candidate-play > forecast-combat > block-search > block-assignBlockers > block-removeUnpayableBlocks,43,4338596,4247187
Game AI Eval :: candidate-pay > candidate-play > forecast-combat > block-search > block-assignBlockers > block-removeUnpayableBlocks > block-cost,66,91409,91409
Game AI Eval :: candidate-pay > candidate-play > forecast-combat > block-search > block-assignBlockers > life-danger,48,27625863,24237626
Game AI Eval :: candidate-pay > candidate-play > forecast-combat > block-search > block-assignBlockers > life-danger > predict-damage,394,3388237,3388237
Game AI Eval :: candidate-pay > candidate-play > forecast-combat > block-search > block-assignBlockers > predict-damage,9,100879,100879
Game AI Eval :: candidate-pay > candidate-play > forecast-combat > block-search > block-sortPotentialAttackers,43,26870225,5733690
Game AI Eval :: candidate-pay > candidate-play > forecast-combat > block-search > block-sortPotentialAttackers > life-danger,43,20065143,16272841
Game AI Eval :: candidate-pay > candidate-play > forecast-combat > block-search > block-sortPotentialAttackers > life-danger > predict-damage,457,3792302,3792302
Game AI Eval :: candidate-pay > candidate-play > forecast-combat > block-search > block-sortPotentialAttackers > predict-damage,54,1071392,1071392
Game AI Eval :: candidate-pay > candidate-play > forecast-combat > life-danger,43,18699271,16076746
Game AI Eval :: candidate-pay > candidate-play > forecast-combat > life-danger > predict-damage,340,2622525,2622525
Game AI Eval :: candidate-pay > candidate-play > life-danger,1162,130342256,123135773
Game AI Eval :: candidate-pay > candidate-play > life-danger > predict-damage,534,7206483,7206483
Game AI Eval :: candidate-pay > candidate-play > predict-damage,2135,37523773,37523773
Game AI Eval :: candidate-pay > candidate-play > static-rebuild-hypothetical,171,91401313,22502511
Game AI Eval :: candidate-pay > candidate-play > static-rebuild-hypothetical > static-apply-before,1863,14584233,1310929
Game AI Eval :: candidate-pay > candidate-play > static-rebuild-hypothetical > static-apply-before > static-affected-cards,1863,8308012,8308012
Game AI Eval :: candidate-pay > candidate-play > static-rebuild-hypothetical > static-apply-before > static-effect-body,1863,4965292,4758636
Game AI Eval :: candidate-pay > candidate-play > static-rebuild-hypothetical > static-apply-before > static-effect-body > static-affected-players,1863,206656,206656
Game AI Eval :: candidate-pay > candidate-play > static-rebuild-hypothetical > static-clear,171,2765199,2765199
Game AI Eval :: candidate-pay > candidate-play > static-rebuild-hypothetical > static-collect,171,10041334,10041334
Game AI Eval :: candidate-pay > candidate-play > static-rebuild-hypothetical > static-dependencies,1521,41508036,1570065
Game AI Eval :: candidate-pay > candidate-play > static-rebuild-hypothetical > static-dependencies > static-affected-cards,1485,7592742,7592742
Game AI Eval :: candidate-pay > candidate-play > static-rebuild-hypothetical > static-dependencies > static-apply-before,990,28962391,638780
Game AI Eval :: candidate-pay > candidate-play > static-rebuild-hypothetical > static-dependencies > static-apply-before > static-affected-cards,990,17972746,17972746
Game AI Eval :: candidate-pay > candidate-play > static-rebuild-hypothetical > static-dependencies > static-apply-before > static-effect-body,990,10350865,10130122
Game AI Eval :: candidate-pay > candidate-play > static-rebuild-hypothetical > static-dependencies > static-apply-before > static-effect-body > static-affected-players,990,220743,220743
Game AI Eval :: candidate-pay > candidate-play > static-rebuild-hypothetical > static-dependencies > static-undo,990,3382838,3382838
Game AI Eval :: candidate-pay > candidate-play > static-rebuild-live,171,86419563,24196488
Game AI Eval :: candidate-pay > candidate-play > static-rebuild-live > static-apply-before,1863,13391302,1231877
Game AI Eval :: candidate-pay > candidate-play > static-rebuild-live > static-apply-before > static-affected-cards,1863,7264220,7264220
Game AI Eval :: candidate-pay > candidate-play > static-rebuild-live > static-apply-before > static-effect-body,1863,4895205,4692606
Game AI Eval :: candidate-pay > candidate-play > static-rebuild-live > static-apply-before > static-effect-body > static-affected-players,1863,202599,202599
Game AI Eval :: candidate-pay > candidate-play > static-rebuild-live > static-clear,171,2713704,2713704
Game AI Eval :: candidate-pay > candidate-play > static-rebuild-live > static-collect,171,8228895,8228895
Game AI Eval :: candidate-pay > candidate-play > static-rebuild-live > static-dependencies,1521,37889174,1356622
Game AI Eval :: candidate-pay > candidate-play > static-rebuild-live > static-dependencies > static-affected-cards,1485,6825681,6825681
Game AI Eval :: candidate-pay > candidate-play > static-rebuild-live > static-dependencies > static-apply-before,990,26892477,735105
Game AI Eval :: candidate-pay > candidate-play > static-rebuild-live > static-dependencies > static-apply-before > static-affected-cards,990,15954595,15954595
Game AI Eval :: candidate-pay > candidate-play > static-rebuild-live > static-dependencies > static-apply-before > static-effect-body,990,10202777,9992211
Game AI Eval :: candidate-pay > candidate-play > static-rebuild-live > static-dependencies > static-apply-before > static-effect-body > static-affected-players,990,210566,210566
Game AI Eval :: candidate-pay > candidate-play > static-rebuild-live > static-dependencies > static-undo,990,2814394,2814394
Game AI Eval :: candidate-pay > predict-damage,68,2396167,2396167
pool-25-thread-1 :: block-cost,20,142501,142501
pool-25-thread-1 :: block-legality,30,7920816,210597
pool-25-thread-1 :: block-legality > block-legality,179,7710219,510372
pool-25-thread-1 :: block-legality > block-legality > attacker-blockability,80,1645513,1645513
pool-25-thread-1 :: block-legality > block-legality > block-legality,257,4319263,1079796
pool-25-thread-1 :: block-legality > block-legality > block-legality > block-legality,257,3239467,994504
pool-25-thread-1 :: block-legality > block-legality > block-legality > block-legality > block-legality,257,2244963,2244963
pool-25-thread-1 :: block-legality > block-legality > block-requirements,79,1235071,450349
pool-25-thread-1 :: block-legality > block-legality > block-requirements > block-cost,145,784722,784722
pool-25-thread-1 :: choose-action,2142,36517033890,780547412
pool-25-thread-1 :: choose-action > alternative-costs,80,35559449,3116234
pool-25-thread-1 :: choose-action > alternative-costs > restore-live-state,32,13540204,36060
pool-25-thread-1 :: choose-action > alternative-costs > restore-live-state > static-rebuild-live,32,13504144,4067178
pool-25-thread-1 :: choose-action > alternative-costs > restore-live-state > static-rebuild-live > static-apply-before,331,2120686,253413
pool-25-thread-1 :: choose-action > alternative-costs > restore-live-state > static-rebuild-live > static-apply-before > static-affected-cards,331,1107041,1107041
pool-25-thread-1 :: choose-action > alternative-costs > restore-live-state > static-rebuild-live > static-apply-before > static-effect-body,331,760232,726284
pool-25-thread-1 :: choose-action > alternative-costs > restore-live-state > static-rebuild-live > static-apply-before > static-effect-body > static-affected-players,331,33948,33948
pool-25-thread-1 :: choose-action > alternative-costs > restore-live-state > static-rebuild-live > static-clear,32,418124,418124
pool-25-thread-1 :: choose-action > alternative-costs > restore-live-state > static-rebuild-live > static-collect,32,1685280,1685280
pool-25-thread-1 :: choose-action > alternative-costs > restore-live-state > static-rebuild-live > static-dependencies,267,5212876,265404
pool-25-thread-1 :: choose-action > alternative-costs > restore-live-state > static-rebuild-live > static-dependencies > static-affected-cards,217,952502,952502
pool-25-thread-1 :: choose-action > alternative-costs > restore-live-state > static-rebuild-live > static-dependencies > static-apply-before,141,3571151,114536
pool-25-thread-1 :: choose-action > alternative-costs > restore-live-state > static-rebuild-live > static-dependencies > static-apply-before > static-affected-cards,141,2143107,2143107
pool-25-thread-1 :: choose-action > alternative-costs > restore-live-state > static-rebuild-live > static-dependencies > static-apply-before > static-effect-body,141,1313508,1285805
pool-25-thread-1 :: choose-action > alternative-costs > restore-live-state > static-rebuild-live > static-dependencies > static-apply-before > static-effect-body > static-affected-players,141,27703,27703
pool-25-thread-1 :: choose-action > alternative-costs > restore-live-state > static-rebuild-live > static-dependencies > static-undo,141,423819,423819
pool-25-thread-1 :: choose-action > alternative-costs > stack-eligibility,54,2655244,2655244
pool-25-thread-1 :: choose-action > alternative-costs > stack-keyword-rebuild,32,16247767,45583
pool-25-thread-1 :: choose-action > alternative-costs > stack-keyword-rebuild > static-rebuild-hypothetical,32,16202184,3927829
pool-25-thread-1 :: choose-action > alternative-costs > stack-keyword-rebuild > static-rebuild-hypothetical > static-apply-before,331,2503807,266815
pool-25-thread-1 :: choose-action > alternative-costs > stack-keyword-rebuild > static-rebuild-hypothetical > static-apply-before > static-affected-cards,331,1226173,1226173
pool-25-thread-1 :: choose-action > alternative-costs > stack-keyword-rebuild > static-rebuild-hypothetical > static-apply-before > static-effect-body,331,1010819,973815
pool-25-thread-1 :: choose-action > alternative-costs > stack-keyword-rebuild > static-rebuild-hypothetical > static-apply-before > static-effect-body > static-affected-players,331,37004,37004
pool-25-thread-1 :: choose-action > alternative-costs > stack-keyword-rebuild > static-rebuild-hypothetical > static-clear,32,519891,519891
pool-25-thread-1 :: choose-action > alternative-costs > stack-keyword-rebuild > static-rebuild-hypothetical > static-collect,32,1509011,1509011
pool-25-thread-1 :: choose-action > alternative-costs > stack-keyword-rebuild > static-rebuild-hypothetical > static-dependencies,267,7741646,540598
pool-25-thread-1 :: choose-action > alternative-costs > stack-keyword-rebuild > static-rebuild-hypothetical > static-dependencies > static-affected-cards,217,1440676,1440676
pool-25-thread-1 :: choose-action > alternative-costs > stack-keyword-rebuild > static-rebuild-hypothetical > static-dependencies > static-apply-before,141,5156260,122073
pool-25-thread-1 :: choose-action > alternative-costs > stack-keyword-rebuild > static-rebuild-hypothetical > static-dependencies > static-apply-before > static-affected-cards,141,3620385,3620385
pool-25-thread-1 :: choose-action > alternative-costs > stack-keyword-rebuild > static-rebuild-hypothetical > static-dependencies > static-apply-before > static-effect-body,141,1413802,1380859
pool-25-thread-1 :: choose-action > alternative-costs > stack-keyword-rebuild > static-rebuild-hypothetical > static-dependencies > static-apply-before > static-effect-body > static-affected-players,141,32943,32943
pool-25-thread-1 :: choose-action > alternative-costs > stack-keyword-rebuild > static-rebuild-hypothetical > static-dependencies > static-undo,141,604112,604112
pool-25-thread-1 :: choose-action > candidate-pay,80,7422749,6557203
pool-25-thread-1 :: choose-action > candidate-pay > candidate-play,1,808811,808811
pool-25-thread-1 :: choose-action > candidate-pay > predict-damage,2,56735,56735
pool-25-thread-1 :: choose-action > candidate-wait,1936,13545656383,13545656383
pool-25-thread-1 :: choose-action > card-abilities,87,8075445,2063682
pool-25-thread-1 :: choose-action > card-abilities > alternative-costs,193,6011763,1894227
pool-25-thread-1 :: choose-action > card-abilities > alternative-costs > stack-eligibility,24,4117536,4117536
pool-25-thread-1 :: choose-action > choose-trigger,617,3481557912,118353150
pool-25-thread-1 :: choose-action > choose-trigger > destroy-blocker,6,2887217,2527884
pool-25-thread-1 :: choose-action > choose-trigger > destroy-blocker > predict-damage,12,359333,359333
pool-25-thread-1 :: choose-action > choose-trigger > evaluate-creature,877,105872470,105872470
pool-25-thread-1 :: choose-action > choose-trigger > forecast-board,164,3211640408,1977384
pool-25-thread-1 :: choose-action > choose-trigger > forecast-board > evaluate-creature,1116,126551476,126551476
pool-25-thread-1 :: choose-action > choose-trigger > forecast-board > forecast-combat,164,3083111548,358189859
pool-25-thread-1 :: choose-action > choose-trigger > forecast-board > forecast-combat > block-search,164,2687903228,1414491
pool-25-thread-1 :: choose-action > choose-trigger > forecast-board > forecast-combat > block-search > block-assignBlockers,164,2521779008,34727009
pool-25-thread-1 :: choose-action > choose-trigger > forecast-board > forecast-combat > block-search > block-assignBlockers > attacker-blockability,1115,4269577,4269577
pool-25-thread-1 :: choose-action > choose-trigger > forecast-board > forecast-combat > block-search > block-assignBlockers > block-legality,1009,6386755,2050677
pool-25-thread-1 :: choose-action > choose-trigger > forecast-board > forecast-combat > block-search > block-assignBlockers > block-legality > block-legality,1009,4336078,343481
pool-25-thread-1 :: choose-action > choose-trigger > forecast-board > forecast-combat > block-search > block-assignBlockers > block-legality > block-legality > block-legality,1009,3992597,3992597
pool-25-thread-1 :: choose-action > choose-trigger > forecast-board > forecast-combat > block-search > block-assignBlockers > block-makeChumpBlocks,64,40630402,188478
pool-25-thread-1 :: choose-action > choose-trigger > forecast-board > forecast-combat > block-search > block-assignBlockers > block-makeChumpBlocks > block-makeChumpBlocks,64,34838479,104168
pool-25-thread-1 :: choose-action > choose-trigger > forecast-board > forecast-combat > block-search > block-assignBlockers > block-makeChumpBlocks > block-makeChumpBlocks > block-makeChumpBlocks,64,34734311,718179
pool-25-thread-1 :: choose-action > choose-trigger > forecast-board > forecast-combat > block-search > block-assignBlockers > block-makeChumpBlocks > block-makeChumpBlocks > block-makeChumpBlocks > block-getPossibleBlockers,46,1021718,60992
pool-25-thread-1 :: choose-action > choose-trigger > forecast-board > forecast-combat > block-search > block-assignBlockers > block-makeChumpBlocks > block-makeChumpBlocks > block-makeChumpBlocks > block-getPossibleBlockers > block-legality,80,960726,97880
pool-25-thread-1 :: choose-action > choose-trigger > forecast-board > forecast-combat > block-search > block-assignBlockers > block-makeChumpBlocks > block-makeChumpBlocks > block-makeChumpBlocks > block-getPossibleBlockers > block-legality > attacker-blockability,19,135681,135681
pool-25-thread-1 :: choose-action > choose-trigger > forecast-board > forecast-combat > block-search > block-assignBlockers > block-makeChumpBlocks > block-makeChumpBlocks > block-makeChumpBlocks > block-getPossibleBlockers > block-legality > block-legality,99,468152,131079
pool-25-thread-1 :: choose-action > choose-trigger > forecast-board > forecast-combat > block-search > block-assignBlockers > block-makeChumpBlocks > block-makeChumpBlocks > block-makeChumpBlocks > block-getPossibleBlockers > block-legality > block-legality > block-legality,68,337073,157719
pool-25-thread-1 :: choose-action > choose-trigger > forecast-board > forecast-combat > block-search > block-assignBlockers > block-makeChumpBlocks > block-makeChumpBlocks > block-makeChumpBlocks > block-getPossibleBlockers > block-legality > block-legality > block-legality > block-legality,68,179354,179354
pool-25-thread-1 :: choose-action > choose-trigger > forecast-board > forecast-combat > block-search > block-assignBlockers > block-makeChumpBlocks > block-makeChumpBlocks > block-makeChumpBlocks > block-getPossibleBlockers > block-legality > block-requirements,19,259013,164002
pool-25-thread-1 :: choose-action > choose-trigger > forecast-board > forecast-combat > block-search > block-assignBlockers > block-makeChumpBlocks > block-makeChumpBlocks > block-makeChumpBlocks > block-getPossibleBlockers > block-legality > block-requirements > block-cost,81,95011,95011
pool-25-thread-1 :: choose-action > choose-trigger > forecast-board > forecast-combat > block-search > block-assignBlockers > block-makeChumpBlocks > block-makeChumpBlocks > block-makeChumpBlocks > block-makeChumpBlocks,64,7308140,338217
pool-25-thread-1 :: choose-action > choose-trigger > forecast-board > forecast-combat > block-search > block-assignBlockers > block-makeChumpBlocks > block-makeChumpBlocks > block-makeChumpBlocks > block-makeChumpBlocks > block-getPossibleBlockers,42,262774,92803
pool-25-thread-1 :: choose-action > choose-trigger > forecast-board > forecast-combat > block-search > block-assignBlockers > block-makeChumpBlocks > block-makeChumpBlocks > block-makeChumpBlocks > block-makeChumpBlocks > block-getPossibleBlockers > block-legality,70,169971,35526
pool-25-thread-1 :: choose-action > choose-trigger > forecast-board > forecast-combat > block-search > block-assignBlockers > block-makeChumpBlocks > block-makeChumpBlocks > block-makeChumpBlocks > block-makeChumpBlocks > block-getPossibleBlockers > block-legality > block-legality,70,134445,81350
pool-25-thread-1 :: choose-action > choose-trigger > forecast-board > forecast-combat > block-search > block-assignBlockers > block-makeChumpBlocks > block-makeChumpBlocks > block-makeChumpBlocks > block-makeChumpBlocks > block-getPossibleBlockers > block-legality > block-legality > block-legality,28,53095,21281
pool-25-thread-1 :: choose-action > choose-trigger > forecast-board > forecast-combat > block-search > block-assignBlockers > block-makeChumpBlocks > block-makeChumpBlocks > block-makeChumpBlocks > block-makeChumpBlocks > block-getPossibleBlockers > block-legality > block-legality > block-legality > block-legality,28,31814,31814
pool-25-thread-1 :: choose-action > choose-trigger > forecast-board > forecast-combat > block-search > block-assignBlockers > block-makeChumpBlocks > block-makeChumpBlocks > block-makeChumpBlocks > block-makeChumpBlocks > block-makeChumpBlocks,64,1257851,293681
pool-25-thread-1 :: choose-action > choose-trigger > forecast-board > forecast-combat > block-search > block-assignBlockers > block-makeChumpBlocks > block-makeChumpBlocks > block-makeChumpBlocks > block-makeChumpBlocks > block-makeChumpBlocks > block-getPossibleBlockers,4,187849,7500
pool-25-thread-1 :: choose-action > choose-trigger > forecast-board > forecast-combat > block-search > block-assignBlockers > block-makeChumpBlocks > block-makeChumpBlocks > block-makeChumpBlocks > block-makeChumpBlocks > block-makeChumpBlocks > block-getPossibleBlockers > block-legality,10,180349,11317
pool-25-thread-1 :: choose-action > choose-trigger > forecast-board > forecast-combat > block-search > block-assignBlockers > block-makeChumpBlocks > block-makeChumpBlocks > block-makeChumpBlocks > block-makeChumpBlocks > block-makeChumpBlocks > block-getPossibleBlockers > block-legality > attacker-blockability,3,39788,39788
pool-25-thread-1 :: choose-action > choose-trigger > forecast-board > forecast-combat > block-search > block-assignBlockers > block-makeChumpBlocks > block-makeChumpBlocks > block-makeChumpBlocks > block-makeChumpBlocks > block-makeChumpBlocks > block-getPossibleBlockers > block-legality > block-legality,13,81722,15625
pool-25-thread-1 :: choose-action > choose-trigger > forecast-board > forecast-combat > block-search > block-assignBlockers > block-makeChumpBlocks > block-makeChumpBlocks > block-makeChumpBlocks > block-makeChumpBlocks > block-makeChumpBlocks > block-getPossibleBlockers > block-legality > block-legality > block-legality,8,66097,37734
pool-25-thread-1 :: choose-action > choose-trigger > forecast-board > forecast-combat > block-search > block-assignBlockers > block-makeChumpBlocks > block-makeChumpBlocks > block-makeChumpBlocks > block-makeChumpBlocks > block-makeChumpBlocks > block-getPossibleBlockers > block-legality > block-legality > block-legality > block-legality,8,28363,28363
pool-25-thread-1 :: choose-action > choose-trigger > forecast-board > forecast-combat > block-search > block-assignBlockers > block-makeChumpBlocks > block-makeChumpBlocks > block-makeChumpBlocks > block-makeChumpBlocks > block-makeChumpBlocks > block-getPossibleBlockers > block-legality > block-requirements,3,47522,28534
pool-25-thread-1 :: choose-action > choose-trigger > forecast-board > forecast-combat > block-search > block-assignBlockers > block-makeChumpBlocks > block-makeChumpBlocks > block-makeChumpBlocks > block-makeChumpBlocks > block-makeChumpBlocks > block-getPossibleBlockers > block-legality > block-requirements > block-cost,15,18988,18988
pool-25-thread-1 :: choose-action > choose-trigger > forecast-board > forecast-combat > block-search > block-assignBlockers > block-makeChumpBlocks > block-makeChumpBlocks > block-makeChumpBlocks > block-makeChumpBlocks > block-makeChumpBlocks > block-makeChumpBlocks,64,776321,209915
pool-25-thread-1 :: choose-action > choose-trigger > forecast-board > forecast-combat > block-search > block-assignBlockers > block-makeChumpBlocks > block-makeChumpBlocks > block-makeChumpBlocks > block-makeChumpBlocks > block-makeChumpBlocks > block-makeChumpBlocks > block-getPossibleBlockers,14,109700,23060
pool-25-thread-1 :: choose-action > choose-trigger > forecast-board > forecast-combat > block-search > block-assignBlockers > block-makeChumpBlocks > block-makeChumpBlocks > block-makeChumpBlocks > block-makeChumpBlocks > block-makeChumpBlocks > block-makeChumpBlocks > block-getPossibleBlockers > block-legality,28,86640,16765
pool-25-thread-1 :: choose-action > choose-trigger > forecast-board > forecast-combat > block-search > block-assignBlockers > block-makeChumpBlocks > block-makeChumpBlocks > block-makeChumpBlocks > block-makeChumpBlocks > block-makeChumpBlocks > block-makeChumpBlocks > block-getPossibleBlockers > block-legality > block-legality,28,69875,34752
pool-25-thread-1 :: choose-action > choose-trigger > forecast-board > forecast-combat > block-search > block-assignBlockers > block-makeChumpBlocks > block-makeChumpBlocks > block-makeChumpBlocks > block-makeChumpBlocks > block-makeChumpBlocks > block-makeChumpBlocks > block-getPossibleBlockers > block-legality > block-legality > block-legality,14,35123,19328
pool-25-thread-1 :: choose-action > choose-trigger > forecast-board > forecast-combat > block-search > block-assignBlockers > block-makeChumpBlocks > block-makeChumpBlocks > block-makeChumpBlocks > block-makeChumpBlocks > block-makeChumpBlocks > block-makeChumpBlocks > block-getPossibleBlockers > block-legality > block-legality > block-legality > block-legality,14,15795,15795
pool-25-thread-1 :: choose-action > choose-trigger > forecast-board > forecast-combat > block-search > block-assignBlockers > block-makeChumpBlocks > block-makeChumpBlocks > block-makeChumpBlocks > block-makeChumpBlocks > block-makeChumpBlocks > block-makeChumpBlocks > block-makeChumpBlocks,36,98915,48622
pool-25-thread-1 :: choose-action > choose-trigger > forecast-board > forecast-combat > block-search > block-assignBlockers > block-makeChumpBlocks > block-makeChumpBlocks > block-makeChumpBlocks > block-makeChumpBlocks > block-makeChumpBlocks > block-makeChumpBlocks > block-makeChumpBlocks > block-getPossibleBlockers,1,7411,2003
pool-25-thread-1 :: choose-action > choose-trigger > forecast-board > forecast-combat > block-search > block-assignBlockers > block-makeChumpBlocks > block-makeChumpBlocks > block-makeChumpBlocks > block-makeChumpBlocks > block-makeChumpBlocks > block-makeChumpBlocks > block-makeChumpBlocks > block-getPossibleBlockers > block-legality,2,5408,1002
pool-25-thread-1 :: choose-action > choose-trigger > forecast-board > forecast-combat > block-search > block-assignBlockers > block-makeChumpBlocks > block-makeChumpBlocks > block-makeChumpBlocks > block-makeChumpBlocks > block-makeChumpBlocks > block-makeChumpBlocks > block-makeChumpBlocks > block-getPossibleBlockers > block-legality > block-legality,2,4406,2543
pool-25-thread-1 :: choose-action > choose-trigger > forecast-board > forecast-combat > block-search > block-assignBlockers > block-makeChumpBlocks > block-makeChumpBlocks > block-makeChumpBlocks > block-makeChumpBlocks > block-makeChumpBlocks > block-makeChumpBlocks > block-makeChumpBlocks > block-getPossibleBlockers > block-legality > block-legality > block-legality,1,1863,771
pool-25-thread-1 :: choose-action > choose-trigger > forecast-board > forecast-combat > block-search > block-assignBlockers > block-makeChumpBlocks > block-makeChumpBlocks > block-makeChumpBlocks > block-makeChumpBlocks > block-makeChumpBlocks > block-makeChumpBlocks > block-makeChumpBlocks > block-getPossibleBlockers > block-legality > block-legality > block-legality > block-legality,1,1092,1092
pool-25-thread-1 :: choose-action > choose-trigger > forecast-board > forecast-combat > block-search > block-assignBlockers > block-makeChumpBlocks > block-makeChumpBlocks > block-makeChumpBlocks > block-makeChumpBlocks > block-makeChumpBlocks > block-makeChumpBlocks > block-makeChumpBlocks > block-makeChumpBlocks,19,42882,42240
pool-25-thread-1 :: choose-action > choose-trigger > forecast-board > forecast-combat > block-search > block-assignBlockers > block-makeChumpBlocks > block-makeChumpBlocks > block-makeChumpBlocks > block-makeChumpBlocks > block-makeChumpBlocks > block-makeChumpBlocks > block-makeChumpBlocks > block-makeChumpBlocks > block-makeChumpBlocks,18,642,642
pool-25-thread-1 :: choose-action > choose-trigger > forecast-board > forecast-combat > block-search > block-assignBlockers > block-makeChumpBlocks > block-makeChumpBlocks > block-makeChumpBlocks > block-makeChumpBlocks > block-makeChumpBlocks > block-makeChumpBlocks > life-danger,1,357791,314818
pool-25-thread-1 :: choose-action > choose-trigger > forecast-board > forecast-combat > block-search > block-assignBlockers > block-makeChumpBlocks > block-makeChumpBlocks > block-makeChumpBlocks > block-makeChumpBlocks > block-makeChumpBlocks > block-makeChumpBlocks > life-danger > predict-damage,5,42973,42973
pool-25-thread-1 :: choose-action > choose-trigger > forecast-board > forecast-combat > block-search > block-assignBlockers > block-makeChumpBlocks > block-makeChumpBlocks > block-makeChumpBlocks > block-makeChumpBlocks > life-danger,16,5449298,4597947
pool-25-thread-1 :: choose-action > choose-trigger > forecast-board > forecast-combat > block-search > block-assignBlockers > block-makeChumpBlocks > block-makeChumpBlocks > block-makeChumpBlocks > block-makeChumpBlocks > life-danger > predict-damage,114,851351,851351
pool-25-thread-1 :: choose-action > choose-trigger > forecast-board > forecast-combat > block-search > block-assignBlockers > block-makeChumpBlocks > block-makeChumpBlocks > block-makeChumpBlocks > life-danger,64,25686274,21276317
pool-25-thread-1 :: choose-action > choose-trigger > forecast-board > forecast-combat > block-search > block-assignBlockers > block-makeChumpBlocks > block-makeChumpBlocks > block-makeChumpBlocks > life-danger > predict-damage,594,4409957,4409957
pool-25-thread-1 :: choose-action > choose-trigger > forecast-board > forecast-combat > block-search > block-assignBlockers > block-makeChumpBlocks > block-makeMultiChumpBlocks,64,5603445,790507
pool-25-thread-1 :: choose-action > choose-trigger > forecast-board > forecast-combat > block-search > block-assignBlockers > block-makeChumpBlocks > block-makeMultiChumpBlocks > block-getPossibleBlockers,158,4709765,129422
pool-25-thread-1 :: choose-action > choose-trigger > forecast-board > forecast-combat > block-search > block-assignBlockers > block-makeChumpBlocks > block-makeMultiChumpBlocks > block-getPossibleBlockers > block-legality,270,4580343,403901
pool-25-thread-1 :: choose-action > choose-trigger > forecast-board > forecast-combat > block-search > block-assignBlockers > block-makeChumpBlocks > block-makeMultiChumpBlocks > block-getPossibleBlockers > block-legality > attacker-blockability,110,584387,584387
pool-25-thread-1 :: choose-action > choose-trigger > forecast-board > forecast-combat > block-search > block-assignBlockers > block-makeChumpBlocks > block-makeMultiChumpBlocks > block-getPossibleBlockers > block-legality > block-legality,380,1704426,419874
pool-25-thread-1 :: choose-action > choose-trigger > forecast-board > forecast-combat > block-search > block-assignBlockers > block-makeChumpBlocks > block-makeMultiChumpBlocks > block-getPossibleBlockers > block-legality > block-legality > block-legality,324,1284552,470241
pool-25-thread-1 :: choose-action > choose-trigger > forecast-board > forecast-combat > block-search > block-assignBlockers > block-makeChumpBlocks > block-makeMultiChumpBlocks > block-getPossibleBlockers > block-legality > block-legality > block-legality > block-legality,324,814311,814311
pool-25-thread-1 :: choose-action > choose-trigger > forecast-board > forecast-combat > block-search > block-assignBlockers > block-makeChumpBlocks > block-makeMultiChumpBlocks > block-getPossibleBlockers > block-legality > block-requirements,110,1887629,1116645
pool-25-thread-1 :: choose-action > choose-trigger > forecast-board > forecast-combat > block-search > block-assignBlockers > block-makeChumpBlocks > block-makeMultiChumpBlocks > block-getPossibleBlockers > block-legality > block-requirements > block-cost,658,770984,770984
pool-25-thread-1 :: choose-action > choose-trigger > forecast-board > forecast-combat > block-search > block-assignBlockers > block-makeChumpBlocks > block-makeMultiChumpBlocks > block-legality,2,103173,6649
pool-25-thread-1 :: choose-action > choose-trigger > forecast-board > forecast-combat > block-search > block-assignBlockers > block-makeChumpBlocks > block-makeMultiChumpBlocks > block-legality > attacker-blockability,2,25249,25249
pool-25-thread-1 :: choose-action > choose-trigger > forecast-board > forecast-combat > block-search > block-assignBlockers > block-makeChumpBlocks > block-makeMultiChumpBlocks > block-legality > block-legality,4,43595,5348
pool-25-thread-1 :: choose-action > choose-trigger > forecast-board > forecast-combat > block-search > block-assignBlockers > block-makeChumpBlocks > block-makeMultiChumpBlocks > block-legality > block-legality > block-legality,4,38247,22184
pool-25-thread-1 :: choose-action > choose-trigger > forecast-board > forecast-combat > block-search > block-assignBlockers > block-makeChumpBlocks > block-makeMultiChumpBlocks > block-legality > block-legality > block-legality > block-legality,4,16063,16063
pool-25-thread-1 :: choose-action > choose-trigger > forecast-board > forecast-combat > block-search > block-assignBlockers > block-makeChumpBlocks > block-makeMultiChumpBlocks > block-legality > block-requirements,2,27680,14830
pool-25-thread-1 :: choose-action > choose-trigger > forecast-board > forecast-combat > block-search > block-assignBlockers > block-makeChumpBlocks > block-makeMultiChumpBlocks > block-legality > block-requirements > block-cost,10,12850,12850
pool-25-thread-1 :: choose-action > choose-trigger > forecast-board > forecast-combat > block-search > block-assignBlockers > block-makeChumpBlocksToSavePW,164,25603499,4846998
pool-25-thread-1 :: choose-action > choose-trigger > forecast-board > forecast-combat > block-search > block-assignBlockers > block-makeChumpBlocksToSavePW > evaluate-creature,829,20756501,20756501
pool-25-thread-1 :: choose-action > choose-trigger > forecast-board > forecast-combat > block-search > block-assignBlockers > block-makeGangBlocks,206,382180390,195597366
pool-25-thread-1 :: choose-action > choose-trigger > forecast-board > forecast-combat > block-search > block-assignBlockers > block-makeGangBlocks > block-getPossibleBlockers,1123,116950556,2185090
pool-25-thread-1 :: choose-action > choose-trigger > forecast-board > forecast-combat > block-search > block-assignBlockers > block-makeGangBlocks > block-getPossibleBlockers > block-legality,5412,114765466,7764581
pool-25-thread-1 :: choose-action > choose-trigger > forecast-board > forecast-combat > block-search > block-assignBlockers > block-makeGangBlocks > block-getPossibleBlockers > block-legality > attacker-blockability,2712,14509381,14509381
pool-25-thread-1 :: choose-action > choose-trigger > forecast-board > forecast-combat > block-search > block-assignBlockers > block-makeGangBlocks > block-getPossibleBlockers > block-legality > block-legality,8124,41216938,8467298
pool-25-thread-1 :: choose-action > choose-trigger > forecast-board > forecast-combat > block-search > block-assignBlockers > block-makeGangBlocks > block-getPossibleBlockers > block-legality > block-legality > block-legality,5630,32749640,12244836
pool-25-thread-1 :: choose-action > choose-trigger > forecast-board > forecast-combat > block-search > block-assignBlockers > block-makeGangBlocks > block-getPossibleBlockers > block-legality > block-legality > block-legality > block-legality,5630,20504804,20504804
pool-25-thread-1 :: choose-action > choose-trigger > forecast-board > forecast-combat > block-search > block-assignBlockers > block-makeGangBlocks > block-getPossibleBlockers > block-legality > block-requirements,2712,51274566,28021952
pool-25-thread-1 :: choose-action > choose-trigger > forecast-board > forecast-combat > block-search > block-assignBlockers > block-makeGangBlocks > block-getPossibleBlockers > block-legality > block-requirements > block-cost,19069,23252614,23252614
pool-25-thread-1 :: choose-action > choose-trigger > forecast-board > forecast-combat > block-search > block-assignBlockers > block-makeGangBlocks > block-legality,32,1269323,139865
pool-25-thread-1 :: choose-action > choose-trigger > forecast-board > forecast-combat > block-search > block-assignBlockers > block-makeGangBlocks > block-legality > attacker-blockability,32,158265,158265
pool-25-thread-1 :: choose-action > choose-trigger > forecast-board > forecast-combat > block-search > block-assignBlockers > block-makeGangBlocks > block-legality > block-legality,64,480445,140211
pool-25-thread-1 :: choose-action > choose-trigger > forecast-board > forecast-combat > block-search > block-assignBlockers > block-makeGangBlocks > block-legality > block-legality > block-legality,64,340234,113057
pool-25-thread-1 :: choose-action > choose-trigger > forecast-board > forecast-combat > block-search > block-assignBlockers > block-makeGangBlocks > block-legality > block-legality > block-legality > block-legality,64,227177,227177
pool-25-thread-1 :: choose-action > choose-trigger > forecast-board > forecast-combat > block-search > block-assignBlockers > block-makeGangBlocks > block-legality > block-requirements,32,490748,299356
pool-25-thread-1 :: choose-action > choose-trigger > forecast-board > forecast-combat > block-search > block-assignBlockers > block-makeGangBlocks > block-legality > block-requirements > block-cost,198,191392,191392
pool-25-thread-1 :: choose-action > choose-trigger > forecast-board > forecast-combat > block-search > block-assignBlockers > block-makeGangBlocks > evaluate-creature,2132,45279265,45279265
pool-25-thread-1 :: choose-action > choose-trigger > forecast-board > forecast-combat > block-search > block-assignBlockers > block-makeGangBlocks > predict-damage,2774,23083880,23083880
pool-25-thread-1 :: choose-action > choose-trigger > forecast-board > forecast-combat > block-search > block-assignBlockers > block-makeGangNonLethalBlocks,164,2065573,1069095
pool-25-thread-1 :: choose-action > choose-trigger > forecast-board > forecast-combat > block-search > block-assignBlockers > block-makeGangNonLethalBlocks > block-getPossibleBlockers,22,347995,31619
pool-25-thread-1 :: choose-action > choose-trigger > forecast-board > forecast-combat > block-search > block-assignBlockers > block-makeGangNonLethalBlocks > block-getPossibleBlockers > block-legality,47,316376,37544
pool-25-thread-1 :: choose-action > choose-trigger > forecast-board > forecast-combat > block-search > block-assignBlockers > block-makeGangNonLethalBlocks > block-getPossibleBlockers > block-legality > attacker-blockability,6,25767,25767
pool-25-thread-1 :: choose-action > choose-trigger > forecast-board > forecast-combat > block-search > block-assignBlockers > block-makeGangNonLethalBlocks > block-getPossibleBlockers > block-legality > block-legality,53,163100,60130
pool-25-thread-1 :: choose-action > choose-trigger > forecast-board > forecast-combat > block-search > block-assignBlockers > block-makeGangNonLethalBlocks > block-getPossibleBlockers > block-legality > block-legality > block-legality,33,102970,38505
pool-25-thread-1 :: choose-action > choose-trigger > forecast-board > forecast-combat > block-search > block-assignBlockers > block-makeGangNonLethalBlocks > block-getPossibleBlockers > block-legality > block-legality > block-legality > block-legality,33,64465,64465
pool-25-thread-1 :: choose-action > choose-trigger > forecast-board > forecast-combat > block-search > block-assignBlockers > block-makeGangNonLethalBlocks > block-getPossibleBlockers > block-legality > block-requirements,6,89965,52000
pool-25-thread-1 :: choose-action > choose-trigger > forecast-board > forecast-combat > block-search > block-assignBlockers > block-makeGangNonLethalBlocks > block-getPossibleBlockers > block-legality > block-requirements > block-cost,36,37965,37965
pool-25-thread-1 :: choose-action > choose-trigger > forecast-board > forecast-combat > block-search > block-assignBlockers > block-makeGangNonLethalBlocks > block-getSafeBlockers,22,648483,7010
pool-25-thread-1 :: choose-action > choose-trigger > forecast-board > forecast-combat > block-search > block-assignBlockers > block-makeGangNonLethalBlocks > block-getSafeBlockers > destroy-blocker,6,641473,529865
pool-25-thread-1 :: choose-action > choose-trigger > forecast-board > forecast-combat > block-search > block-assignBlockers > block-makeGangNonLethalBlocks > block-getSafeBlockers > destroy-blocker > predict-damage,12,111608,111608
pool-25-thread-1 :: choose-action > choose-trigger > forecast-board > forecast-combat > block-search > block-assignBlockers > block-makeGoodBlocks,185,1531099229,50793097
pool-25-thread-1 :: choose-action > choose-trigger > forecast-board > forecast-combat > block-search > block-assignBlockers > block-makeGoodBlocks > block-getKillingBlockers,1091,480420562,1519250
pool-25-thread-1 :: choose-action > choose-trigger > forecast-board > forecast-combat > block-search > block-assignBlockers > block-makeGoodBlocks > block-getKillingBlockers > destroy-attacker,2696,478901312,427460383
pool-25-thread-1 :: choose-action > choose-trigger > forecast-board > forecast-combat > block-search > block-assignBlockers > block-makeGoodBlocks > block-getKillingBlockers > destroy-attacker > predict-damage,5392,51440929,51440929
pool-25-thread-1 :: choose-action > choose-trigger > forecast-board > forecast-combat > block-search > block-assignBlockers > block-makeGoodBlocks > block-getPossibleBlockers,1725,280405722,4568281
pool-25-thread-1 :: choose-action > choose-trigger > forecast-board > forecast-combat > block-search > block-assignBlockers > block-makeGoodBlocks > block-getPossibleBlockers > block-legality,9708,275837441,16176806
pool-25-thread-1 :: choose-action > choose-trigger > forecast-board > forecast-combat > block-search > block-assignBlockers > block-makeGoodBlocks > block-getPossibleBlockers > block-legality > attacker-blockability,6174,33882292,33882292
pool-25-thread-1 :: choose-action > choose-trigger > forecast-board > forecast-combat > block-search > block-assignBlockers > block-makeGoodBlocks > block-getPossibleBlockers > block-legality > block-legality,15882,95750689,16873976
pool-25-thread-1 :: choose-action > choose-trigger > forecast-board > forecast-combat > block-search > block-assignBlockers > block-makeGoodBlocks > block-getPossibleBlockers > block-legality > block-legality > block-legality,12408,78876713,32095206
pool-25-thread-1 :: choose-action > choose-trigger > forecast-board > forecast-combat > block-search > block-assignBlockers > block-makeGoodBlocks > block-getPossibleBlockers > block-legality > block-legality > block-legality > block-legality,12408,46781507,46781507
pool-25-thread-1 :: choose-action > choose-trigger > forecast-board > forecast-combat > block-search > block-assignBlockers > block-makeGoodBlocks > block-getPossibleBlockers > block-legality > block-requirements,6174,130027654,68877530
pool-25-thread-1 :: choose-action > choose-trigger > forecast-board > forecast-combat > block-search > block-assignBlockers > block-makeGoodBlocks > block-getPossibleBlockers > block-legality > block-requirements > block-cost,45966,61150124,61150124
pool-25-thread-1 :: choose-action > choose-trigger > forecast-board > forecast-combat > block-search > block-assignBlockers > block-makeGoodBlocks > block-getSafeBlockers,1091,689763912,2456095
pool-25-thread-1 :: choose-action > choose-trigger > forecast-board > forecast-combat > block-search > block-assignBlockers > block-makeGoodBlocks > block-getSafeBlockers > destroy-blocker,3667,687307817,614682026
pool-25-thread-1 :: choose-action > choose-trigger > forecast-board > forecast-combat > block-search > block-assignBlockers > block-makeGoodBlocks > block-getSafeBlockers > destroy-blocker > predict-damage,7334,72625791,72625791
pool-25-thread-1 :: choose-action > choose-trigger > forecast-board > forecast-combat > block-search > block-assignBlockers > block-makeGoodBlocks > block-legality,60,521303,27208
pool-25-thread-1 :: choose-action > choose-trigger > forecast-board > forecast-combat > block-search > block-assignBlockers > block-makeGoodBlocks > block-legality > block-legality,60,494095,249525
pool-25-thread-1 :: choose-action > choose-trigger > forecast-board > forecast-combat > block-search > block-assignBlockers > block-makeGoodBlocks > block-legality > block-legality > block-legality,60,244570,244570
pool-25-thread-1 :: choose-action > choose-trigger > forecast-board > forecast-combat > block-search > block-assignBlockers > block-makeGoodBlocks > destroy-blocker,60,11387592,10121463
pool-25-thread-1 :: choose-action > choose-trigger > forecast-board > forecast-combat > block-search > block-assignBlockers > block-makeGoodBlocks > destroy-blocker > predict-damage,120,1266129,1266129
pool-25-thread-1 :: choose-action > choose-trigger > forecast-board > forecast-combat > block-search > block-assignBlockers > block-makeGoodBlocks > evaluate-creature,682,17807041,17807041
pool-25-thread-1 :: choose-action > choose-trigger > forecast-board > forecast-combat > block-search > block-assignBlockers > block-makeRequiredBlocks,164,20116138,1689271
pool-25-thread-1 :: choose-action > choose-trigger > forecast-board > forecast-combat > block-search > block-assignBlockers > block-makeRequiredBlocks > block-requirements,871,18426867,9382796
pool-25-thread-1 :: choose-action > choose-trigger > forecast-board > forecast-combat > block-search > block-assignBlockers > block-makeRequiredBlocks > block-requirements > block-cost,6371,9044071,9044071
pool-25-thread-1 :: choose-action > choose-trigger > forecast-board > forecast-combat > block-search > block-assignBlockers > block-makeTradeBlocks,206,275607677,30719857
pool-25-thread-1 :: choose-action > choose-trigger > forecast-board > forecast-combat > block-search > block-assignBlockers > block-makeTradeBlocks > block-getKillingBlockers,679,174547648,546739
pool-25-thread-1 :: choose-action > choose-trigger > forecast-board > forecast-combat > block-search > block-assignBlockers > block-makeTradeBlocks > block-getKillingBlockers > destroy-attacker,938,174000909,154341300
pool-25-thread-1 :: choose-action > choose-trigger > forecast-board > forecast-combat > block-search > block-assignBlockers > block-makeTradeBlocks > block-getKillingBlockers > destroy-attacker > predict-damage,1876,19659609,19659609
pool-25-thread-1 :: choose-action > choose-trigger > forecast-board > forecast-combat > block-search > block-assignBlockers > block-makeTradeBlocks > block-getPossibleBlockers,679,70340172,1362641
pool-25-thread-1 :: choose-action > choose-trigger > forecast-board > forecast-combat > block-search > block-assignBlockers > block-makeTradeBlocks > block-getPossibleBlockers > block-legality,3469,68977531,4717408
pool-25-thread-1 :: choose-action > choose-trigger > forecast-board > forecast-combat > block-search > block-assignBlockers > block-makeTradeBlocks > block-getPossibleBlockers > block-legality > attacker-blockability,1543,9020024,9020024
pool-25-thread-1 :: choose-action > choose-trigger > forecast-board > forecast-combat > block-search > block-assignBlockers > block-makeTradeBlocks > block-getPossibleBlockers > block-legality > block-legality,5012,25072258,4909626
pool-25-thread-1 :: choose-action > choose-trigger > forecast-board > forecast-combat > block-search > block-assignBlockers > block-makeTradeBlocks > block-getPossibleBlockers > block-legality > block-legality > block-legality,3161,20162632,7443440
pool-25-thread-1 :: choose-action > choose-trigger > forecast-board > forecast-combat > block-search > block-assignBlockers > block-makeTradeBlocks > block-getPossibleBlockers > block-legality > block-legality > block-legality > block-legality,3161,12719192,12719192
pool-25-thread-1 :: choose-action > choose-trigger > forecast-board > forecast-combat > block-search > block-assignBlockers > block-makeTradeBlocks > block-getPossibleBlockers > block-legality > block-requirements,1543,30167841,16139871
pool-25-thread-1 :: choose-action > choose-trigger > forecast-board > forecast-combat > block-search > block-assignBlockers > block-makeTradeBlocks > block-getPossibleBlockers > block-legality > block-requirements > block-cost,10954,14027970,14027970
pool-25-thread-1 :: choose-action > choose-trigger > forecast-board > forecast-combat > block-search > block-assignBlockers > block-reinforceBlockersAgainstTrample,63,1021657,876379
pool-25-thread-1 :: choose-action > choose-trigger > forecast-board > forecast-combat > block-search > block-assignBlockers > block-reinforceBlockersAgainstTrample > block-getPossibleBlockers,30,145278,26114
pool-25-thread-1 :: choose-action > choose-trigger > forecast-board > forecast-combat > block-search > block-assignBlockers > block-reinforceBlockersAgainstTrample > block-getPossibleBlockers > block-legality,45,119164,37585
pool-25-thread-1 :: choose-action > choose-trigger > forecast-board > forecast-combat > block-search > block-assignBlockers > block-reinforceBlockersAgainstTrample > block-getPossibleBlockers > block-legality > block-legality,45,81579,52544
pool-25-thread-1 :: choose-action > choose-trigger > forecast-board > forecast-combat > block-search > block-assignBlockers > block-reinforceBlockersAgainstTrample > block-getPossibleBlockers > block-legality > block-legality > block-legality,15,29035,10868
pool-25-thread-1 :: choose-action > choose-trigger > forecast-board > forecast-combat > block-search > block-assignBlockers > block-reinforceBlockersAgainstTrample > block-getPossibleBlockers > block-legality > block-legality > block-legality > block-legality,15,18167,18167
pool-25-thread-1 :: choose-action > choose-trigger > forecast-board > forecast-combat > block-search > block-assignBlockers > block-reinforceBlockersToKill,185,25317179,7779269
pool-25-thread-1 :: choose-action > choose-trigger > forecast-board > forecast-combat > block-search > block-assignBlockers > block-reinforceBlockersToKill > block-getPossibleBlockers,120,3522018,215365
pool-25-thread-1 :: choose-action > choose-trigger > forecast-board > forecast-combat > block-search > block-assignBlockers > block-reinforceBlockersToKill > block-getPossibleBlockers > block-legality,669,3306653,386214
pool-25-thread-1 :: choose-action > choose-trigger > forecast-board > forecast-combat > block-search > block-assignBlockers > block-reinforceBlockersToKill > block-getPossibleBlockers > block-legality > attacker-blockability,66,342498,342498
pool-25-thread-1 :: choose-action > choose-trigger > forecast-board > forecast-combat > block-search > block-assignBlockers > block-reinforceBlockersToKill > block-getPossibleBlockers > block-legality > block-legality,735,1205892,482571
pool-25-thread-1 :: choose-action > choose-trigger > forecast-board > forecast-combat > block-search > block-assignBlockers > block-reinforceBlockersToKill > block-getPossibleBlockers > block-legality > block-legality > block-legality,147,723321,242332
pool-25-thread-1 :: choose-action > choose-trigger > forecast-board > forecast-combat > block-search > block-assignBlockers > block-reinforceBlockersToKill > block-getPossibleBlockers > block-legality > block-legality > block-legality > block-legality,147,480989,480989
pool-25-thread-1 :: choose-action > choose-trigger > forecast-board > forecast-combat > block-search > block-assignBlockers > block-reinforceBlockersToKill > block-getPossibleBlockers > block-legality > block-requirements,66,1372049,766735
pool-25-thread-1 :: choose-action > choose-trigger > forecast-board > forecast-combat > block-search > block-assignBlockers > block-reinforceBlockersToKill > block-getPossibleBlockers > block-legality > block-requirements > block-cost,540,605314,605314
pool-25-thread-1 :: choose-action > choose-trigger > forecast-board > forecast-combat > block-search > block-assignBlockers > block-reinforceBlockersToKill > block-getSafeBlockers,32,10058961,44882
pool-25-thread-1 :: choose-action > choose-trigger > forecast-board > forecast-combat > block-search > block-assignBlockers > block-reinforceBlockersToKill > block-getSafeBlockers > destroy-blocker,66,10014079,8764676
pool-25-thread-1 :: choose-action > choose-trigger > forecast-board > forecast-combat > block-search > block-assignBlockers > block-reinforceBlockersToKill > block-getSafeBlockers > destroy-blocker > predict-damage,132,1249403,1249403
pool-25-thread-1 :: choose-action > choose-trigger > forecast-board > forecast-combat > block-search > block-assignBlockers > block-reinforceBlockersToKill > block-legality,30,1396271,81928
pool-25-thread-1 :: choose-action > choose-trigger > forecast-board > forecast-combat > block-search > block-assignBlockers > block-reinforceBlockersToKill > block-legality > attacker-blockability,30,180328,180328
pool-25-thread-1 :: choose-action > choose-trigger > forecast-board > forecast-combat > block-search > block-assignBlockers > block-reinforceBlockersToKill > block-legality > block-legality,60,478391,109724
pool-25-thread-1 :: choose-action > choose-trigger > forecast-board > forecast-combat > block-search > block-assignBlockers > block-reinforceBlockersToKill > block-legality > block-legality > block-legality,60,368667,148630
pool-25-thread-1 :: choose-action > choose-trigger > forecast-board > forecast-combat > block-search > block-assignBlockers > block-reinforceBlockersToKill > block-legality > block-legality > block-legality > block-legality,60,220037,220037
pool-25-thread-1 :: choose-action > choose-trigger > forecast-board > forecast-combat > block-search > block-assignBlockers > block-reinforceBlockersToKill > block-legality > block-requirements,30,655624,373295
pool-25-thread-1 :: choose-action > choose-trigger > forecast-board > forecast-combat > block-search > block-assignBlockers > block-reinforceBlockersToKill > block-legality > block-requirements > block-cost,249,282329,282329
pool-25-thread-1 :: choose-action > choose-trigger > forecast-board > forecast-combat > block-search > block-assignBlockers > block-reinforceBlockersToKill > evaluate-creature,34,979033,979033
pool-25-thread-1 :: choose-action > choose-trigger > forecast-board > forecast-combat > block-search > block-assignBlockers > block-reinforceBlockersToKill > predict-damage,154,1581627,1581627
pool-25-thread-1 :: choose-action > choose-trigger > forecast-board > forecast-combat > block-search > block-assignBlockers > block-removeUnpayableBlocks,164,22572623,21820954
pool-25-thread-1 :: choose-action > choose-trigger > forecast-board > forecast-combat > block-search > block-assignBlockers > block-removeUnpayableBlocks > block-cost,563,751669,751669
pool-25-thread-1 :: choose-action > choose-trigger > forecast-board > forecast-combat > block-search > block-assignBlockers > life-danger,270,148789733,127244072
pool-25-thread-1 :: choose-action > choose-trigger > forecast-board > forecast-combat > block-search > block-assignBlockers > life-danger > predict-damage,2315,21545661,21545661
pool-25-thread-1 :: choose-action > choose-trigger > forecast-board > forecast-combat > block-search > block-assignBlockers > predict-damage,185,1391567,1391567
pool-25-thread-1 :: choose-action > choose-trigger > forecast-board > forecast-combat > block-search > block-sortPotentialAttackers,164,164709729,39878846
pool-25-thread-1 :: choose-action > choose-trigger > forecast-board > forecast-combat > block-search > block-sortPotentialAttackers > life-danger,164,121999774,99557139
pool-25-thread-1 :: choose-action > choose-trigger > forecast-board > forecast-combat > block-search > block-sortPotentialAttackers > life-danger > predict-damage,2265,22442635,22442635
pool-25-thread-1 :: choose-action > choose-trigger > forecast-board > forecast-combat > block-search > block-sortPotentialAttackers > predict-damage,114,2831109,2831109
pool-25-thread-1 :: choose-action > choose-trigger > forecast-board > forecast-combat > predict-damage,1818,37018461,37018461
pool-25-thread-1 :: choose-action > choose-trigger > predict-damage,2269,42804667,42804667
pool-25-thread-1 :: choose-action > discover-abilities,2112,18545244038,61446011
pool-25-thread-1 :: choose-action > discover-abilities > card-abilities,115202,18483798027,3269866305
pool-25-thread-1 :: choose-action > discover-abilities > card-abilities > alternate-face-rebuild,22,11110231,59625
pool-25-thread-1 :: choose-action > discover-abilities > card-abilities > alternate-face-rebuild > static-rebuild-hypothetical,22,11050606,2614341
pool-25-thread-1 :: choose-action > discover-abilities > card-abilities > alternate-face-rebuild > static-rebuild-hypothetical > static-apply-before,242,1797821,181202
pool-25-thread-1 :: choose-action > discover-abilities > card-abilities > alternate-face-rebuild > static-rebuild-hypothetical > static-apply-before > static-affected-cards,242,969683,969683
pool-25-thread-1 :: choose-action > discover-abilities > card-abilities > alternate-face-rebuild > static-rebuild-hypothetical > static-apply-before > static-effect-body,242,646936,619975
pool-25-thread-1 :: choose-action > discover-abilities > card-abilities > alternate-face-rebuild > static-rebuild-hypothetical > static-apply-before > static-effect-body > static-affected-players,242,26961,26961
pool-25-thread-1 :: choose-action > discover-abilities > card-abilities > alternate-face-rebuild > static-rebuild-hypothetical > static-clear,22,319354,319354
pool-25-thread-1 :: choose-action > discover-abilities > card-abilities > alternate-face-rebuild > static-rebuild-hypothetical > static-collect,22,1097427,1097427
pool-25-thread-1 :: choose-action > discover-abilities > card-abilities > alternate-face-rebuild > static-rebuild-hypothetical > static-dependencies,198,5221663,208386
pool-25-thread-1 :: choose-action > discover-abilities > card-abilities > alternate-face-rebuild > static-rebuild-hypothetical > static-dependencies > static-affected-cards,198,891376,891376
pool-25-thread-1 :: choose-action > discover-abilities > card-abilities > alternate-face-rebuild > static-rebuild-hypothetical > static-dependencies > static-apply-before,132,3764267,110131
pool-25-thread-1 :: choose-action > discover-abilities > card-abilities > alternate-face-rebuild > static-rebuild-hypothetical > static-dependencies > static-apply-before > static-affected-cards,132,2368044,2368044
pool-25-thread-1 :: choose-action > discover-abilities > card-abilities > alternate-face-rebuild > static-rebuild-hypothetical > static-dependencies > static-apply-before > static-effect-body,132,1286092,1255899
pool-25-thread-1 :: choose-action > discover-abilities > card-abilities > alternate-face-rebuild > static-rebuild-hypothetical > static-dependencies > static-apply-before > static-effect-body > static-affected-players,132,30193,30193
pool-25-thread-1 :: choose-action > discover-abilities > card-abilities > alternate-face-rebuild > static-rebuild-hypothetical > static-dependencies > static-undo,132,357634,357634
pool-25-thread-1 :: choose-action > discover-abilities > card-abilities > alternative-costs,202610,15192624516,2502548594
pool-25-thread-1 :: choose-action > discover-abilities > card-abilities > alternative-costs > alternate-face-rebuild,184,33051562,308742
pool-25-thread-1 :: choose-action > discover-abilities > card-abilities > alternative-costs > alternate-face-rebuild > static-rebuild-hypothetical,184,32742820,10608826
pool-25-thread-1 :: choose-action > discover-abilities > card-abilities > alternative-costs > alternate-face-rebuild > static-rebuild-hypothetical > static-apply-before,1402,6588282,1313731
pool-25-thread-1 :: choose-action > discover-abilities > card-abilities > alternative-costs > alternate-face-rebuild > static-rebuild-hypothetical > static-apply-before > static-affected-cards,1402,2756772,2756772
pool-25-thread-1 :: choose-action > discover-abilities > card-abilities > alternative-costs > alternate-face-rebuild > static-rebuild-hypothetical > static-apply-before > static-effect-body,1402,2517779,2358530
pool-25-thread-1 :: choose-action > discover-abilities > card-abilities > alternative-costs > alternate-face-rebuild > static-rebuild-hypothetical > static-apply-before > static-effect-body > static-affected-players,1402,159249,159249
pool-25-thread-1 :: choose-action > discover-abilities > card-abilities > alternative-costs > alternate-face-rebuild > static-rebuild-hypothetical > static-clear,184,1615375,1615375
pool-25-thread-1 :: choose-action > discover-abilities > card-abilities > alternative-costs > alternate-face-rebuild > static-rebuild-hypothetical > static-collect,184,7141699,7141699
pool-25-thread-1 :: choose-action > discover-abilities > card-abilities > alternative-costs > alternate-face-rebuild > static-rebuild-hypothetical > static-dependencies,1065,6788638,637112
pool-25-thread-1 :: choose-action > discover-abilities > card-abilities > alternative-costs > alternate-face-rebuild > static-rebuild-hypothetical > static-dependencies > static-affected-cards,374,1196345,1196345
pool-25-thread-1 :: choose-action > discover-abilities > card-abilities > alternative-costs > alternate-face-rebuild > static-rebuild-hypothetical > static-dependencies > static-apply-before,220,4535570,263752
pool-25-thread-1 :: choose-action > discover-abilities > card-abilities > alternative-costs > alternate-face-rebuild > static-rebuild-hypothetical > static-dependencies > static-apply-before > static-affected-cards,220,2359304,2359304
pool-25-thread-1 :: choose-action > discover-abilities > card-abilities > alternative-costs > alternate-face-rebuild > static-rebuild-hypothetical > static-dependencies > static-apply-before > static-effect-body,220,1912514,1860386
pool-25-thread-1 :: choose-action > discover-abilities > card-abilities > alternative-costs > alternate-face-rebuild > static-rebuild-hypothetical > static-dependencies > static-apply-before > static-effect-body > static-affected-players,220,52128,52128
pool-25-thread-1 :: choose-action > discover-abilities > card-abilities > alternative-costs > alternate-face-rebuild > static-rebuild-hypothetical > static-dependencies > static-undo,220,419611,419611
pool-25-thread-1 :: choose-action > discover-abilities > card-abilities > alternative-costs > restore-live-state,22591,5280139286,12398168
pool-25-thread-1 :: choose-action > discover-abilities > card-abilities > alternative-costs > restore-live-state > static-rebuild-live,22591,5267741118,1830231925
pool-25-thread-1 :: choose-action > discover-abilities > card-abilities > alternative-costs > restore-live-state > static-rebuild-live > static-apply-before,207768,937561208,155871551
pool-25-thread-1 :: choose-action > discover-abilities > card-abilities > alternative-costs > restore-live-state > static-rebuild-live > static-apply-before > static-affected-cards,207768,411935298,411935298
pool-25-thread-1 :: choose-action > discover-abilities > card-abilities > alternative-costs > restore-live-state > static-rebuild-live > static-apply-before > static-effect-body,207768,369754359,350175162
pool-25-thread-1 :: choose-action > discover-abilities > card-abilities > alternative-costs > restore-live-state > static-rebuild-live > static-apply-before > static-effect-body > static-affected-players,207768,19579197,19579197
pool-25-thread-1 :: choose-action > discover-abilities > card-abilities > alternative-costs > restore-live-state > static-rebuild-live > static-clear,22591,169848769,169848769
pool-25-thread-1 :: choose-action > discover-abilities > card-abilities > alternative-costs > restore-live-state > static-rebuild-live > static-collect,22591,923618679,923618679
pool-25-thread-1 :: choose-action > discover-abilities > card-abilities > alternative-costs > restore-live-state > static-rebuild-live > static-dependencies,162617,1406480537,105494704
pool-25-thread-1 :: choose-action > discover-abilities > card-abilities > alternative-costs > restore-live-state > static-rebuild-live > static-dependencies > static-affected-cards,85466,237382155,237382155
pool-25-thread-1 :: choose-action > discover-abilities > card-abilities > alternative-costs > restore-live-state > static-rebuild-live > static-dependencies > static-apply-before,51460,960123642,41531909
pool-25-thread-1 :: choose-action > discover-abilities > card-abilities > alternative-costs > restore-live-state > static-rebuild-live > static-dependencies > static-apply-before > static-affected-cards,51460,557296671,557296671
pool-25-thread-1 :: choose-action > discover-abilities > card-abilities > alternative-costs > restore-live-state > static-rebuild-live > static-dependencies > static-apply-before > static-effect-body,51460,361295062,351779810
pool-25-thread-1 :: choose-action > discover-abilities > card-abilities > alternative-costs > restore-live-state > static-rebuild-live > static-dependencies > static-apply-before > static-effect-body > static-affected-players,51460,9515252,9515252
pool-25-thread-1 :: choose-action > discover-abilities > card-abilities > alternative-costs > restore-live-state > static-rebuild-live > static-dependencies > static-undo,51460,103480036,103480036
pool-25-thread-1 :: choose-action > discover-abilities > card-abilities > alternative-costs > stack-eligibility,34156,1378127312,1378127312
pool-25-thread-1 :: choose-action > discover-abilities > card-abilities > alternative-costs > stack-keyword-rebuild,22517,5998757762,16619655
pool-25-thread-1 :: choose-action > discover-abilities > card-abilities > alternative-costs > stack-keyword-rebuild > static-rebuild-hypothetical,22517,5982138107,1863992376
pool-25-thread-1 :: choose-action > discover-abilities > card-abilities > alternative-costs > stack-keyword-rebuild > static-rebuild-hypothetical > static-apply-before,207312,1137842509,169602907
pool-25-thread-1 :: choose-action > discover-abilities > card-abilities > alternative-costs > stack-keyword-rebuild > static-rebuild-hypothetical > static-apply-before > static-affected-cards,207312,518569642,518569642
pool-25-thread-1 :: choose-action > discover-abilities > card-abilities > alternative-costs > stack-keyword-rebuild > static-rebuild-hypothetical > static-apply-before > static-effect-body,207312,449669960,427882385
pool-25-thread-1 :: choose-action > discover-abilities > card-abilities > alternative-costs > stack-keyword-rebuild > static-rebuild-hypothetical > static-apply-before > static-effect-body > static-affected-players,207312,21787575,21787575
pool-25-thread-1 :: choose-action > discover-abilities > card-abilities > alternative-costs > stack-keyword-rebuild > static-rebuild-hypothetical > static-clear,22517,239297195,239297195
pool-25-thread-1 :: choose-action > discover-abilities > card-abilities > alternative-costs > stack-keyword-rebuild > static-rebuild-hypothetical > static-collect,22517,1020330659,1020330659
pool-25-thread-1 :: choose-action > discover-abilities > card-abilities > alternative-costs > stack-keyword-rebuild > static-rebuild-hypothetical > static-dependencies,162278,1720675368,115090922
pool-25-thread-1 :: choose-action > discover-abilities > card-abilities > alternative-costs > stack-keyword-rebuild > static-rebuild-hypothetical > static-dependencies > static-affected-cards,85466,309512519,309512519
pool-25-thread-1 :: choose-action > discover-abilities > card-abilities > alternative-costs > stack-keyword-rebuild > static-rebuild-hypothetical > static-dependencies > static-apply-before,51460,1179559389,43515969
pool-25-thread-1 :: choose-action > discover-abilities > card-abilities > alternative-costs > stack-keyword-rebuild > static-rebuild-hypothetical > static-dependencies > static-apply-before > static-affected-cards,51460,678634651,678634651
pool-25-thread-1 :: choose-action > discover-abilities > card-abilities > alternative-costs > stack-keyword-rebuild > static-rebuild-hypothetical > static-dependencies > static-apply-before > static-effect-body,51460,457408769,445258079
pool-25-thread-1 :: choose-action > discover-abilities > card-abilities > alternative-costs > stack-keyword-rebuild > static-rebuild-hypothetical > static-dependencies > static-apply-before > static-effect-body > static-affected-players,51460,12150690,12150690
pool-25-thread-1 :: choose-action > discover-abilities > card-abilities > alternative-costs > stack-keyword-rebuild > static-rebuild-hypothetical > static-dependencies > static-undo,51460,116512538,116512538
pool-25-thread-1 :: choose-action > discover-abilities > card-abilities > restore-live-state,22,10196975,22910
pool-25-thread-1 :: choose-action > discover-abilities > card-abilities > restore-live-state > static-rebuild-live,22,10174065,2459971
pool-25-thread-1 :: choose-action > discover-abilities > card-abilities > restore-live-state > static-rebuild-live > static-apply-before,242,1701314,179324
pool-25-thread-1 :: choose-action > discover-abilities > card-abilities > restore-live-state > static-rebuild-live > static-apply-before > static-affected-cards,242,907240,907240
pool-25-thread-1 :: choose-action > discover-abilities > card-abilities > restore-live-state > static-rebuild-live > static-apply-before > static-effect-body,242,614750,588764
pool-25-thread-1 :: choose-action > discover-abilities > card-abilities > restore-live-state > static-rebuild-live > static-apply-before > static-effect-body > static-affected-players,242,25986,25986
pool-25-thread-1 :: choose-action > discover-abilities > card-abilities > restore-live-state > static-rebuild-live > static-clear,22,283659,283659
pool-25-thread-1 :: choose-action > discover-abilities > card-abilities > restore-live-state > static-rebuild-live > static-collect,22,1035086,1035086
pool-25-thread-1 :: choose-action > discover-abilities > card-abilities > restore-live-state > static-rebuild-live > static-dependencies,198,4694035,195241
pool-25-thread-1 :: choose-action > discover-abilities > card-abilities > restore-live-state > static-rebuild-live > static-dependencies > static-affected-cards,198,790471,790471
pool-25-thread-1 :: choose-action > discover-abilities > card-abilities > restore-live-state > static-rebuild-live > static-dependencies > static-apply-before,132,3329425,96083
pool-25-thread-1 :: choose-action > discover-abilities > card-abilities > restore-live-state > static-rebuild-live > static-dependencies > static-apply-before > static-affected-cards,132,1979651,1979651
pool-25-thread-1 :: choose-action > discover-abilities > card-abilities > restore-live-state > static-rebuild-live > static-dependencies > static-apply-before > static-effect-body,132,1253691,1227560
pool-25-thread-1 :: choose-action > discover-abilities > card-abilities > restore-live-state > static-rebuild-live > static-dependencies > static-apply-before > static-effect-body > static-affected-players,132,26131,26131
pool-25-thread-1 :: choose-action > discover-abilities > card-abilities > restore-live-state > static-rebuild-live > static-dependencies > static-undo,132,378898,378898
pool-25-thread-1 :: choose-action > evaluate-creature,496,72999695,72999695
pool-25-thread-1 :: choose-action > static-rebuild-hypothetical,53,20058047,7178526
pool-25-thread-1 :: choose-action > static-rebuild-hypothetical > static-apply-before,358,5705178,497090
pool-25-thread-1 :: choose-action > static-rebuild-hypothetical > static-apply-before > static-affected-cards,358,3212255,3212255
pool-25-thread-1 :: choose-action > static-rebuild-hypothetical > static-apply-before > static-effect-body,358,1995833,1879149
pool-25-thread-1 :: choose-action > static-rebuild-hypothetical > static-apply-before > static-effect-body > static-affected-players,358,116684,116684
pool-25-thread-1 :: choose-action > static-rebuild-hypothetical > static-clear,53,1481917,1481917
pool-25-thread-1 :: choose-action > static-rebuild-hypothetical > static-collect,53,5319436,5319436
pool-25-thread-1 :: choose-action > static-rebuild-hypothetical > static-dependencies,252,372990,70407
pool-25-thread-1 :: choose-action > static-rebuild-hypothetical > static-dependencies > static-affected-cards,25,63375,63375
pool-25-thread-1 :: choose-action > static-rebuild-hypothetical > static-dependencies > static-apply-before,14,220790,18448
pool-25-thread-1 :: choose-action > static-rebuild-hypothetical > static-dependencies > static-apply-before > static-affected-cards,14,127619,127619
pool-25-thread-1 :: choose-action > static-rebuild-hypothetical > static-dependencies > static-apply-before > static-effect-body,14,74723,71325
pool-25-thread-1 :: choose-action > static-rebuild-hypothetical > static-dependencies > static-apply-before > static-effect-body > static-affected-players,14,3398,3398
pool-25-thread-1 :: choose-action > static-rebuild-hypothetical > static-dependencies > static-undo,14,18418,18418
pool-25-thread-1 :: choose-action > static-rebuild-live,53,19912760,7602637
pool-25-thread-1 :: choose-action > static-rebuild-live > static-apply-before,358,5508585,458437
pool-25-thread-1 :: choose-action > static-rebuild-live > static-apply-before > static-affected-cards,358,2807841,2807841
pool-25-thread-1 :: choose-action > static-rebuild-live > static-apply-before > static-effect-body,358,2242307,2127010
pool-25-thread-1 :: choose-action > static-rebuild-live > static-apply-before > static-effect-body > static-affected-players,358,115297,115297
pool-25-thread-1 :: choose-action > static-rebuild-live > static-clear,53,1844989,1844989
pool-25-thread-1 :: choose-action > static-rebuild-live > static-collect,53,4594971,4594971
pool-25-thread-1 :: choose-action > static-rebuild-live > static-dependencies,252,361578,98428
pool-25-thread-1 :: choose-action > static-rebuild-live > static-dependencies > static-affected-cards,25,57966,57966
pool-25-thread-1 :: choose-action > static-rebuild-live > static-dependencies > static-apply-before,14,187039,14474
pool-25-thread-1 :: choose-action > static-rebuild-live > static-dependencies > static-apply-before > static-affected-cards,14,102202,102202
pool-25-thread-1 :: choose-action > static-rebuild-live > static-dependencies > static-apply-before > static-effect-body,14,70363,67459
pool-25-thread-1 :: choose-action > static-rebuild-live > static-dependencies > static-apply-before > static-effect-body > static-affected-players,14,2904,2904
pool-25-thread-1 :: choose-action > static-rebuild-live > static-dependencies > static-undo,14,18145,18145
pool-25-thread-1 :: choose-attack,36,6239646020,74775275
pool-25-thread-1 :: choose-attack > attack-search,36,4944083754,235458584
pool-25-thread-1 :: choose-attack > attack-search > attacker-blockability,152,4044266,459590
pool-25-thread-1 :: choose-attack > attack-search > attacker-blockability > block-legality,498,3584676,120029
pool-25-thread-1 :: choose-attack > attack-search > attacker-blockability > block-legality > block-legality,498,3464647,1720342
pool-25-thread-1 :: choose-attack > attack-search > attacker-blockability > block-legality > block-legality > block-legality,498,1744305,1744305
pool-25-thread-1 :: choose-attack > attack-search > block-assignBlockers,130,418138250,18730998
pool-25-thread-1 :: choose-attack > attack-search > block-assignBlockers > attacker-blockability,130,657164,657164
pool-25-thread-1 :: choose-attack > attack-search > block-assignBlockers > block-legality,925,4709404,1532687
pool-25-thread-1 :: choose-attack > attack-search > block-assignBlockers > block-legality > block-legality,925,3176717,235286
pool-25-thread-1 :: choose-attack > attack-search > block-assignBlockers > block-legality > block-legality > block-legality,925,2941431,2941431
pool-25-thread-1 :: choose-attack > attack-search > block-assignBlockers > block-makeChumpBlocksToSavePW,130,18429388,2313020
pool-25-thread-1 :: choose-attack > attack-search > block-assignBlockers > block-makeChumpBlocksToSavePW > evaluate-creature,733,16116368,16116368
pool-25-thread-1 :: choose-attack > attack-search > block-assignBlockers > block-makeGangBlocks,130,137217485,83995125
pool-25-thread-1 :: choose-attack > attack-search > block-assignBlockers > block-makeGangBlocks > block-getPossibleBlockers,164,19234582,399207
pool-25-thread-1 :: choose-attack > attack-search > block-assignBlockers > block-makeGangBlocks > block-getPossibleBlockers > block-legality,834,18835375,1990750
pool-25-thread-1 :: choose-attack > attack-search > block-assignBlockers > block-makeGangBlocks > block-getPossibleBlockers > block-legality > attacker-blockability,834,4155589,4155589
pool-25-thread-1 :: choose-attack > attack-search > block-assignBlockers > block-makeGangBlocks > block-getPossibleBlockers > block-legality > block-legality,1668,10133212,1693826
pool-25-thread-1 :: choose-attack > attack-search > block-assignBlockers > block-makeGangBlocks > block-getPossibleBlockers > block-legality > block-legality > block-legality,1668,8439386,3001999
pool-25-thread-1 :: choose-attack > attack-search > block-assignBlockers > block-makeGangBlocks > block-getPossibleBlockers > block-legality > block-legality > block-legality > block-legality,1668,5437387,5437387
pool-25-thread-1 :: choose-attack > attack-search > block-assignBlockers > block-makeGangBlocks > block-getPossibleBlockers > block-legality > block-requirements,834,2555824,1419264
pool-25-thread-1 :: choose-attack > attack-search > block-assignBlockers > block-makeGangBlocks > block-getPossibleBlockers > block-legality > block-requirements > block-cost,834,1136560,1136560
pool-25-thread-1 :: choose-attack > attack-search > block-assignBlockers > block-makeGangBlocks > block-legality,16,451111,57342
pool-25-thread-1 :: choose-attack > attack-search > block-assignBlockers > block-makeGangBlocks > block-legality > attacker-blockability,16,95662,95662
pool-25-thread-1 :: choose-attack > attack-search > block-assignBlockers > block-makeGangBlocks > block-legality > block-legality,32,237836,42591
pool-25-thread-1 :: choose-attack > attack-search > block-assignBlockers > block-makeGangBlocks > block-legality > block-legality > block-legality,32,195245,54597
pool-25-thread-1 :: choose-attack > attack-search > block-assignBlockers > block-makeGangBlocks > block-legality > block-legality > block-legality > block-legality,32,140648,140648
pool-25-thread-1 :: choose-attack > attack-search > block-assignBlockers > block-makeGangBlocks > block-legality > block-requirements,16,60271,39861
pool-25-thread-1 :: choose-attack > attack-search > block-assignBlockers > block-makeGangBlocks > block-legality > block-requirements > block-cost,16,20410,20410
pool-25-thread-1 :: choose-attack > attack-search > block-assignBlockers > block-makeGangBlocks > evaluate-creature,1049,21471935,21471935
pool-25-thread-1 :: choose-attack > attack-search > block-assignBlockers > block-makeGangBlocks > predict-damage,1367,12064732,12064732
pool-25-thread-1 :: choose-attack > attack-search > block-assignBlockers > block-makeGangNonLethalBlocks,130,46844829,3767139
pool-25-thread-1 :: choose-attack > attack-search > block-assignBlockers > block-makeGangNonLethalBlocks > block-getPossibleBlockers,41,4588688,104608
pool-25-thread-1 :: choose-attack > attack-search > block-assignBlockers > block-makeGangNonLethalBlocks > block-getPossibleBlockers > block-legality,204,4484080,504253
pool-25-thread-1 :: choose-attack > attack-search > block-assignBlockers > block-makeGangNonLethalBlocks > block-getPossibleBlockers > block-legality > attacker-blockability,204,901943,901943
pool-25-thread-1 :: choose-attack > attack-search > block-assignBlockers > block-makeGangNonLethalBlocks > block-getPossibleBlockers > block-legality > block-legality,408,2495996,414130
pool-25-thread-1 :: choose-attack > attack-search > block-assignBlockers > block-makeGangNonLethalBlocks > block-getPossibleBlockers > block-legality > block-legality > block-legality,408,2081866,763257
pool-25-thread-1 :: choose-attack > attack-search > block-assignBlockers > block-makeGangNonLethalBlocks > block-getPossibleBlockers > block-legality > block-legality > block-legality > block-legality,408,1318609,1318609
pool-25-thread-1 :: choose-attack > attack-search > block-assignBlockers > block-makeGangNonLethalBlocks > block-getPossibleBlockers > block-legality > block-requirements,204,581888,334582
pool-25-thread-1 :: choose-attack > attack-search > block-assignBlockers > block-makeGangNonLethalBlocks > block-getPossibleBlockers > block-legality > block-requirements > block-cost,204,247306,247306
pool-25-thread-1 :: choose-attack > attack-search > block-assignBlockers > block-makeGangNonLethalBlocks > block-getSafeBlockers,41,37464677,127930
pool-25-thread-1 :: choose-attack > attack-search > block-assignBlockers > block-makeGangNonLethalBlocks > block-getSafeBlockers > destroy-blocker,204,37336747,33403337
pool-25-thread-1 :: choose-attack > attack-search > block-assignBlockers > block-makeGangNonLethalBlocks > block-getSafeBlockers > destroy-blocker > predict-damage,408,3933410,3933410
pool-25-thread-1 :: choose-attack > attack-search > block-assignBlockers > block-makeGangNonLethalBlocks > block-legality,21,618794,82451
pool-25-thread-1 :: choose-attack > attack-search > block-assignBlockers > block-makeGangNonLethalBlocks > block-legality > attacker-blockability,21,131646,131646
pool-25-thread-1 :: choose-attack > attack-search > block-assignBlockers > block-makeGangNonLethalBlocks > block-legality > block-legality,42,298711,60590
pool-25-thread-1 :: choose-attack > attack-search > block-assignBlockers > block-makeGangNonLethalBlocks > block-legality > block-legality > block-legality,42,238121,81045
pool-25-thread-1 :: choose-attack > attack-search > block-assignBlockers > block-makeGangNonLethalBlocks > block-legality > block-legality > block-legality > block-legality,42,157076,157076
pool-25-thread-1 :: choose-attack > attack-search > block-assignBlockers > block-makeGangNonLethalBlocks > block-legality > block-requirements,21,105986,49060
pool-25-thread-1 :: choose-attack > attack-search > block-assignBlockers > block-makeGangNonLethalBlocks > block-legality > block-requirements > block-cost,21,56926,56926
pool-25-thread-1 :: choose-attack > attack-search > block-assignBlockers > block-makeGangNonLethalBlocks > predict-damage,46,405531,405531
pool-25-thread-1 :: choose-attack > attack-search > block-assignBlockers > block-makeGoodBlocks,130,129690111,3288889
pool-25-thread-1 :: choose-attack > attack-search > block-assignBlockers > block-makeGoodBlocks > block-getKillingBlockers,84,37570040,142890
pool-25-thread-1 :: choose-attack > attack-search > block-assignBlockers > block-makeGoodBlocks > block-getKillingBlockers > destroy-attacker,226,37427150,33645455
pool-25-thread-1 :: choose-attack > attack-search > block-assignBlockers > block-makeGoodBlocks > block-getKillingBlockers > destroy-attacker > predict-damage,452,3781695,3781695
pool-25-thread-1 :: choose-attack > attack-search > block-assignBlockers > block-makeGoodBlocks > block-getPossibleBlockers,120,15744974,390421
pool-25-thread-1 :: choose-attack > attack-search > block-assignBlockers > block-makeGoodBlocks > block-getPossibleBlockers > block-legality,670,15354553,1623719
pool-25-thread-1 :: choose-attack > attack-search > block-assignBlockers > block-makeGoodBlocks > block-getPossibleBlockers > block-legality > attacker-blockability,670,3267674,3267674
pool-25-thread-1 :: choose-attack > attack-search > block-assignBlockers > block-makeGoodBlocks > block-getPossibleBlockers > block-legality > block-legality,1340,8514025,1293224
pool-25-thread-1 :: choose-attack > attack-search > block-assignBlockers > block-makeGoodBlocks > block-getPossibleBlockers > block-legality > block-legality > block-legality,1340,7220801,2516509
pool-25-thread-1 :: choose-attack > attack-search > block-assignBlockers > block-makeGoodBlocks > block-getPossibleBlockers > block-legality > block-legality > block-legality > block-legality,1340,4704292,4704292
pool-25-thread-1 :: choose-attack > attack-search > block-assignBlockers > block-makeGoodBlocks > block-getPossibleBlockers > block-legality > block-requirements,670,1949135,1130926
pool-25-thread-1 :: choose-attack > attack-search > block-assignBlockers > block-makeGoodBlocks > block-getPossibleBlockers > block-legality > block-requirements > block-cost,670,818209,818209
pool-25-thread-1 :: choose-attack > attack-search > block-assignBlockers > block-makeGoodBlocks > block-getSafeBlockers,84,72603744,245844
pool-25-thread-1 :: choose-attack > attack-search > block-assignBlockers > block-makeGoodBlocks > block-getSafeBlockers > destroy-blocker,440,72357900,64267653
pool-25-thread-1 :: choose-attack > attack-search > block-assignBlockers > block-makeGoodBlocks > block-getSafeBlockers > destroy-blocker > predict-damage,880,8090247,8090247
pool-25-thread-1 :: choose-attack > attack-search > block-assignBlockers > block-makeGoodBlocks > evaluate-creature,22,482464,482464
pool-25-thread-1 :: choose-attack > attack-search > block-assignBlockers > block-makeRequiredBlocks,130,3906378,1242404
pool-25-thread-1 :: choose-attack > attack-search > block-assignBlockers > block-makeRequiredBlocks > block-requirements,733,2663974,1501994
pool-25-thread-1 :: choose-attack > attack-search > block-assignBlockers > block-makeRequiredBlocks > block-requirements > block-cost,733,1161980,1161980
pool-25-thread-1 :: choose-attack > attack-search > block-assignBlockers > block-makeTradeBlocks,130,21055327,1589195
pool-25-thread-1 :: choose-attack > attack-search > block-assignBlockers > block-makeTradeBlocks > block-getKillingBlockers,33,15766689,51615
pool-25-thread-1 :: choose-attack > attack-search > block-assignBlockers > block-makeTradeBlocks > block-getKillingBlockers > destroy-attacker,101,15715074,14000442
pool-25-thread-1 :: choose-attack > attack-search > block-assignBlockers > block-makeTradeBlocks > block-getKillingBlockers > destroy-attacker > predict-damage,202,1714632,1714632
pool-25-thread-1 :: choose-attack > attack-search > block-assignBlockers > block-makeTradeBlocks > block-getPossibleBlockers,33,3699443,83606
pool-25-thread-1 :: choose-attack > attack-search > block-assignBlockers > block-makeTradeBlocks > block-getPossibleBlockers > block-legality,154,3615837,364921
pool-25-thread-1 :: choose-attack > attack-search > block-assignBlockers > block-makeTradeBlocks > block-getPossibleBlockers > block-legality > attacker-blockability,154,753391,753391
pool-25-thread-1 :: choose-attack > attack-search > block-assignBlockers > block-makeTradeBlocks > block-getPossibleBlockers > block-legality > block-legality,308,2044159,403287
pool-25-thread-1 :: choose-attack > attack-search > block-assignBlockers > block-makeTradeBlocks > block-getPossibleBlockers > block-legality > block-legality > block-legality,308,1640872,599222
pool-25-thread-1 :: choose-attack > attack-search > block-assignBlockers > block-makeTradeBlocks > block-getPossibleBlockers > block-legality > block-legality > block-legality > block-legality,308,1041650,1041650
pool-25-thread-1 :: choose-attack > attack-search > block-assignBlockers > block-makeTradeBlocks > block-getPossibleBlockers > block-legality > block-requirements,154,453366,270735
pool-25-thread-1 :: choose-attack > attack-search > block-assignBlockers > block-makeTradeBlocks > block-getPossibleBlockers > block-legality > block-requirements > block-cost,154,182631,182631
pool-25-thread-1 :: choose-attack > attack-search > block-assignBlockers > block-reinforceBlockersToKill,130,9393131,2114206
pool-25-thread-1 :: choose-attack > attack-search > block-assignBlockers > block-reinforceBlockersToKill > block-getPossibleBlockers,4,719128,19518
pool-25-thread-1 :: choose-attack > attack-search > block-assignBlockers > block-reinforceBlockersToKill > block-getPossibleBlockers > block-legality,35,699610,60925
pool-25-thread-1 :: choose-attack > attack-search > block-assignBlockers > block-reinforceBlockersToKill > block-getPossibleBlockers > block-legality > attacker-blockability,31,148099,148099
pool-25-thread-1 :: choose-attack > attack-search > block-assignBlockers > block-reinforceBlockersToKill > block-getPossibleBlockers > block-legality > block-legality,66,409417,69040
pool-25-thread-1 :: choose-attack > attack-search > block-assignBlockers > block-reinforceBlockersToKill > block-getPossibleBlockers > block-legality > block-legality > block-legality,62,340377,129573
pool-25-thread-1 :: choose-attack > attack-search > block-assignBlockers > block-reinforceBlockersToKill > block-getPossibleBlockers > block-legality > block-legality > block-legality > block-legality,62,210804,210804
pool-25-thread-1 :: choose-attack > attack-search > block-assignBlockers > block-reinforceBlockersToKill > block-getPossibleBlockers > block-legality > block-requirements,31,81169,44021
pool-25-thread-1 :: choose-attack > attack-search > block-assignBlockers > block-reinforceBlockersToKill > block-getPossibleBlockers > block-legality > block-requirements > block-cost,31,37148,37148
pool-25-thread-1 :: choose-attack > attack-search > block-assignBlockers > block-reinforceBlockersToKill > block-getSafeBlockers,4,5750887,13903
pool-25-thread-1 :: choose-attack > attack-search > block-assignBlockers > block-reinforceBlockersToKill > block-getSafeBlockers > destroy-blocker,31,5736984,5103557
pool-25-thread-1 :: choose-attack > attack-search > block-assignBlockers > block-reinforceBlockersToKill > block-getSafeBlockers > destroy-blocker > predict-damage,62,633427,633427
pool-25-thread-1 :: choose-attack > attack-search > block-assignBlockers > block-reinforceBlockersToKill > block-legality,1,31236,4025
pool-25-thread-1 :: choose-attack > attack-search > block-assignBlockers > block-reinforceBlockersToKill > block-legality > attacker-blockability,1,5489,5489
pool-25-thread-1 :: choose-attack > attack-search > block-assignBlockers > block-reinforceBlockersToKill > block-legality > block-legality,2,17636,2264
pool-25-thread-1 :: choose-attack > attack-search > block-assignBlockers > block-reinforceBlockersToKill > block-legality > block-legality > block-legality,2,15372,3805
pool-25-thread-1 :: choose-attack > attack-search > block-assignBlockers > block-reinforceBlockersToKill > block-legality > block-legality > block-legality > block-legality,2,11567,11567
pool-25-thread-1 :: choose-attack > attack-search > block-assignBlockers > block-reinforceBlockersToKill > block-legality > block-requirements,1,4086,2914
pool-25-thread-1 :: choose-attack > attack-search > block-assignBlockers > block-reinforceBlockersToKill > block-legality > block-requirements > block-cost,1,1172,1172
pool-25-thread-1 :: choose-attack > attack-search > block-assignBlockers > block-reinforceBlockersToKill > evaluate-creature,14,281105,281105
pool-25-thread-1 :: choose-attack > attack-search > block-assignBlockers > block-reinforceBlockersToKill > predict-damage,68,496569,496569
pool-25-thread-1 :: choose-attack > attack-search > block-assignBlockers > block-removeUnpayableBlocks,130,11157653,11062132
pool-25-thread-1 :: choose-attack > attack-search > block-assignBlockers > block-removeUnpayableBlocks > block-cost,65,95521,95521
pool-25-thread-1 :: choose-attack > attack-search > block-assignBlockers > life-danger,130,16346382,16346382
pool-25-thread-1 :: choose-attack > attack-search > block-legality,2178,16238136,3426945
pool-25-thread-1 :: choose-attack > attack-search > block-legality > block-legality,2178,12811191,7964385
pool-25-thread-1 :: choose-attack > attack-search > block-legality > block-legality > block-legality,1326,4846806,4846806
pool-25-thread-1 :: choose-attack > attack-search > destroy-attacker,633,109407840,97386039
pool-25-thread-1 :: choose-attack > attack-search > destroy-attacker > predict-damage,1266,12021801,12021801
pool-25-thread-1 :: choose-attack > attack-search > destroy-blocker,441,74165522,66574106
pool-25-thread-1 :: choose-attack > attack-search > destroy-blocker > predict-damage,882,7591416,7591416
pool-25-thread-1 :: choose-attack > attack-search > evaluate-creature,504,11366851,11366851
pool-25-thread-1 :: choose-attack > attack-search > forecast-combat,120,4069745018,355275015
pool-25-thread-1 :: choose-attack > attack-search > forecast-combat > block-search,325,3684868607,1907579
pool-25-thread-1 :: choose-attack > attack-search > forecast-combat > block-search > block-assignBlockers,325,3420579724,38831843
pool-25-thread-1 :: choose-attack > attack-search > forecast-combat > block-search > block-assignBlockers > attacker-blockability,1886,6515856,6515856
pool-25-thread-1 :: choose-attack > attack-search > forecast-combat > block-search > block-assignBlockers > block-legality,984,6223722,1934375
pool-25-thread-1 :: choose-attack > attack-search > forecast-combat > block-search > block-assignBlockers > block-legality > block-legality,984,4289347,377612
pool-25-thread-1 :: choose-attack > attack-search > forecast-combat > block-search > block-assignBlockers > block-legality > block-legality > block-legality,984,3911735,3911735
pool-25-thread-1 :: choose-attack > attack-search > forecast-combat > block-search > block-assignBlockers > block-makeChumpBlocks,76,139405412,208399
pool-25-thread-1 :: choose-attack > attack-search > forecast-combat > block-search > block-assignBlockers > block-makeChumpBlocks > block-makeChumpBlocks,76,129714114,88950
pool-25-thread-1 :: choose-attack > attack-search > forecast-combat > block-search > block-assignBlockers > block-makeChumpBlocks > block-makeChumpBlocks > block-makeChumpBlocks,76,129625164,4353781
pool-25-thread-1 :: choose-attack > attack-search > forecast-combat > block-search > block-assignBlockers > block-makeChumpBlocks > block-makeChumpBlocks > block-makeChumpBlocks > block-getPossibleBlockers,62,5143477,128727
pool-25-thread-1 :: choose-attack > attack-search > forecast-combat > block-search > block-assignBlockers > block-makeChumpBlocks > block-makeChumpBlocks > block-makeChumpBlocks > block-getPossibleBlockers > block-legality,200,5014750,331306
pool-25-thread-1 :: choose-attack > attack-search > forecast-combat > block-search > block-assignBlockers > block-makeChumpBlocks > block-makeChumpBlocks > block-makeChumpBlocks > block-getPossibleBlockers > block-legality > attacker-blockability,100,674669,674669
pool-25-thread-1 :: choose-attack > attack-search > forecast-combat > block-search > block-assignBlockers > block-makeChumpBlocks > block-makeChumpBlocks > block-makeChumpBlocks > block-getPossibleBlockers > block-legality > block-legality,300,1802301,361823
pool-25-thread-1 :: choose-attack > attack-search > forecast-combat > block-search > block-assignBlockers > block-makeChumpBlocks > block-makeChumpBlocks > block-makeChumpBlocks > block-getPossibleBlockers > block-legality > block-legality > block-legality,200,1440478,480572
pool-25-thread-1 :: choose-attack > attack-search > forecast-combat > block-search > block-assignBlockers > block-makeChumpBlocks > block-makeChumpBlocks > block-makeChumpBlocks > block-getPossibleBlockers > block-legality > block-legality > block-legality > block-legality,200,959906,959906
pool-25-thread-1 :: choose-attack > attack-search > forecast-combat > block-search > block-assignBlockers > block-makeChumpBlocks > block-makeChumpBlocks > block-makeChumpBlocks > block-getPossibleBlockers > block-legality > block-requirements,100,2206474,1194762
pool-25-thread-1 :: choose-attack > attack-search > forecast-combat > block-search > block-assignBlockers > block-makeChumpBlocks > block-makeChumpBlocks > block-makeChumpBlocks > block-getPossibleBlockers > block-legality > block-requirements > block-cost,694,1011712,1011712
pool-25-thread-1 :: choose-attack > attack-search > forecast-combat > block-search > block-assignBlockers > block-makeChumpBlocks > block-makeChumpBlocks > block-makeChumpBlocks > block-makeChumpBlocks,75,63522654,993115
pool-25-thread-1 :: choose-attack > attack-search > forecast-combat > block-search > block-assignBlockers > block-makeChumpBlocks > block-makeChumpBlocks > block-makeChumpBlocks > block-makeChumpBlocks > block-getPossibleBlockers,26,1139512,41167
pool-25-thread-1 :: choose-attack > attack-search > forecast-combat > block-search > block-assignBlockers > block-makeChumpBlocks > block-makeChumpBlocks > block-makeChumpBlocks > block-makeChumpBlocks > block-getPossibleBlockers > block-legality,68,1098345,82827
pool-25-thread-1 :: choose-attack > attack-search > forecast-combat > block-search > block-assignBlockers > block-makeChumpBlocks > block-makeChumpBlocks > block-makeChumpBlocks > block-makeChumpBlocks > block-getPossibleBlockers > block-legality > attacker-blockability,21,182249,182249
pool-25-thread-1 :: choose-attack > attack-search > forecast-combat > block-search > block-assignBlockers > block-makeChumpBlocks > block-makeChumpBlocks > block-makeChumpBlocks > block-makeChumpBlocks > block-getPossibleBlockers > block-legality > block-legality,89,334207,94891
pool-25-thread-1 :: choose-attack > attack-search > forecast-combat > block-search > block-assignBlockers > block-makeChumpBlocks > block-makeChumpBlocks > block-makeChumpBlocks > block-makeChumpBlocks > block-getPossibleBlockers > block-legality > block-legality > block-legality,42,239316,95620
pool-25-thread-1 :: choose-attack > attack-search > forecast-combat > block-search > block-assignBlockers > block-makeChumpBlocks > block-makeChumpBlocks > block-makeChumpBlocks > block-makeChumpBlocks > block-getPossibleBlockers > block-legality > block-legality > block-legality > block-legality,42,143696,143696
pool-25-thread-1 :: choose-attack > attack-search > forecast-combat > block-search > block-assignBlockers > block-makeChumpBlocks > block-makeChumpBlocks > block-makeChumpBlocks > block-makeChumpBlocks > block-getPossibleBlockers > block-legality > block-requirements,21,499062,273590
pool-25-thread-1 :: choose-attack > attack-search > forecast-combat > block-search > block-assignBlockers > block-makeChumpBlocks > block-makeChumpBlocks > block-makeChumpBlocks > block-makeChumpBlocks > block-getPossibleBlockers > block-legality > block-requirements > block-cost,174,225472,225472
pool-25-thread-1 :: choose-attack > attack-search > forecast-combat > block-search > block-assignBlockers > block-makeChumpBlocks > block-makeChumpBlocks > block-makeChumpBlocks > block-makeChumpBlocks > block-makeChumpBlocks,57,30765692,1085488
pool-25-thread-1 :: choose-attack > attack-search > forecast-combat > block-search > block-assignBlockers > block-makeChumpBlocks > block-makeChumpBlocks > block-makeChumpBlocks > block-makeChumpBlocks > block-makeChumpBlocks > block-getPossibleBlockers,34,1366747,52256
pool-25-thread-1 :: choose-attack > attack-search > forecast-combat > block-search > block-assignBlockers > block-makeChumpBlocks > block-makeChumpBlocks > block-makeChumpBlocks > block-makeChumpBlocks > block-makeChumpBlocks > block-getPossibleBlockers > block-legality,81,1314491,99100
pool-25-thread-1 :: choose-attack > attack-search > forecast-combat > block-search > block-assignBlockers > block-makeChumpBlocks > block-makeChumpBlocks > block-makeChumpBlocks > block-makeChumpBlocks > block-makeChumpBlocks > block-getPossibleBlockers > block-legality > attacker-blockability,21,155213,155213
pool-25-thread-1 :: choose-attack > attack-search > forecast-combat > block-search > block-assignBlockers > block-makeChumpBlocks > block-makeChumpBlocks > block-makeChumpBlocks > block-makeChumpBlocks > block-makeChumpBlocks > block-getPossibleBlockers > block-legality > block-legality,102,374610,96237
pool-25-thread-1 :: choose-attack > attack-search > forecast-combat > block-search > block-assignBlockers > block-makeChumpBlocks > block-makeChumpBlocks > block-makeChumpBlocks > block-makeChumpBlocks > block-makeChumpBlocks > block-getPossibleBlockers > block-legality > block-legality > block-legality,42,278373,89133
pool-25-thread-1 :: choose-attack > attack-search > forecast-combat > block-search > block-assignBlockers > block-makeChumpBlocks > block-makeChumpBlocks > block-makeChumpBlocks > block-makeChumpBlocks > block-makeChumpBlocks > block-getPossibleBlockers > block-legality > block-legality > block-legality > block-legality,42,189240,189240
pool-25-thread-1 :: choose-attack > attack-search > forecast-combat > block-search > block-assignBlockers > block-makeChumpBlocks > block-makeChumpBlocks > block-makeChumpBlocks > block-makeChumpBlocks > block-makeChumpBlocks > block-getPossibleBlockers > block-legality > block-requirements,21,685568,372029
pool-25-thread-1 :: choose-attack > attack-search > forecast-combat > block-search > block-assignBlockers > block-makeChumpBlocks > block-makeChumpBlocks > block-makeChumpBlocks > block-makeChumpBlocks > block-makeChumpBlocks > block-getPossibleBlockers > block-legality > block-requirements > block-cost,189,313539,313539
pool-25-thread-1 :: choose-attack > attack-search > forecast-combat > block-search > block-assignBlockers > block-makeChumpBlocks > block-makeChumpBlocks > block-makeChumpBlocks > block-makeChumpBlocks > block-makeChumpBlocks > block-makeChumpBlocks,55,20479500,252442
pool-25-thread-1 :: choose-attack > attack-search > forecast-combat > block-search > block-assignBlockers > block-makeChumpBlocks > block-makeChumpBlocks > block-makeChumpBlocks > block-makeChumpBlocks > block-makeChumpBlocks > block-makeChumpBlocks > block-getPossibleBlockers,14,48652,18658
pool-25-thread-1 :: choose-attack > attack-search > forecast-combat > block-search > block-assignBlockers > block-makeChumpBlocks > block-makeChumpBlocks > block-makeChumpBlocks > block-makeChumpBlocks > block-makeChumpBlocks > block-makeChumpBlocks > block-getPossibleBlockers > block-legality,37,29994,17936
pool-25-thread-1 :: choose-attack > attack-search > forecast-combat > block-search > block-assignBlockers > block-makeChumpBlocks > block-makeChumpBlocks > block-makeChumpBlocks > block-makeChumpBlocks > block-makeChumpBlocks > block-makeChumpBlocks > block-getPossibleBlockers > block-legality > block-legality,37,12058,12058
pool-25-thread-1 :: choose-attack > attack-search > forecast-combat > block-search > block-assignBlockers > block-makeChumpBlocks > block-makeChumpBlocks > block-makeChumpBlocks > block-makeChumpBlocks > block-makeChumpBlocks > block-makeChumpBlocks > block-makeChumpBlocks,53,897315,222997
pool-25-thread-1 :: choose-attack > attack-search > forecast-combat > block-search > block-assignBlockers > block-makeChumpBlocks > block-makeChumpBlocks > block-makeChumpBlocks > block-makeChumpBlocks > block-makeChumpBlocks > block-makeChumpBlocks > block-makeChumpBlocks > block-getPossibleBlockers,15,48863,17527
pool-25-thread-1 :: choose-attack > attack-search > forecast-combat > block-search > block-assignBlockers > block-makeChumpBlocks > block-makeChumpBlocks > block-makeChumpBlocks > block-makeChumpBlocks > block-makeChumpBlocks > block-makeChumpBlocks > block-makeChumpBlocks > block-getPossibleBlockers > block-legality,37,31336,20688
pool-25-thread-1 :: choose-attack > attack-search > forecast-combat > block-search > block-assignBlockers > block-makeChumpBlocks > block-makeChumpBlocks > block-makeChumpBlocks > block-makeChumpBlocks > block-makeChumpBlocks > block-makeChumpBlocks > block-makeChumpBlocks > block-getPossibleBlockers > block-legality > block-legality,37,10648,10648
pool-25-thread-1 :: choose-attack > attack-search > forecast-combat > block-search > block-assignBlockers > block-makeChumpBlocks > block-makeChumpBlocks > block-makeChumpBlocks > block-makeChumpBlocks > block-makeChumpBlocks > block-makeChumpBlocks > block-makeChumpBlocks > block-makeChumpBlocks,51,625455,178791
pool-25-thread-1 :: choose-attack > attack-search > forecast-combat > block-search > block-assignBlockers > block-makeChumpBlocks > block-makeChumpBlocks > block-makeChumpBlocks > block-makeChumpBlocks > block-makeChumpBlocks > block-makeChumpBlocks > block-makeChumpBlocks > block-makeChumpBlocks > block-getPossibleBlockers,11,29755,11176
pool-25-thread-1 :: choose-attack > attack-search > forecast-combat > block-search > block-assignBlockers > block-makeChumpBlocks > block-makeChumpBlocks > block-makeChumpBlocks > block-makeChumpBlocks > block-makeChumpBlocks > block-makeChumpBlocks > block-makeChumpBlocks > block-makeChumpBlocks > block-getPossibleBlockers > block-legality,21,18579,12837
pool-25-thread-1 :: choose-attack > attack-search > forecast-combat > block-search > block-assignBlockers > block-makeChumpBlocks > block-makeChumpBlocks > block-makeChumpBlocks > block-makeChumpBlocks > block-makeChumpBlocks > block-makeChumpBlocks > block-makeChumpBlocks > block-makeChumpBlocks > block-getPossibleBlockers > block-legality > block-legality,21,5742,5742
pool-25-thread-1 :: choose-attack > attack-search > forecast-combat > block-search > block-assignBlockers > block-makeChumpBlocks > block-makeChumpBlocks > block-makeChumpBlocks > block-makeChumpBlocks > block-makeChumpBlocks > block-makeChumpBlocks > block-makeChumpBlocks > block-makeChumpBlocks > block-makeChumpBlocks,47,416909,134009
pool-25-thread-1 :: choose-attack > attack-search > forecast-combat > block-search > block-assignBlockers > block-makeChumpBlocks > block-makeChumpBlocks > block-makeChumpBlocks > block-makeChumpBlocks > block-makeChumpBlocks > block-makeChumpBlocks > block-makeChumpBlocks > block-makeChumpBlocks > block-makeChumpBlocks > block-getPossibleBlockers,4,13120,4849
pool-25-thread-1 :: choose-attack > attack-search > forecast-combat > block-search > block-assignBlockers > block-makeChumpBlocks > block-makeChumpBlocks > block-makeChumpBlocks > block-makeChumpBlocks > block-makeChumpBlocks > block-makeChumpBlocks > block-makeChumpBlocks > block-makeChumpBlocks > block-makeChumpBlocks > block-getPossibleBlockers > block-legality,9,8271,5959
pool-25-thread-1 :: choose-attack > attack-search > forecast-combat > block-search > block-assignBlockers > block-makeChumpBlocks > block-makeChumpBlocks > block-makeChumpBlocks > block-makeChumpBlocks > block-makeChumpBlocks > block-makeChumpBlocks > block-makeChumpBlocks > block-makeChumpBlocks > block-makeChumpBlocks > block-getPossibleBlockers > block-legality > block-legality,9,2312,2312
pool-25-thread-1 :: choose-attack > attack-search > forecast-combat > block-search > block-assignBlockers > block-makeChumpBlocks > block-makeChumpBlocks > block-makeChumpBlocks > block-makeChumpBlocks > block-makeChumpBlocks > block-makeChumpBlocks > block-makeChumpBlocks > block-makeChumpBlocks > block-makeChumpBlocks > block-makeChumpBlocks,37,269780,130174
pool-25-thread-1 :: choose-attack > attack-search > forecast-combat > block-search > block-assignBlockers > block-makeChumpBlocks > block-makeChumpBlocks > block-makeChumpBlocks > block-makeChumpBlocks > block-makeChumpBlocks > block-makeChumpBlocks > block-makeChumpBlocks > block-makeChumpBlocks > block-makeChumpBlocks > block-makeChumpBlocks > block-getPossibleBlockers,2,6750,2975
pool-25-thread-1 :: choose-attack > attack-search > forecast-combat > block-search > block-assignBlockers > block-makeChumpBlocks > block-makeChumpBlocks > block-makeChumpBlocks > block-makeChumpBlocks > block-makeChumpBlocks > block-makeChumpBlocks > block-makeChumpBlocks > block-makeChumpBlocks > block-makeChumpBlocks > block-makeChumpBlocks > block-getPossibleBlockers > block-legality,5,3775,2434
pool-25-thread-1 :: choose-attack > attack-search > forecast-combat > block-search > block-assignBlockers > block-makeChumpBlocks > block-makeChumpBlocks > block-makeChumpBlocks > block-makeChumpBlocks > block-makeChumpBlocks > block-makeChumpBlocks > block-makeChumpBlocks > block-makeChumpBlocks > block-makeChumpBlocks > block-makeChumpBlocks > block-getPossibleBlockers > block-legality > block-legality,5,1341,1341
pool-25-thread-1 :: choose-attack > attack-search > forecast-combat > block-search > block-assignBlockers > block-makeChumpBlocks > block-makeChumpBlocks > block-makeChumpBlocks > block-makeChumpBlocks > block-makeChumpBlocks > block-makeChumpBlocks > block-makeChumpBlocks > block-makeChumpBlocks > block-makeChumpBlocks > block-makeChumpBlocks > block-makeChumpBlocks,33,132856,119990
pool-25-thread-1 :: choose-attack > attack-search > forecast-combat > block-search > block-assignBlockers > block-makeChumpBlocks > block-makeChumpBlocks > block-makeChumpBlocks > block-makeChumpBlocks > block-makeChumpBlocks > block-makeChumpBlocks > block-makeChumpBlocks > block-makeChumpBlocks > block-makeChumpBlocks > block-makeChumpBlocks > block-makeChumpBlocks > block-getPossibleBlockers,2,6910,2643
pool-25-thread-1 :: choose-attack > attack-search > forecast-combat > block-search > block-assignBlockers > block-makeChumpBlocks > block-makeChumpBlocks > block-makeChumpBlocks > block-makeChumpBlocks > block-makeChumpBlocks > block-makeChumpBlocks > block-makeChumpBlocks > block-makeChumpBlocks > block-makeChumpBlocks > block-makeChumpBlocks > block-makeChumpBlocks > block-getPossibleBlockers > block-legality,5,4267,2944
pool-25-thread-1 :: choose-attack > attack-search > forecast-combat > block-search > block-assignBlockers > block-makeChumpBlocks > block-makeChumpBlocks > block-makeChumpBlocks > block-makeChumpBlocks > block-makeChumpBlocks > block-makeChumpBlocks > block-makeChumpBlocks > block-makeChumpBlocks > block-makeChumpBlocks > block-makeChumpBlocks > block-makeChumpBlocks > block-getPossibleBlockers > block-legality > block-legality,5,1323,1323
pool-25-thread-1 :: choose-attack > attack-search > forecast-combat > block-search > block-assignBlockers > block-makeChumpBlocks > block-makeChumpBlocks > block-makeChumpBlocks > block-makeChumpBlocks > block-makeChumpBlocks > block-makeChumpBlocks > block-makeChumpBlocks > block-makeChumpBlocks > block-makeChumpBlocks > block-makeChumpBlocks > block-makeChumpBlocks > block-makeChumpBlocks,26,5956,5956
pool-25-thread-1 :: choose-attack > attack-search > forecast-combat > block-search > block-assignBlockers > block-makeChumpBlocks > block-makeChumpBlocks > block-makeChumpBlocks > block-makeChumpBlocks > block-makeChumpBlocks > block-makeChumpBlocks > life-danger,11,19281091,8292711
pool-25-thread-1 :: choose-attack > attack-search > forecast-combat > block-search > block-assignBlockers > block-makeChumpBlocks > block-makeChumpBlocks > block-makeChumpBlocks > block-makeChumpBlocks > block-makeChumpBlocks > block-makeChumpBlocks > life-danger > predict-damage,155,10988380,10988380
pool-25-thread-1 :: choose-attack > attack-search > forecast-combat > block-search > block-assignBlockers > block-makeChumpBlocks > block-makeChumpBlocks > block-makeChumpBlocks > block-makeChumpBlocks > block-makeChumpBlocks > life-danger,11,7833957,6348444
pool-25-thread-1 :: choose-attack > attack-search > forecast-combat > block-search > block-assignBlockers > block-makeChumpBlocks > block-makeChumpBlocks > block-makeChumpBlocks > block-makeChumpBlocks > block-makeChumpBlocks > life-danger > predict-damage,151,1485513,1485513
pool-25-thread-1 :: choose-attack > attack-search > forecast-combat > block-search > block-assignBlockers > block-makeChumpBlocks > block-makeChumpBlocks > block-makeChumpBlocks > block-makeChumpBlocks > life-danger,46,30624335,25702286
pool-25-thread-1 :: choose-attack > attack-search > forecast-combat > block-search > block-assignBlockers > block-makeChumpBlocks > block-makeChumpBlocks > block-makeChumpBlocks > block-makeChumpBlocks > life-danger > predict-damage,491,4922049,4922049
pool-25-thread-1 :: choose-attack > attack-search > forecast-combat > block-search > block-assignBlockers > block-makeChumpBlocks > block-makeChumpBlocks > block-makeChumpBlocks > life-danger,76,56605252,47073325
pool-25-thread-1 :: choose-attack > attack-search > forecast-combat > block-search > block-assignBlockers > block-makeChumpBlocks > block-makeChumpBlocks > block-makeChumpBlocks > life-danger > predict-damage,994,9531927,9531927
pool-25-thread-1 :: choose-attack > attack-search > forecast-combat > block-search > block-assignBlockers > block-makeChumpBlocks > block-makeMultiChumpBlocks,55,9482899,1340345
pool-25-thread-1 :: choose-attack > attack-search > forecast-combat > block-search > block-assignBlockers > block-makeChumpBlocks > block-makeMultiChumpBlocks > block-getPossibleBlockers,264,6864939,239051
pool-25-thread-1 :: choose-attack > attack-search > forecast-combat > block-search > block-assignBlockers > block-makeChumpBlocks > block-makeMultiChumpBlocks > block-getPossibleBlockers > block-legality,778,6625888,639014
pool-25-thread-1 :: choose-attack > attack-search > forecast-combat > block-search > block-assignBlockers > block-makeChumpBlocks > block-makeMultiChumpBlocks > block-getPossibleBlockers > block-legality > attacker-blockability,116,804651,804651
pool-25-thread-1 :: choose-attack > attack-search > forecast-combat > block-search > block-assignBlockers > block-makeChumpBlocks > block-makeMultiChumpBlocks > block-getPossibleBlockers > block-legality > block-legality,894,1902044,534466
pool-25-thread-1 :: choose-attack > attack-search > forecast-combat > block-search > block-assignBlockers > block-makeChumpBlocks > block-makeMultiChumpBlocks > block-getPossibleBlockers > block-legality > block-legality > block-legality,232,1367578,466861
pool-25-thread-1 :: choose-attack > attack-search > forecast-combat > block-search > block-assignBlockers > block-makeChumpBlocks > block-makeMultiChumpBlocks > block-getPossibleBlockers > block-legality > block-legality > block-legality > block-legality,232,900717,900717
pool-25-thread-1 :: choose-attack > attack-search > forecast-combat > block-search > block-assignBlockers > block-makeChumpBlocks > block-makeMultiChumpBlocks > block-getPossibleBlockers > block-legality > block-requirements,116,3280179,1855309
pool-25-thread-1 :: choose-attack > attack-search > forecast-combat > block-search > block-assignBlockers > block-makeChumpBlocks > block-makeMultiChumpBlocks > block-getPossibleBlockers > block-legality > block-requirements > block-cost,1044,1424870,1424870
pool-25-thread-1 :: choose-attack > attack-search > forecast-combat > block-search > block-assignBlockers > block-makeChumpBlocks > block-makeMultiChumpBlocks > block-legality,24,1277615,77490
pool-25-thread-1 :: choose-attack > attack-search > forecast-combat > block-search > block-assignBlockers > block-makeChumpBlocks > block-makeMultiChumpBlocks > block-legality > attacker-blockability,24,131687,131687
pool-25-thread-1 :: choose-attack > attack-search > forecast-combat > block-search > block-assignBlockers > block-makeChumpBlocks > block-makeMultiChumpBlocks > block-legality > block-legality,48,409413,69319
pool-25-thread-1 :: choose-attack > attack-search > forecast-combat > block-search > block-assignBlockers > block-makeChumpBlocks > block-makeMultiChumpBlocks > block-legality > block-legality > block-legality,48,340094,90949
pool-25-thread-1 :: choose-attack > attack-search > forecast-combat > block-search > block-assignBlockers > block-makeChumpBlocks > block-makeMultiChumpBlocks > block-legality > block-legality > block-legality > block-legality,48,249145,249145
pool-25-thread-1 :: choose-attack > attack-search > forecast-combat > block-search > block-assignBlockers > block-makeChumpBlocks > block-makeMultiChumpBlocks > block-legality > block-requirements,24,659025,364629
pool-25-thread-1 :: choose-attack > attack-search > forecast-combat > block-search > block-assignBlockers > block-makeChumpBlocks > block-makeMultiChumpBlocks > block-legality > block-requirements > block-cost,216,294396,294396
pool-25-thread-1 :: choose-attack > attack-search > forecast-combat > block-search > block-assignBlockers > block-makeChumpBlocksToSavePW,325,28623825,6821195
pool-25-thread-1 :: choose-attack > attack-search > forecast-combat > block-search > block-assignBlockers > block-makeChumpBlocksToSavePW > evaluate-creature,901,21802630,21802630
pool-25-thread-1 :: choose-attack > attack-search > forecast-combat > block-search > block-assignBlockers > block-makeGangBlocks,353,1020644940,506965715
pool-25-thread-1 :: choose-attack > attack-search > forecast-combat > block-search > block-assignBlockers > block-makeGangBlocks > block-getPossibleBlockers,2434,201980167,3877117
pool-25-thread-1 :: choose-attack > attack-search > forecast-combat > block-search > block-assignBlockers > block-makeGangBlocks > block-getPossibleBlockers > block-legality,7360,198103050,11766173
pool-25-thread-1 :: choose-attack > attack-search > forecast-combat > block-search > block-assignBlockers > block-makeGangBlocks > block-getPossibleBlockers > block-legality > attacker-blockability,5108,25204862,25204862
pool-25-thread-1 :: choose-attack > attack-search > forecast-combat > block-search > block-assignBlockers > block-makeGangBlocks > block-getPossibleBlockers > block-legality > block-legality,12468,70609073,16351095
pool-25-thread-1 :: choose-attack > attack-search > forecast-combat > block-search > block-assignBlockers > block-makeGangBlocks > block-getPossibleBlockers > block-legality > block-legality > block-legality,10216,54257978,18996441
pool-25-thread-1 :: choose-attack > attack-search > forecast-combat > block-search > block-assignBlockers > block-makeGangBlocks > block-getPossibleBlockers > block-legality > block-legality > block-legality > block-legality,10216,35261537,35261537
pool-25-thread-1 :: choose-attack > attack-search > forecast-combat > block-search > block-assignBlockers > block-makeGangBlocks > block-getPossibleBlockers > block-legality > block-requirements,5108,90522942,51043878
pool-25-thread-1 :: choose-attack > attack-search > forecast-combat > block-search > block-assignBlockers > block-makeGangBlocks > block-getPossibleBlockers > block-legality > block-requirements > block-cost,34000,39479064,39479064
pool-25-thread-1 :: choose-attack > attack-search > forecast-combat > block-search > block-assignBlockers > block-makeGangBlocks > block-legality,112,4421267,331657
pool-25-thread-1 :: choose-attack > attack-search > forecast-combat > block-search > block-assignBlockers > block-makeGangBlocks > block-legality > attacker-blockability,112,569034,569034
pool-25-thread-1 :: choose-attack > attack-search > forecast-combat > block-search > block-assignBlockers > block-makeGangBlocks > block-legality > block-legality,224,1467548,297431
pool-25-thread-1 :: choose-attack > attack-search > forecast-combat > block-search > block-assignBlockers > block-makeGangBlocks > block-legality > block-legality > block-legality,224,1170117,403756
pool-25-thread-1 :: choose-attack > attack-search > forecast-combat > block-search > block-assignBlockers > block-makeGangBlocks > block-legality > block-legality > block-legality > block-legality,224,766361,766361
pool-25-thread-1 :: choose-attack > attack-search > forecast-combat > block-search > block-assignBlockers > block-makeGangBlocks > block-legality > block-requirements,112,2053028,1224779
pool-25-thread-1 :: choose-attack > attack-search > forecast-combat > block-search > block-assignBlockers > block-makeGangBlocks > block-legality > block-requirements > block-cost,756,828249,828249
pool-25-thread-1 :: choose-attack > attack-search > forecast-combat > block-search > block-assignBlockers > block-makeGangBlocks > evaluate-creature,5312,243107554,243107554
pool-25-thread-1 :: choose-attack > attack-search > forecast-combat > block-search > block-assignBlockers > block-makeGangBlocks > predict-damage,7262,64170237,64170237
pool-25-thread-1 :: choose-attack > attack-search > forecast-combat > block-search > block-assignBlockers > block-makeGangNonLethalBlocks,325,27430089,2148421
pool-25-thread-1 :: choose-attack > attack-search > forecast-combat > block-search > block-assignBlockers > block-makeGangNonLethalBlocks > block-getPossibleBlockers,103,4640935,167590
pool-25-thread-1 :: choose-attack > attack-search > forecast-combat > block-search > block-assignBlockers > block-makeGangNonLethalBlocks > block-getPossibleBlockers > block-legality,290,4473345,533715
pool-25-thread-1 :: choose-attack > attack-search > forecast-combat > block-search > block-assignBlockers > block-makeGangNonLethalBlocks > block-getPossibleBlockers > block-legality > attacker-blockability,118,554427,554427
pool-25-thread-1 :: choose-attack > attack-search > forecast-combat > block-search > block-assignBlockers > block-makeGangNonLethalBlocks > block-getPossibleBlockers > block-legality > block-legality,408,1647745,372033
pool-25-thread-1 :: choose-attack > attack-search > forecast-combat > block-search > block-assignBlockers > block-makeGangNonLethalBlocks > block-getPossibleBlockers > block-legality > block-legality > block-legality,236,1275712,475379
pool-25-thread-1 :: choose-attack > attack-search > forecast-combat > block-search > block-assignBlockers > block-makeGangNonLethalBlocks > block-getPossibleBlockers > block-legality > block-legality > block-legality > block-legality,236,800333,800333
pool-25-thread-1 :: choose-attack > attack-search > forecast-combat > block-search > block-assignBlockers > block-makeGangNonLethalBlocks > block-getPossibleBlockers > block-legality > block-requirements,118,1737458,1002879
pool-25-thread-1 :: choose-attack > attack-search > forecast-combat > block-search > block-assignBlockers > block-makeGangNonLethalBlocks > block-getPossibleBlockers > block-legality > block-requirements > block-cost,673,734579,734579
pool-25-thread-1 :: choose-attack > attack-search > forecast-combat > block-search > block-assignBlockers > block-makeGangNonLethalBlocks > block-getSafeBlockers,103,20531079,97940
pool-25-thread-1 :: choose-attack > attack-search > forecast-combat > block-search > block-assignBlockers > block-makeGangNonLethalBlocks > block-getSafeBlockers > destroy-blocker,118,20433139,18123908
pool-25-thread-1 :: choose-attack > attack-search > forecast-combat > block-search > block-assignBlockers > block-makeGangNonLethalBlocks > block-getSafeBlockers > destroy-blocker > predict-damage,236,2309231,2309231
pool-25-thread-1 :: choose-attack > attack-search > forecast-combat > block-search > block-assignBlockers > block-makeGangNonLethalBlocks > block-legality,1,67070,4636
pool-25-thread-1 :: choose-attack > attack-search > forecast-combat > block-search > block-assignBlockers > block-makeGangNonLethalBlocks > block-legality > attacker-blockability,1,5939,5939
pool-25-thread-1 :: choose-attack > attack-search > forecast-combat > block-search > block-assignBlockers > block-makeGangNonLethalBlocks > block-legality > block-legality,2,40651,29505
pool-25-thread-1 :: choose-attack > attack-search > forecast-combat > block-search > block-assignBlockers > block-makeGangNonLethalBlocks > block-legality > block-legality > block-legality,2,11146,2783
pool-25-thread-1 :: choose-attack > attack-search > forecast-combat > block-search > block-assignBlockers > block-makeGangNonLethalBlocks > block-legality > block-legality > block-legality > block-legality,2,8363,8363
pool-25-thread-1 :: choose-attack > attack-search > forecast-combat > block-search > block-assignBlockers > block-makeGangNonLethalBlocks > block-legality > block-requirements,1,15844,9776
pool-25-thread-1 :: choose-attack > attack-search > forecast-combat > block-search > block-assignBlockers > block-makeGangNonLethalBlocks > block-legality > block-requirements > block-cost,6,6068,6068
pool-25-thread-1 :: choose-attack > attack-search > forecast-combat > block-search > block-assignBlockers > block-makeGangNonLethalBlocks > predict-damage,6,42584,42584
pool-25-thread-1 :: choose-attack > attack-search > forecast-combat > block-search > block-assignBlockers > block-makeGoodBlocks,346,1366707647,39833910
pool-25-thread-1 :: choose-attack > attack-search > forecast-combat > block-search > block-assignBlockers > block-makeGoodBlocks > block-getKillingBlockers,1483,474785056,1523989
pool-25-thread-1 :: choose-attack > attack-search > forecast-combat > block-search > block-assignBlockers > block-makeGoodBlocks > block-getKillingBlockers > destroy-attacker,3081,473261067,418889349
pool-25-thread-1 :: choose-attack > attack-search > forecast-combat > block-search > block-assignBlockers > block-makeGoodBlocks > block-getKillingBlockers > destroy-attacker > predict-damage,6162,54371718,54371718
pool-25-thread-1 :: choose-attack > attack-search > forecast-combat > block-search > block-assignBlockers > block-makeGoodBlocks > block-getPossibleBlockers,2686,242020955,4335155
pool-25-thread-1 :: choose-attack > attack-search > forecast-combat > block-search > block-assignBlockers > block-makeGoodBlocks > block-getPossibleBlockers > block-legality,8082,237685800,14838820
pool-25-thread-1 :: choose-attack > attack-search > forecast-combat > block-search > block-assignBlockers > block-makeGoodBlocks > block-getPossibleBlockers > block-legality > attacker-blockability,6191,30055469,30055469
pool-25-thread-1 :: choose-attack > attack-search > forecast-combat > block-search > block-assignBlockers > block-makeGoodBlocks > block-getPossibleBlockers > block-legality > block-legality,14273,82334802,13564658
pool-25-thread-1 :: choose-attack > attack-search > forecast-combat > block-search > block-assignBlockers > block-makeGoodBlocks > block-getPossibleBlockers > block-legality > block-legality > block-legality,12382,68770144,24276327
pool-25-thread-1 :: choose-attack > attack-search > forecast-combat > block-search > block-assignBlockers > block-makeGoodBlocks > block-getPossibleBlockers > block-legality > block-legality > block-legality > block-legality,12382,44493817,44493817
pool-25-thread-1 :: choose-attack > attack-search > forecast-combat > block-search > block-assignBlockers > block-makeGoodBlocks > block-getPossibleBlockers > block-legality > block-requirements,6191,110456709,60301714
pool-25-thread-1 :: choose-attack > attack-search > forecast-combat > block-search > block-assignBlockers > block-makeGoodBlocks > block-getPossibleBlockers > block-legality > block-requirements > block-cost,40670,50154995,50154995
pool-25-thread-1 :: choose-attack > attack-search > forecast-combat > block-search > block-assignBlockers > block-makeGoodBlocks > block-getSafeBlockers,1483,581440586,2259135
pool-25-thread-1 :: choose-attack > attack-search > forecast-combat > block-search > block-assignBlockers > block-makeGoodBlocks > block-getSafeBlockers > destroy-blocker,3507,579181451,514474554
pool-25-thread-1 :: choose-attack > attack-search > forecast-combat > block-search > block-assignBlockers > block-makeGoodBlocks > block-getSafeBlockers > destroy-blocker > predict-damage,7014,64706897,64706897
pool-25-thread-1 :: choose-attack > attack-search > forecast-combat > block-search > block-assignBlockers > block-makeGoodBlocks > block-legality,85,656497,32931
pool-25-thread-1 :: choose-attack > attack-search > forecast-combat > block-search > block-assignBlockers > block-makeGoodBlocks > block-legality > block-legality,85,623566,288171
pool-25-thread-1 :: choose-attack > attack-search > forecast-combat > block-search > block-assignBlockers > block-makeGoodBlocks > block-legality > block-legality > block-legality,85,335395,335395
pool-25-thread-1 :: choose-attack > attack-search > forecast-combat > block-search > block-assignBlockers > block-makeGoodBlocks > destroy-blocker,85,14059252,12355941
pool-25-thread-1 :: choose-attack > attack-search > forecast-combat > block-search > block-assignBlockers > block-makeGoodBlocks > destroy-blocker > predict-damage,170,1703311,1703311
pool-25-thread-1 :: choose-attack > attack-search > forecast-combat > block-search > block-assignBlockers > block-makeGoodBlocks > evaluate-creature,530,13911391,13911391
pool-25-thread-1 :: choose-attack > attack-search > forecast-combat > block-search > block-assignBlockers > block-makeRequiredBlocks,325,17961304,1940522
pool-25-thread-1 :: choose-attack > attack-search > forecast-combat > block-search > block-assignBlockers > block-makeRequiredBlocks > block-requirements,941,16020782,8766742
pool-25-thread-1 :: choose-attack > attack-search > forecast-combat > block-search > block-assignBlockers > block-makeRequiredBlocks > block-requirements > block-cost,5737,7254040,7254040
pool-25-thread-1 :: choose-attack > attack-search > forecast-combat > block-search > block-assignBlockers > block-makeTradeBlocks,353,406687229,34663052
pool-25-thread-1 :: choose-attack > attack-search > forecast-combat > block-search > block-assignBlockers > block-makeTradeBlocks > block-getKillingBlockers,1239,284062833,1171766
pool-25-thread-1 :: choose-attack > attack-search > forecast-combat > block-search > block-assignBlockers > block-makeTradeBlocks > block-getKillingBlockers > destroy-attacker,1816,282891067,249500522
pool-25-thread-1 :: choose-attack > attack-search > forecast-combat > block-search > block-assignBlockers > block-makeTradeBlocks > block-getKillingBlockers > destroy-attacker > predict-damage,3632,33390545,33390545
pool-25-thread-1 :: choose-attack > attack-search > forecast-combat > block-search > block-assignBlockers > block-makeTradeBlocks > block-getPossibleBlockers,1239,82392127,1664907
pool-25-thread-1 :: choose-attack > attack-search > forecast-combat > block-search > block-assignBlockers > block-makeTradeBlocks > block-getPossibleBlockers > block-legality,3494,80727220,5564969
pool-25-thread-1 :: choose-attack > attack-search > forecast-combat > block-search > block-assignBlockers > block-makeTradeBlocks > block-getPossibleBlockers > block-legality > attacker-blockability,2118,10437766,10437766
pool-25-thread-1 :: choose-attack > attack-search > forecast-combat > block-search > block-assignBlockers > block-makeTradeBlocks > block-getPossibleBlockers > block-legality > block-legality,5612,29770319,5544445
pool-25-thread-1 :: choose-attack > attack-search > forecast-combat > block-search > block-assignBlockers > block-makeTradeBlocks > block-getPossibleBlockers > block-legality > block-legality > block-legality,4236,24225874,9341821
pool-25-thread-1 :: choose-attack > attack-search > forecast-combat > block-search > block-assignBlockers > block-makeTradeBlocks > block-getPossibleBlockers > block-legality > block-legality > block-legality > block-legality,4236,14884053,14884053
pool-25-thread-1 :: choose-attack > attack-search > forecast-combat > block-search > block-assignBlockers > block-makeTradeBlocks > block-getPossibleBlockers > block-legality > block-requirements,2118,34954166,19635129
pool-25-thread-1 :: choose-attack > attack-search > forecast-combat > block-search > block-assignBlockers > block-makeTradeBlocks > block-getPossibleBlockers > block-legality > block-requirements > block-cost,13527,15319037,15319037
pool-25-thread-1 :: choose-attack > attack-search > forecast-combat > block-search > block-assignBlockers > block-makeTradeBlocks > life-danger,6,5569217,4556314
pool-25-thread-1 :: choose-attack > attack-search > forecast-combat > block-search > block-assignBlockers > block-makeTradeBlocks > life-danger > predict-damage,94,1012903,1012903
pool-25-thread-1 :: choose-attack > attack-search > forecast-combat > block-search > block-assignBlockers > block-reinforceBlockersAgainstTrample,47,414088,399957
pool-25-thread-1 :: choose-attack > attack-search > forecast-combat > block-search > block-assignBlockers > block-reinforceBlockersAgainstTrample > block-getPossibleBlockers,4,14131,5407
pool-25-thread-1 :: choose-attack > attack-search > forecast-combat > block-search > block-assignBlockers > block-reinforceBlockersAgainstTrample > block-getPossibleBlockers > block-legality,11,8724,4516
pool-25-thread-1 :: choose-attack > attack-search > forecast-combat > block-search > block-assignBlockers > block-reinforceBlockersAgainstTrample > block-getPossibleBlockers > block-legality > block-legality,11,4208,4208
pool-25-thread-1 :: choose-attack > attack-search > forecast-combat > block-search > block-assignBlockers > block-reinforceBlockersToKill,332,51272681,14430617
pool-25-thread-1 :: choose-attack > attack-search > forecast-combat > block-search > block-assignBlockers > block-reinforceBlockersToKill > block-getPossibleBlockers,141,6238954,279370
pool-25-thread-1 :: choose-attack > attack-search > forecast-combat > block-search > block-assignBlockers > block-reinforceBlockersToKill > block-getPossibleBlockers > block-legality,597,5959584,518582
pool-25-thread-1 :: choose-attack > attack-search > forecast-combat > block-search > block-assignBlockers > block-reinforceBlockersToKill > block-getPossibleBlockers > block-legality > attacker-blockability,136,756666,756666
pool-25-thread-1 :: choose-attack > attack-search > forecast-combat > block-search > block-assignBlockers > block-reinforceBlockersToKill > block-getPossibleBlockers > block-legality > block-legality,733,2095635,562400
pool-25-thread-1 :: choose-attack > attack-search > forecast-combat > block-search > block-assignBlockers > block-reinforceBlockersToKill > block-getPossibleBlockers > block-legality > block-legality > block-legality,272,1533235,549247
pool-25-thread-1 :: choose-attack > attack-search > forecast-combat > block-search > block-assignBlockers > block-reinforceBlockersToKill > block-getPossibleBlockers > block-legality > block-legality > block-legality > block-legality,272,983988,983988
pool-25-thread-1 :: choose-attack > attack-search > forecast-combat > block-search > block-assignBlockers > block-reinforceBlockersToKill > block-getPossibleBlockers > block-legality > block-requirements,136,2588701,1364096
pool-25-thread-1 :: choose-attack > attack-search > forecast-combat > block-search > block-assignBlockers > block-reinforceBlockersToKill > block-getPossibleBlockers > block-legality > block-requirements > block-cost,923,1224605,1224605
pool-25-thread-1 :: choose-attack > attack-search > forecast-combat > block-search > block-assignBlockers > block-reinforceBlockersToKill > block-getSafeBlockers,74,23864037,184157
pool-25-thread-1 :: choose-attack > attack-search > forecast-combat > block-search > block-assignBlockers > block-reinforceBlockersToKill > block-getSafeBlockers > destroy-blocker,136,23679880,21093827
pool-25-thread-1 :: choose-attack > attack-search > forecast-combat > block-search > block-assignBlockers > block-reinforceBlockersToKill > block-getSafeBlockers > destroy-blocker > predict-damage,272,2586053,2586053
pool-25-thread-1 :: choose-attack > attack-search > forecast-combat > block-search > block-assignBlockers > block-reinforceBlockersToKill > block-legality,53,2396476,178972
pool-25-thread-1 :: choose-attack > attack-search > forecast-combat > block-search > block-assignBlockers > block-reinforceBlockersToKill > block-legality > attacker-blockability,53,273382,273382
pool-25-thread-1 :: choose-attack > attack-search > forecast-combat > block-search > block-assignBlockers > block-reinforceBlockersToKill > block-legality > block-legality,106,767647,149464
pool-25-thread-1 :: choose-attack > attack-search > forecast-combat > block-search > block-assignBlockers > block-reinforceBlockersToKill > block-legality > block-legality > block-legality,106,618183,200335
pool-25-thread-1 :: choose-attack > attack-search > forecast-combat > block-search > block-assignBlockers > block-reinforceBlockersToKill > block-legality > block-legality > block-legality > block-legality,106,417848,417848
pool-25-thread-1 :: choose-attack > attack-search > forecast-combat > block-search > block-assignBlockers > block-reinforceBlockersToKill > block-legality > block-requirements,53,1176475,651612
pool-25-thread-1 :: choose-attack > attack-search > forecast-combat > block-search > block-assignBlockers > block-reinforceBlockersToKill > block-legality > block-requirements > block-cost,431,524863,524863
pool-25-thread-1 :: choose-attack > attack-search > forecast-combat > block-search > block-assignBlockers > block-reinforceBlockersToKill > evaluate-creature,72,1552681,1552681
pool-25-thread-1 :: choose-attack > attack-search > forecast-combat > block-search > block-assignBlockers > block-reinforceBlockersToKill > predict-damage,314,2789916,2789916
pool-25-thread-1 :: choose-attack > attack-search > forecast-combat > block-search > block-assignBlockers > block-removeUnpayableBlocks,325,30743650,30089337
pool-25-thread-1 :: choose-attack > attack-search > forecast-combat > block-search > block-assignBlockers > block-removeUnpayableBlocks > block-cost,524,654313,654313
pool-25-thread-1 :: choose-attack > attack-search > forecast-combat > block-search > block-assignBlockers > life-danger,408,276580838,233692985
pool-25-thread-1 :: choose-attack > attack-search > forecast-combat > block-search > block-assignBlockers > life-danger > predict-damage,4551,42887853,42887853
pool-25-thread-1 :: choose-attack > attack-search > forecast-combat > block-search > block-assignBlockers > predict-damage,255,2536600,2536600
pool-25-thread-1 :: choose-attack > attack-search > forecast-combat > block-search > block-sortPotentialAttackers,325,262381304,51934650
pool-25-thread-1 :: choose-attack > attack-search > forecast-combat > block-search > block-sortPotentialAttackers > life-danger,324,206851288,165689637
pool-25-thread-1 :: choose-attack > attack-search > forecast-combat > block-search > block-sortPotentialAttackers > life-danger > predict-damage,4010,41161651,41161651
pool-25-thread-1 :: choose-attack > attack-search > forecast-combat > block-search > block-sortPotentialAttackers > predict-damage,310,3595366,3595366
pool-25-thread-1 :: choose-attack > attack-search > forecast-combat > predict-damage,3264,29601396,29601396
pool-25-thread-1 :: choose-attack > attack-search > predict-damage,457,5519287,5519287
pool-25-thread-1 :: choose-attack > block-legality,423,5180215,1895915
pool-25-thread-1 :: choose-attack > block-legality > block-legality,423,3284300,3284300
pool-25-thread-1 :: choose-attack > forecast-board,96,1215606776,1182546
pool-25-thread-1 :: choose-attack > forecast-board > evaluate-creature,435,49903637,49903637
pool-25-thread-1 :: choose-attack > forecast-board > forecast-combat,96,1164520593,178483697
pool-25-thread-1 :: choose-attack > forecast-board > forecast-combat > block-search,87,968976759,629589
pool-25-thread-1 :: choose-attack > forecast-board > forecast-combat > block-search > block-assignBlockers,87,894271125,12705732
pool-25-thread-1 :: choose-attack > forecast-board > forecast-combat > block-search > block-assignBlockers > attacker-blockability,435,1642643,1642643
pool-25-thread-1 :: choose-attack > forecast-board > forecast-combat > block-search > block-assignBlockers > block-legality,427,2944281,904207
pool-25-thread-1 :: choose-attack > forecast-board > forecast-combat > block-search > block-assignBlockers > block-legality > block-legality,427,2040074,157407
pool-25-thread-1 :: choose-attack > forecast-board > forecast-combat > block-search > block-assignBlockers > block-legality > block-legality > block-legality,427,1882667,1882667
pool-25-thread-1 :: choose-attack > forecast-board > forecast-combat > block-search > block-assignBlockers > block-makeChumpBlocks,13,15634287,47006
pool-25-thread-1 :: choose-attack > forecast-board > forecast-combat > block-search > block-assignBlockers > block-makeChumpBlocks > block-makeChumpBlocks,13,12037880,18697
pool-25-thread-1 :: choose-attack > forecast-board > forecast-combat > block-search > block-assignBlockers > block-makeChumpBlocks > block-makeChumpBlocks > block-makeChumpBlocks,13,12019183,842300
pool-25-thread-1 :: choose-attack > forecast-board > forecast-combat > block-search > block-assignBlockers > block-makeChumpBlocks > block-makeChumpBlocks > block-makeChumpBlocks > block-getPossibleBlockers,7,654892,16677
pool-25-thread-1 :: choose-attack > forecast-board > forecast-combat > block-search > block-assignBlockers > block-makeChumpBlocks > block-makeChumpBlocks > block-makeChumpBlocks > block-getPossibleBlockers > block-legality,31,638215,47003
pool-25-thread-1 :: choose-attack > forecast-board > forecast-combat > block-search > block-assignBlockers > block-makeChumpBlocks > block-makeChumpBlocks > block-makeChumpBlocks > block-getPossibleBlockers > block-legality > attacker-blockability,18,101131,101131
pool-25-thread-1 :: choose-attack > forecast-board > forecast-combat > block-search > block-assignBlockers > block-makeChumpBlocks > block-makeChumpBlocks > block-makeChumpBlocks > block-getPossibleBlockers > block-legality > block-legality,49,293938,59478
pool-25-thread-1 :: choose-attack > forecast-board > forecast-combat > block-search > block-assignBlockers > block-makeChumpBlocks > block-makeChumpBlocks > block-makeChumpBlocks > block-getPossibleBlockers > block-legality > block-legality > block-legality,38,234460,66583
pool-25-thread-1 :: choose-attack > forecast-board > forecast-combat > block-search > block-assignBlockers > block-makeChumpBlocks > block-makeChumpBlocks > block-makeChumpBlocks > block-getPossibleBlockers > block-legality > block-legality > block-legality > block-legality,38,167877,167877
pool-25-thread-1 :: choose-attack > forecast-board > forecast-combat > block-search > block-assignBlockers > block-makeChumpBlocks > block-makeChumpBlocks > block-makeChumpBlocks > block-getPossibleBlockers > block-legality > block-requirements,18,196143,95453
pool-25-thread-1 :: choose-attack > forecast-board > forecast-combat > block-search > block-assignBlockers > block-makeChumpBlocks > block-makeChumpBlocks > block-makeChumpBlocks > block-getPossibleBlockers > block-legality > block-requirements > block-cost,68,100690,100690
pool-25-thread-1 :: choose-attack > forecast-board > forecast-combat > block-search > block-assignBlockers > block-makeChumpBlocks > block-makeChumpBlocks > block-makeChumpBlocks > block-makeChumpBlocks,13,3197839,127340
pool-25-thread-1 :: choose-attack > forecast-board > forecast-combat > block-search > block-assignBlockers > block-makeChumpBlocks > block-makeChumpBlocks > block-makeChumpBlocks > block-makeChumpBlocks > block-getPossibleBlockers,1,95152,2254
pool-25-thread-1 :: choose-attack > forecast-board > forecast-combat > block-search > block-assignBlockers > block-makeChumpBlocks > block-makeChumpBlocks > block-makeChumpBlocks > block-makeChumpBlocks > block-getPossibleBlockers > block-legality,5,92898,7521
pool-25-thread-1 :: choose-attack > forecast-board > forecast-combat > block-search > block-assignBlockers > block-makeChumpBlocks > block-makeChumpBlocks > block-makeChumpBlocks > block-makeChumpBlocks > block-getPossibleBlockers > block-legality > attacker-blockability,3,14622,14622
pool-25-thread-1 :: choose-attack > forecast-board > forecast-combat > block-search > block-assignBlockers > block-makeChumpBlocks > block-makeChumpBlocks > block-makeChumpBlocks > block-makeChumpBlocks > block-getPossibleBlockers > block-legality > block-legality,8,39158,8882
pool-25-thread-1 :: choose-attack > forecast-board > forecast-combat > block-search > block-assignBlockers > block-makeChumpBlocks > block-makeChumpBlocks > block-makeChumpBlocks > block-makeChumpBlocks > block-getPossibleBlockers > block-legality > block-legality > block-legality,6,30276,13111
pool-25-thread-1 :: choose-attack > forecast-board > forecast-combat > block-search > block-assignBlockers > block-makeChumpBlocks > block-makeChumpBlocks > block-makeChumpBlocks > block-makeChumpBlocks > block-getPossibleBlockers > block-legality > block-legality > block-legality > block-legality,6,17165,17165
pool-25-thread-1 :: choose-attack > forecast-board > forecast-combat > block-search > block-assignBlockers > block-makeChumpBlocks > block-makeChumpBlocks > block-makeChumpBlocks > block-makeChumpBlocks > block-getPossibleBlockers > block-legality > block-requirements,3,31597,17047
pool-25-thread-1 :: choose-attack > forecast-board > forecast-combat > block-search > block-assignBlockers > block-makeChumpBlocks > block-makeChumpBlocks > block-makeChumpBlocks > block-makeChumpBlocks > block-getPossibleBlockers > block-legality > block-requirements > block-cost,12,14550,14550
pool-25-thread-1 :: choose-attack > forecast-board > forecast-combat > block-search > block-assignBlockers > block-makeChumpBlocks > block-makeChumpBlocks > block-makeChumpBlocks > block-makeChumpBlocks > block-makeChumpBlocks,10,577277,36907
pool-25-thread-1 :: choose-attack > forecast-board > forecast-combat > block-search > block-assignBlockers > block-makeChumpBlocks > block-makeChumpBlocks > block-makeChumpBlocks > block-makeChumpBlocks > block-makeChumpBlocks > block-getPossibleBlockers,3,20440,3725
pool-25-thread-1 :: choose-attack > forecast-board > forecast-combat > block-search > block-assignBlockers > block-makeChumpBlocks > block-makeChumpBlocks > block-makeChumpBlocks > block-makeChumpBlocks > block-makeChumpBlocks > block-getPossibleBlockers > block-legality,5,16715,2785
pool-25-thread-1 :: choose-attack > forecast-board > forecast-combat > block-search > block-assignBlockers > block-makeChumpBlocks > block-makeChumpBlocks > block-makeChumpBlocks > block-makeChumpBlocks > block-makeChumpBlocks > block-getPossibleBlockers > block-legality > block-legality,5,13930,7441
pool-25-thread-1 :: choose-attack > forecast-board > forecast-combat > block-search > block-assignBlockers > block-makeChumpBlocks > block-makeChumpBlocks > block-makeChumpBlocks > block-makeChumpBlocks > block-makeChumpBlocks > block-getPossibleBlockers > block-legality > block-legality > block-legality,2,6489,1392
pool-25-thread-1 :: choose-attack > forecast-board > forecast-combat > block-search > block-assignBlockers > block-makeChumpBlocks > block-makeChumpBlocks > block-makeChumpBlocks > block-makeChumpBlocks > block-makeChumpBlocks > block-getPossibleBlockers > block-legality > block-legality > block-legality > block-legality,2,5097,5097
pool-25-thread-1 :: choose-attack > forecast-board > forecast-combat > block-search > block-assignBlockers > block-makeChumpBlocks > block-makeChumpBlocks > block-makeChumpBlocks > block-makeChumpBlocks > block-makeChumpBlocks > block-makeChumpBlocks,9,219054,21694
pool-25-thread-1 :: choose-attack > forecast-board > forecast-combat > block-search > block-assignBlockers > block-makeChumpBlocks > block-makeChumpBlocks > block-makeChumpBlocks > block-makeChumpBlocks > block-makeChumpBlocks > block-makeChumpBlocks > block-getPossibleBlockers,1,146617,2764
pool-25-thread-1 :: choose-attack > forecast-board > forecast-combat > block-search > block-assignBlockers > block-makeChumpBlocks > block-makeChumpBlocks > block-makeChumpBlocks > block-makeChumpBlocks > block-makeChumpBlocks > block-makeChumpBlocks > block-getPossibleBlockers > block-legality,2,143853,135301
pool-25-thread-1 :: choose-attack > forecast-board > forecast-combat > block-search > block-assignBlockers > block-makeChumpBlocks > block-makeChumpBlocks > block-makeChumpBlocks > block-makeChumpBlocks > block-makeChumpBlocks > block-makeChumpBlocks > block-getPossibleBlockers > block-legality > block-legality,2,8552,4095
pool-25-thread-1 :: choose-attack > forecast-board > forecast-combat > block-search > block-assignBlockers > block-makeChumpBlocks > block-makeChumpBlocks > block-makeChumpBlocks > block-makeChumpBlocks > block-makeChumpBlocks > block-makeChumpBlocks > block-getPossibleBlockers > block-legality > block-legality > block-legality,1,4457,1212
pool-25-thread-1 :: choose-attack > forecast-board > forecast-combat > block-search > block-assignBlockers > block-makeChumpBlocks > block-makeChumpBlocks > block-makeChumpBlocks > block-makeChumpBlocks > block-makeChumpBlocks > block-makeChumpBlocks > block-getPossibleBlockers > block-legality > block-legality > block-legality > block-legality,1,3245,3245
pool-25-thread-1 :: choose-attack > forecast-board > forecast-combat > block-search > block-assignBlockers > block-makeChumpBlocks > block-makeChumpBlocks > block-makeChumpBlocks > block-makeChumpBlocks > block-makeChumpBlocks > block-makeChumpBlocks > block-makeChumpBlocks,7,50743,17635
pool-25-thread-1 :: choose-attack > forecast-board > forecast-combat > block-search > block-assignBlockers > block-makeChumpBlocks > block-makeChumpBlocks > block-makeChumpBlocks > block-makeChumpBlocks > block-makeChumpBlocks > block-makeChumpBlocks > block-makeChumpBlocks > block-makeChumpBlocks,6,33108,16215
pool-25-thread-1 :: choose-attack > forecast-board > forecast-combat > block-search > block-assignBlockers > block-makeChumpBlocks > block-makeChumpBlocks > block-makeChumpBlocks > block-makeChumpBlocks > block-makeChumpBlocks > block-makeChumpBlocks > block-makeChumpBlocks > block-makeChumpBlocks > block-makeChumpBlocks,6,16893,12417
pool-25-thread-1 :: choose-attack > forecast-board > forecast-combat > block-search > block-assignBlockers > block-makeChumpBlocks > block-makeChumpBlocks > block-makeChumpBlocks > block-makeChumpBlocks > block-makeChumpBlocks > block-makeChumpBlocks > block-makeChumpBlocks > block-makeChumpBlocks > block-makeChumpBlocks > block-makeChumpBlocks,3,4476,4025
pool-25-thread-1 :: choose-attack > forecast-board > forecast-combat > block-search > block-assignBlockers > block-makeChumpBlocks > block-makeChumpBlocks > block-makeChumpBlocks > block-makeChumpBlocks > block-makeChumpBlocks > block-makeChumpBlocks > block-makeChumpBlocks > block-makeChumpBlocks > block-makeChumpBlocks > block-makeChumpBlocks > block-makeChumpBlocks,1,451,451
pool-25-thread-1 :: choose-attack > forecast-board > forecast-combat > block-search > block-assignBlockers > block-makeChumpBlocks > block-makeChumpBlocks > block-makeChumpBlocks > block-makeChumpBlocks > block-makeChumpBlocks > life-danger,1,300876,273916
pool-25-thread-1 :: choose-attack > forecast-board > forecast-combat > block-search > block-assignBlockers > block-makeChumpBlocks > block-makeChumpBlocks > block-makeChumpBlocks > block-makeChumpBlocks > block-makeChumpBlocks > life-danger > predict-damage,3,26960,26960
pool-25-thread-1 :: choose-attack > forecast-board > forecast-combat > block-search > block-assignBlockers > block-makeChumpBlocks > block-makeChumpBlocks > block-makeChumpBlocks > block-makeChumpBlocks > life-danger,5,2398070,2177775
pool-25-thread-1 :: choose-attack > forecast-board > forecast-combat > block-search > block-assignBlockers > block-makeChumpBlocks > block-makeChumpBlocks > block-makeChumpBlocks > block-makeChumpBlocks > life-danger > predict-damage,19,220295,220295
pool-25-thread-1 :: choose-attack > forecast-board > forecast-combat > block-search > block-assignBlockers > block-makeChumpBlocks > block-makeChumpBlocks > block-makeChumpBlocks > life-danger,13,7324152,6063012
pool-25-thread-1 :: choose-attack > forecast-board > forecast-combat > block-search > block-assignBlockers > block-makeChumpBlocks > block-makeChumpBlocks > block-makeChumpBlocks > life-danger > predict-damage,125,1261140,1261140
pool-25-thread-1 :: choose-attack > forecast-board > forecast-combat > block-search > block-assignBlockers > block-makeChumpBlocks > block-makeMultiChumpBlocks,9,3549401,305167
pool-25-thread-1 :: choose-attack > forecast-board > forecast-combat > block-search > block-assignBlockers > block-makeChumpBlocks > block-makeMultiChumpBlocks > block-getPossibleBlockers,43,2749680,119148
pool-25-thread-1 :: choose-attack > forecast-board > forecast-combat > block-search > block-assignBlockers > block-makeChumpBlocks > block-makeMultiChumpBlocks > block-getPossibleBlockers > block-legality,188,2630532,174598
pool-25-thread-1 :: choose-attack > forecast-board > forecast-combat > block-search > block-assignBlockers > block-makeChumpBlocks > block-makeMultiChumpBlocks > block-getPossibleBlockers > block-legality > attacker-blockability,49,415189,415189
pool-25-thread-1 :: choose-attack > forecast-board > forecast-combat > block-search > block-assignBlockers > block-makeChumpBlocks > block-makeMultiChumpBlocks > block-getPossibleBlockers > block-legality > block-legality,237,803078,203214
pool-25-thread-1 :: choose-attack > forecast-board > forecast-combat > block-search > block-assignBlockers > block-makeChumpBlocks > block-makeMultiChumpBlocks > block-getPossibleBlockers > block-legality > block-legality > block-legality,112,599864,202374
pool-25-thread-1 :: choose-attack > forecast-board > forecast-combat > block-search > block-assignBlockers > block-makeChumpBlocks > block-makeMultiChumpBlocks > block-getPossibleBlockers > block-legality > block-legality > block-legality > block-legality,112,397490,397490
pool-25-thread-1 :: choose-attack > forecast-board > forecast-combat > block-search > block-assignBlockers > block-makeChumpBlocks > block-makeMultiChumpBlocks > block-getPossibleBlockers > block-legality > block-requirements,49,1237667,730768
pool-25-thread-1 :: choose-attack > forecast-board > forecast-combat > block-search > block-assignBlockers > block-makeChumpBlocks > block-makeMultiChumpBlocks > block-getPossibleBlockers > block-legality > block-requirements > block-cost,387,506899,506899
pool-25-thread-1 :: choose-attack > forecast-board > forecast-combat > block-search > block-assignBlockers > block-makeChumpBlocks > block-makeMultiChumpBlocks > block-legality,10,494554,28102
pool-25-thread-1 :: choose-attack > forecast-board > forecast-combat > block-search > block-assignBlockers > block-makeChumpBlocks > block-makeMultiChumpBlocks > block-legality > attacker-blockability,10,51897,51897
pool-25-thread-1 :: choose-attack > forecast-board > forecast-combat > block-search > block-assignBlockers > block-makeChumpBlocks > block-makeMultiChumpBlocks > block-legality > block-legality,20,138495,31057
pool-25-thread-1 :: choose-attack > forecast-board > forecast-combat > block-search > block-assignBlockers > block-makeChumpBlocks > block-makeMultiChumpBlocks > block-legality > block-legality > block-legality,20,107438,37168
pool-25-thread-1 :: choose-attack > forecast-board > forecast-combat > block-search > block-assignBlockers > block-makeChumpBlocks > block-makeMultiChumpBlocks > block-legality > block-legality > block-legality > block-legality,20,70270,70270
pool-25-thread-1 :: choose-attack > forecast-board > forecast-combat > block-search > block-assignBlockers > block-makeChumpBlocks > block-makeMultiChumpBlocks > block-legality > block-requirements,10,276060,150559
pool-25-thread-1 :: choose-attack > forecast-board > forecast-combat > block-search > block-assignBlockers > block-makeChumpBlocks > block-makeMultiChumpBlocks > block-legality > block-requirements > block-cost,90,125501,125501
pool-25-thread-1 :: choose-attack > forecast-board > forecast-combat > block-search > block-assignBlockers > block-makeChumpBlocksToSavePW,87,11592481,1890029
pool-25-thread-1 :: choose-attack > forecast-board > forecast-combat > block-search > block-assignBlockers > block-makeChumpBlocksToSavePW > evaluate-creature,388,9702452,9702452
pool-25-thread-1 :: choose-attack > forecast-board > forecast-combat > block-search > block-assignBlockers > block-makeGangBlocks,91,229521669,123969084
pool-25-thread-1 :: choose-attack > forecast-board > forecast-combat > block-search > block-assignBlockers > block-makeGangBlocks > block-getPossibleBlockers,455,56995857,974961
pool-25-thread-1 :: choose-attack > forecast-board > forecast-combat > block-search > block-assignBlockers > block-makeGangBlocks > block-getPossibleBlockers > block-legality,2192,56020896,3835305
pool-25-thread-1 :: choose-attack > forecast-board > forecast-combat > block-search > block-assignBlockers > block-makeGangBlocks > block-getPossibleBlockers > block-legality > attacker-blockability,1440,7370397,7370397
pool-25-thread-1 :: choose-attack > forecast-board > forecast-combat > block-search > block-assignBlockers > block-makeGangBlocks > block-getPossibleBlockers > block-legality > block-legality,3632,19757919,3846282
pool-25-thread-1 :: choose-attack > forecast-board > forecast-combat > block-search > block-assignBlockers > block-makeGangBlocks > block-getPossibleBlockers > block-legality > block-legality > block-legality,2902,15911637,5743142
pool-25-thread-1 :: choose-attack > forecast-board > forecast-combat > block-search > block-assignBlockers > block-makeGangBlocks > block-getPossibleBlockers > block-legality > block-legality > block-legality > block-legality,2902,10168495,10168495
pool-25-thread-1 :: choose-attack > forecast-board > forecast-combat > block-search > block-assignBlockers > block-makeGangBlocks > block-getPossibleBlockers > block-legality > block-requirements,1440,25057275,14414362
pool-25-thread-1 :: choose-attack > forecast-board > forecast-combat > block-search > block-assignBlockers > block-makeGangBlocks > block-getPossibleBlockers > block-legality > block-requirements > block-cost,9271,10642913,10642913
pool-25-thread-1 :: choose-attack > forecast-board > forecast-combat > block-search > block-assignBlockers > block-makeGangBlocks > block-legality,34,1350983,125119
pool-25-thread-1 :: choose-attack > forecast-board > forecast-combat > block-search > block-assignBlockers > block-makeGangBlocks > block-legality > attacker-blockability,34,179107,179107
pool-25-thread-1 :: choose-attack > forecast-board > forecast-combat > block-search > block-assignBlockers > block-makeGangBlocks > block-legality > block-legality,68,488827,142091
pool-25-thread-1 :: choose-attack > forecast-board > forecast-combat > block-search > block-assignBlockers > block-makeGangBlocks > block-legality > block-legality > block-legality,68,346736,127505
pool-25-thread-1 :: choose-attack > forecast-board > forecast-combat > block-search > block-assignBlockers > block-makeGangBlocks > block-legality > block-legality > block-legality > block-legality,68,219231,219231
pool-25-thread-1 :: choose-attack > forecast-board > forecast-combat > block-search > block-assignBlockers > block-makeGangBlocks > block-legality > block-requirements,34,557930,356701
pool-25-thread-1 :: choose-attack > forecast-board > forecast-combat > block-search > block-assignBlockers > block-makeGangBlocks > block-legality > block-requirements > block-cost,200,201229,201229
pool-25-thread-1 :: choose-attack > forecast-board > forecast-combat > block-search > block-assignBlockers > block-makeGangBlocks > evaluate-creature,1327,30986361,30986361
pool-25-thread-1 :: choose-attack > forecast-board > forecast-combat > block-search > block-assignBlockers > block-makeGangBlocks > predict-damage,1831,16219384,16219384
pool-25-thread-1 :: choose-attack > forecast-board > forecast-combat > block-search > block-assignBlockers > block-makeGangNonLethalBlocks,87,15643334,1040425
pool-25-thread-1 :: choose-attack > forecast-board > forecast-combat > block-search > block-assignBlockers > block-makeGangNonLethalBlocks > block-getPossibleBlockers,33,2658572,72704
pool-25-thread-1 :: choose-attack > forecast-board > forecast-combat > block-search > block-assignBlockers > block-makeGangNonLethalBlocks > block-getPossibleBlockers > block-legality,140,2585868,243244
pool-25-thread-1 :: choose-attack > forecast-board > forecast-combat > block-search > block-assignBlockers > block-makeGangNonLethalBlocks > block-getPossibleBlockers > block-legality > attacker-blockability,68,339340,339340
pool-25-thread-1 :: choose-attack > forecast-board > forecast-combat > block-search > block-assignBlockers > block-makeGangNonLethalBlocks > block-getPossibleBlockers > block-legality > block-legality,208,942929,224806
pool-25-thread-1 :: choose-attack > forecast-board > forecast-combat > block-search > block-assignBlockers > block-makeGangNonLethalBlocks > block-getPossibleBlockers > block-legality > block-legality > block-legality,138,718123,247841
pool-25-thread-1 :: choose-attack > forecast-board > forecast-combat > block-search > block-assignBlockers > block-makeGangNonLethalBlocks > block-getPossibleBlockers > block-legality > block-legality > block-legality > block-legality,138,470282,470282
pool-25-thread-1 :: choose-attack > forecast-board > forecast-combat > block-search > block-assignBlockers > block-makeGangNonLethalBlocks > block-getPossibleBlockers > block-legality > block-requirements,68,1060355,615441
pool-25-thread-1 :: choose-attack > forecast-board > forecast-combat > block-search > block-assignBlockers > block-makeGangNonLethalBlocks > block-getPossibleBlockers > block-legality > block-requirements > block-cost,416,444914,444914
pool-25-thread-1 :: choose-attack > forecast-board > forecast-combat > block-search > block-assignBlockers > block-makeGangNonLethalBlocks > block-getSafeBlockers,33,11515216,60460
pool-25-thread-1 :: choose-attack > forecast-board > forecast-combat > block-search > block-assignBlockers > block-makeGangNonLethalBlocks > block-getSafeBlockers > destroy-blocker,68,11454756,10207098
pool-25-thread-1 :: choose-attack > forecast-board > forecast-combat > block-search > block-assignBlockers > block-makeGangNonLethalBlocks > block-getSafeBlockers > destroy-blocker > predict-damage,136,1247658,1247658
pool-25-thread-1 :: choose-attack > forecast-board > forecast-combat > block-search > block-assignBlockers > block-makeGangNonLethalBlocks > block-legality,5,224623,20979
pool-25-thread-1 :: choose-attack > forecast-board > forecast-combat > block-search > block-assignBlockers > block-makeGangNonLethalBlocks > block-legality > attacker-blockability,5,29964,29964
pool-25-thread-1 :: choose-attack > forecast-board > forecast-combat > block-search > block-assignBlockers > block-makeGangNonLethalBlocks > block-legality > block-legality,10,78327,15523
pool-25-thread-1 :: choose-attack > forecast-board > forecast-combat > block-search > block-assignBlockers > block-makeGangNonLethalBlocks > block-legality > block-legality > block-legality,10,62804,27042
pool-25-thread-1 :: choose-attack > forecast-board > forecast-combat > block-search > block-assignBlockers > block-makeGangNonLethalBlocks > block-legality > block-legality > block-legality > block-legality,10,35762,35762
pool-25-thread-1 :: choose-attack > forecast-board > forecast-combat > block-search > block-assignBlockers > block-makeGangNonLethalBlocks > block-legality > block-requirements,5,95353,57534
pool-25-thread-1 :: choose-attack > forecast-board > forecast-combat > block-search > block-assignBlockers > block-makeGangNonLethalBlocks > block-legality > block-requirements > block-cost,35,37819,37819
pool-25-thread-1 :: choose-attack > forecast-board > forecast-combat > block-search > block-assignBlockers > block-makeGangNonLethalBlocks > predict-damage,24,204498,204498
pool-25-thread-1 :: choose-attack > forecast-board > forecast-combat > block-search > block-assignBlockers > block-makeGoodBlocks,89,437014558,21825087
pool-25-thread-1 :: choose-attack > forecast-board > forecast-combat > block-search > block-assignBlockers > block-makeGoodBlocks > block-getKillingBlockers,306,136171719,468051
pool-25-thread-1 :: choose-attack > forecast-board > forecast-combat > block-search > block-assignBlockers > block-makeGoodBlocks > block-getKillingBlockers > destroy-attacker,778,135703668,120598014
pool-25-thread-1 :: choose-attack > forecast-board > forecast-combat > block-search > block-assignBlockers > block-makeGoodBlocks > block-getKillingBlockers > destroy-attacker > predict-damage,1556,15105654,15105654
pool-25-thread-1 :: choose-attack > forecast-board > forecast-combat > block-search > block-assignBlockers > block-makeGoodBlocks > block-getPossibleBlockers,478,70576972,1179464
pool-25-thread-1 :: choose-attack > forecast-board > forecast-combat > block-search > block-assignBlockers > block-makeGoodBlocks > block-getPossibleBlockers > block-legality,2495,69397508,4675189
pool-25-thread-1 :: choose-attack > forecast-board > forecast-combat > block-search > block-assignBlockers > block-makeGoodBlocks > block-getPossibleBlockers > block-legality > attacker-blockability,1755,9625787,9625787
pool-25-thread-1 :: choose-attack > forecast-board > forecast-combat > block-search > block-assignBlockers > block-makeGoodBlocks > block-getPossibleBlockers > block-legality > block-legality,4250,25831314,4865571
pool-25-thread-1 :: choose-attack > forecast-board > forecast-combat > block-search > block-assignBlockers > block-makeGoodBlocks > block-getPossibleBlockers > block-legality > block-legality > block-legality,3514,20965743,8233512
pool-25-thread-1 :: choose-attack > forecast-board > forecast-combat > block-search > block-assignBlockers > block-makeGoodBlocks > block-getPossibleBlockers > block-legality > block-legality > block-legality > block-legality,3514,12732231,12732231
pool-25-thread-1 :: choose-attack > forecast-board > forecast-combat > block-search > block-assignBlockers > block-makeGoodBlocks > block-getPossibleBlockers > block-legality > block-requirements,1755,29265218,16603863
pool-25-thread-1 :: choose-attack > forecast-board > forecast-combat > block-search > block-assignBlockers > block-makeGoodBlocks > block-getPossibleBlockers > block-legality > block-requirements > block-cost,10696,12661355,12661355
pool-25-thread-1 :: choose-attack > forecast-board > forecast-combat > block-search > block-assignBlockers > block-makeGoodBlocks > block-getSafeBlockers,306,203938805,824935
pool-25-thread-1 :: choose-attack > forecast-board > forecast-combat > block-search > block-assignBlockers > block-makeGoodBlocks > block-getSafeBlockers > destroy-blocker,1132,203113870,181160485
pool-25-thread-1 :: choose-attack > forecast-board > forecast-combat > block-search > block-assignBlockers > block-makeGoodBlocks > block-getSafeBlockers > destroy-blocker > predict-damage,2264,21953385,21953385
pool-25-thread-1 :: choose-attack > forecast-board > forecast-combat > block-search > block-assignBlockers > block-makeGoodBlocks > block-legality,8,64006,3275
pool-25-thread-1 :: choose-attack > forecast-board > forecast-combat > block-search > block-assignBlockers > block-makeGoodBlocks > block-legality > block-legality,8,60731,31726
pool-25-thread-1 :: choose-attack > forecast-board > forecast-combat > block-search > block-assignBlockers > block-makeGoodBlocks > block-legality > block-legality > block-legality,8,29005,29005
pool-25-thread-1 :: choose-attack > forecast-board > forecast-combat > block-search > block-assignBlockers > block-makeGoodBlocks > destroy-blocker,8,1127054,972337
pool-25-thread-1 :: choose-attack > forecast-board > forecast-combat > block-search > block-assignBlockers > block-makeGoodBlocks > destroy-blocker > predict-damage,16,154717,154717
pool-25-thread-1 :: choose-attack > forecast-board > forecast-combat > block-search > block-assignBlockers > block-makeGoodBlocks > evaluate-creature,120,3310915,3310915
pool-25-thread-1 :: choose-attack > forecast-board > forecast-combat > block-search > block-assignBlockers > block-makeRequiredBlocks,87,7245952,1189933
pool-25-thread-1 :: choose-attack > forecast-board > forecast-combat > block-search > block-assignBlockers > block-makeRequiredBlocks > block-requirements,392,6056019,3396167
pool-25-thread-1 :: choose-attack > forecast-board > forecast-combat > block-search > block-assignBlockers > block-makeRequiredBlocks > block-requirements > block-cost,2225,2659852,2659852
pool-25-thread-1 :: choose-attack > forecast-board > forecast-combat > block-search > block-assignBlockers > block-makeTradeBlocks,91,75616689,6146393
pool-25-thread-1 :: choose-attack > forecast-board > forecast-combat > block-search > block-assignBlockers > block-makeTradeBlocks > block-getKillingBlockers,173,51968847,283808
pool-25-thread-1 :: choose-attack > forecast-board > forecast-combat > block-search > block-assignBlockers > block-makeTradeBlocks > block-getKillingBlockers > destroy-attacker,324,51685039,45930250
pool-25-thread-1 :: choose-attack > forecast-board > forecast-combat > block-search > block-assignBlockers > block-makeTradeBlocks > block-getKillingBlockers > destroy-attacker > predict-damage,648,5754789,5754789
pool-25-thread-1 :: choose-attack > forecast-board > forecast-combat > block-search > block-assignBlockers > block-makeTradeBlocks > block-getPossibleBlockers,173,17501449,391142
pool-25-thread-1 :: choose-attack > forecast-board > forecast-combat > block-search > block-assignBlockers > block-makeTradeBlocks > block-getPossibleBlockers > block-legality,848,17110307,1280446
pool-25-thread-1 :: choose-attack > forecast-board > forecast-combat > block-search > block-assignBlockers > block-makeTradeBlocks > block-getPossibleBlockers > block-legality > attacker-blockability,435,2362023,2362023
pool-25-thread-1 :: choose-attack > forecast-board > forecast-combat > block-search > block-assignBlockers > block-makeTradeBlocks > block-getPossibleBlockers > block-legality > block-legality,1283,6522612,1469601
pool-25-thread-1 :: choose-attack > forecast-board > forecast-combat > block-search > block-assignBlockers > block-makeTradeBlocks > block-getPossibleBlockers > block-legality > block-legality > block-legality,875,5053011,1928711
pool-25-thread-1 :: choose-attack > forecast-board > forecast-combat > block-search > block-assignBlockers > block-makeTradeBlocks > block-getPossibleBlockers > block-legality > block-legality > block-legality > block-legality,875,3124300,3124300
pool-25-thread-1 :: choose-attack > forecast-board > forecast-combat > block-search > block-assignBlockers > block-makeTradeBlocks > block-getPossibleBlockers > block-legality > block-requirements,435,6945226,3832368
pool-25-thread-1 :: choose-attack > forecast-board > forecast-combat > block-search > block-assignBlockers > block-makeTradeBlocks > block-getPossibleBlockers > block-legality > block-requirements > block-cost,2571,3112858,3112858
pool-25-thread-1 :: choose-attack > forecast-board > forecast-combat > block-search > block-assignBlockers > block-reinforceBlockersAgainstTrample,6,71176,62794
pool-25-thread-1 :: choose-attack > forecast-board > forecast-combat > block-search > block-assignBlockers > block-reinforceBlockersAgainstTrample > block-getPossibleBlockers,1,8382,740
pool-25-thread-1 :: choose-attack > forecast-board > forecast-combat > block-search > block-assignBlockers > block-reinforceBlockersAgainstTrample > block-getPossibleBlockers > block-legality,2,7642,712
pool-25-thread-1 :: choose-attack > forecast-board > forecast-combat > block-search > block-assignBlockers > block-reinforceBlockersAgainstTrample > block-getPossibleBlockers > block-legality > block-legality,2,6930,2804
pool-25-thread-1 :: choose-attack > forecast-board > forecast-combat > block-search > block-assignBlockers > block-reinforceBlockersAgainstTrample > block-getPossibleBlockers > block-legality > block-legality > block-legality,1,4126,460
pool-25-thread-1 :: choose-attack > forecast-board > forecast-combat > block-search > block-assignBlockers > block-reinforceBlockersAgainstTrample > block-getPossibleBlockers > block-legality > block-legality > block-legality > block-legality,1,3666,3666
pool-25-thread-1 :: choose-attack > forecast-board > forecast-combat > block-search > block-assignBlockers > block-reinforceBlockersToKill,89,16996372,4584409
pool-25-thread-1 :: choose-attack > forecast-board > forecast-combat > block-search > block-assignBlockers > block-reinforceBlockersToKill > block-getPossibleBlockers,21,2261149,53933
pool-25-thread-1 :: choose-attack > forecast-board > forecast-combat > block-search > block-assignBlockers > block-reinforceBlockersToKill > block-getPossibleBlockers > block-legality,123,2207216,152888
pool-25-thread-1 :: choose-attack > forecast-board > forecast-combat > block-search > block-assignBlockers > block-reinforceBlockersToKill > block-getPossibleBlockers > block-legality > attacker-blockability,49,300232,300232
pool-25-thread-1 :: choose-attack > forecast-board > forecast-combat > block-search > block-assignBlockers > block-reinforceBlockersToKill > block-getPossibleBlockers > block-legality > block-legality,172,729456,197639
pool-25-thread-1 :: choose-attack > forecast-board > forecast-combat > block-search > block-assignBlockers > block-reinforceBlockersToKill > block-getPossibleBlockers > block-legality > block-legality > block-legality,99,531817,186035
pool-25-thread-1 :: choose-attack > forecast-board > forecast-combat > block-search > block-assignBlockers > block-reinforceBlockersToKill > block-getPossibleBlockers > block-legality > block-legality > block-legality > block-legality,99,345782,345782
pool-25-thread-1 :: choose-attack > forecast-board > forecast-combat > block-search > block-assignBlockers > block-reinforceBlockersToKill > block-getPossibleBlockers > block-legality > block-requirements,49,1024640,687254
pool-25-thread-1 :: choose-attack > forecast-board > forecast-combat > block-search > block-assignBlockers > block-reinforceBlockersToKill > block-getPossibleBlockers > block-legality > block-requirements > block-cost,280,337386,337386
pool-25-thread-1 :: choose-attack > forecast-board > forecast-combat > block-search > block-assignBlockers > block-reinforceBlockersToKill > block-getSafeBlockers,16,8011702,41597
pool-25-thread-1 :: choose-attack > forecast-board > forecast-combat > block-search > block-assignBlockers > block-reinforceBlockersToKill > block-getSafeBlockers > destroy-blocker,49,7970105,7113878
pool-25-thread-1 :: choose-attack > forecast-board > forecast-combat > block-search > block-assignBlockers > block-reinforceBlockersToKill > block-getSafeBlockers > destroy-blocker > predict-damage,98,856227,856227
pool-25-thread-1 :: choose-attack > forecast-board > forecast-combat > block-search > block-assignBlockers > block-reinforceBlockersToKill > block-legality,12,527745,43262
pool-25-thread-1 :: choose-attack > forecast-board > forecast-combat > block-search > block-assignBlockers > block-reinforceBlockersToKill > block-legality > attacker-blockability,12,69172,69172
pool-25-thread-1 :: choose-attack > forecast-board > forecast-combat > block-search > block-assignBlockers > block-reinforceBlockersToKill > block-legality > block-legality,24,173932,42720
pool-25-thread-1 :: choose-attack > forecast-board > forecast-combat > block-search > block-assignBlockers > block-reinforceBlockersToKill > block-legality > block-legality > block-legality,24,131212,43592
pool-25-thread-1 :: choose-attack > forecast-board > forecast-combat > block-search > block-assignBlockers > block-reinforceBlockersToKill > block-legality > block-legality > block-legality > block-legality,24,87620,87620
pool-25-thread-1 :: choose-attack > forecast-board > forecast-combat > block-search > block-assignBlockers > block-reinforceBlockersToKill > block-legality > block-requirements,12,241379,137365
pool-25-thread-1 :: choose-attack > forecast-board > forecast-combat > block-search > block-assignBlockers > block-reinforceBlockersToKill > block-legality > block-requirements > block-cost,91,104014,104014
pool-25-thread-1 :: choose-attack > forecast-board > forecast-combat > block-search > block-assignBlockers > block-reinforceBlockersToKill > evaluate-creature,16,528786,528786
pool-25-thread-1 :: choose-attack > forecast-board > forecast-combat > block-search > block-assignBlockers > block-reinforceBlockersToKill > predict-damage,122,1082581,1082581
pool-25-thread-1 :: choose-attack > forecast-board > forecast-combat > block-search > block-assignBlockers > block-removeUnpayableBlocks,87,9373512,9124444
pool-25-thread-1 :: choose-attack > forecast-board > forecast-combat > block-search > block-assignBlockers > block-removeUnpayableBlocks > block-cost,198,249068,249068
pool-25-thread-1 :: choose-attack > forecast-board > forecast-combat > block-search > block-assignBlockers > life-danger,100,58113833,50815535
pool-25-thread-1 :: choose-attack > forecast-board > forecast-combat > block-search > block-assignBlockers > life-danger > predict-damage,774,7298298,7298298
pool-25-thread-1 :: choose-attack > forecast-board > forecast-combat > block-search > block-assignBlockers > predict-damage,20,154606,154606
pool-25-thread-1 :: choose-attack > forecast-board > forecast-combat > block-search > block-sortPotentialAttackers,87,74076045,17568405
pool-25-thread-1 :: choose-attack > forecast-board > forecast-combat > block-search > block-sortPotentialAttackers > life-danger,87,54679678,45694054
pool-25-thread-1 :: choose-attack > forecast-board > forecast-combat > block-search > block-sortPotentialAttackers > life-danger > predict-damage,934,8985624,8985624
pool-25-thread-1 :: choose-attack > forecast-board > forecast-combat > block-search > block-sortPotentialAttackers > predict-damage,74,1827962,1827962
pool-25-thread-1 :: choose-attack > forecast-board > forecast-combat > predict-damage,865,17060137,17060137
pool-25-thread-1 :: choose-block,15,95674516,71377
pool-25-thread-1 :: choose-block > block-search,15,95603139,154821
pool-25-thread-1 :: choose-block > block-search > block-assignBlockers,15,86811509,3054084
pool-25-thread-1 :: choose-block > block-search > block-assignBlockers > attacker-blockability,42,159429,159429
pool-25-thread-1 :: choose-block > block-search > block-assignBlockers > block-legality,92,552051,161669
pool-25-thread-1 :: choose-block > block-search > block-assignBlockers > block-legality > block-legality,92,390382,67275
pool-25-thread-1 :: choose-block > block-search > block-assignBlockers > block-legality > block-legality > block-legality,92,323107,323107
pool-25-thread-1 :: choose-block > block-search > block-assignBlockers > block-makeChumpBlocks,7,7867699,17334
pool-25-thread-1 :: choose-block > block-search > block-assignBlockers > block-makeChumpBlocks > block-makeChumpBlocks,7,6007137,11056
pool-25-thread-1 :: choose-block > block-search > block-assignBlockers > block-makeChumpBlocks > block-makeChumpBlocks > block-makeChumpBlocks,7,5996081,189682
pool-25-thread-1 :: choose-block > block-search > block-assignBlockers > block-makeChumpBlocks > block-makeChumpBlocks > block-makeChumpBlocks > block-getPossibleBlockers,6,1031310,13189
pool-25-thread-1 :: choose-block > block-search > block-assignBlockers > block-makeChumpBlocks > block-makeChumpBlocks > block-makeChumpBlocks > block-getPossibleBlockers > block-legality,38,1018121,76708
pool-25-thread-1 :: choose-block > block-search > block-assignBlockers > block-makeChumpBlocks > block-makeChumpBlocks > block-makeChumpBlocks > block-getPossibleBlockers > block-legality > attacker-blockability,34,187218,187218
pool-25-thread-1 :: choose-block > block-search > block-assignBlockers > block-makeChumpBlocks > block-makeChumpBlocks > block-makeChumpBlocks > block-getPossibleBlockers > block-legality > block-legality,72,503254,85944
pool-25-thread-1 :: choose-block > block-search > block-assignBlockers > block-makeChumpBlocks > block-makeChumpBlocks > block-makeChumpBlocks > block-getPossibleBlockers > block-legality > block-legality > block-legality,70,417310,151462
pool-25-thread-1 :: choose-block > block-search > block-assignBlockers > block-makeChumpBlocks > block-makeChumpBlocks > block-makeChumpBlocks > block-getPossibleBlockers > block-legality > block-legality > block-legality > block-legality,70,265848,265848
pool-25-thread-1 :: choose-block > block-search > block-assignBlockers > block-makeChumpBlocks > block-makeChumpBlocks > block-makeChumpBlocks > block-getPossibleBlockers > block-legality > block-requirements,34,250941,132428
pool-25-thread-1 :: choose-block > block-search > block-assignBlockers > block-makeChumpBlocks > block-makeChumpBlocks > block-makeChumpBlocks > block-getPossibleBlockers > block-legality > block-requirements > block-cost,84,118513,118513
pool-25-thread-1 :: choose-block > block-search > block-assignBlockers > block-makeChumpBlocks > block-makeChumpBlocks > block-makeChumpBlocks > block-makeChumpBlocks,7,1498715,22306
pool-25-thread-1 :: choose-block > block-search > block-assignBlockers > block-makeChumpBlocks > block-makeChumpBlocks > block-makeChumpBlocks > block-makeChumpBlocks > block-makeChumpBlocks,7,474622,21660
pool-25-thread-1 :: choose-block > block-search > block-assignBlockers > block-makeChumpBlocks > block-makeChumpBlocks > block-makeChumpBlocks > block-makeChumpBlocks > block-makeChumpBlocks > block-getPossibleBlockers,3,44356,3095
pool-25-thread-1 :: choose-block > block-search > block-assignBlockers > block-makeChumpBlocks > block-makeChumpBlocks > block-makeChumpBlocks > block-makeChumpBlocks > block-makeChumpBlocks > block-getPossibleBlockers > block-legality,8,41261,5598
pool-25-thread-1 :: choose-block > block-search > block-assignBlockers > block-makeChumpBlocks > block-makeChumpBlocks > block-makeChumpBlocks > block-makeChumpBlocks > block-makeChumpBlocks > block-getPossibleBlockers > block-legality > attacker-blockability,1,3475,3475
pool-25-thread-1 :: choose-block > block-search > block-assignBlockers > block-makeChumpBlocks > block-makeChumpBlocks > block-makeChumpBlocks > block-makeChumpBlocks > block-makeChumpBlocks > block-getPossibleBlockers > block-legality > block-legality,9,18668,7842
pool-25-thread-1 :: choose-block > block-search > block-assignBlockers > block-makeChumpBlocks > block-makeChumpBlocks > block-makeChumpBlocks > block-makeChumpBlocks > block-makeChumpBlocks > block-getPossibleBlockers > block-legality > block-legality > block-legality,4,10826,4447
pool-25-thread-1 :: choose-block > block-search > block-assignBlockers > block-makeChumpBlocks > block-makeChumpBlocks > block-makeChumpBlocks > block-makeChumpBlocks > block-makeChumpBlocks > block-getPossibleBlockers > block-legality > block-legality > block-legality > block-legality,4,6379,6379
pool-25-thread-1 :: choose-block > block-search > block-assignBlockers > block-makeChumpBlocks > block-makeChumpBlocks > block-makeChumpBlocks > block-makeChumpBlocks > block-makeChumpBlocks > block-getPossibleBlockers > block-legality > block-requirements,1,13520,9173
pool-25-thread-1 :: choose-block > block-search > block-assignBlockers > block-makeChumpBlocks > block-makeChumpBlocks > block-makeChumpBlocks > block-makeChumpBlocks > block-makeChumpBlocks > block-getPossibleBlockers > block-legality > block-requirements > block-cost,6,4347,4347
pool-25-thread-1 :: choose-block > block-search > block-assignBlockers > block-makeChumpBlocks > block-makeChumpBlocks > block-makeChumpBlocks > block-makeChumpBlocks > block-makeChumpBlocks > block-makeChumpBlocks,4,408606,15892
pool-25-thread-1 :: choose-block > block-search > block-assignBlockers > block-makeChumpBlocks > block-makeChumpBlocks > block-makeChumpBlocks > block-makeChumpBlocks > block-makeChumpBlocks > block-makeChumpBlocks > block-getPossibleBlockers,3,15303,2855
pool-25-thread-1 :: choose-block > block-search > block-assignBlockers > block-makeChumpBlocks > block-makeChumpBlocks > block-makeChumpBlocks > block-makeChumpBlocks > block-makeChumpBlocks > block-makeChumpBlocks > block-getPossibleBlockers > block-legality,8,12448,4375
pool-25-thread-1 :: choose-block > block-search > block-assignBlockers > block-makeChumpBlocks > block-makeChumpBlocks > block-makeChumpBlocks > block-makeChumpBlocks > block-makeChumpBlocks > block-makeChumpBlocks > block-getPossibleBlockers > block-legality > block-legality,8,8073,5480
pool-25-thread-1 :: choose-block > block-search > block-assignBlockers > block-makeChumpBlocks > block-makeChumpBlocks > block-makeChumpBlocks > block-makeChumpBlocks > block-makeChumpBlocks > block-makeChumpBlocks > block-getPossibleBlockers > block-legality > block-legality > block-legality,2,2593,1011
pool-25-thread-1 :: choose-block > block-search > block-assignBlockers > block-makeChumpBlocks > block-makeChumpBlocks > block-makeChumpBlocks > block-makeChumpBlocks > block-makeChumpBlocks > block-makeChumpBlocks > block-getPossibleBlockers > block-legality > block-legality > block-legality > block-legality,2,1582,1582
pool-25-thread-1 :: choose-block > block-search > block-assignBlockers > block-makeChumpBlocks > block-makeChumpBlocks > block-makeChumpBlocks > block-makeChumpBlocks > block-makeChumpBlocks > block-makeChumpBlocks > block-makeChumpBlocks,4,26890,9123
pool-25-thread-1 :: choose-block > block-search > block-assignBlockers > block-makeChumpBlocks > block-makeChumpBlocks > block-makeChumpBlocks > block-makeChumpBlocks > block-makeChumpBlocks > block-makeChumpBlocks > block-makeChumpBlocks > block-makeChumpBlocks,4,17767,7901
pool-25-thread-1 :: choose-block > block-search > block-assignBlockers > block-makeChumpBlocks > block-makeChumpBlocks > block-makeChumpBlocks > block-makeChumpBlocks > block-makeChumpBlocks > block-makeChumpBlocks > block-makeChumpBlocks > block-makeChumpBlocks > block-getPossibleBlockers,1,6289,1302
pool-25-thread-1 :: choose-block > block-search > block-assignBlockers > block-makeChumpBlocks > block-makeChumpBlocks > block-makeChumpBlocks > block-makeChumpBlocks > block-makeChumpBlocks > block-makeChumpBlocks > block-makeChumpBlocks > block-makeChumpBlocks > block-getPossibleBlockers > block-legality,3,4987,1161
pool-25-thread-1 :: choose-block > block-search > block-assignBlockers > block-makeChumpBlocks > block-makeChumpBlocks > block-makeChumpBlocks > block-makeChumpBlocks > block-makeChumpBlocks > block-makeChumpBlocks > block-makeChumpBlocks > block-makeChumpBlocks > block-getPossibleBlockers > block-legality > block-legality,3,3826,2164
pool-25-thread-1 :: choose-block > block-search > block-assignBlockers > block-makeChumpBlocks > block-makeChumpBlocks > block-makeChumpBlocks > block-makeChumpBlocks > block-makeChumpBlocks > block-makeChumpBlocks > block-makeChumpBlocks > block-makeChumpBlocks > block-getPossibleBlockers > block-legality > block-legality > block-legality,1,1662,911
pool-25-thread-1 :: choose-block > block-search > block-assignBlockers > block-makeChumpBlocks > block-makeChumpBlocks > block-makeChumpBlocks > block-makeChumpBlocks > block-makeChumpBlocks > block-makeChumpBlocks > block-makeChumpBlocks > block-makeChumpBlocks > block-getPossibleBlockers > block-legality > block-legality > block-legality > block-legality,1,751,751
pool-25-thread-1 :: choose-block > block-search > block-assignBlockers > block-makeChumpBlocks > block-makeChumpBlocks > block-makeChumpBlocks > block-makeChumpBlocks > block-makeChumpBlocks > block-makeChumpBlocks > block-makeChumpBlocks > block-makeChumpBlocks > block-makeChumpBlocks,2,3577,3267
pool-25-thread-1 :: choose-block > block-search > block-assignBlockers > block-makeChumpBlocks > block-makeChumpBlocks > block-makeChumpBlocks > block-makeChumpBlocks > block-makeChumpBlocks > block-makeChumpBlocks > block-makeChumpBlocks > block-makeChumpBlocks > block-makeChumpBlocks > block-makeChumpBlocks,1,310,310
pool-25-thread-1 :: choose-block > block-search > block-assignBlockers > block-makeChumpBlocks > block-makeChumpBlocks > block-makeChumpBlocks > block-makeChumpBlocks > block-makeChumpBlocks > block-makeChumpBlocks > life-danger,1,350521,288180
pool-25-thread-1 :: choose-block > block-search > block-assignBlockers > block-makeChumpBlocks > block-makeChumpBlocks > block-makeChumpBlocks > block-makeChumpBlocks > block-makeChumpBlocks > block-makeChumpBlocks > life-danger > predict-damage,10,62341,62341
pool-25-thread-1 :: choose-block > block-search > block-assignBlockers > block-makeChumpBlocks > block-makeChumpBlocks > block-makeChumpBlocks > block-makeChumpBlocks > life-danger,3,1001787,827412
pool-25-thread-1 :: choose-block > block-search > block-assignBlockers > block-makeChumpBlocks > block-makeChumpBlocks > block-makeChumpBlocks > block-makeChumpBlocks > life-danger > predict-damage,32,174375,174375
pool-25-thread-1 :: choose-block > block-search > block-assignBlockers > block-makeChumpBlocks > block-makeChumpBlocks > block-makeChumpBlocks > life-danger,7,3276374,2722089
pool-25-thread-1 :: choose-block > block-search > block-assignBlockers > block-makeChumpBlocks > block-makeChumpBlocks > block-makeChumpBlocks > life-danger > predict-damage,65,554285,554285
pool-25-thread-1 :: choose-block > block-search > block-assignBlockers > block-makeChumpBlocks > block-makeMultiChumpBlocks,7,1843228,173059
pool-25-thread-1 :: choose-block > block-search > block-assignBlockers > block-makeChumpBlocks > block-makeMultiChumpBlocks > block-getPossibleBlockers,16,1307640,34391
pool-25-thread-1 :: choose-block > block-search > block-assignBlockers > block-makeChumpBlocks > block-makeMultiChumpBlocks > block-getPossibleBlockers > block-legality,88,1273249,118414
pool-25-thread-1 :: choose-block > block-search > block-assignBlockers > block-makeChumpBlocks > block-makeMultiChumpBlocks > block-getPossibleBlockers > block-legality > attacker-blockability,36,207140,207140
pool-25-thread-1 :: choose-block > block-search > block-assignBlockers > block-makeChumpBlocks > block-makeMultiChumpBlocks > block-getPossibleBlockers > block-legality > block-legality,124,596221,172888
pool-25-thread-1 :: choose-block > block-search > block-assignBlockers > block-makeChumpBlocks > block-makeMultiChumpBlocks > block-getPossibleBlockers > block-legality > block-legality > block-legality,76,423333,150411
pool-25-thread-1 :: choose-block > block-search > block-assignBlockers > block-makeChumpBlocks > block-makeMultiChumpBlocks > block-getPossibleBlockers > block-legality > block-legality > block-legality > block-legality,76,272922,272922
pool-25-thread-1 :: choose-block > block-search > block-assignBlockers > block-makeChumpBlocks > block-makeMultiChumpBlocks > block-getPossibleBlockers > block-legality > block-requirements,36,351474,185153
pool-25-thread-1 :: choose-block > block-search > block-assignBlockers > block-makeChumpBlocks > block-makeMultiChumpBlocks > block-getPossibleBlockers > block-legality > block-requirements > block-cost,114,166321,166321
pool-25-thread-1 :: choose-block > block-search > block-assignBlockers > block-makeChumpBlocks > block-makeMultiChumpBlocks > block-legality,10,362529,25127
pool-25-thread-1 :: choose-block > block-search > block-assignBlockers > block-makeChumpBlocks > block-makeMultiChumpBlocks > block-legality > attacker-blockability,10,54561,54561
pool-25-thread-1 :: choose-block > block-search > block-assignBlockers > block-makeChumpBlocks > block-makeMultiChumpBlocks > block-legality > block-legality,20,139488,26599
pool-25-thread-1 :: choose-block > block-search > block-assignBlockers > block-makeChumpBlocks > block-makeMultiChumpBlocks > block-legality > block-legality > block-legality,20,112889,37455
pool-25-thread-1 :: choose-block > block-search > block-assignBlockers > block-makeChumpBlocks > block-makeMultiChumpBlocks > block-legality > block-legality > block-legality > block-legality,20,75434,75434
pool-25-thread-1 :: choose-block > block-search > block-assignBlockers > block-makeChumpBlocks > block-makeMultiChumpBlocks > block-legality > block-requirements,10,143353,79044
pool-25-thread-1 :: choose-block > block-search > block-assignBlockers > block-makeChumpBlocks > block-makeMultiChumpBlocks > block-legality > block-requirements > block-cost,48,64309,64309
pool-25-thread-1 :: choose-block > block-search > block-assignBlockers > block-makeChumpBlocksToSavePW,15,1530852,195605
pool-25-thread-1 :: choose-block > block-search > block-assignBlockers > block-makeChumpBlocksToSavePW > evaluate-creature,56,1335247,1335247
pool-25-thread-1 :: choose-block > block-search > block-assignBlockers > block-makeGangBlocks,19,27163423,15577596
pool-25-thread-1 :: choose-block > block-search > block-assignBlockers > block-makeGangBlocks > block-getPossibleBlockers,71,7664254,141873
pool-25-thread-1 :: choose-block > block-search > block-assignBlockers > block-makeGangBlocks > block-getPossibleBlockers > block-legality,309,7522381,591077
pool-25-thread-1 :: choose-block > block-search > block-assignBlockers > block-makeGangBlocks > block-getPossibleBlockers > block-legality > attacker-blockability,243,1319723,1319723
pool-25-thread-1 :: choose-block > block-search > block-assignBlockers > block-makeGangBlocks > block-getPossibleBlockers > block-legality > block-legality,552,3250060,540261
pool-25-thread-1 :: choose-block > block-search > block-assignBlockers > block-makeGangBlocks > block-getPossibleBlockers > block-legality > block-legality > block-legality,496,2709799,975706
pool-25-thread-1 :: choose-block > block-search > block-assignBlockers > block-makeGangBlocks > block-getPossibleBlockers > block-legality > block-legality > block-legality > block-legality,496,1734093,1734093
pool-25-thread-1 :: choose-block > block-search > block-assignBlockers > block-makeGangBlocks > block-getPossibleBlockers > block-legality > block-requirements,243,2361521,1396222
pool-25-thread-1 :: choose-block > block-search > block-assignBlockers > block-makeGangBlocks > block-getPossibleBlockers > block-legality > block-requirements > block-cost,766,965299,965299
pool-25-thread-1 :: choose-block > block-search > block-assignBlockers > block-makeGangBlocks > block-legality,8,209501,25858
pool-25-thread-1 :: choose-block > block-search > block-assignBlockers > block-makeGangBlocks > block-legality > attacker-blockability,8,38808,38808
pool-25-thread-1 :: choose-block > block-search > block-assignBlockers > block-makeGangBlocks > block-legality > block-legality,16,109353,22755
pool-25-thread-1 :: choose-block > block-search > block-assignBlockers > block-makeGangBlocks > block-legality > block-legality > block-legality,16,86598,35412
pool-25-thread-1 :: choose-block > block-search > block-assignBlockers > block-makeGangBlocks > block-legality > block-legality > block-legality > block-legality,16,51186,51186
pool-25-thread-1 :: choose-block > block-search > block-assignBlockers > block-makeGangBlocks > block-legality > block-requirements,8,35482,21991
pool-25-thread-1 :: choose-block > block-search > block-assignBlockers > block-makeGangBlocks > block-legality > block-requirements > block-cost,12,13491,13491
pool-25-thread-1 :: choose-block > block-search > block-assignBlockers > block-makeGangBlocks > evaluate-creature,142,2727950,2727950
pool-25-thread-1 :: choose-block > block-search > block-assignBlockers > block-makeGangBlocks > predict-damage,132,984122,984122
pool-25-thread-1 :: choose-block > block-search > block-assignBlockers > block-makeGangNonLethalBlocks,15,4733106,305384
pool-25-thread-1 :: choose-block > block-search > block-assignBlockers > block-makeGangNonLethalBlocks > block-getPossibleBlockers,9,637937,19120
pool-25-thread-1 :: choose-block > block-search > block-assignBlockers > block-makeGangNonLethalBlocks > block-getPossibleBlockers > block-legality,33,618817,80258
pool-25-thread-1 :: choose-block > block-search > block-assignBlockers > block-makeGangNonLethalBlocks > block-getPossibleBlockers > block-legality > attacker-blockability,22,106689,106689
pool-25-thread-1 :: choose-block > block-search > block-assignBlockers > block-makeGangNonLethalBlocks > block-getPossibleBlockers > block-legality > block-legality,55,299094,52811
pool-25-thread-1 :: choose-block > block-search > block-assignBlockers > block-makeGangNonLethalBlocks > block-getPossibleBlockers > block-legality > block-legality > block-legality,45,246283,80799
pool-25-thread-1 :: choose-block > block-search > block-assignBlockers > block-makeGangNonLethalBlocks > block-getPossibleBlockers > block-legality > block-legality > block-legality > block-legality,45,165484,165484
pool-25-thread-1 :: choose-block > block-search > block-assignBlockers > block-makeGangNonLethalBlocks > block-getPossibleBlockers > block-legality > block-requirements,22,132776,81062
pool-25-thread-1 :: choose-block > block-search > block-assignBlockers > block-makeGangNonLethalBlocks > block-getPossibleBlockers > block-legality > block-requirements > block-cost,49,51714,51714
pool-25-thread-1 :: choose-block > block-search > block-assignBlockers > block-makeGangNonLethalBlocks > block-getSafeBlockers,9,3724017,19404
pool-25-thread-1 :: choose-block > block-search > block-assignBlockers > block-makeGangNonLethalBlocks > block-getSafeBlockers > destroy-blocker,22,3704613,3296164
pool-25-thread-1 :: choose-block > block-search > block-assignBlockers > block-makeGangNonLethalBlocks > block-getSafeBlockers > destroy-blocker > predict-damage,44,408449,408449
pool-25-thread-1 :: choose-block > block-search > block-assignBlockers > block-makeGangNonLethalBlocks > block-legality,1,44817,7740
pool-25-thread-1 :: choose-block > block-search > block-assignBlockers > block-makeGangNonLethalBlocks > block-legality > attacker-blockability,1,9665,9665
pool-25-thread-1 :: choose-block > block-search > block-assignBlockers > block-makeGangNonLethalBlocks > block-legality > block-legality,2,20101,4327
pool-25-thread-1 :: choose-block > block-search > block-assignBlockers > block-makeGangNonLethalBlocks > block-legality > block-legality > block-legality,2,15774,5058
pool-25-thread-1 :: choose-block > block-search > block-assignBlockers > block-makeGangNonLethalBlocks > block-legality > block-legality > block-legality > block-legality,2,10716,10716
pool-25-thread-1 :: choose-block > block-search > block-assignBlockers > block-makeGangNonLethalBlocks > block-legality > block-requirements,1,7311,4437
pool-25-thread-1 :: choose-block > block-search > block-assignBlockers > block-makeGangNonLethalBlocks > block-legality > block-requirements > block-cost,2,2874,2874
pool-25-thread-1 :: choose-block > block-search > block-assignBlockers > block-makeGangNonLethalBlocks > predict-damage,2,20951,20951
pool-25-thread-1 :: choose-block > block-search > block-assignBlockers > block-makeGoodBlocks,17,23422801,665284
pool-25-thread-1 :: choose-block > block-search > block-assignBlockers > block-makeGoodBlocks > block-getKillingBlockers,21,8372637,30285
pool-25-thread-1 :: choose-block > block-search > block-assignBlockers > block-makeGoodBlocks > block-getKillingBlockers > destroy-attacker,54,8342352,7470156
pool-25-thread-1 :: choose-block > block-search > block-assignBlockers > block-makeGoodBlocks > block-getKillingBlockers > destroy-attacker > predict-damage,108,872196,872196
pool-25-thread-1 :: choose-block > block-search > block-assignBlockers > block-makeGoodBlocks > block-getPossibleBlockers,39,4594147,73802
pool-25-thread-1 :: choose-block > block-search > block-assignBlockers > block-makeGoodBlocks > block-getPossibleBlockers > block-legality,168,4520345,372756
pool-25-thread-1 :: choose-block > block-search > block-assignBlockers > block-makeGoodBlocks > block-getPossibleBlockers > block-legality > attacker-blockability,152,792763,792763
pool-25-thread-1 :: choose-block > block-search > block-assignBlockers > block-makeGoodBlocks > block-getPossibleBlockers > block-legality > block-legality,320,2111495,315389
pool-25-thread-1 :: choose-block > block-search > block-assignBlockers > block-makeGoodBlocks > block-getPossibleBlockers > block-legality > block-legality > block-legality,310,1796106,656938
pool-25-thread-1 :: choose-block > block-search > block-assignBlockers > block-makeGoodBlocks > block-getPossibleBlockers > block-legality > block-legality > block-legality > block-legality,310,1139168,1139168
pool-25-thread-1 :: choose-block > block-search > block-assignBlockers > block-makeGoodBlocks > block-getPossibleBlockers > block-legality > block-requirements,152,1243331,694358
pool-25-thread-1 :: choose-block > block-search > block-assignBlockers > block-makeGoodBlocks > block-getPossibleBlockers > block-legality > block-requirements > block-cost,441,548973,548973
pool-25-thread-1 :: choose-block > block-search > block-assignBlockers > block-makeGoodBlocks > block-getSafeBlockers,21,9548763,33468
pool-25-thread-1 :: choose-block > block-search > block-assignBlockers > block-makeGoodBlocks > block-getSafeBlockers > destroy-blocker,54,9515295,8538621
pool-25-thread-1 :: choose-block > block-search > block-assignBlockers > block-makeGoodBlocks > block-getSafeBlockers > destroy-blocker > predict-damage,108,976674,976674
pool-25-thread-1 :: choose-block > block-search > block-assignBlockers > block-makeGoodBlocks > evaluate-creature,8,241970,241970
pool-25-thread-1 :: choose-block > block-search > block-assignBlockers > block-makeRequiredBlocks,15,739987,189394
pool-25-thread-1 :: choose-block > block-search > block-assignBlockers > block-makeRequiredBlocks > block-requirements,69,550593,342378
pool-25-thread-1 :: choose-block > block-search > block-assignBlockers > block-makeRequiredBlocks > block-requirements > block-cost,181,208215,208215
pool-25-thread-1 :: choose-block > block-search > block-assignBlockers > block-makeTradeBlocks,19,6034789,166635
pool-25-thread-1 :: choose-block > block-search > block-assignBlockers > block-makeTradeBlocks > block-getKillingBlockers,19,4049402,13240
pool-25-thread-1 :: choose-block > block-search > block-assignBlockers > block-makeTradeBlocks > block-getKillingBlockers > destroy-attacker,21,4036162,3688192
pool-25-thread-1 :: choose-block > block-search > block-assignBlockers > block-makeTradeBlocks > block-getKillingBlockers > destroy-attacker > predict-damage,42,347970,347970
pool-25-thread-1 :: choose-block > block-search > block-assignBlockers > block-makeTradeBlocks > block-getPossibleBlockers,19,1818752,32447
pool-25-thread-1 :: choose-block > block-search > block-assignBlockers > block-makeTradeBlocks > block-getPossibleBlockers > block-legality,76,1786305,139863
pool-25-thread-1 :: choose-block > block-search > block-assignBlockers > block-makeTradeBlocks > block-getPossibleBlockers > block-legality > attacker-blockability,59,306976,306976
pool-25-thread-1 :: choose-block > block-search > block-assignBlockers > block-makeTradeBlocks > block-getPossibleBlockers > block-legality > block-legality,135,889504,157696
pool-25-thread-1 :: choose-block > block-search > block-assignBlockers > block-makeTradeBlocks > block-getPossibleBlockers > block-legality > block-legality > block-legality,124,731808,256003
pool-25-thread-1 :: choose-block > block-search > block-assignBlockers > block-makeTradeBlocks > block-getPossibleBlockers > block-legality > block-legality > block-legality > block-legality,124,475805,475805
pool-25-thread-1 :: choose-block > block-search > block-assignBlockers > block-makeTradeBlocks > block-getPossibleBlockers > block-legality > block-requirements,59,449962,256467
pool-25-thread-1 :: choose-block > block-search > block-assignBlockers > block-makeTradeBlocks > block-getPossibleBlockers > block-legality > block-requirements > block-cost,166,193495,193495
pool-25-thread-1 :: choose-block > block-search > block-assignBlockers > block-reinforceBlockersAgainstTrample,6,65627,57024
pool-25-thread-1 :: choose-block > block-search > block-assignBlockers > block-reinforceBlockersAgainstTrample > block-getPossibleBlockers,2,8603,1713
pool-25-thread-1 :: choose-block > block-search > block-assignBlockers > block-reinforceBlockersAgainstTrample > block-getPossibleBlockers > block-legality,5,6890,1591
pool-25-thread-1 :: choose-block > block-search > block-assignBlockers > block-reinforceBlockersAgainstTrample > block-getPossibleBlockers > block-legality > block-legality,5,5299,3817
pool-25-thread-1 :: choose-block > block-search > block-assignBlockers > block-reinforceBlockersAgainstTrample > block-getPossibleBlockers > block-legality > block-legality > block-legality,1,1482,420
pool-25-thread-1 :: choose-block > block-search > block-assignBlockers > block-reinforceBlockersAgainstTrample > block-getPossibleBlockers > block-legality > block-legality > block-legality > block-legality,1,1062,1062
pool-25-thread-1 :: choose-block > block-search > block-assignBlockers > block-reinforceBlockersToKill,17,132125,116873
pool-25-thread-1 :: choose-block > block-search > block-assignBlockers > block-reinforceBlockersToKill > block-getPossibleBlockers,3,15252,2975
pool-25-thread-1 :: choose-block > block-search > block-assignBlockers > block-reinforceBlockersToKill > block-getPossibleBlockers > block-legality,9,12277,2442
pool-25-thread-1 :: choose-block > block-search > block-assignBlockers > block-reinforceBlockersToKill > block-getPossibleBlockers > block-legality > block-legality,9,9835,6110
pool-25-thread-1 :: choose-block > block-search > block-assignBlockers > block-reinforceBlockersToKill > block-getPossibleBlockers > block-legality > block-legality > block-legality,3,3725,1722
pool-25-thread-1 :: choose-block > block-search > block-assignBlockers > block-reinforceBlockersToKill > block-getPossibleBlockers > block-legality > block-legality > block-legality > block-legality,3,2003,2003
pool-25-thread-1 :: choose-block > block-search > block-assignBlockers > block-removeUnpayableBlocks,15,1959868,1937967
pool-25-thread-1 :: choose-block > block-search > block-assignBlockers > block-removeUnpayableBlocks > block-cost,18,21901,21901
pool-25-thread-1 :: choose-block > block-search > block-assignBlockers > life-danger,26,9313694,8105611
pool-25-thread-1 :: choose-block > block-search > block-assignBlockers > life-danger > predict-damage,146,1208083,1208083
pool-25-thread-1 :: choose-block > block-search > block-assignBlockers > predict-damage,12,81974,81974
pool-25-thread-1 :: choose-block > block-search > block-sortPotentialAttackers,15,8636809,1369882
pool-25-thread-1 :: choose-block > block-search > block-sortPotentialAttackers > life-danger,14,7117706,6068684
pool-25-thread-1 :: choose-block > block-search > block-sortPotentialAttackers > life-danger > predict-damage,75,1049022,1049022
pool-25-thread-1 :: choose-block > block-search > block-sortPotentialAttackers > predict-damage,5,149221,149221
pool-25-thread-1 :: choose-trigger,87,159720715,508912
pool-25-thread-1 :: choose-trigger > choose-trigger,78,159211803,23625142
pool-25-thread-1 :: choose-trigger > choose-trigger > evaluate-creature,45,6218751,6218751
pool-25-thread-1 :: choose-trigger > choose-trigger > forecast-board,18,129120083,298910
pool-25-thread-1 :: choose-trigger > choose-trigger > forecast-board > evaluate-creature,80,9492446,9492446
pool-25-thread-1 :: choose-trigger > choose-trigger > forecast-board > forecast-combat,18,119328727,34460330
pool-25-thread-1 :: choose-trigger > choose-trigger > forecast-board > forecast-combat > block-search,17,81629003,87228
pool-25-thread-1 :: choose-trigger > choose-trigger > forecast-board > forecast-combat > block-search > block-assignBlockers,17,68815824,1420773
pool-25-thread-1 :: choose-trigger > choose-trigger > forecast-board > forecast-combat > block-search > block-assignBlockers > attacker-blockability,80,428946,428946
pool-25-thread-1 :: choose-trigger > choose-trigger > forecast-board > forecast-combat > block-search > block-assignBlockers > block-legality,70,403567,155375
pool-25-thread-1 :: choose-trigger > choose-trigger > forecast-board > forecast-combat > block-search > block-assignBlockers > block-legality > block-legality,70,248192,27809
pool-25-thread-1 :: choose-trigger > choose-trigger > forecast-board > forecast-combat > block-search > block-assignBlockers > block-legality > block-legality > block-legality,70,220383,220383
pool-25-thread-1 :: choose-trigger > choose-trigger > forecast-board > forecast-combat > block-search > block-assignBlockers > block-makeChumpBlocksToSavePW,17,1351037,142377
pool-25-thread-1 :: choose-trigger > choose-trigger > forecast-board > forecast-combat > block-search > block-assignBlockers > block-makeChumpBlocksToSavePW > evaluate-creature,50,1208660,1208660
pool-25-thread-1 :: choose-trigger > choose-trigger > forecast-board > forecast-combat > block-search > block-assignBlockers > block-makeGangBlocks,17,20405104,9798208
pool-25-thread-1 :: choose-trigger > choose-trigger > forecast-board > forecast-combat > block-search > block-assignBlockers > block-makeGangBlocks > block-getPossibleBlockers,89,6921778,122629
pool-25-thread-1 :: choose-trigger > choose-trigger > forecast-board > forecast-combat > block-search > block-assignBlockers > block-makeGangBlocks > block-getPossibleBlockers > block-legality,270,6799149,491039
pool-25-thread-1 :: choose-trigger > choose-trigger > forecast-board > forecast-combat > block-search > block-assignBlockers > block-makeGangBlocks > block-getPossibleBlockers > block-legality > attacker-blockability,173,962287,962287
pool-25-thread-1 :: choose-trigger > choose-trigger > forecast-board > forecast-combat > block-search > block-assignBlockers > block-makeGangBlocks > block-getPossibleBlockers > block-legality > block-legality,443,2281638,420803
pool-25-thread-1 :: choose-trigger > choose-trigger > forecast-board > forecast-combat > block-search > block-assignBlockers > block-makeGangBlocks > block-getPossibleBlockers > block-legality > block-legality > block-legality,346,1860835,745373
pool-25-thread-1 :: choose-trigger > choose-trigger > forecast-board > forecast-combat > block-search > block-assignBlockers > block-makeGangBlocks > block-getPossibleBlockers > block-legality > block-legality > block-legality > block-legality,346,1115462,1115462
pool-25-thread-1 :: choose-trigger > choose-trigger > forecast-board > forecast-combat > block-search > block-assignBlockers > block-makeGangBlocks > block-getPossibleBlockers > block-legality > block-requirements,173,3064185,1902850
pool-25-thread-1 :: choose-trigger > choose-trigger > forecast-board > forecast-combat > block-search > block-assignBlockers > block-makeGangBlocks > block-getPossibleBlockers > block-legality > block-requirements > block-cost,1119,1161335,1161335
pool-25-thread-1 :: choose-trigger > choose-trigger > forecast-board > forecast-combat > block-search > block-assignBlockers > block-makeGangBlocks > block-legality,12,527902,50690
pool-25-thread-1 :: choose-trigger > choose-trigger > forecast-board > forecast-combat > block-search > block-assignBlockers > block-makeGangBlocks > block-legality > attacker-blockability,12,70105,70105
pool-25-thread-1 :: choose-trigger > choose-trigger > forecast-board > forecast-combat > block-search > block-assignBlockers > block-makeGangBlocks > block-legality > block-legality,24,236213,41003
pool-25-thread-1 :: choose-trigger > choose-trigger > forecast-board > forecast-combat > block-search > block-assignBlockers > block-makeGangBlocks > block-legality > block-legality > block-legality,24,195210,47358
pool-25-thread-1 :: choose-trigger > choose-trigger > forecast-board > forecast-combat > block-search > block-assignBlockers > block-makeGangBlocks > block-legality > block-legality > block-legality > block-legality,24,147852,147852
pool-25-thread-1 :: choose-trigger > choose-trigger > forecast-board > forecast-combat > block-search > block-assignBlockers > block-makeGangBlocks > block-legality > block-requirements,12,170894,109485
pool-25-thread-1 :: choose-trigger > choose-trigger > forecast-board > forecast-combat > block-search > block-assignBlockers > block-makeGangBlocks > block-legality > block-requirements > block-cost,70,61409,61409
pool-25-thread-1 :: choose-trigger > choose-trigger > forecast-board > forecast-combat > block-search > block-assignBlockers > block-makeGangBlocks > evaluate-creature,105,2207146,2207146
pool-25-thread-1 :: choose-trigger > choose-trigger > forecast-board > forecast-combat > block-search > block-assignBlockers > block-makeGangBlocks > predict-damage,131,950070,950070
pool-25-thread-1 :: choose-trigger > choose-trigger > forecast-board > forecast-combat > block-search > block-assignBlockers > block-makeGangNonLethalBlocks,17,1512927,120341
pool-25-thread-1 :: choose-trigger > choose-trigger > forecast-board > forecast-combat > block-search > block-assignBlockers > block-makeGangNonLethalBlocks > block-getPossibleBlockers,6,326163,10856
pool-25-thread-1 :: choose-trigger > choose-trigger > forecast-board > forecast-combat > block-search > block-assignBlockers > block-makeGangNonLethalBlocks > block-getPossibleBlockers > block-legality,17,315307,37746
pool-25-thread-1 :: choose-trigger > choose-trigger > forecast-board > forecast-combat > block-search > block-assignBlockers > block-makeGangNonLethalBlocks > block-getPossibleBlockers > block-legality > attacker-blockability,7,43734,43734
pool-25-thread-1 :: choose-trigger > choose-trigger > forecast-board > forecast-combat > block-search > block-assignBlockers > block-makeGangNonLethalBlocks > block-getPossibleBlockers > block-legality > block-legality,24,120960,32880
pool-25-thread-1 :: choose-trigger > choose-trigger > forecast-board > forecast-combat > block-search > block-assignBlockers > block-makeGangNonLethalBlocks > block-getPossibleBlockers > block-legality > block-legality > block-legality,14,88080,34129
pool-25-thread-1 :: choose-trigger > choose-trigger > forecast-board > forecast-combat > block-search > block-assignBlockers > block-makeGangNonLethalBlocks > block-getPossibleBlockers > block-legality > block-legality > block-legality > block-legality,14,53951,53951
pool-25-thread-1 :: choose-trigger > choose-trigger > forecast-board > forecast-combat > block-search > block-assignBlockers > block-makeGangNonLethalBlocks > block-getPossibleBlockers > block-legality > block-requirements,7,112867,71307
pool-25-thread-1 :: choose-trigger > choose-trigger > forecast-board > forecast-combat > block-search > block-assignBlockers > block-makeGangNonLethalBlocks > block-getPossibleBlockers > block-legality > block-requirements > block-cost,40,41560,41560
pool-25-thread-1 :: choose-trigger > choose-trigger > forecast-board > forecast-combat > block-search > block-assignBlockers > block-makeGangNonLethalBlocks > block-getSafeBlockers,6,1066423,11057
pool-25-thread-1 :: choose-trigger > choose-trigger > forecast-board > forecast-combat > block-search > block-assignBlockers > block-makeGangNonLethalBlocks > block-getSafeBlockers > destroy-blocker,7,1055366,889920
pool-25-thread-1 :: choose-trigger > choose-trigger > forecast-board > forecast-combat > block-search > block-assignBlockers > block-makeGangNonLethalBlocks > block-getSafeBlockers > destroy-blocker > predict-damage,14,165446,165446
pool-25-thread-1 :: choose-trigger > choose-trigger > forecast-board > forecast-combat > block-search > block-assignBlockers > block-makeGoodBlocks,17,28495654,1410192
pool-25-thread-1 :: choose-trigger > choose-trigger > forecast-board > forecast-combat > block-search > block-assignBlockers > block-makeGoodBlocks > block-getKillingBlockers,50,8383317,39538
pool-25-thread-1 :: choose-trigger > choose-trigger > forecast-board > forecast-combat > block-search > block-assignBlockers > block-makeGoodBlocks > block-getKillingBlockers > destroy-attacker,83,8343779,7046525
pool-25-thread-1 :: choose-trigger > choose-trigger > forecast-board > forecast-combat > block-search > block-assignBlockers > block-makeGoodBlocks > block-getKillingBlockers > destroy-attacker > predict-damage,166,1297254,1297254
pool-25-thread-1 :: choose-trigger > choose-trigger > forecast-board > forecast-combat > block-search > block-assignBlockers > block-makeGoodBlocks > block-getPossibleBlockers,85,6347159,119478
pool-25-thread-1 :: choose-trigger > choose-trigger > forecast-board > forecast-combat > block-search > block-assignBlockers > block-makeGoodBlocks > block-getPossibleBlockers > block-legality,252,6227681,555682
pool-25-thread-1 :: choose-trigger > choose-trigger > forecast-board > forecast-combat > block-search > block-assignBlockers > block-makeGoodBlocks > block-getPossibleBlockers > block-legality > attacker-blockability,180,897996,897996
pool-25-thread-1 :: choose-trigger > choose-trigger > forecast-board > forecast-combat > block-search > block-assignBlockers > block-makeGoodBlocks > block-getPossibleBlockers > block-legality > block-legality,432,2387128,416619
pool-25-thread-1 :: choose-trigger > choose-trigger > forecast-board > forecast-combat > block-search > block-assignBlockers > block-makeGoodBlocks > block-getPossibleBlockers > block-legality > block-legality > block-legality,360,1970509,847214
pool-25-thread-1 :: choose-trigger > choose-trigger > forecast-board > forecast-combat > block-search > block-assignBlockers > block-makeGoodBlocks > block-getPossibleBlockers > block-legality > block-legality > block-legality > block-legality,360,1123295,1123295
pool-25-thread-1 :: choose-trigger > choose-trigger > forecast-board > forecast-combat > block-search > block-assignBlockers > block-makeGoodBlocks > block-getPossibleBlockers > block-legality > block-requirements,180,2386875,1511996
pool-25-thread-1 :: choose-trigger > choose-trigger > forecast-board > forecast-combat > block-search > block-assignBlockers > block-makeGoodBlocks > block-getPossibleBlockers > block-legality > block-requirements > block-cost,959,874879,874879
pool-25-thread-1 :: choose-trigger > choose-trigger > forecast-board > forecast-combat > block-search > block-assignBlockers > block-makeGoodBlocks > block-getSafeBlockers,50,12300695,103514
pool-25-thread-1 :: choose-trigger > choose-trigger > forecast-board > forecast-combat > block-search > block-assignBlockers > block-makeGoodBlocks > block-getSafeBlockers > destroy-blocker,103,12197181,10520542
pool-25-thread-1 :: choose-trigger > choose-trigger > forecast-board > forecast-combat > block-search > block-assignBlockers > block-makeGoodBlocks > block-getSafeBlockers > destroy-blocker > predict-damage,206,1676639,1676639
pool-25-thread-1 :: choose-trigger > choose-trigger > forecast-board > forecast-combat > block-search > block-assignBlockers > block-makeGoodBlocks > evaluate-creature,2,54291,54291
pool-25-thread-1 :: choose-trigger > choose-trigger > forecast-board > forecast-combat > block-search > block-assignBlockers > block-makeRequiredBlocks,17,753858,119958
pool-25-thread-1 :: choose-trigger > choose-trigger > forecast-board > forecast-combat > block-search > block-assignBlockers > block-makeRequiredBlocks > block-requirements,50,633900,399712
pool-25-thread-1 :: choose-trigger > choose-trigger > forecast-board > forecast-combat > block-search > block-assignBlockers > block-makeRequiredBlocks > block-requirements > block-cost,247,234188,234188
pool-25-thread-1 :: choose-trigger > choose-trigger > forecast-board > forecast-combat > block-search > block-assignBlockers > block-makeTradeBlocks,17,3609350,189593
pool-25-thread-1 :: choose-trigger > choose-trigger > forecast-board > forecast-combat > block-search > block-assignBlockers > block-makeTradeBlocks > block-getKillingBlockers,35,2084764,13809
pool-25-thread-1 :: choose-trigger > choose-trigger > forecast-board > forecast-combat > block-search > block-assignBlockers > block-makeTradeBlocks > block-getKillingBlockers > destroy-attacker,17,2070955,1784055
pool-25-thread-1 :: choose-trigger > choose-trigger > forecast-board > forecast-combat > block-search > block-assignBlockers > block-makeTradeBlocks > block-getKillingBlockers > destroy-attacker > predict-damage,34,286900,286900
pool-25-thread-1 :: choose-trigger > choose-trigger > forecast-board > forecast-combat > block-search > block-assignBlockers > block-makeTradeBlocks > block-getPossibleBlockers,35,1334993,35593
pool-25-thread-1 :: choose-trigger > choose-trigger > forecast-board > forecast-combat > block-search > block-assignBlockers > block-makeTradeBlocks > block-getPossibleBlockers > block-legality,93,1299400,129400
pool-25-thread-1 :: choose-trigger > choose-trigger > forecast-board > forecast-combat > block-search > block-assignBlockers > block-makeTradeBlocks > block-getPossibleBlockers > block-legality > attacker-blockability,32,190663,190663
pool-25-thread-1 :: choose-trigger > choose-trigger > forecast-board > forecast-combat > block-search > block-assignBlockers > block-makeTradeBlocks > block-getPossibleBlockers > block-legality > block-legality,125,564216,117417
pool-25-thread-1 :: choose-trigger > choose-trigger > forecast-board > forecast-combat > block-search > block-assignBlockers > block-makeTradeBlocks > block-getPossibleBlockers > block-legality > block-legality > block-legality,64,446799,200324
pool-25-thread-1 :: choose-trigger > choose-trigger > forecast-board > forecast-combat > block-search > block-assignBlockers > block-makeTradeBlocks > block-getPossibleBlockers > block-legality > block-legality > block-legality > block-legality,64,246475,246475
pool-25-thread-1 :: choose-trigger > choose-trigger > forecast-board > forecast-combat > block-search > block-assignBlockers > block-makeTradeBlocks > block-getPossibleBlockers > block-legality > block-requirements,32,415121,251388
pool-25-thread-1 :: choose-trigger > choose-trigger > forecast-board > forecast-combat > block-search > block-assignBlockers > block-makeTradeBlocks > block-getPossibleBlockers > block-legality > block-requirements > block-cost,137,163733,163733
pool-25-thread-1 :: choose-trigger > choose-trigger > forecast-board > forecast-combat > block-search > block-assignBlockers > block-reinforceBlockersToKill,17,1457694,412223
pool-25-thread-1 :: choose-trigger > choose-trigger > forecast-board > forecast-combat > block-search > block-assignBlockers > block-reinforceBlockersToKill > block-getPossibleBlockers,3,206557,6518
pool-25-thread-1 :: choose-trigger > choose-trigger > forecast-board > forecast-combat > block-search > block-assignBlockers > block-reinforceBlockersToKill > block-getPossibleBlockers > block-legality,16,200039,17988
pool-25-thread-1 :: choose-trigger > choose-trigger > forecast-board > forecast-combat > block-search > block-assignBlockers > block-reinforceBlockersToKill > block-getPossibleBlockers > block-legality > attacker-blockability,6,27351,27351
pool-25-thread-1 :: choose-trigger > choose-trigger > forecast-board > forecast-combat > block-search > block-assignBlockers > block-reinforceBlockersToKill > block-getPossibleBlockers > block-legality > block-legality,22,68163,17470
pool-25-thread-1 :: choose-trigger > choose-trigger > forecast-board > forecast-combat > block-search > block-assignBlockers > block-reinforceBlockersToKill > block-getPossibleBlockers > block-legality > block-legality > block-legality,12,50693,18825
pool-25-thread-1 :: choose-trigger > choose-trigger > forecast-board > forecast-combat > block-search > block-assignBlockers > block-reinforceBlockersToKill > block-getPossibleBlockers > block-legality > block-legality > block-legality > block-legality,12,31868,31868
pool-25-thread-1 :: choose-trigger > choose-trigger > forecast-board > forecast-combat > block-search > block-assignBlockers > block-reinforceBlockersToKill > block-getPossibleBlockers > block-legality > block-requirements,6,86537,54717
pool-25-thread-1 :: choose-trigger > choose-trigger > forecast-board > forecast-combat > block-search > block-assignBlockers > block-reinforceBlockersToKill > block-getPossibleBlockers > block-legality > block-requirements > block-cost,36,31820,31820
pool-25-thread-1 :: choose-trigger > choose-trigger > forecast-board > forecast-combat > block-search > block-assignBlockers > block-reinforceBlockersToKill > block-getSafeBlockers,2,656434,7030
pool-25-thread-1 :: choose-trigger > choose-trigger > forecast-board > forecast-combat > block-search > block-assignBlockers > block-reinforceBlockersToKill > block-getSafeBlockers > destroy-blocker,6,649404,565727
pool-25-thread-1 :: choose-trigger > choose-trigger > forecast-board > forecast-combat > block-search > block-assignBlockers > block-reinforceBlockersToKill > block-getSafeBlockers > destroy-blocker > predict-damage,12,83677,83677
pool-25-thread-1 :: choose-trigger > choose-trigger > forecast-board > forecast-combat > block-search > block-assignBlockers > block-reinforceBlockersToKill > block-legality,2,72247,8191
pool-25-thread-1 :: choose-trigger > choose-trigger > forecast-board > forecast-combat > block-search > block-assignBlockers > block-reinforceBlockersToKill > block-legality > attacker-blockability,2,9224,9224
pool-25-thread-1 :: choose-trigger > choose-trigger > forecast-board > forecast-combat > block-search > block-assignBlockers > block-reinforceBlockersToKill > block-legality > block-legality,4,25238,6720
pool-25-thread-1 :: choose-trigger > choose-trigger > forecast-board > forecast-combat > block-search > block-assignBlockers > block-reinforceBlockersToKill > block-legality > block-legality > block-legality,4,18518,6841
pool-25-thread-1 :: choose-trigger > choose-trigger > forecast-board > forecast-combat > block-search > block-assignBlockers > block-reinforceBlockersToKill > block-legality > block-legality > block-legality > block-legality,4,11677,11677
pool-25-thread-1 :: choose-trigger > choose-trigger > forecast-board > forecast-combat > block-search > block-assignBlockers > block-reinforceBlockersToKill > block-legality > block-requirements,2,29594,18957
pool-25-thread-1 :: choose-trigger > choose-trigger > forecast-board > forecast-combat > block-search > block-assignBlockers > block-reinforceBlockersToKill > block-legality > block-requirements > block-cost,12,10637,10637
pool-25-thread-1 :: choose-trigger > choose-trigger > forecast-board > forecast-combat > block-search > block-assignBlockers > block-reinforceBlockersToKill > predict-damage,16,110233,110233
pool-25-thread-1 :: choose-trigger > choose-trigger > forecast-board > forecast-combat > block-search > block-assignBlockers > block-removeUnpayableBlocks,17,1092259,1064679
pool-25-thread-1 :: choose-trigger > choose-trigger > forecast-board > forecast-combat > block-search > block-assignBlockers > block-removeUnpayableBlocks > block-cost,29,27580,27580
pool-25-thread-1 :: choose-trigger > choose-trigger > forecast-board > forecast-combat > block-search > block-assignBlockers > life-danger,17,7884655,6727719
pool-25-thread-1 :: choose-trigger > choose-trigger > forecast-board > forecast-combat > block-search > block-assignBlockers > life-danger > predict-damage,125,1156936,1156936
pool-25-thread-1 :: choose-trigger > choose-trigger > forecast-board > forecast-combat > block-search > block-sortPotentialAttackers,17,12725951,2744017
pool-25-thread-1 :: choose-trigger > choose-trigger > forecast-board > forecast-combat > block-search > block-sortPotentialAttackers > life-danger,17,9754767,8134370
pool-25-thread-1 :: choose-trigger > choose-trigger > forecast-board > forecast-combat > block-search > block-sortPotentialAttackers > life-danger > predict-damage,167,1620397,1620397
pool-25-thread-1 :: choose-trigger > choose-trigger > forecast-board > forecast-combat > block-search > block-sortPotentialAttackers > predict-damage,9,227167,227167
pool-25-thread-1 :: choose-trigger > choose-trigger > forecast-board > forecast-combat > predict-damage,184,3239394,3239394
pool-25-thread-1 :: choose-trigger > choose-trigger > predict-damage,4,247827,247827
pool-25-thread-1 :: predict-damage,121,2861762,2861762
pool-25-thread-1 :: resolve-action,301,976966189,332323418
pool-25-thread-1 :: resolve-action > attacker-blockability,5,58916,58916
pool-25-thread-1 :: resolve-action > choose-trigger,14,2267927,2267927
pool-25-thread-1 :: resolve-action > resolve-action,79,444850413,246220159
pool-25-thread-1 :: resolve-action > resolve-action > block-assignBlockers,3,29142201,842030
pool-25-thread-1 :: resolve-action > resolve-action > block-assignBlockers > attacker-blockability,3,50525,50525
pool-25-thread-1 :: resolve-action > resolve-action > block-assignBlockers > block-legality,13,228498,89822
pool-25-thread-1 :: resolve-action > resolve-action > block-assignBlockers > block-legality > block-legality,13,138676,5240
pool-25-thread-1 :: resolve-action > resolve-action > block-assignBlockers > block-legality > block-legality > block-legality,13,133436,133436
pool-25-thread-1 :: resolve-action > resolve-action > block-assignBlockers > block-makeChumpBlocksToSavePW,3,1752612,65246
pool-25-thread-1 :: resolve-action > resolve-action > block-assignBlockers > block-makeChumpBlocksToSavePW > evaluate-creature,11,1687366,1687366
pool-25-thread-1 :: resolve-action > resolve-action > block-assignBlockers > block-makeGangBlocks,3,13052897,8051250
pool-25-thread-1 :: resolve-action > resolve-action > block-assignBlockers > block-makeGangBlocks > block-getPossibleBlockers,6,1688066,19488
pool-25-thread-1 :: resolve-action > resolve-action > block-assignBlockers > block-makeGangBlocks > block-getPossibleBlockers > block-legality,22,1668578,78274
pool-25-thread-1 :: resolve-action > resolve-action > block-assignBlockers > block-makeGangBlocks > block-getPossibleBlockers > block-legality > attacker-blockability,22,453013,453013
pool-25-thread-1 :: resolve-action > resolve-action > block-assignBlockers > block-makeGangBlocks > block-getPossibleBlockers > block-legality > block-legality,44,914733,156749
pool-25-thread-1 :: resolve-action > resolve-action > block-assignBlockers > block-makeGangBlocks > block-getPossibleBlockers > block-legality > block-legality > block-legality,44,757984,271213
pool-25-thread-1 :: resolve-action > resolve-action > block-assignBlockers > block-makeGangBlocks > block-getPossibleBlockers > block-legality > block-legality > block-legality > block-legality,44,486771,486771
pool-25-thread-1 :: resolve-action > resolve-action > block-assignBlockers > block-makeGangBlocks > block-getPossibleBlockers > block-legality > block-requirements,22,222558,53458
pool-25-thread-1 :: resolve-action > resolve-action > block-assignBlockers > block-makeGangBlocks > block-getPossibleBlockers > block-legality > block-requirements > block-cost,22,169100,169100
pool-25-thread-1 :: resolve-action > resolve-action > block-assignBlockers > block-makeGangBlocks > evaluate-creature,22,3313581,3313581
pool-25-thread-1 :: resolve-action > resolve-action > block-assignBlockers > block-makeGangNonLethalBlocks,3,12033495,1978027
pool-25-thread-1 :: resolve-action > resolve-action > block-assignBlockers > block-makeGangNonLethalBlocks > block-getPossibleBlockers,3,868550,10807
pool-25-thread-1 :: resolve-action > resolve-action > block-assignBlockers > block-makeGangNonLethalBlocks > block-getPossibleBlockers > block-legality,11,857743,43743
pool-25-thread-1 :: resolve-action > resolve-action > block-assignBlockers > block-makeGangNonLethalBlocks > block-getPossibleBlockers > block-legality > attacker-blockability,11,213999,213999
pool-25-thread-1 :: resolve-action > resolve-action > block-assignBlockers > block-makeGangNonLethalBlocks > block-getPossibleBlockers > block-legality > block-legality,22,466102,81632
pool-25-thread-1 :: resolve-action > resolve-action > block-assignBlockers > block-makeGangNonLethalBlocks > block-getPossibleBlockers > block-legality > block-legality > block-legality,22,384470,119092
pool-25-thread-1 :: resolve-action > resolve-action > block-assignBlockers > block-makeGangNonLethalBlocks > block-getPossibleBlockers > block-legality > block-legality > block-legality > block-legality,22,265378,265378
pool-25-thread-1 :: resolve-action > resolve-action > block-assignBlockers > block-makeGangNonLethalBlocks > block-getPossibleBlockers > block-legality > block-requirements,11,133899,28984
pool-25-thread-1 :: resolve-action > resolve-action > block-assignBlockers > block-makeGangNonLethalBlocks > block-getPossibleBlockers > block-legality > block-requirements > block-cost,11,104915,104915
pool-25-thread-1 :: resolve-action > resolve-action > block-assignBlockers > block-makeGangNonLethalBlocks > block-getSafeBlockers,3,8753274,35733
pool-25-thread-1 :: resolve-action > resolve-action > block-assignBlockers > block-makeGangNonLethalBlocks > block-getSafeBlockers > destroy-blocker,11,8717541,8058454
pool-25-thread-1 :: resolve-action > resolve-action > block-assignBlockers > block-makeGangNonLethalBlocks > block-getSafeBlockers > destroy-blocker > predict-damage,22,659087,659087
pool-25-thread-1 :: resolve-action > resolve-action > block-assignBlockers > block-makeGangNonLethalBlocks > block-legality,3,256971,19008
pool-25-thread-1 :: resolve-action > resolve-action > block-assignBlockers > block-makeGangNonLethalBlocks > block-legality > attacker-blockability,3,64376,64376
pool-25-thread-1 :: resolve-action > resolve-action > block-assignBlockers > block-makeGangNonLethalBlocks > block-legality > block-legality,6,143993,36223
pool-25-thread-1 :: resolve-action > resolve-action > block-assignBlockers > block-makeGangNonLethalBlocks > block-legality > block-legality > block-legality,6,107770,33901
pool-25-thread-1 :: resolve-action > resolve-action > block-assignBlockers > block-makeGangNonLethalBlocks > block-legality > block-legality > block-legality > block-legality,6,73869,73869
pool-25-thread-1 :: resolve-action > resolve-action > block-assignBlockers > block-makeGangNonLethalBlocks > block-legality > block-requirements,3,29594,10306
pool-25-thread-1 :: resolve-action > resolve-action > block-assignBlockers > block-makeGangNonLethalBlocks > block-legality > block-requirements > block-cost,3,19288,19288
pool-25-thread-1 :: resolve-action > resolve-action > block-assignBlockers > block-makeGangNonLethalBlocks > predict-damage,6,176673,176673
pool-25-thread-1 :: resolve-action > resolve-action > block-assignBlockers > block-makeGoodBlocks,3,72998,72998
pool-25-thread-1 :: resolve-action > resolve-action > block-assignBlockers > block-makeRequiredBlocks,3,369008,258730
pool-25-thread-1 :: resolve-action > resolve-action > block-assignBlockers > block-makeRequiredBlocks > block-requirements,11,110278,36850
pool-25-thread-1 :: resolve-action > resolve-action > block-assignBlockers > block-makeRequiredBlocks > block-requirements > block-cost,11,73428,73428
pool-25-thread-1 :: resolve-action > resolve-action > block-assignBlockers > block-makeTradeBlocks,3,53670,53670
pool-25-thread-1 :: resolve-action > resolve-action > block-assignBlockers > block-reinforceBlockersToKill,3,29204,29204
pool-25-thread-1 :: resolve-action > resolve-action > block-assignBlockers > block-removeUnpayableBlocks,3,380524,380524
pool-25-thread-1 :: resolve-action > resolve-action > block-assignBlockers > life-danger,3,276740,276740
pool-25-thread-1 :: resolve-action > resolve-action > choose-trigger,16,2319924,2319924
pool-25-thread-1 :: resolve-action > resolve-action > destroy-attacker,3,1652904,1491926
pool-25-thread-1 :: resolve-action > resolve-action > destroy-attacker > predict-damage,6,160978,160978
pool-25-thread-1 :: resolve-action > resolve-action > evaluate-creature,1,209681,209681
pool-25-thread-1 :: resolve-action > resolve-action > forecast-combat,1,33029041,1967070
pool-25-thread-1 :: resolve-action > resolve-action > forecast-combat > block-search,3,28021989,16215
pool-25-thread-1 :: resolve-action > resolve-action > forecast-combat > block-search > block-assignBlockers,3,25550339,517506
pool-25-thread-1 :: resolve-action > resolve-action > forecast-combat > block-search > block-assignBlockers > attacker-blockability,18,113535,113535
pool-25-thread-1 :: resolve-action > resolve-action > forecast-combat > block-search > block-assignBlockers > block-legality,15,101108,22360
pool-25-thread-1 :: resolve-action > resolve-action > forecast-combat > block-search > block-assignBlockers > block-legality > block-legality,15,78748,4737
pool-25-thread-1 :: resolve-action > resolve-action > forecast-combat > block-search > block-assignBlockers > block-legality > block-legality > block-legality,15,74011,74011
pool-25-thread-1 :: resolve-action > resolve-action > forecast-combat > block-search > block-assignBlockers > block-makeChumpBlocksToSavePW,3,349800,31117
pool-25-thread-1 :: resolve-action > resolve-action > forecast-combat > block-search > block-assignBlockers > block-makeChumpBlocksToSavePW > evaluate-creature,15,318683,318683
pool-25-thread-1 :: resolve-action > resolve-action > forecast-combat > block-search > block-assignBlockers > block-makeGangBlocks,3,6952221,3006259
pool-25-thread-1 :: resolve-action > resolve-action > forecast-combat > block-search > block-assignBlockers > block-makeGangBlocks > block-getPossibleBlockers,18,2389938,38784
pool-25-thread-1 :: resolve-action > resolve-action > forecast-combat > block-search > block-assignBlockers > block-makeGangBlocks > block-getPossibleBlockers > block-legality,90,2351154,139417
pool-25-thread-1 :: resolve-action > resolve-action > forecast-combat > block-search > block-assignBlockers > block-makeGangBlocks > block-getPossibleBlockers > block-legality > attacker-blockability,56,361780,361780
pool-25-thread-1 :: resolve-action > resolve-action > forecast-combat > block-search > block-assignBlockers > block-makeGangBlocks > block-getPossibleBlockers > block-legality > block-legality,146,881891,111547
pool-25-thread-1 :: resolve-action > resolve-action > forecast-combat > block-search > block-assignBlockers > block-makeGangBlocks > block-getPossibleBlockers > block-legality > block-legality > block-legality,112,770344,324673
pool-25-thread-1 :: resolve-action > resolve-action > forecast-combat > block-search > block-assignBlockers > block-makeGangBlocks > block-getPossibleBlockers > block-legality > block-legality > block-legality > block-legality,112,445671,445671
pool-25-thread-1 :: resolve-action > resolve-action > forecast-combat > block-search > block-assignBlockers > block-makeGangBlocks > block-getPossibleBlockers > block-legality > block-requirements,56,968066,586363
pool-25-thread-1 :: resolve-action > resolve-action > forecast-combat > block-search > block-assignBlockers > block-makeGangBlocks > block-getPossibleBlockers > block-legality > block-requirements > block-cost,444,381703,381703
pool-25-thread-1 :: resolve-action > resolve-action > forecast-combat > block-search > block-assignBlockers > block-makeGangBlocks > block-legality,4,171565,15793
pool-25-thread-1 :: resolve-action > resolve-action > forecast-combat > block-search > block-assignBlockers > block-makeGangBlocks > block-legality > attacker-blockability,4,26349,26349
pool-25-thread-1 :: resolve-action > resolve-action > forecast-combat > block-search > block-assignBlockers > block-makeGangBlocks > block-legality > block-legality,8,63625,9384
pool-25-thread-1 :: resolve-action > resolve-action > forecast-combat > block-search > block-assignBlockers > block-makeGangBlocks > block-legality > block-legality > block-legality,8,54241,22712
pool-25-thread-1 :: resolve-action > resolve-action > forecast-combat > block-search > block-assignBlockers > block-makeGangBlocks > block-legality > block-legality > block-legality > block-legality,8,31529,31529
pool-25-thread-1 :: resolve-action > resolve-action > forecast-combat > block-search > block-assignBlockers > block-makeGangBlocks > block-legality > block-requirements,4,65798,40961
pool-25-thread-1 :: resolve-action > resolve-action > forecast-combat > block-search > block-assignBlockers > block-makeGangBlocks > block-legality > block-requirements > block-cost,30,24837,24837
pool-25-thread-1 :: resolve-action > resolve-action > forecast-combat > block-search > block-assignBlockers > block-makeGangBlocks > evaluate-creature,42,816406,816406
pool-25-thread-1 :: resolve-action > resolve-action > forecast-combat > block-search > block-assignBlockers > block-makeGangBlocks > predict-damage,64,568053,568053
pool-25-thread-1 :: resolve-action > resolve-action > forecast-combat > block-search > block-assignBlockers > block-makeGangNonLethalBlocks,3,497308,17136
pool-25-thread-1 :: resolve-action > resolve-action > forecast-combat > block-search > block-assignBlockers > block-makeGangNonLethalBlocks > block-getPossibleBlockers,1,101290,2373
pool-25-thread-1 :: resolve-action > resolve-action > forecast-combat > block-search > block-assignBlockers > block-makeGangNonLethalBlocks > block-getPossibleBlockers > block-legality,5,98917,7749
pool-25-thread-1 :: resolve-action > resolve-action > forecast-combat > block-search > block-assignBlockers > block-makeGangNonLethalBlocks > block-getPossibleBlockers > block-legality > attacker-blockability,2,14743,14743
pool-25-thread-1 :: resolve-action > resolve-action > forecast-combat > block-search > block-assignBlockers > block-makeGangNonLethalBlocks > block-getPossibleBlockers > block-legality > block-legality,7,35784,6512
pool-25-thread-1 :: resolve-action > resolve-action > forecast-combat > block-search > block-assignBlockers > block-makeGangNonLethalBlocks > block-getPossibleBlockers > block-legality > block-legality > block-legality,4,29272,11496
pool-25-thread-1 :: resolve-action > resolve-action > forecast-combat > block-search > block-assignBlockers > block-makeGangNonLethalBlocks > block-getPossibleBlockers > block-legality > block-legality > block-legality > block-legality,4,17776,17776
pool-25-thread-1 :: resolve-action > resolve-action > forecast-combat > block-search > block-assignBlockers > block-makeGangNonLethalBlocks > block-getPossibleBlockers > block-legality > block-requirements,2,40641,25519
pool-25-thread-1 :: resolve-action > resolve-action > forecast-combat > block-search > block-assignBlockers > block-makeGangNonLethalBlocks > block-getPossibleBlockers > block-legality > block-requirements > block-cost,18,15122,15122
pool-25-thread-1 :: resolve-action > resolve-action > forecast-combat > block-search > block-assignBlockers > block-makeGangNonLethalBlocks > block-getSafeBlockers,1,378882,4085
pool-25-thread-1 :: resolve-action > resolve-action > forecast-combat > block-search > block-assignBlockers > block-makeGangNonLethalBlocks > block-getSafeBlockers > destroy-blocker,2,374797,283371
pool-25-thread-1 :: resolve-action > resolve-action > forecast-combat > block-search > block-assignBlockers > block-makeGangNonLethalBlocks > block-getSafeBlockers > destroy-blocker > predict-damage,4,91426,91426
pool-25-thread-1 :: resolve-action > resolve-action > forecast-combat > block-search > block-assignBlockers > block-makeGoodBlocks,3,13091193,526879
pool-25-thread-1 :: resolve-action > resolve-action > forecast-combat > block-search > block-assignBlockers > block-makeGoodBlocks > block-getKillingBlockers,12,4327155,18458
pool-25-thread-1 :: resolve-action > resolve-action > forecast-combat > block-search > block-assignBlockers > block-makeGoodBlocks > block-getKillingBlockers > destroy-attacker,37,4308697,3738860
pool-25-thread-1 :: resolve-action > resolve-action > forecast-combat > block-search > block-assignBlockers > block-makeGoodBlocks > block-getKillingBlockers > destroy-attacker > predict-damage,74,569837,569837
pool-25-thread-1 :: resolve-action > resolve-action > forecast-combat > block-search > block-assignBlockers > block-makeGoodBlocks > block-getPossibleBlockers,18,2760651,41684
pool-25-thread-1 :: resolve-action > resolve-action > forecast-combat > block-search > block-assignBlockers > block-makeGoodBlocks > block-getPossibleBlockers > block-legality,90,2718967,155312
pool-25-thread-1 :: resolve-action > resolve-action > forecast-combat > block-search > block-assignBlockers > block-makeGoodBlocks > block-getPossibleBlockers > block-legality > attacker-blockability,67,436491,436491
pool-25-thread-1 :: resolve-action > resolve-action > forecast-combat > block-search > block-assignBlockers > block-makeGoodBlocks > block-getPossibleBlockers > block-legality > block-legality,157,1143897,156324
pool-25-thread-1 :: resolve-action > resolve-action > forecast-combat > block-search > block-assignBlockers > block-makeGoodBlocks > block-getPossibleBlockers > block-legality > block-legality > block-legality,134,987573,455043
pool-25-thread-1 :: resolve-action > resolve-action > forecast-combat > block-search > block-assignBlockers > block-makeGoodBlocks > block-getPossibleBlockers > block-legality > block-legality > block-legality > block-legality,134,532530,532530
pool-25-thread-1 :: resolve-action > resolve-action > forecast-combat > block-search > block-assignBlockers > block-makeGoodBlocks > block-getPossibleBlockers > block-legality > block-requirements,67,983267,612498
pool-25-thread-1 :: resolve-action > resolve-action > forecast-combat > block-search > block-assignBlockers > block-makeGoodBlocks > block-getPossibleBlockers > block-legality > block-requirements > block-cost,420,370769,370769
pool-25-thread-1 :: resolve-action > resolve-action > forecast-combat > block-search > block-assignBlockers > block-makeGoodBlocks > block-getSafeBlockers,12,5476508,45997
pool-25-thread-1 :: resolve-action > resolve-action > forecast-combat > block-search > block-assignBlockers > block-makeGoodBlocks > block-getSafeBlockers > destroy-blocker,46,5430511,4711210
pool-25-thread-1 :: resolve-action > resolve-action > forecast-combat > block-search > block-assignBlockers > block-makeGoodBlocks > block-getSafeBlockers > destroy-blocker > predict-damage,92,719301,719301
pool-25-thread-1 :: resolve-action > resolve-action > forecast-combat > block-search > block-assignBlockers > block-makeRequiredBlocks,3,223551,25857
pool-25-thread-1 :: resolve-action > resolve-action > forecast-combat > block-search > block-assignBlockers > block-makeRequiredBlocks > block-requirements,15,197694,124312
pool-25-thread-1 :: resolve-action > resolve-action > forecast-combat > block-search > block-assignBlockers > block-makeRequiredBlocks > block-requirements > block-cost,90,73382,73382
pool-25-thread-1 :: resolve-action > resolve-action > forecast-combat > block-search > block-assignBlockers > block-makeTradeBlocks,3,1175024,39627
pool-25-thread-1 :: resolve-action > resolve-action > forecast-combat > block-search > block-assignBlockers > block-makeTradeBlocks > block-getKillingBlockers,6,765248,4897
pool-25-thread-1 :: resolve-action > resolve-action > forecast-combat > block-search > block-assignBlockers > block-makeTradeBlocks > block-getKillingBlockers > destroy-attacker,7,760351,659263
pool-25-thread-1 :: resolve-action > resolve-action > forecast-combat > block-search > block-assignBlockers > block-makeTradeBlocks > block-getKillingBlockers > destroy-attacker > predict-damage,14,101088,101088
pool-25-thread-1 :: resolve-action > resolve-action > forecast-combat > block-search > block-assignBlockers > block-makeTradeBlocks > block-getPossibleBlockers,6,370149,10483
pool-25-thread-1 :: resolve-action > resolve-action > forecast-combat > block-search > block-assignBlockers > block-makeTradeBlocks > block-getPossibleBlockers > block-legality,30,359666,27521
pool-25-thread-1 :: resolve-action > resolve-action > forecast-combat > block-search > block-assignBlockers > block-makeTradeBlocks > block-getPossibleBlockers > block-legality > attacker-blockability,7,69293,69293
pool-25-thread-1 :: resolve-action > resolve-action > forecast-combat > block-search > block-assignBlockers > block-makeTradeBlocks > block-getPossibleBlockers > block-legality > block-legality,37,131407,25840
pool-25-thread-1 :: resolve-action > resolve-action > forecast-combat > block-search > block-assignBlockers > block-makeTradeBlocks > block-getPossibleBlockers > block-legality > block-legality > block-legality,14,105567,40982
pool-25-thread-1 :: resolve-action > resolve-action > forecast-combat > block-search > block-assignBlockers > block-makeTradeBlocks > block-getPossibleBlockers > block-legality > block-legality > block-legality > block-legality,14,64585,64585
pool-25-thread-1 :: resolve-action > resolve-action > forecast-combat > block-search > block-assignBlockers > block-makeTradeBlocks > block-getPossibleBlockers > block-legality > block-requirements,7,131445,93028
pool-25-thread-1 :: resolve-action > resolve-action > forecast-combat > block-search > block-assignBlockers > block-makeTradeBlocks > block-getPossibleBlockers > block-legality > block-requirements > block-cost,45,38417,38417
pool-25-thread-1 :: resolve-action > resolve-action > forecast-combat > block-search > block-assignBlockers > block-reinforceBlockersToKill,3,732266,186205
pool-25-thread-1 :: resolve-action > resolve-action > forecast-combat > block-search > block-assignBlockers > block-reinforceBlockersToKill > block-getPossibleBlockers,2,131005,3788
pool-25-thread-1 :: resolve-action > resolve-action > forecast-combat > block-search > block-assignBlockers > block-reinforceBlockersToKill > block-getPossibleBlockers > block-legality,10,127217,9562
pool-25-thread-1 :: resolve-action > resolve-action > forecast-combat > block-search > block-assignBlockers > block-reinforceBlockersToKill > block-getPossibleBlockers > block-legality > attacker-blockability,3,47711,47711
pool-25-thread-1 :: resolve-action > resolve-action > forecast-combat > block-search > block-assignBlockers > block-reinforceBlockersToKill > block-getPossibleBlockers > block-legality > block-legality,13,47270,8644
pool-25-thread-1 :: resolve-action > resolve-action > forecast-combat > block-search > block-assignBlockers > block-reinforceBlockersToKill > block-getPossibleBlockers > block-legality > block-legality > block-legality,6,38626,17073
pool-25-thread-1 :: resolve-action > resolve-action > forecast-combat > block-search > block-assignBlockers > block-reinforceBlockersToKill > block-getPossibleBlockers > block-legality > block-legality > block-legality > block-legality,6,21553,21553
pool-25-thread-1 :: resolve-action > resolve-action > forecast-combat > block-search > block-assignBlockers > block-reinforceBlockersToKill > block-getPossibleBlockers > block-legality > block-requirements,3,22674,14870
pool-25-thread-1 :: resolve-action > resolve-action > forecast-combat > block-search > block-assignBlockers > block-reinforceBlockersToKill > block-getPossibleBlockers > block-legality > block-requirements > block-cost,9,7804,7804
pool-25-thread-1 :: resolve-action > resolve-action > forecast-combat > block-search > block-assignBlockers > block-reinforceBlockersToKill > block-getSafeBlockers,1,325113,4207
pool-25-thread-1 :: resolve-action > resolve-action > forecast-combat > block-search > block-assignBlockers > block-reinforceBlockersToKill > block-getSafeBlockers > destroy-blocker,3,320906,275509
pool-25-thread-1 :: resolve-action > resolve-action > forecast-combat > block-search > block-assignBlockers > block-reinforceBlockersToKill > block-getSafeBlockers > destroy-blocker > predict-damage,6,45397,45397
pool-25-thread-1 :: resolve-action > resolve-action > forecast-combat > block-search > block-assignBlockers > block-reinforceBlockersToKill > block-legality,1,35373,3294
pool-25-thread-1 :: resolve-action > resolve-action > forecast-combat > block-search > block-assignBlockers > block-reinforceBlockersToKill > block-legality > attacker-blockability,1,6951,6951
pool-25-thread-1 :: resolve-action > resolve-action > forecast-combat > block-search > block-assignBlockers > block-reinforceBlockersToKill > block-legality > block-legality,2,17526,2484
pool-25-thread-1 :: resolve-action > resolve-action > forecast-combat > block-search > block-assignBlockers > block-reinforceBlockersToKill > block-legality > block-legality > block-legality,2,15042,6650
pool-25-thread-1 :: resolve-action > resolve-action > forecast-combat > block-search > block-assignBlockers > block-reinforceBlockersToKill > block-legality > block-legality > block-legality > block-legality,2,8392,8392
pool-25-thread-1 :: resolve-action > resolve-action > forecast-combat > block-search > block-assignBlockers > block-reinforceBlockersToKill > block-legality > block-requirements,1,7602,5078
pool-25-thread-1 :: resolve-action > resolve-action > forecast-combat > block-search > block-assignBlockers > block-reinforceBlockersToKill > block-legality > block-requirements > block-cost,3,2524,2524
pool-25-thread-1 :: resolve-action > resolve-action > forecast-combat > block-search > block-assignBlockers > block-reinforceBlockersToKill > predict-damage,8,54570,54570
pool-25-thread-1 :: resolve-action > resolve-action > forecast-combat > block-search > block-assignBlockers > block-removeUnpayableBlocks,3,220417,210502
pool-25-thread-1 :: resolve-action > resolve-action > forecast-combat > block-search > block-assignBlockers > block-removeUnpayableBlocks > block-cost,11,9915,9915
pool-25-thread-1 :: resolve-action > resolve-action > forecast-combat > block-search > block-assignBlockers > life-danger,3,1576410,1394901
pool-25-thread-1 :: resolve-action > resolve-action > forecast-combat > block-search > block-assignBlockers > life-danger > predict-damage,22,181509,181509
pool-25-thread-1 :: resolve-action > resolve-action > forecast-combat > block-search > block-sortPotentialAttackers,3,2455435,514445
pool-25-thread-1 :: resolve-action > resolve-action > forecast-combat > block-search > block-sortPotentialAttackers > life-danger,3,1896024,1574417
pool-25-thread-1 :: resolve-action > resolve-action > forecast-combat > block-search > block-sortPotentialAttackers > life-danger > predict-damage,38,321607,321607
pool-25-thread-1 :: resolve-action > resolve-action > forecast-combat > block-search > block-sortPotentialAttackers > predict-damage,2,44966,44966
pool-25-thread-1 :: resolve-action > resolve-action > forecast-combat > life-danger,3,3039982,2693197
pool-25-thread-1 :: resolve-action > resolve-action > forecast-combat > life-danger > predict-damage,22,346785,346785
pool-25-thread-1 :: resolve-action > resolve-action > predict-damage,3,113649,113649
pool-25-thread-1 :: resolve-action > resolve-action > resolve-action,16,1510634,1510634
pool-25-thread-1 :: resolve-action > resolve-action > static-rebuild-hypothetical,215,51463007,17800041
pool-25-thread-1 :: resolve-action > resolve-action > static-rebuild-hypothetical > static-apply-before,1770,11260725,1364657
pool-25-thread-1 :: resolve-action > resolve-action > static-rebuild-hypothetical > static-apply-before > static-affected-cards,1770,5124987,5124987
pool-25-thread-1 :: resolve-action > resolve-action > static-rebuild-hypothetical > static-apply-before > static-effect-body,1770,4771081,4485430
pool-25-thread-1 :: resolve-action > resolve-action > static-rebuild-hypothetical > static-apply-before > static-effect-body > static-affected-players,1770,285651,285651
pool-25-thread-1 :: resolve-action > resolve-action > static-rebuild-hypothetical > static-clear,215,2302708,2302708
pool-25-thread-1 :: resolve-action > resolve-action > static-rebuild-hypothetical > static-collect,215,12131650,12131650
pool-25-thread-1 :: resolve-action > resolve-action > static-rebuild-hypothetical > static-dependencies,1350,7967883,583651
pool-25-thread-1 :: resolve-action > resolve-action > static-rebuild-hypothetical > static-dependencies > static-affected-cards,405,1607710,1607710
pool-25-thread-1 :: resolve-action > resolve-action > static-rebuild-hypothetical > static-dependencies > static-apply-before,240,5288855,203611
pool-25-thread-1 :: resolve-action > resolve-action > static-rebuild-hypothetical > static-dependencies > static-apply-before > static-affected-cards,240,3072314,3072314
pool-25-thread-1 :: resolve-action > resolve-action > static-rebuild-hypothetical > static-dependencies > static-apply-before > static-effect-body,240,2012930,1961399
pool-25-thread-1 :: resolve-action > resolve-action > static-rebuild-hypothetical > static-dependencies > static-apply-before > static-effect-body > static-affected-players,240,51531,51531
pool-25-thread-1 :: resolve-action > resolve-action > static-rebuild-hypothetical > static-dependencies > static-undo,240,487667,487667
pool-25-thread-1 :: resolve-action > resolve-action > static-rebuild-live,369,79189213,31006869
pool-25-thread-1 :: resolve-action > resolve-action > static-rebuild-live > static-apply-before,2979,16498118,2192594
pool-25-thread-1 :: resolve-action > resolve-action > static-rebuild-live > static-apply-before > static-affected-cards,2979,6983463,6983463
pool-25-thread-1 :: resolve-action > resolve-action > static-rebuild-live > static-apply-before > static-effect-body,2979,7322061,6925942
pool-25-thread-1 :: resolve-action > resolve-action > static-rebuild-live > static-apply-before > static-effect-body > static-affected-players,2979,396119,396119
pool-25-thread-1 :: resolve-action > resolve-action > static-rebuild-live > static-clear,369,3759162,3759162
pool-25-thread-1 :: resolve-action > resolve-action > static-rebuild-live > static-collect,369,17357536,17357536
pool-25-thread-1 :: resolve-action > resolve-action > static-rebuild-live > static-dependencies,2266,10567528,753868
pool-25-thread-1 :: resolve-action > resolve-action > static-rebuild-live > static-dependencies > static-affected-cards,631,2191843,2191843
pool-25-thread-1 :: resolve-action > resolve-action > static-rebuild-live > static-dependencies > static-apply-before,371,6928653,300257
pool-25-thread-1 :: resolve-action > resolve-action > static-rebuild-live > static-dependencies > static-apply-before > static-affected-cards,371,3857078,3857078
pool-25-thread-1 :: resolve-action > resolve-action > static-rebuild-live > static-dependencies > static-apply-before > static-effect-body,371,2771318,2659735
pool-25-thread-1 :: resolve-action > resolve-action > static-rebuild-live > static-dependencies > static-apply-before > static-effect-body > static-affected-players,371,111583,111583
pool-25-thread-1 :: resolve-action > resolve-action > static-rebuild-live > static-dependencies > static-undo,371,693164,693164
pool-25-thread-1 :: resolve-action > static-rebuild-hypothetical,270,93449838,24179614
pool-25-thread-1 :: resolve-action > static-rebuild-hypothetical > static-apply-before,2010,22970100,1905170
pool-25-thread-1 :: resolve-action > static-rebuild-hypothetical > static-apply-before > static-affected-cards,2010,10104588,10104588
pool-25-thread-1 :: resolve-action > static-rebuild-hypothetical > static-apply-before > static-effect-body,2010,10960342,10613991
pool-25-thread-1 :: resolve-action > static-rebuild-hypothetical > static-apply-before > static-effect-body > static-affected-players,2010,346351,346351
pool-25-thread-1 :: resolve-action > static-rebuild-hypothetical > static-clear,270,3772036,3772036
pool-25-thread-1 :: resolve-action > static-rebuild-hypothetical > static-collect,270,18448978,18448978
pool-25-thread-1 :: resolve-action > static-rebuild-hypothetical > static-dependencies,1510,24079110,8723457
pool-25-thread-1 :: resolve-action > static-rebuild-hypothetical > static-dependencies > static-affected-cards,350,2035181,2035181
pool-25-thread-1 :: resolve-action > static-rebuild-hypothetical > static-dependencies > static-apply-before,215,11873020,376992
pool-25-thread-1 :: resolve-action > static-rebuild-hypothetical > static-dependencies > static-apply-before > static-affected-cards,215,5254244,5254244
pool-25-thread-1 :: resolve-action > static-rebuild-hypothetical > static-dependencies > static-apply-before > static-effect-body,215,6241784,6186697
pool-25-thread-1 :: resolve-action > static-rebuild-hypothetical > static-dependencies > static-apply-before > static-effect-body > static-affected-players,215,55087,55087
pool-25-thread-1 :: resolve-action > static-rebuild-hypothetical > static-dependencies > static-undo,215,1447452,1447452
pool-25-thread-1 :: resolve-action > static-rebuild-live,403,104015677,39291171
pool-25-thread-1 :: resolve-action > static-rebuild-live > static-apply-before,3034,22525265,2486712
pool-25-thread-1 :: resolve-action > static-rebuild-live > static-apply-before > static-affected-cards,3034,10684032,10684032
pool-25-thread-1 :: resolve-action > static-rebuild-live > static-apply-before > static-effect-body,3034,9354521,8868230
pool-25-thread-1 :: resolve-action > static-rebuild-live > static-apply-before > static-effect-body > static-affected-players,3034,486291,486291
pool-25-thread-1 :: resolve-action > static-rebuild-live > static-clear,403,5514221,5514221
pool-25-thread-1 :: resolve-action > static-rebuild-live > static-collect,403,23661520,23661520
pool-25-thread-1 :: resolve-action > static-rebuild-live > static-dependencies,2276,13023500,1406558
pool-25-thread-1 :: resolve-action > static-rebuild-live > static-dependencies > static-affected-cards,558,1894896,1894896
pool-25-thread-1 :: resolve-action > static-rebuild-live > static-dependencies > static-apply-before,341,8586541,378172
pool-25-thread-1 :: resolve-action > static-rebuild-live > static-dependencies > static-apply-before > static-affected-cards,341,4738982,4738982
pool-25-thread-1 :: resolve-action > static-rebuild-live > static-dependencies > static-apply-before > static-effect-body,341,3469387,3395610
pool-25-thread-1 :: resolve-action > static-rebuild-live > static-dependencies > static-apply-before > static-effect-body > static-affected-players,341,73777,73777
pool-25-thread-1 :: resolve-action > static-rebuild-live > static-dependencies > static-undo,341,1135505,1135505
pool-25-thread-1 :: restore-live-state,44,9863784,80013
pool-25-thread-1 :: restore-live-state > static-rebuild-live,44,9783771,3873256
pool-25-thread-1 :: restore-live-state > static-rebuild-live > static-apply-before,334,2200496,268901
pool-25-thread-1 :: restore-live-state > static-rebuild-live > static-apply-before > static-affected-cards,334,1049683,1049683
pool-25-thread-1 :: restore-live-state > static-rebuild-live > static-apply-before > static-effect-body,334,881912,842808
pool-25-thread-1 :: restore-live-state > static-rebuild-live > static-apply-before > static-effect-body > static-affected-players,334,39104,39104
pool-25-thread-1 :: restore-live-state > static-rebuild-live > static-clear,44,471149,471149
pool-25-thread-1 :: restore-live-state > static-rebuild-live > static-collect,44,2177316,2177316
pool-25-thread-1 :: restore-live-state > static-rebuild-live > static-dependencies,249,1061554,132954
pool-25-thread-1 :: restore-live-state > static-rebuild-live > static-dependencies > static-affected-cards,59,170814,170814
pool-25-thread-1 :: restore-live-state > static-rebuild-live > static-dependencies > static-apply-before,36,677569,34558
pool-25-thread-1 :: restore-live-state > static-rebuild-live > static-dependencies > static-apply-before > static-affected-cards,36,386465,386465
pool-25-thread-1 :: restore-live-state > static-rebuild-live > static-dependencies > static-apply-before > static-effect-body,36,256546,249578
pool-25-thread-1 :: restore-live-state > static-rebuild-live > static-dependencies > static-apply-before > static-effect-body > static-affected-players,36,6968,6968
pool-25-thread-1 :: restore-live-state > static-rebuild-live > static-dependencies > static-undo,36,80217,80217
pool-25-thread-1 :: static-rebuild-hypothetical,190,49872120,18827683
pool-25-thread-1 :: static-rebuild-hypothetical > static-apply-before,1365,13609464,1273253
pool-25-thread-1 :: static-rebuild-hypothetical > static-apply-before > static-affected-cards,1365,7208409,7208409
pool-25-thread-1 :: static-rebuild-hypothetical > static-apply-before > static-effect-body,1365,5127802,4822230
pool-25-thread-1 :: static-rebuild-hypothetical > static-apply-before > static-effect-body > static-affected-players,1365,305572,305572
pool-25-thread-1 :: static-rebuild-hypothetical > static-clear,190,3491495,3491495
pool-25-thread-1 :: static-rebuild-hypothetical > static-collect,190,12194343,12194343
pool-25-thread-1 :: static-rebuild-hypothetical > static-dependencies,985,1749135,236875
pool-25-thread-1 :: static-rebuild-hypothetical > static-dependencies > static-affected-cards,145,338699,338699
pool-25-thread-1 :: static-rebuild-hypothetical > static-dependencies > static-apply-before,80,1083853,69911
pool-25-thread-1 :: static-rebuild-hypothetical > static-dependencies > static-apply-before > static-affected-cards,80,670612,670612
pool-25-thread-1 :: static-rebuild-hypothetical > static-dependencies > static-apply-before > static-effect-body,80,343330,326670
pool-25-thread-1 :: static-rebuild-hypothetical > static-dependencies > static-apply-before > static-effect-body > static-affected-players,80,16660,16660
pool-25-thread-1 :: static-rebuild-hypothetical > static-dependencies > static-undo,80,89708,89708
pool-25-thread-1 :: static-rebuild-live,5619,1642131902,591912586
pool-25-thread-1 :: static-rebuild-live > static-apply-before,42911,424723417,41416352
pool-25-thread-1 :: static-rebuild-live > static-apply-before > static-affected-cards,42911,205629474,205629474
pool-25-thread-1 :: static-rebuild-live > static-apply-before > static-effect-body,42911,177677591,168728298
pool-25-thread-1 :: static-rebuild-live > static-apply-before > static-effect-body > static-affected-players,42911,8949293,8949293
pool-25-thread-1 :: static-rebuild-live > static-clear,5579,124311380,124311380
pool-25-thread-1 :: static-rebuild-live > static-collect,5579,343395834,343395834
pool-25-thread-1 :: static-rebuild-live > static-dependencies,31952,157788685,14023254
pool-25-thread-1 :: static-rebuild-live > static-dependencies > static-affected-cards,7985,26426677,26426677
pool-25-thread-1 :: static-rebuild-live > static-dependencies > static-apply-before,4809,106540258,5035185
pool-25-thread-1 :: static-rebuild-live > static-dependencies > static-apply-before > static-affected-cards,4809,60098220,60098220
pool-25-thread-1 :: static-rebuild-live > static-dependencies > static-apply-before > static-effect-body,4809,41406853,40219745
pool-25-thread-1 :: static-rebuild-live > static-dependencies > static-apply-before > static-effect-body > static-affected-players,4809,1187108,1187108
pool-25-thread-1 :: static-rebuild-live > static-dependencies > static-undo,4809,10798496,10798496
